customer_id,customer_name,email,phone,city,state,signup_date,membership_tier,marketing_opt_in
1,Dennis Young,aprilmoody@example.com,870.805.1844x9892,Brianaland,NC,2025-03-31,Standard,False
2,courtney sullivan,tommy79@example.org,327.523.1843x22259,Shepherdville,NJ,2022-03-09,Silver,False
3,Kevin Holland,cjohnson@example.org,001-492-628-0920,New Susan,PA,2024-09-23,Platinum,
4,SHERRY LUNA,stacey37@example.net,772.936.9292x9842,East Nicholasberg,CT,2026-06-29,Silver,True
5,SUSAN COHEN,catherinethompson@example.net,+1-808-781-1729x806,Lake Alyssabury,AS,2020-10-10,Gold,True
6,HAYLEY BALLARD,colemanjonathan@example.org,349-286-4300,Penamouth,MT,2023-07-27,Standard,False
7,Matthew King,ncunningham@example.com,+1-763-868-8725x88744,Port Michelle,DE,2022-11-07,Platinum,False
8,michael martin,,286.358.9026,South Sara,NE,2025-03-01,Standard,False
9,jacob lynch,zarias@example.net,+1-284-590-2770x3843,Lake Barry,IA,2021-03-16,Standard,True
10,Angie Hill,,(756)769-3801x1848,Jeremyborough,NH,2024-08-09,Standard,True
11,Debbie Russell,hansenwesley@example.com,984-589-4769,Susanmouth,TX,2026-04-03,Standard,False
12,Alyssa Wilson,reyeskristina@example.org,+1-335-465-8804x34165,Edwardsborough,MH,2023-06-10,Silver,True
13,Paul Conrad,victorgonzalez@example.net,343.333.3952,Lake Stephaniefort,RI,2024-02-13,Silver,False
14,Tina Charles,christine79@example.com,228.746.3920x8678,Daltonburgh,NH,2020-09-18,Gold,True
15,JULIA NORRIS,craignicolas@example.org,959-842-8434x79552,South Jaclyn,MN,2026-07-15,Silver,True
16,Jerry Duncan,lisale@example.org,+1-866-932-2702,Port Crystal,ND,2022-11-13,Gold,
17,Elizabeth Hart,rosshannah@example.org,647.717.5455,South Davidborough,OK,2024-12-31,Standard,
18,carrie deleon,mark87@example.net,816.394.7225x699,East Matthewmouth,MD,2024-02-18,Standard,False
19,Lisa Foster,xnorman@example.net,001-687-362-2023,East Randy,CT,2024-08-05,Silver,False
20,Kimberly Johnson,fwarren@example.org,492-216-4334x722,Lake Michaelmouth,VI,2021-01-21,Silver,
21,Kimberly Nelson,staylor@example.net,(799)979-6884,Port Christopher,ME,2023-07-14,Silver,False
22,Eric Smith,mauriceharrison@example.org,001-577-840-6493x085,Fosterburgh,VT,2022-11-14,Gold,True
23,James Baker,hgarrett@example.net,001-944-984-6312x241,Jackiefort,ID,2025-02-05,Standard,False
24,Wayne Johnson,campbelldavid@example.com,001-903-212-0735x6475,Christopherberg,AR,2022-08-07,Silver,False
25,Joshua White,lisa01@example.net,567.930.3718,Maldonadoport,MD,2022-04-11,Silver,
26,natasha dunn,kingdanielle@example.org,(803)513-6502x491,North Biancafort,UT,2021-08-17,Standard,True
27,Brandon Moore,parksmatthew@example.net,7057281273,Quinntown,UT,2024-04-02,Silver,True
28,Danielle Williams,ihansen@example.net,439.928.5574x9821,Loriside,MN,2022-12-11,Silver,False
29,Katie Gross,harveymichael@example.net,451.686.3878,Robertmouth,DE,2023-05-27,Silver,False
30,Amanda Pace,morganharris@example.com,610.296.7899,Jeffreyland,AL,2021-04-02,Standard,
31,John Preston,mcdonalddanielle@example.com,+1-665-309-4801,New Colton,VA,2026-04-05,Silver,True
32,Corey Sandoval,angelagrant@example.net,895-776-1228,New Yesenia,NV,2022-01-23,Silver,
33,Krista Shea,robert65@example.net,998.836.8457,Lake Austinport,PA,2026-04-12,Standard,False
34,steve smith,jasonedwards@example.net,488-689-9210x752,Pamelabury,IN,2020-10-09,Standard,True
35,Kelly Carroll,jessicacummings@example.com,(379)219-4096,Michaelchester,MT,2022-03-19,Gold,False
36,randy adkins,walterscrystal@example.org,980-358-9258x3206,South Keith,MO,2026-04-05,Standard,False
37,john mcgee,zbaker@example.net,(522)378-3769x38983,Kimberlymouth,TX,2021-07-25,Standard,True
38,michael henderson,james59@example.net,2425597927,Lake Nathaniel,WV,2026-03-22,Standard,True
39,Patrick Sanchez,mistywilkins@example.org,914-477-0538x33884,South Brandyhaven,AZ,2025-01-17,Standard,
40,Curtis Horton,brian01@example.com,+1-345-410-4636x81579,New Tammy,OH,2022-03-17,Standard,
41,David Moreno,tracy20@example.com,+1-455-743-8404x60843,Sandovalland,VA,2026-03-27,Silver,False
42,Lisa Garrett,robertberry@example.com,495-878-2329x8324,Lake Sarah,PW,2022-12-20,Silver,True
43,Joseph Ball,lonniehobbs@example.net,3564647423,North Kathryn,RI,2021-08-16,Standard,
44,LISA CARLSON,,705.417.2897,Henryberg,GA,2024-05-18,Standard,
45,phillip smith,stephanie33@example.org,827-297-5736,Cortezfurt,RI,2021-11-01,Standard,False
46,KIMBERLY DAVIDSON,meyershannon@example.org,588.660.8680,Sandersport,WI,2026-04-24,Standard,
47,Jay Austin,vaughnrebecca@example.com,+1-271-481-2982x6657,Garzaborough,FM,2025-08-23,Standard,True
48,Michael Meadows,jennifermartinez@example.org,001-275-418-6892x686,Arianaberg,GA,2023-05-28,Standard,True
49,Michael Barnes,jessica74@example.net,(912)930-9407,New Nicolebury,IL,2025-11-21,Gold,False
50,Jason Miller,sanchezamy@example.net,+1-683-702-2050x2099,North Danielburgh,GA,2024-03-17,Gold,
51,Melissa Larson,tammycurry@example.com,3146556168,Taylorview,MA,2024-09-16,Gold,
52,Melissa Salazar,duncantiffany@example.net,779-446-9548,Stonefort,NM,2023-11-03,Platinum,
53,crystal roberts,aaronjohnson@example.net,539-266-0558,Lake Juan,WY,2025-07-11,Gold,
54,JOSHUA WANG,jenningsmatthew@example.net,001-290-423-5577,Mooremouth,MH,2021-01-30,Standard,
55,Julia Olsen,conleykevin@example.net,+1-858-480-3955x12405,Lopezville,VI,2025-11-13,Standard,False
56,Scott Mckinney,robert73@example.com,243.984.2150x317,East Matthew,NJ,2025-05-15,Standard,True
57,Patricia Thomas,shortsharon@example.net,(230)376-8104,Steventon,CT,2025-01-26,Standard,False
58,Emily Lane,danielle35@example.org,444.685.7142,North Susanside,NY,2023-10-20,Standard,False
59,Kirsten Nelson,audrey21@example.com,+1-358-870-2070x160,Whiteshire,SC,2021-04-16,Gold,True
60,Lisa Edwards,jenniferlambert@example.net,979-921-7174,East Douglas,MH,2025-09-10,Standard,False
61,Jenna Lyons,kristina57@example.com,7174157724,South Lisaville,MD,2024-05-18,Standard,False
62,Eric Murray,pallen@example.net,(776)515-3966,Lake Elizabeth,WA,2024-01-06,Silver,True
63,KATELYN VARGAS,gnguyen@example.com,(946)219-1965,East Lisashire,MH,2026-04-06,Silver,
64,Nicole Guerrero,yschmidt@example.net,001-773-335-4946,New Valeriefurt,PR,2025-03-16,Standard,True
65,Jacob Dunn,smithann@example.com,840-836-9656,Gardnerburgh,NJ,2021-06-10,Standard,
66,Sarah Ward,qmoore@example.org,(401)802-7621,Englishchester,RI,2021-07-05,Standard,False
67,Kristen Cole,jeremiah69@example.org,001-273-284-6895,Bushville,OR,2021-10-03,Gold,
68,Brenda Simon,steven18@example.net,737-218-9490,Gibsonfort,OK,2023-07-26,Silver,False
69,Tyler Yates,gary94@example.net,001-240-679-2904,Millerhaven,CA,2025-01-29,Standard,
70,Casey Campbell,alexis19@example.org,001-227-752-4372,East Caitlinberg,MP,2025-10-14,Standard,True
71,Patricia Young MD,jasonnavarro@example.com,9415027674,Vegafurt,NJ,2023-08-27,Silver,False
72,Jessica Roberts,ureyes@example.net,+1-801-985-6945x44149,Lake Emily,WI,2022-04-02,Silver,
73,Michael White,chambersmarie@example.org,(218)517-5344x30091,Lake Susanland,PR,2021-11-05,Standard,False
74,Phillip Wong,pauladominguez@example.com,871-774-6542x1406,West Stephanieview,HI,2024-04-21,Silver,
75,Timothy Bishop Jr.,irodriguez@example.com,691.974.1011,South Eduardotown,AZ,2023-04-27,Standard,
76,Michael Conway,robertsonshelby@example.com,766.618.3067x1985,Brownland,MN,2024-08-30,Standard,False
77,ANGELA STEVENS,deborah28@example.org,(234)561-5717x3203,Priceside,SD,2023-11-19,Gold,True
78,SANDRA COLE,johnsonbrian@example.net,5613387829,Lake Donaldtown,NJ,2022-07-10,Standard,
79,Dana Banks,jacksonbrendan@example.com,579-329-1117,South Matthew,MP,2026-02-13,Gold,
80,Erika Daugherty,marcoconnell@example.org,001-909-525-1142x62582,East Craigfurt,WI,2026-07-27,Silver,
81,ANGELA SMITH,mannbrittney@example.com,(472)932-4876x32909,Lake Margaretport,MI,2021-08-15,Silver,False
82,Cheryl Downs,montgomerymichelle@example.net,237.734.0312x77220,Jasonview,MA,2023-03-10,Standard,
83,Jody Garcia,buckleygregory@example.org,381.713.7995x6353,North Joel,MT,2024-05-18,Standard,True
84,DANIEL RUIZ,bbrown@example.org,797.626.5273,West David,UT,2025-11-23,Standard,False
85,Brian Owens,vjackson@example.org,992-992-9831x6873,Alexischester,WA,2024-02-02,Silver,True
86,jeffrey walker,robinvillanueva@example.com,3079806867,Allenside,WV,2025-11-29,Silver,True
87,Tiffany Anderson,john10@example.com,+1-242-379-9077x26257,Barrymouth,NC,2020-10-01,Silver,False
88,derrick shah,kristinmiller@example.com,001-408-350-1657x9055,East Tina,IA,2020-11-14,Gold,
89,nancy goodwin,karenhodges@example.com,(348)964-0155x778,Shannonstad,AS,2023-11-30,Platinum,False
90,Vanessa Ware,patriciaellis@example.org,(224)611-2412x7238,Montesside,DC,2024-09-18,Gold,True
91,Oscar Smith,bryanwiggins@example.org,456.695.5798x87749,Port Jordan,NJ,2023-07-09,Standard,False
92,Ryan Hernandez,stephen29@example.org,001-484-922-2231x059,Mikeborough,OH,2022-11-28,Platinum,
93,vanessa hernandez,kfernandez@example.net,610-967-2752x0885,Tarashire,TN,2024-12-02,Silver,True
94,Susan Ramos,dennisrachel@example.org,+1-581-540-6937x51509,Jamesland,ND,2021-07-23,Gold,True
95,Tina Daugherty,ulee@example.net,+1-780-756-2656x504,Tiffanyside,CO,2025-10-09,Silver,
96,Natalie Perry,zroberts@example.net,(862)399-1234x78519,South Danielleview,MT,2021-12-20,Standard,True
97,Keith Melendez,jacobjames@example.net,604.994.7873x0024,Lake Elizabethport,MT,2021-09-22,Standard,
98,Maria Johnson,trevor19@example.net,(697)496-4715x890,East Luisberg,MI,2021-10-02,Standard,False
99,Jason Barr,brandon48@example.net,783-621-9285,Ginastad,CT,2021-08-27,Platinum,
100,Charles Taylor,nathan76@example.com,(313)828-3389,Moonville,GU,2023-11-19,Gold,False
101,Gregory Vazquez,lisapreston@example.net,352.840.1322x34232,North Andrewfort,WV,2021-06-18,Gold,False
102,Andrew Keller,harrisonrebekah@example.org,440-711-9393,North Dustinview,OR,2023-04-07,Gold,
103,Jonathan Chandler,williamjones@example.net,001-408-933-4280x13875,East Maryfurt,NE,2022-10-06,Silver,True
104,brian rollins,owensapril@example.com,001-954-580-1571x64794,Robertschester,ID,2021-12-17,Standard,
105,Rebekah Crosby,harry71@example.com,581.712.6691x215,New Megan,MO,2025-10-26,Silver,False
106,Molly Ramirez,,001-499-946-5796x784,North Johnfort,IN,2021-05-31,Gold,
107,Brett Brown,jimenezanthony@example.org,(695)924-9911x8773,Wagnerside,MA,2024-06-12,Silver,False
108,Alicia Gallagher,hbeard@example.com,856.477.0028x427,Jenniferfort,WV,2025-07-14,Standard,True
109,Mary Jennings,kalvarez@example.net,7642796954,New Brandonstad,MI,2021-05-01,Gold,True
110,Pamela Garrett,wdavis@example.com,(250)733-3491x14152,South Dianechester,OK,2025-07-14,Silver,
111,Alex Harrison,odomnicholas@example.com,891-571-3578x52945,Reidland,MP,2023-10-07,Standard,True
112,Derek Evans,nballard@example.net,991-895-4198,West Laura,SD,2025-10-11,Standard,
113,Elizabeth Alvarado,james64@example.net,878.220.8297x37489,West Steven,IA,2025-08-14,Gold,True
114,Elizabeth Graham,michelle13@example.com,542-649-3631x230,Washingtonchester,NE,2021-07-30,Silver,True
115,Christopher Taylor,kristine48@example.org,+1-807-400-1594x1651,North Ashley,NY,2024-07-23,Gold,False
116,SANDRA HERRING,tyler13@example.net,355-496-3632,West Scott,KS,2026-04-10,Silver,True
117,JOSEPH LYONS,stewartrodney@example.net,242.257.5409,West Angela,ME,2025-11-08,Platinum,
118,Stephanie Jennings,miaprice@example.com,341-934-3275x604,Mclaughlinmouth,VT,2024-07-05,Silver,True
119,Ashlee Martin,william56@example.net,001-785-370-0272x0634,East Johnberg,PR,2023-03-18,Standard,True
120,Todd Hayes,jorgemcdaniel@example.com,531-365-2669x3008,Gonzalezburgh,AR,2024-03-29,Standard,True
121,David Davis,george91@example.org,001-886-477-1333x447,Gatesborough,GU,2023-01-31,Silver,True
122,jennifer ortiz,anthonycherry@example.org,+1-573-859-7107x256,Fitzgeraldview,CA,2022-05-17,Standard,
123,GARY YOUNG,wendy90@example.org,689-464-6528x092,Conradmouth,DC,2021-03-31,Standard,
124,Jessica Green,bradley27@example.com,001-456-944-9485x6257,East Edgarbury,HI,2021-03-19,Standard,
125,Michael Graham,wwilliams@example.net,+1-577-671-2151,Port Gary,NY,2020-11-21,Standard,False
126,Mary Lewis,foxashley@example.com,737-315-0416,Ericland,NH,2025-08-12,Silver,False
127,JORDAN MOSES,riverabradley@example.net,859.323.0450x189,Scottbury,WI,2025-08-29,Silver,True
128,Samuel Martin,wmitchell@example.net,(314)776-4925,South Sean,MS,2025-11-14,Silver,False
129,Jenny Avila,christina66@example.org,3856732788,Kimfort,ME,2023-07-15,Silver,True
130,Steven Skinner,dphillips@example.net,608-718-6617,Brendahaven,AK,2021-07-26,Gold,
131,Cassie White,awilliams@example.net,659-377-9452x3219,Fergusontown,MO,2021-05-11,Standard,False
132,John Holt,nturner@example.com,001-564-912-2031x030,Lake John,MP,2021-05-17,Standard,False
133,Cheryl Turner,bhernandez@example.org,522-577-7079,Ashleyfurt,AR,2024-06-07,Gold,True
134,RYAN REYNOLDS,vallison@example.net,+1-284-207-6789x973,Rayside,CA,2022-09-05,Standard,
135,Stacy Wilson,shane60@example.org,637-857-3839x5972,Whitakerstad,WY,2022-04-14,Silver,
136,Carla Clark,estradadavid@example.org,(297)216-7433,Nicolestad,TX,2023-07-06,Gold,False
137,Stephanie Johnson,morgandaniel@example.org,683-474-5508,Lake Brentmouth,AS,2021-08-17,Silver,False
138,Ashley Rodriguez,colonbobby@example.org,(313)452-4787,Matthewberg,DE,2023-06-03,Standard,True
139,Jason Mack,marywells@example.com,821.845.6532x86326,Cranehaven,WY,2025-10-08,Standard,True
140,Jessica Carrillo,millerleroy@example.org,(706)202-9084x66845,Rachelberg,UT,2024-10-08,Gold,
141,Stacy Weber,zterry@example.net,(334)610-8562x8843,Katherineburgh,AK,2023-02-06,Silver,
142,Leslie Allen,jessica81@example.net,6542851017,Morganbury,AS,2020-11-04,Standard,False
143,Michelle Pineda,michaelmitchell@example.net,001-526-783-1589,Garciachester,MP,2025-02-24,Silver,True
144,Jeffery Anderson,seanwood@example.net,(498)486-4976x7762,Dawsonberg,VT,2023-02-24,Silver,True
145,Melissa Gibson,francissherry@example.com,496-311-5940,Kevinstad,ME,2023-10-03,Standard,False
146,Charles Bowers,twilliams@example.com,827.901.8510,Arielmouth,WY,2022-06-10,Standard,True
147,sandra anderson,williammurray@example.com,+1-972-651-9966x36580,Port Gabrieltown,OK,2022-12-10,Standard,False
148,Ellen Brewer,leechristine@example.net,001-509-983-7801x82043,Port Amandamouth,MO,2024-06-16,Silver,True
149,Timothy Morgan Jr.,heathlogan@example.com,311-482-4224,Stephanieburgh,AR,2024-03-17,Silver,
150,alexander brown,jgarcia@example.com,346-610-3399x37886,West Stevenchester,CA,2024-05-12,Silver,True
151,David Mercado,angela91@example.org,001-582-849-6718x32582,Williamsmouth,MP,2023-08-01,Silver,False
152,carol brown,qnelson@example.net,(853)398-4028x9141,Lake Angela,KY,2024-05-26,Standard,False
153,Jonathan Pham,cynthia74@example.org,+1-455-837-9502x09700,Farmerside,CO,2025-12-12,Silver,False
154,ANGELA JOHNSON,wchambers@example.com,+1-256-620-1753x703,Jamesport,AS,2025-05-26,Standard,True
155,johnny cox,trevor93@example.org,561.449.8728,New Davidland,DC,2024-12-25,Standard,False
156,Crystal Mills,james08@example.net,987-906-0566x418,Zacharyton,FM,2022-03-27,Standard,False
157,Thomas Patel,adam35@example.org,001-603-361-3325,North Timothytown,OR,2025-01-01,Silver,False
158,SARA WRIGHT,vallen@example.org,883-719-9717x91100,Port Davidmouth,AR,2025-06-17,Standard,
159,andrea byrd,phillipspatrick@example.org,+1-363-799-0767x699,South Zacharyshire,ID,2022-06-26,Silver,True
160,Micheal Watkins,rebeccamartinez@example.net,656-879-7232x002,Larryside,WI,2021-04-28,Standard,
161,Larry Carter,holmesdiane@example.org,5383806533,Jaimefort,UT,2021-07-20,Platinum,
162,Michael Christian,christina65@example.org,570-573-0337,Navarromouth,AS,2024-10-29,Standard,
163,Clinton Fritz,alejandro50@example.net,524-573-9500,Grantview,VA,2025-02-12,Platinum,
164,Danielle Gonzalez,meganlozano@example.org,+1-826-315-3473x55289,East Nicoleberg,WY,2021-09-21,Standard,
165,Melissa Stewart,prowland@example.org,001-999-538-4253x04289,Port Thomasland,GA,2021-10-24,Platinum,False
166,maria hicks,lstone@example.com,001-558-577-7496x903,Royfurt,IL,2023-09-23,Standard,False
167,Laura Walls,jonathan12@example.org,978-853-9078x9567,Richardsonfort,MD,2022-07-06,Standard,True
168,JEREMY BAKER,howardchristopher@example.net,781.643.1115x08353,Julieview,ID,2022-04-25,Standard,True
169,Dr. Nicole Singh DVM,carrillojuan@example.com,(969)907-8263x3373,Latoyamouth,PR,2024-11-28,Silver,
170,Melissa Clark,bfarrell@example.com,(892)840-7553,Farmerside,ME,2021-10-20,Silver,False
171,Richard Weeks,tiffanygamble@example.net,+1-399-796-6361x8637,Fowlerport,CO,2022-08-19,Standard,False
172,cassandra serrano,mjohnson@example.org,(743)834-8170x5802,Mooreville,DC,2021-09-14,Standard,
173,Benjamin Friedman,davidharris@example.com,001-272-499-4938x743,Brownfurt,PA,2023-11-23,Standard,False
174,Susan Suarez,cford@example.net,547-454-6926,Ellisburgh,UT,2025-07-10,Silver,True
175,Tracy Allen,joshuafuller@example.com,+1-413-676-8151x18567,New Bradley,AK,2024-02-02,Standard,
176,Nicole James,zfoley@example.org,3415257771,Taylorview,MP,2021-02-11,Platinum,
177,Lisa Thompson,nicholspeter@example.org,+1-304-827-5230x83708,Scotttown,AR,2021-08-23,Standard,False
178,Tanya Brooks,jamessmith@example.org,8533131220,Marcusborough,RI,2025-04-24,Standard,
179,Teresa Martinez,danielmorris@example.org,(550)863-7314x9501,Katrinafort,CT,2021-12-02,Silver,True
180,Tammy Carroll,susan95@example.net,001-962-852-5715x099,New Briana,AL,2024-12-13,Silver,
181,STEPHANIE PARKER,ntodd@example.org,2255743263,Stevensonmouth,DC,2022-01-26,Standard,True
182,Paige Meyer,swong@example.org,855.733.8033,South Crystal,CA,2022-05-06,Gold,False
183,Corey Walters,shawnamartinez@example.org,001-483-538-1674,South Gregory,IA,2025-11-23,Standard,True
184,Tracy Harris,xmiller@example.com,(327)676-8962x7066,New Jessica,KS,2022-06-30,Standard,
185,Douglas Hart,ijones@example.net,832.930.0857x6665,Danielleshire,CA,2022-12-16,Standard,True
186,Thomas Cruz,jamesgraham@example.com,001-458-675-0663x37050,Blackburnberg,KS,2023-02-17,Gold,
187,Mary Martin,wisedawn@example.com,(691)883-6264x4886,North Daisystad,GU,2022-02-28,Standard,False
188,Tara Sanders,adam27@example.org,716-486-4622,East Tom,NY,2021-07-13,Standard,True
189,Robert Lopez,bradylisa@example.org,367-791-2141x614,New Jimmyfort,TX,2026-05-15,Gold,False
190,Derek Moses,davisalexa@example.org,(598)747-7596x5555,Grayton,MI,2025-03-29,Silver,False
191,April Harrell,ihardy@example.org,+1-218-743-5797x863,Lake Michaelton,AS,2025-11-30,Standard,
192,Cynthia Washington,baileysheila@example.com,+1-616-949-3289x80271,South Stephanie,NJ,2025-02-02,Gold,
193,Daniel Mullins,garciavictoria@example.org,(956)343-4712,Monicashire,WI,2024-08-26,Standard,True
194,Greg Kent,yvaldez@example.net,(733)441-4111x59319,Stephanieshire,WA,2026-03-22,Standard,False
195,JOSEPH BOONE,xflores@example.net,(989)793-1608,Port Sherri,MP,2020-09-07,Gold,False
196,Brittany Campbell,georgekyle@example.net,749-473-7460,Port Jessica,AS,2021-12-27,Standard,False
197,Tammy Parsons,,364.620.8656x7566,Heatherborough,UT,2022-01-10,Gold,
198,Carlos Goodwin,hornjenna@example.com,+1-329-427-7423x3305,Clementschester,TX,2025-10-24,Standard,False
199,Anne Mccann,sierrawilson@example.net,+1-459-862-6301x3674,Port Stevenfurt,KY,2025-09-22,Standard,True
200,adam wilson,burnselizabeth@example.net,409.899.7419,Cookechester,ME,2024-06-21,Standard,
201,Arthur Stout,richardhaynes@example.com,+1-588-371-8981,Port Carol,HI,2024-02-08,Standard,True
202,ERNEST WILLIAMS,denisemiller@example.com,001-601-918-4582x60340,New Tracy,MD,2020-09-15,Silver,False
203,MRS. KIMBERLY CLARK,batesbradley@example.org,724.632.9839,Lake Cindy,CA,2023-10-24,Standard,
204,MATTHEW MARTIN,qmiller@example.net,(728)831-4359x89262,Johnsonbury,CA,2023-12-23,Standard,True
205,melinda russell,danielle55@example.com,(334)401-6361,Briannafort,CT,2022-04-19,Silver,True
206,sharon arnold,mosleygeorge@example.com,(658)289-6792,Lake David,MS,2023-11-07,Standard,
207,Thomas Fowler,jasmine39@example.com,001-672-375-7844x683,Richardmouth,PR,2024-01-31,Standard,False
208,NICHOLAS DUFFY,barbaramiller@example.com,+1-370-868-2778,New Jamestown,VT,2021-03-20,Standard,
209,HALEY GAMBLE,lawsontami@example.net,001-783-321-5285x06762,Robinbury,MP,2023-03-24,Standard,
210,Bailey Evans,joseph09@example.com,248.907.9705,Kennethville,AL,2023-11-29,Silver,True
211,JENNIFER SMITH,fvasquez@example.net,826.417.0243x76545,Danielmouth,TN,2022-10-10,Gold,True
212,Hector Hamilton,nicole31@example.org,902-966-5023x7416,West Karen,WI,2025-09-17,Standard,True
213,tammy cameron,ganderson@example.org,(225)880-3056,Robertsfort,CO,2025-12-19,Standard,False
214,Christian Dixon,juanwilson@example.com,001-536-337-1892x392,South Benjamin,ID,2025-03-29,Standard,False
215,Luis Davis,jamesalicia@example.net,+1-733-656-7086x0414,Jenniferbury,MD,2026-04-02,Standard,
216,Aaron Guerrero,jason74@example.net,362-247-5541,West Michael,AS,2026-01-18,Gold,False
217,Kendra Watson,jason61@example.org,(391)709-3371,Jessicaborough,ND,2022-11-05,Standard,False
218,Corey Pierce,patricia85@example.com,416.617.6880x294,New Bruceborough,WA,2024-12-31,Standard,False
219,Joseph Palmer Jr.,ychristensen@example.net,001-966-694-3202x93908,Melissaport,VT,2025-07-25,Standard,False
220,DANNY FERGUSON,benjamin24@example.org,603-438-1059x551,Villanuevaport,MD,2022-04-15,Gold,
221,Alexandra Kelly,gregory08@example.net,001-891-464-9837x35439,Hallchester,MN,2026-08-03,Standard,False
222,Jon Stevens,jacobhenry@example.net,(340)442-2693,South Johnfurt,CT,2021-07-26,Standard,True
223,Paul Smith,grayandrew@example.org,001-502-431-4290x01851,Malonemouth,GU,2025-01-08,Standard,
224,Christopher Brown,courtney10@example.org,284-518-6203,Cruzstad,SD,2021-08-27,Silver,False
225,Melinda Mcdaniel,vasquezvicki@example.org,245-419-5151,South Alyssa,PA,2022-05-25,Standard,
226,Steven Mcdaniel,michael14@example.com,+1-854-610-2252x67711,North Marcus,DC,2021-10-06,Standard,
227,Francisco Coleman,oguzman@example.com,(536)868-7887,New Jenniferhaven,OK,2021-10-07,Silver,
228,Colleen Miller,aaron05@example.net,521.505.5247x2863,Lake Devinberg,MS,2025-05-03,Standard,True
229,Jessica Brown,batescharles@example.net,(802)452-1310,South Julia,WA,2025-01-27,Standard,True
230,JULIE SHARP,sharrington@example.org,612-600-9282x0667,South Sarah,KY,2023-11-04,Standard,
231,Vanessa Martinez,richardbrown@example.com,(489)217-7566,Deborahborough,KY,2026-07-08,Standard,
232,Larry Bradford,allenfrancisco@example.org,539-604-3830,New Annetteshire,WY,2021-04-29,Standard,True
233,Brandon Parker,karen68@example.org,965-221-5681x82096,Evanmouth,CO,2023-07-31,Standard,
234,Nathan Wilkerson,kaylamartin@example.net,598.357.2545x96063,New Courtney,NM,2025-12-27,Silver,
235,Randall Collins,portershawn@example.org,621-949-5511x2747,North Teresa,NM,2021-04-05,Silver,
236,Jennifer Vincent,scotthunt@example.net,351-668-7409x03802,Moorefurt,PR,2020-11-29,Standard,True
237,Joel Davis,imcdonald@example.com,312-716-6365,Wendyfort,IL,2021-02-10,Standard,
238,Donald Johnson,stacythomas@example.org,690-696-0567x30306,North Donald,KY,2024-11-21,Silver,True
239,MICHAEL SAVAGE,elizabethgreen@example.org,965-442-3567,Gomezshire,MS,2023-02-08,Silver,False
240,Stephanie Gonzalez,mariodowns@example.net,001-950-427-2751x6480,Fowlershire,CT,2025-08-13,Standard,False
241,Chelsea Horton,carolynrobinson@example.org,390.955.0448,Gutierrezstad,MI,2020-11-22,Standard,
242,William Rogers,stephenbrooks@example.net,+1-328-266-4649x111,Garciaside,CT,2025-08-24,Standard,True
243,Renee Contreras,xlewis@example.com,+1-861-237-1576,Kimberlyhaven,LA,2024-06-23,Standard,
244,Elizabeth Orr,anunez@example.com,4008258955,New Teresa,ID,2022-04-13,Standard,True
245,Anthony Frederick,oanderson@example.com,001-826-658-2631x2819,West James,CO,2024-05-16,Standard,False
246,randy hernandez,armstronganthony@example.net,(575)823-3438,Donnaview,CO,2020-10-30,Silver,
247,Margaret Riley,rodriguezsara@example.org,524-842-1175,South Laurachester,CA,2026-04-15,Silver,
248,CHRISTINE BARNES,cynthia72@example.org,202-499-0155x7998,Saraborough,PA,2023-08-06,Standard,
249,Jorge Hernandez,danny30@example.com,(731)624-4731,Mcgeefort,NE,2020-11-07,Silver,
250,Corey Thompson,suzanne19@example.net,823-876-7694x5919,New Michael,MH,2023-10-02,Standard,False
251,Christopher Johnson,brenda49@example.net,756.401.2562x53135,Davidmouth,UT,2024-06-21,Standard,True
252,John Pope,annacruz@example.net,883.818.4919,Lisaborough,ID,2020-09-27,Standard,False
253,Anthony Hill Jr.,ujackson@example.net,(239)704-0907x4260,North Terrychester,VA,2020-12-21,Silver,False
254,Gregory Miller,troy06@example.com,001-377-715-9103x002,Perezland,ID,2022-06-25,Silver,False
255,Rose Medina,villamiranda@example.com,6104414596,New Steven,DC,2025-01-08,Standard,True
256,Kevin Horn,qwalsh@example.org,783.597.7457x31441,Lake Christian,NM,2022-08-04,Standard,True
257,Daniel Cardenas,tonypeterson@example.net,001-588-854-7281x23567,North Joshua,GA,2021-01-14,Standard,True
258,Laura Garcia,vwalter@example.org,707.624.0787,New Christopherchester,IL,2024-10-17,Standard,True
259,KATIE BROWN,mitchell06@example.net,(234)536-2948x97861,East Dariuston,OK,2021-07-31,Standard,True
260,Brian Perez,gmyers@example.org,001-947-632-3549x4012,East Leslie,CA,2022-04-10,Standard,
261,Jesse Rivers,,+1-276-950-2412x09579,South Daniel,GU,2021-09-04,Standard,True
262,Donna Perez,karirowe@example.org,657-775-8474x5705,Rodriguezhaven,VA,2020-10-12,Standard,False
263,JASON ROBINSON,michaeljohnson@example.net,001-665-731-3614x8782,Peterchester,KY,2024-07-07,Standard,False
264,JOSEPH COOPER,hamiltonspencer@example.com,910-672-7284x9824,Port Kennethmouth,AZ,2022-07-14,Silver,False
265,Becky Freeman,jordandonna@example.org,6424548821,South Brenda,CO,2021-12-24,Standard,True
266,Timothy Wright,ghenderson@example.com,594-629-6592x3426,Christophershire,SC,2022-06-03,Gold,True
267,Richard Bass,taylorscott@example.com,457.656.7667x08061,New William,DC,2023-06-11,Standard,True
268,Sherry Brown,qmartinez@example.org,987.701.0415x914,North Joyhaven,WA,2024-05-26,Standard,
269,Kelli Hart,rtaylor@example.net,(244)407-9311,New Collinborough,CT,2024-12-23,Standard,
270,Jill Brown,evanstimothy@example.org,284.497.9162,Port Julie,IA,2023-07-09,Gold,
271,Kimberly Alvarez,keith19@example.com,(346)861-7662x047,New Kevinmouth,AZ,2021-09-13,Standard,False
272,Charles Khan,khill@example.com,483.658.6812x25957,Sandraland,PW,2026-02-15,Silver,
273,Dr. Larry White,david59@example.net,(999)761-0023x117,Port Lindsey,VA,2025-09-17,Standard,
274,Spencer Chandler,acampos@example.org,2944101759,Danielmouth,MS,2025-06-13,Silver,
275,Kristie Gonzalez,skim@example.org,526.283.1901,North Michael,MT,2021-06-23,Silver,False
276,Gina Fleming,nlee@example.net,385.459.8217x6619,Craigfort,IN,2024-02-01,Gold,True
277,Alison Nicholson,sandra46@example.net,(812)241-8938x984,New Thomasview,SD,2020-12-25,Standard,True
278,Dean Cook,tayloramy@example.net,903-471-9905x16991,Jenniferville,AZ,2020-11-08,Gold,
279,Gregory Woods,andrewbrown@example.org,+1-496-808-7066,Dunnville,NV,2023-08-28,Silver,
280,Stephanie Bell,samuel03@example.org,590-236-8900,North Davidburgh,LA,2021-05-20,Standard,
281,Matthew Sanchez,david67@example.net,911-648-3753,Kimberlyport,VI,2020-12-08,Silver,
282,Debra Wolfe,brownrachel@example.net,+1-774-413-2834x831,East Hollymouth,DE,2024-08-06,Platinum,False
283,Debra Chapman,margaret10@example.com,+1-867-206-6703x362,Anthonystad,AK,2020-10-20,Standard,False
284,Gabrielle Clayton,lisa93@example.org,696-460-1864x87699,Mcdonaldbury,DC,2026-02-19,Standard,
285,Michael Hill,kelseyphillips@example.net,(609)445-4490x1495,Fordmouth,AL,2026-02-14,Standard,
286,Karen Richard,rickyriley@example.org,598-451-7244x472,Port Christine,AR,2023-06-23,Standard,True
287,Cathy Hunter,criley@example.net,001-330-344-0580x935,Wilsonland,IA,2022-01-27,Standard,False
288,Sandra Becker,maynancy@example.org,2594556574,Bradleyberg,PW,2021-11-25,Gold,False
289,Daniel Edwards,shelby69@example.org,+1-226-911-3989x86818,Stewartborough,MP,2024-03-22,Silver,
290,erin lloyd,jerry51@example.net,776.951.5881,South Kristie,IN,2024-02-16,Standard,True
291,BETH MEDINA,qcraig@example.org,+1-944-555-1166x829,South Alexis,DE,2024-02-03,Silver,True
292,Michelle Harrison,martinezaustin@example.com,4218288665,Lake Kelly,MA,2023-03-10,Platinum,True
293,Leslie Jensen,jonessamantha@example.com,(776)947-2298x12099,Floresburgh,NY,2026-01-23,Standard,True
294,Raymond Hall,kpeterson@example.net,698.764.5652x20368,West Justinville,LA,2025-01-04,Standard,True
295,Stephen Roberts,vanessa13@example.net,521-238-8209x088,Walltown,MN,2022-04-27,Gold,True
296,Laura Dennis,mariahphillips@example.org,001-517-367-4124x151,Ericmouth,KY,2021-11-23,Standard,True
297,Megan Jones,patricia06@example.org,001-585-638-0032x963,Hernandezburgh,VA,2023-05-25,Gold,False
298,mark davis,aaronjones@example.net,+1-432-606-4969x357,West Elizabeth,NM,2023-08-28,Standard,False
299,Howard Castillo,robinsonsydney@example.com,(975)836-1275x15627,North Kelly,NY,2025-06-16,Standard,True
300,Jennifer Hart,jose56@example.com,866.540.4735x047,New Jamie,SC,2021-12-19,Standard,True
301,Lisa Anderson,clementsandrew@example.com,555-481-0835,Heathbury,LA,2021-05-03,Standard,False
302,Erin Lewis,shelbyjohnson@example.org,001-681-386-7024x40330,Riosberg,GU,2025-06-26,Standard,
303,Bradley Jones,vsmith@example.net,+1-621-696-3945x680,Harrisview,SD,2025-02-13,Standard,
304,JEFFREY WALKER,ehoffman@example.com,001-588-236-0765x817,Wisemouth,MN,2024-02-19,Standard,True
305,ERIC THOMAS,davisgary@example.com,001-531-226-9789,Kingport,WA,2023-07-16,Standard,False
306,Frank Cunningham,rsavage@example.net,987.387.5357,South Hollyfurt,DC,2022-09-14,Standard,
307,Paul Martin,hkane@example.org,(672)787-2866x04164,Anneburgh,FL,2025-03-21,Standard,True
308,Rebekah Crane,april47@example.com,452.428.7056,Jonestown,ME,2022-06-02,Silver,False
309,Brandon Ellis,browntaylor@example.org,858-635-0344,Claudiafurt,KS,2024-11-19,Standard,True
310,Christina Watkins,crossjoshua@example.com,001-612-989-6599,East Aaron,IN,2024-01-16,Silver,
311,Robert Thomas,thomassmith@example.org,3285767548,Bennettfurt,VT,2026-08-12,Silver,
312,Joseph Schmidt,stephaniedougherty@example.com,001-226-787-7418x652,Townsendstad,VA,2023-07-11,Silver,True
313,Sherri Knapp,patrickwhite@example.net,7373583094,Ruthhaven,PW,2023-03-22,Gold,True
314,MATTHEW MAY,swilliams@example.net,340-290-7977x278,Anthonyberg,VT,2020-10-02,Standard,
315,Bonnie Barnes,browndana@example.org,818-843-9055x29580,North Jameshaven,FL,2025-02-03,Standard,
316,Jeremy Hill,haleyortiz@example.net,001-304-348-5157x9197,East Jessicaburgh,MD,2025-01-18,Standard,True
317,Pamela Kramer,danastevens@example.net,643.424.0642,Robertborough,KY,2024-03-22,Standard,False
318,Edward Wolfe,,817-459-5587x209,Lake Ryan,SD,2025-12-23,Standard,True
319,Christine Lyons,christopher34@example.org,840.218.2727x955,Jacquelinestad,VI,2025-07-17,Standard,True
320,john rogers,lopezmichael@example.org,582.607.9799x667,Carolynfort,TX,2026-01-31,Platinum,False
321,TIMOTHY YOUNG,fisherkim@example.net,(790)228-2498x3922,West Lauraberg,AS,2023-01-31,Silver,
322,Joe Hopkins,nicoleturner@example.org,(233)961-3285,West Cory,OH,2022-10-02,Platinum,False
323,Susan Barnett,wmccarthy@example.org,(925)226-5469x6815,New Gregory,IA,2024-10-18,Standard,
324,Rodney Bishop,pmelendez@example.org,(873)403-4615,Hernandezport,MS,2022-11-22,Standard,
325,Mr. Troy White,gfleming@example.com,851-960-2529,South Desireefurt,NE,2024-09-23,Gold,True
326,David Walters,xshaw@example.com,001-758-651-2686x120,New Lisa,VA,2025-04-21,Standard,False
327,John Williams,dstevens@example.net,+1-954-765-4084x24560,Cynthiaville,MI,2025-11-28,Standard,
328,jennifer thompson,martinezduane@example.com,(445)379-3897x01550,Huntland,MA,2025-01-25,Silver,True
329,jenny johnson,jennifer16@example.org,794.949.8830,Port Selena,KY,2026-03-29,Standard,
330,destiny powers,rbrowning@example.com,306-530-6244x795,North Jenna,IN,2025-02-27,Standard,True
331,Michael Wilcox,vwalters@example.net,(478)805-5557x2773,Richardshire,CO,2021-01-21,Standard,False
332,Haley Clark,kevin57@example.net,602.999.2959x660,South Samantha,DC,2024-06-18,Silver,
333,Becky Foster,victoriaduncan@example.org,(768)765-3694,Lake Nicolemouth,NY,2022-12-12,Platinum,
334,Scott Simpson,cmitchell@example.org,(864)808-5721,Jenkinstown,RI,2023-11-22,Gold,
335,Kathy Miller,udougherty@example.net,529.471.5096,Woodbury,HI,2022-01-08,Standard,False
336,Christina Anderson,klinejamie@example.com,539.973.2781x952,North Kaitlynchester,VI,2023-07-05,Standard,False
337,James Logan,nicole81@example.net,001-898-307-7046x05687,East Melanieshire,WV,2023-10-18,Standard,True
338,Holly Douglas,robinpope@example.org,915-617-7345x475,Brookeberg,FL,2025-06-05,Gold,True
339,Spencer Elliott,kristopher29@example.net,577-642-2294x6430,New Alexander,MN,2023-10-22,Standard,True
340,Whitney Sullivan,teresaschneider@example.net,758.556.7287x27601,Jamieberg,KY,2025-01-01,Standard,False
341,BARBARA GONZALEZ,ostevens@example.org,001-383-235-0615x8148,Knightbury,IA,2024-04-30,Standard,False
342,Melissa Curtis,jeremylove@example.org,6942841312,East John,WV,2022-03-19,Standard,
343,Joshua Harrington,kristy13@example.com,971-673-1893,New Russellville,VA,2024-03-01,Gold,False
344,Chloe Shaffer,qgay@example.com,+1-547-725-8784x448,Ericahaven,ME,2025-12-30,Standard,
345,Peter White,floresterri@example.com,522.516.4175x8231,Warrenmouth,WI,2024-06-07,Standard,
346,Eric Lynch,mariolee@example.com,(629)525-8796,Thomasport,MN,2023-11-10,Standard,False
347,Hector Mcgee,kparker@example.com,001-660-760-6527x40334,West Ronaldfurt,MD,2021-07-18,Standard,
348,Rebecca Williamson,ggates@example.org,525.679.7067,Brownton,SC,2024-01-10,Silver,False
349,Jessica Mitchell,vtaylor@example.org,662-629-4938x17359,East Kelseyland,VI,2022-09-25,Silver,True
350,emily castaneda,nburgess@example.org,873-875-5344x90216,Yateshaven,AR,2025-05-23,Silver,
351,Alexis Kim,moyermorgan@example.com,+1-374-495-1191,New Sandraborough,WV,2026-02-26,Standard,True
352,Sabrina Owens,debrajones@example.net,001-257-886-0694,North Jeffreychester,FL,2021-02-11,Standard,False
353,Michael Nguyen,mvaldez@example.net,(292)432-3421x089,Stephaniemouth,VI,2022-03-25,Standard,False
354,Daniel Turner,oritter@example.org,001-850-527-1607x36077,Port Oscar,GU,2022-07-27,Gold,
355,Katie Lane,martinjason@example.com,001-395-956-3318x5748,North Normanchester,MO,2021-06-04,Gold,True
356,Isaac Collins,hamiltonmelanie@example.com,516.470.4502,East Aprilberg,UT,2026-06-12,Standard,
357,Kyle Clark,,001-345-496-2622x8225,South Jamesfurt,SC,2023-06-30,Standard,False
358,LISA JOHNSON,riverapamela@example.org,001-526-308-6982x2105,Mcneilville,NJ,2022-12-01,Gold,False
359,steven alexander,collinsterrance@example.com,(558)459-1779,New David,FL,2023-06-19,Standard,True
360,Brandon Powell,wrightjohn@example.net,+1-245-879-8894x25652,Port Jamesburgh,AL,2022-01-11,Standard,
361,Robert Martin,alexander77@example.com,996.373.7948,Dianahaven,MA,2021-07-14,Standard,True
362,Dawn Roman,dingram@example.net,458-341-5608,South Maria,DE,2022-09-13,Standard,False
363,Shane Parker,ftran@example.net,(468)232-3035,Amberhaven,GA,2023-12-24,Standard,
364,Christopher Walters,meganpotter@example.org,+1-896-934-0646,Morrisport,AL,2022-12-03,Gold,True
365,Mary Clark,brownrobert@example.org,623.462.6693x3513,Martinezshire,TX,2021-02-15,Standard,False
366,Michael Hodges,walshabigail@example.net,997-437-4189,Port Reneemouth,FM,2021-08-02,Silver,True
367,Jane Vance MD,ksimmons@example.net,001-874-838-1199x537,Lake Danielview,MP,2022-04-23,Silver,True
368,David Romero,qestrada@example.com,801-673-9739,Port Margaretfort,OH,2025-01-08,Gold,
369,Lisa Harrell,gwilliams@example.net,+1-919-911-3599x6605,South Lisachester,TN,2024-04-25,Standard,False
370,Christopher Mccoy,corey60@example.net,445.555.3470x574,Joystad,WI,2026-02-15,Gold,False
371,SHANNON COOK,leslietorres@example.net,965-797-2634,Lindastad,WV,2025-07-27,Standard,
372,Alan Lopez,regina84@example.net,+1-826-691-3119,Lake Matthew,MI,2021-08-19,Silver,
373,Ashley Blanchard,christina15@example.org,903.582.4073x333,North Kenneth,AK,2023-01-21,Standard,
374,Mr. Justin Murillo,robertabbott@example.net,(396)445-4655x3585,Michellebury,WY,2025-10-27,Standard,False
375,WILLIAM MUELLER,gnichols@example.net,958.937.4907,Brownburgh,AK,2023-11-27,Gold,False
376,Amy Bailey,brycegomez@example.net,694-709-7626x374,New Lauren,NY,2024-01-14,Platinum,False
377,JOSHUA MALDONADO,michelle90@example.net,001-459-211-9186x23392,Chandlermouth,CO,2026-05-10,Platinum,False
378,Michael Jennings,ejames@example.org,521-745-2647x12463,West Shannonville,NC,2021-03-29,Standard,
379,amy hawkins,cody08@example.org,4565409951,Whiteborough,MI,2022-03-23,Silver,
380,BRITTNEY BROOKS,patriciamccarthy@example.org,427.309.0814x41529,Leeberg,RI,2021-04-04,Standard,
381,Tanya Kelley,hbowers@example.net,+1-815-235-2373,Brianfort,AS,2026-03-13,Standard,False
382,Nicole Garza,alvaradoluke@example.net,001-498-986-8345,West Sheryl,NE,2025-09-27,Standard,False
383,John Henry,anna96@example.com,240.280.3149x9825,West Paulstad,ND,2023-02-07,Standard,False
384,Shelly Rodgers,williammaldonado@example.org,517.223.5137,South Jamieville,LA,2020-12-27,Gold,True
385,Robert Guerra,valerieserrano@example.com,(802)229-3946x9434,Colonfurt,KY,2020-09-14,Gold,True
386,Richard King,simsrandall@example.net,001-672-831-1127x12852,Amandaport,PR,2025-09-25,Standard,False
387,Bryan Carson,stephaniepeters@example.com,228.807.7113,North Kathryn,AS,2024-02-05,Standard,False
388,jacob rodgers,charper@example.net,233.850.9025x42573,Hernandezport,NY,2021-01-29,Standard,
389,Cory Barrett,cjohnson@example.org,298.348.2285,South Apriltown,RI,2021-01-21,Standard,True
390,Erica Johnson,suttonadam@example.org,001-306-291-3098,Pinedafurt,LA,2024-12-31,Gold,False
391,Thomas Young,wsalazar@example.net,472.778.5324x264,South Lindaberg,AZ,2024-10-15,Silver,
392,Kimberly Perez,omartinez@example.com,766.767.7767,Elizabethberg,VA,2023-06-09,Standard,False
393,Micheal Carroll,rachel86@example.com,+1-543-562-7187x4960,Andreaburgh,TN,2023-11-09,Silver,
394,Catherine Ramos,paulestrada@example.com,001-792-269-3265x7327,Port Camerontown,AL,2022-12-25,Standard,False
395,Erin Davis,james23@example.com,659-659-7752,Port Annaberg,GA,2026-03-14,Platinum,True
396,Lisa Moore,rgraves@example.net,812.971.0267,Port Andrew,UT,2023-03-03,Standard,
397,Jeremy Armstrong,fshannon@example.net,001-655-815-1229,North Victoria,WY,2026-08-09,Standard,False
398,Mark Carter,gomeztonya@example.com,6992625438,Floresburgh,AR,2026-06-10,Standard,True
399,Deborah Ferrell,billy71@example.com,+1-502-990-9046,Priceview,UT,2024-07-28,Platinum,False
400,Jose Chaney,vrussell@example.org,(348)237-4417x158,Port Kathleen,IA,2022-12-05,Gold,False
401,Christian Solis,shieldsalec@example.org,001-559-312-9751x9102,North Jennifer,CO,2021-02-14,Gold,
402,Crystal Williams,hughescolleen@example.org,337.492.7490x7280,West Douglas,ND,2020-09-12,Standard,
403,Caleb Gill,jacobmorris@example.org,(869)649-6843,Jillhaven,AL,2024-02-17,Platinum,
404,Darlene Webster,browntroy@example.net,7963170159,Jessicamouth,NV,2024-08-09,Silver,True
405,JACQUELINE EVANS,vedwards@example.org,892.905.6775,Hayesberg,WA,2022-10-28,Standard,
406,Alexander Taylor,patrick26@example.com,8629292310,West Matthew,AK,2025-03-07,Standard,False
407,Ronald Nash,jeremy79@example.net,466.527.0511x5794,Larachester,NM,2023-08-30,Standard,True
408,Christopher Mccoy,mcarr@example.org,545.752.5971x07563,Port Rachel,SC,2020-10-02,Standard,
409,Rachel Peters,holly25@example.net,001-239-793-3797,South Karenmouth,CO,2026-03-04,Standard,False
410,steven valentine,carl63@example.com,001-425-607-3305x597,Toddmouth,PA,2023-11-08,Standard,True
411,Robert Lopez,phillipsbruce@example.org,884.336.6044x32400,Stevenberg,NV,2025-12-23,Gold,
412,Linda Blake,gilesstephen@example.org,001-997-742-9250x105,West Marie,MS,2024-06-06,Silver,
413,Maria Foster,christie04@example.com,001-490-480-2711,New Frankbury,CO,2023-12-23,Platinum,True
414,Gina Gutierrez,vasquezamy@example.net,(262)281-3721x43308,South Bobby,IN,2025-03-16,Silver,False
415,TIFFANY TAYLOR,marcus60@example.net,001-947-206-8103x90339,Jacquelineshire,FM,2025-03-24,Standard,
416,carly lewis,hermanjulie@example.com,685-886-2394x535,Lake Justintown,NV,2022-11-19,Standard,
417,kayla sullivan,danielhughes@example.org,001-633-594-3945x7039,West Alexanderburgh,VI,2024-04-18,Gold,True
418,Dr. Nathan Ellis MD,samanthacastillo@example.net,931-891-0090x0404,North Brian,IL,2022-09-05,Silver,False
419,Natalie Watson,robert04@example.org,442-247-3107,North Jennymouth,VI,2024-07-20,Silver,
420,Denise Johnson,sbrown@example.org,816.460.0767,New Phyllisland,WI,2025-12-30,Standard,
421,Michelle Harris,andrew43@example.org,001-370-709-6873x045,Hooverside,GA,2025-12-08,Standard,True
422,Molly Fernandez,jill56@example.org,001-865-775-4278,Millerview,FM,2022-12-01,Standard,True
423,Maria Hayes,pamelacooper@example.net,(395)882-9236,New Amyhaven,CT,2021-07-02,Standard,True
424,Joshua Dunlap,gabriellafrench@example.com,755-886-8639,East Daniellemouth,FL,2024-02-17,Gold,True
425,Chelsea Smith,simpsonruth@example.net,536-443-8130x0041,North Jonville,NE,2025-09-06,Standard,False
426,Alexandra Harper,paul34@example.com,+1-697-999-0707x550,Mullinsville,NE,2026-05-07,Standard,True
427,Heather Mata,yvang@example.org,917.248.1131x7653,Kylemouth,IL,2024-10-22,Standard,
428,Michael Watkins,wallssean@example.net,(374)996-8049,South Kelly,GA,2024-05-11,Standard,
429,JESSICA MCDANIEL,gonzaleztodd@example.org,(326)404-2359x7371,East Joy,PA,2020-11-30,Standard,False
430,Jacob Hale,ericksonrachael@example.com,+1-681-767-0468x6111,Moralesbury,PW,2024-01-20,Silver,False
431,Alexander Miller,elizabethgriffin@example.net,(584)471-2961x803,Deanfurt,AL,2026-03-30,Silver,False
432,Alexandria Warren,brenda04@example.org,337-433-7773x12688,Port William,VI,2022-11-28,Standard,True
433,William Jones,johnmolina@example.net,(834)960-6056x035,Lake Rebecca,NJ,2025-03-29,Silver,False
434,stacy lucas,johnboyd@example.com,001-616-990-6181x20546,Kevinside,PA,2024-05-13,Gold,True
435,Travis Dixon,stodd@example.net,001-389-699-2751x758,Sarahport,PA,2022-08-21,Standard,
436,Taylor Solomon,michaeltorres@example.com,764.549.6392x43588,Perkinsburgh,DE,2023-10-04,Silver,True
437,Margaret Harris,isaac75@example.org,(874)897-8524x9141,North Jacobview,NM,2025-01-09,Gold,
438,Lauren Hill DDS,josephjarvis@example.net,291.376.6512x2150,Danielside,KY,2023-05-28,Standard,
439,Patrick Henderson,vanceashley@example.org,659-744-6333,East Andrew,OR,2021-06-10,Standard,
440,Robert Bryan,ambersmith@example.org,599-547-1136,Lynchburgh,PW,2022-07-30,Standard,True
441,David Parker,ogriffin@example.org,667-572-6960,Kimhaven,MA,2021-12-30,Gold,True
442,Mr. Ryan Obrien MD,burkeholly@example.com,(663)535-5643,Burkefort,AK,2022-08-10,Gold,False
443,Maria Brown,pricemichael@example.com,5766761645,Rhondaview,NJ,2024-10-17,Standard,False
444,KEVIN HOLMES,meghanwerner@example.com,3316219804,Hernandezberg,PR,2021-08-16,Silver,False
445,Charlotte Ortiz,abigailhall@example.org,+1-309-324-8762x303,West Lisaburgh,ND,2023-04-17,Standard,False
446,philip cummings,amandalopez@example.org,424-580-8806x22072,Audreyview,NH,2021-06-03,Silver,
447,Brian Wright,jonesnicholas@example.org,878-676-8868x7859,Jacksonfort,DC,2022-02-24,Gold,
448,Kyle Richardson,darrell66@example.com,650-857-3036x2792,East Allen,IN,2025-07-04,Standard,False
449,James Marquez,nicole72@example.com,8328145057,New Kellyhaven,OH,2026-02-05,Silver,False
450,Sheila Mendoza,mark48@example.org,7122840083,Powellmouth,MI,2023-07-16,Standard,
451,Anthony Black,stephensonkatherine@example.com,001-580-389-8126x57422,Hillbury,AZ,2024-05-28,Gold,False
452,Casey Barnes,robertmckenzie@example.org,(489)943-0120x47137,North Elizabethmouth,RI,2020-12-09,Platinum,True
453,John Huber,crystal58@example.org,+1-998-849-3306x74584,New Kevinview,CT,2025-01-16,Gold,True
454,Sarah Robinson,stevenhernandez@example.org,001-488-956-6695x413,Port Leeton,NE,2025-08-15,Gold,True
455,JASON GOOD,sharon14@example.org,476.793.6634x3925,Castanedaville,CO,2023-02-10,Silver,True
456,brittany patterson,michaellaura@example.net,+1-220-407-2024x5591,Markton,OR,2021-03-03,Standard,True
457,Aaron Nielsen,pennyholloway@example.com,449-349-8194,Obrienview,GA,2021-03-03,Standard,
458,Anne Obrien,antonio52@example.net,975.484.4663x4533,North Christopher,OR,2024-07-15,Silver,False
459,ZACHARY MARTINEZ,campbellmarvin@example.com,001-537-966-1894,West Ericborough,MI,2025-12-05,Silver,True
460,Samuel King,lisaford@example.com,001-857-325-6592x024,Hutchinsonmouth,FL,2021-01-26,Standard,True
461,Jose Simpson,rebecca26@example.org,001-705-659-5501x78332,Prestonshire,RI,2020-12-05,Silver,
462,Randy Simon,gibsonjennifer@example.net,587-704-5069x1767,South Joseph,MH,2026-03-28,Silver,True
463,Dave Strong,ralph08@example.org,6378360601,New Mirandaport,WI,2024-08-03,Standard,True
464,William Lewis,kimberly36@example.net,001-452-683-0615x3701,Lake Kelly,KS,2024-04-11,Standard,False
465,Christina Martin,hubbardkeith@example.net,001-981-712-1031x421,New Katieside,NH,2023-03-03,Standard,
466,Mr. Richard Kelly,gomezpaul@example.org,+1-440-591-1225,Ritterstad,AK,2023-09-28,Gold,True
467,Peter Garcia,mlewis@example.net,+1-279-913-7876x5530,North Ashley,AK,2022-09-19,Standard,
468,Mariah Perry,montesmichelle@example.org,(919)788-1927,New Lisamouth,IA,2026-08-08,Silver,True
469,Elaine Trevino,crosbyelizabeth@example.org,001-646-624-5618x517,Johnsonport,MD,2022-07-20,Silver,
470,chad warren,coxcody@example.com,001-355-612-9391x30448,Craigfurt,WV,2021-10-14,Standard,False
471,Shawn Davis,joseph02@example.org,390-617-0756,New Sheila,MH,2026-04-06,Silver,False
472,Christopher Wong,,001-810-273-2283,Barbaraborough,NM,2025-06-10,Standard,False
473,Daniel Estrada,mallorycarter@example.org,(296)394-4391x6497,Garzaview,UT,2023-12-18,Standard,False
474,Martin Wilson,davidwilliams@example.org,001-801-362-3419x0310,Jamieberg,FL,2021-06-11,Silver,True
475,Sheila Nguyen,hgray@example.net,873-223-6533x774,Aaronmouth,GA,2025-01-08,Standard,True
476,Amy Ellis,james14@example.org,942-560-7819x7543,Maryfurt,KY,2021-01-16,Standard,False
477,Taylor Smith,deannacruz@example.net,321.545.8414x84601,Johnnybury,WV,2021-08-21,Silver,False
478,Savannah Andrews,courtneymadden@example.org,(505)486-9507,Lake Kirkchester,KS,2026-06-04,Standard,True
479,Curtis Morales,cody79@example.org,950.555.7385,Bernardtown,UT,2024-11-07,Standard,
480,Breanna Jenkins,harrisrobert@example.net,318-272-3335,Alexandershire,MT,2021-02-18,Silver,
481,KEVIN COLE,claytonmclean@example.net,414-298-3074,Montoyaborough,WY,2021-05-25,Standard,
482,Brandon Aguilar,aaron55@example.com,+1-420-519-0432,Lake Harryborough,ID,2023-02-23,Standard,False
483,Matthew Perez,anthonyswanson@example.net,254.462.1276,Austinburgh,TX,2021-06-21,Standard,False
484,bradley moore,hernandezdaniel@example.org,001-524-988-8995x729,Jacksonmouth,KY,2025-09-25,Silver,True
485,Tammy Yates,gonzalezkenneth@example.net,419.212.0381x876,New Nancy,AS,2022-07-28,Gold,True
486,Katie Lawson,allenandrea@example.com,581.344.5822x06732,New Scott,NE,2021-06-08,Silver,
487,Nancy Morris,,(345)700-0000,Port Judy,SC,2025-01-01,Gold,True
488,Connor Benton,gonzalespatricia@example.net,(609)402-5561x844,New Lisashire,ND,2024-03-11,Standard,True
489,Thomas Jones Jr.,walter05@example.com,708.767.0090x0436,West Jenniferview,NC,2023-07-16,Standard,False
490,Bryce Gutierrez,william55@example.net,9542296080,Clarkchester,PA,2021-07-29,Gold,
491,Lisa Buchanan,bartonkimberly@example.net,(321)204-0164,Connieview,PR,2025-10-24,Standard,
492,Kara Gilmore,zacharygray@example.org,616.843.2126x94289,Ericbury,FM,2024-07-16,Standard,False
493,Isabella Hardy,tlewis@example.com,670-264-6255,South Kristina,VA,2023-03-13,Standard,False
494,Michael Carter,barnettterry@example.com,(444)689-8803x15388,Jessicaberg,NH,2024-09-24,Silver,False
495,Megan Morgan,gloria04@example.org,333.853.8495,Port Donald,CT,2024-05-03,Silver,
496,Jordan Owens,stephenscatherine@example.org,591.237.3265,Bondland,CO,2021-03-20,Standard,False
497,KATHY CHANG,victoria17@example.net,(488)200-2300x91561,Lake Nicholas,NJ,2026-03-09,Silver,
498,Nicholas Morrow MD,,001-360-393-6595x2014,Danielport,IN,2024-06-30,Silver,
499,Grace Johnson,katherinerussell@example.org,001-823-399-8213x7455,West Sarahport,DC,2022-01-24,Standard,False
500,Paul Gallegos,stricklandmatthew@example.com,(566)708-1126x0030,Sandersland,GU,2023-10-18,Standard,True
501,Christian Bryant,shelby31@example.org,001-934-855-0688x26917,New Jason,NC,2025-11-26,Silver,False
502,Victor Wilson,peggy08@example.com,001-335-243-7882x60335,Lake Mitchelltown,PA,2025-08-31,Standard,
503,wendy carpenter,prattjustin@example.org,8748926999,Mariamouth,CO,2025-08-11,Standard,True
504,Joseph Diaz,kwalsh@example.org,(559)414-0849,North Jackson,WI,2026-01-05,Gold,
505,Richard Parsons,jpowell@example.org,(690)587-2617x60723,West Elizabeth,PA,2025-07-09,Standard,True
506,Stephanie Meyer,hufftina@example.org,(761)429-9650x826,Guerreroland,WY,2026-02-15,Standard,False
507,Haley Mccoy,alexisolson@example.com,523-685-9514,Weaverbury,OR,2023-12-24,Platinum,True
508,Jordan Garrett,bondmarissa@example.org,530.308.6966x1016,Lake Jamesmouth,GU,2025-06-15,Standard,
509,Amber Jones,salazarjoshua@example.com,+1-491-250-7628x3976,Jeffreyview,KY,2026-06-30,Standard,False
510,Jeremy Campbell Jr.,umcclure@example.com,001-362-692-5081x77602,South Sharonside,KS,2020-10-10,Standard,True
511,Dale Hall,stephanieedwards@example.net,(235)561-7817,Lake Craig,PA,2021-01-29,Standard,False
512,Daniel Henderson,david78@example.net,(261)433-7184x449,Brandonfurt,LA,2021-08-28,Standard,True
513,Anna Hill,,3374341678,Figueroafort,TN,2023-09-27,Gold,True
514,Angela Flowers,humphreypatricia@example.net,+1-721-934-8629,Hallchester,VI,2023-10-04,Silver,
515,KIMBERLY MCDOWELL,amyferrell@example.com,8538970798,South Timothyton,MO,2025-08-20,Gold,True
516,STEVEN HOLMES PHD,diazaaron@example.net,(812)723-5521,Port Matthewmouth,CT,2025-11-04,Gold,False
517,chris jones,charlesduncan@example.com,001-567-890-8984,Kristatown,GA,2024-10-18,Gold,True
518,SARAH YATES,eileendaniels@example.net,+1-348-642-4959x881,Shannonside,NY,2021-06-09,Standard,
519,Susan Dominguez,ldavis@example.org,+1-967-667-3820,Deleonland,VA,2023-06-04,Standard,False
520,Kathleen Patel,nweaver@example.net,(287)822-5893x70858,Lake Colleen,IA,2024-06-11,Standard,True
521,SONYA ALVARADO,karla66@example.net,+1-757-690-0124x825,Ianhaven,MO,2022-11-21,Standard,False
522,Charles Serrano,jacob32@example.net,+1-794-863-3891,West Christopher,TX,2023-06-10,Standard,False
523,Philip Bowen,vthompson@example.com,(792)369-3358,Port Victoria,NY,2026-03-04,Standard,
524,Jaclyn Johnson,,+1-578-246-8509x5744,West Courtney,DE,2021-04-24,Standard,
525,Samantha Jones,sloancarol@example.org,7385593401,Parkermouth,LA,2025-12-11,Gold,
526,Garrett Rodriguez,,001-225-293-6781x3675,Stephanieberg,UT,2023-05-26,Silver,True
527,Diane Carrillo,johnsonmichael@example.com,(698)719-8780x9270,East Megan,NC,2025-11-11,Platinum,
528,Jennifer Wu,angela66@example.org,798-667-8744x22758,Jessicachester,MN,2024-01-09,Standard,True
529,Micheal Austin,waynetorres@example.net,416-650-2000,Danielleshire,SD,2025-06-16,Gold,True
530,David Day,lloydmiranda@example.org,405.357.0836,Kevinhaven,NC,2025-12-12,Platinum,False
531,Manuel Moran,victorjefferson@example.org,(377)546-2025x82543,Lake Amy,GU,2024-05-18,Standard,
532,Russell Martinez,natashabrewer@example.net,591-906-0183x6472,Andrewburgh,WI,2021-04-24,Silver,
533,Anita Bryant,rachelcastillo@example.com,358-947-2629x052,Yoderside,IA,2023-07-04,Silver,True
534,Joshua White,phorne@example.com,(417)233-7399,Hunterberg,OK,2025-01-20,Standard,True
535,cindy jenkins,stephanieoconnor@example.com,+1-591-743-8823x25539,Josephville,NM,2026-05-29,Standard,
536,Patrick Snyder,lindseyroberts@example.org,001-954-949-7912,East Ashleymouth,CA,2025-01-09,Gold,False
537,Melvin Carlson,nhiggins@example.com,001-752-898-8322x012,New Jacobton,FM,2021-08-25,Standard,True
538,Katherine Cochran,gstone@example.net,553.258.5238x600,Tiffanybury,MS,2020-12-10,Standard,
539,Sarah Berry,stevensmichael@example.org,291.302.9295,Jamesview,SD,2024-07-19,Gold,False
540,Amy Morrow,rayvictoria@example.org,497.419.1260,East Ericmouth,MT,2025-11-19,Platinum,
541,Amy Obrien,wilsonpatrick@example.org,(920)519-0725,New Julie,IL,2023-06-23,Silver,True
542,Jessica Rogers,guerrerostanley@example.net,481-724-2114x0868,New Elizabethberg,FL,2020-11-24,Silver,False
543,Alan Morrow,jackierichardson@example.com,001-561-903-9952x9701,East Joshuachester,MI,2024-04-03,Standard,
544,Jasmine Farmer,,(230)841-2027,West Christinafort,IN,2023-12-22,Silver,
545,Christopher Harvey,fhiggins@example.com,(290)563-2248x15542,Antonioton,DE,2024-01-09,Standard,
546,Taylor Frye,yrichardson@example.com,+1-915-379-5546x234,Port Lisa,NH,2020-10-10,Silver,True
547,Justin Hammond,williamsanthony@example.net,(283)317-6417x26808,Sethberg,OR,2023-04-13,Standard,False
548,Valerie Bush,gmiller@example.org,(971)630-7351x04584,Port Richard,DE,2020-11-09,Silver,
549,Keith White,,+1-285-576-6947,New Adamborough,TN,2024-11-25,Standard,
550,LISA MOORE,bweeks@example.com,(821)859-1832x70004,Garciamouth,SC,2025-07-01,Standard,True
551,REBECCA WILLIAMS,hestrada@example.com,6042938819,Johnland,MD,2024-03-18,Standard,True
552,Leroy Shaw,deborah97@example.com,+1-687-331-3797x166,Odonnellville,FL,2025-05-20,Standard,True
553,Anthony Castillo,john25@example.com,(938)299-4991,Lake Lynnview,GA,2021-12-22,Silver,True
554,tina taylor,tannerrobertson@example.net,(311)560-2041,Gabrielleshire,NY,2025-12-23,Standard,False
555,Penny West,phyllismiller@example.com,8886948018,Amandaburgh,WV,2024-04-01,Gold,True
556,Sophia Boyd,ashleyalexander@example.net,(770)982-0048x067,Port Meganborough,MS,2021-05-25,Standard,
557,Jamie Duran,villawilliam@example.com,+1-694-229-6882x76970,Jeromeville,KS,2024-01-22,Standard,
558,Kevin Rodriguez,jwilliams@example.net,727.348.8356,Carpenterfurt,HI,2026-02-08,Standard,True
559,Larry Fisher,mary66@example.net,449.360.4784,Smithside,MA,2022-06-07,Gold,
560,William Kelly,margaretrussell@example.net,+1-520-289-3486,Taylorview,MO,2021-04-16,Standard,
561,Nicole Wallace DDS,ejohnson@example.org,513-919-3592x3613,Klinemouth,HI,2023-07-22,Standard,True
562,David Hawkins,moraleskimberly@example.net,3258447241,Debraborough,UT,2026-07-25,Standard,True
563,Keith Morales,harrisonjoy@example.net,282-849-8980,Whitakerberg,CT,2022-05-30,Standard,True
564,Jason Abbott,cobbmary@example.net,(566)848-6989,Collinshaven,MS,2022-04-22,Silver,True
565,Sharon Murphy,tiffany01@example.org,+1-329-920-7536x051,South Feliciaton,IN,2024-01-30,Standard,True
566,Patricia Aguirre,robertwright@example.net,+1-221-289-4559x0670,Lindsayport,NC,2025-09-02,Standard,False
567,Anthony Knapp,rfleming@example.net,+1-696-467-6056,Port Krystalport,MD,2026-07-04,Standard,
568,Peter Morgan,duncankimberly@example.com,001-453-438-9062x35466,Rogersport,AR,2023-03-21,Silver,
569,LINDSEY REED,smithsarah@example.com,(921)922-4276,Richardmouth,RI,2021-04-29,Standard,
570,Bob Campbell,davisrenee@example.net,888-960-0801x798,Freyberg,ID,2021-01-29,Standard,False
571,KYLE DAVID,agalvan@example.com,626.542.6121x203,Petersonchester,MI,2025-12-04,Silver,
572,Sharon Patel,ospencer@example.org,(748)624-2183x854,North Emmachester,KS,2024-11-08,Platinum,True
573,Matthew Morgan,mollybruce@example.org,323-927-4897,Santanafurt,WV,2022-07-05,Platinum,True
574,Maria Gregory,tracyjohnson@example.net,+1-362-817-5080,Port Bobby,MA,2021-11-30,Platinum,False
575,James Gamble,markgardner@example.org,993-953-4001x816,Willieland,MP,2024-12-18,Silver,False
576,Diana King DDS,jose60@example.net,385.217.9937,Johnville,FL,2023-03-24,Standard,False
577,Kayla Scott,klara@example.net,(698)982-9045x79271,West Nicholas,AZ,2023-11-24,Gold,True
578,Victoria Fernandez,lpage@example.com,(538)339-7283,North Tricia,TN,2025-07-16,Standard,False
579,Thomas Moore,tonyaholmes@example.net,2984322101,East Pamela,AK,2023-12-22,Platinum,True
580,Julia Gray,kentwilliam@example.net,+1-387-661-0814x356,Lake Joeside,LA,2021-01-20,Standard,
581,Margaret Miller,hartmanjoshua@example.net,+1-923-854-6951x0030,North Mitchell,GU,2026-04-01,Silver,
582,patrick gray,riverarebecca@example.org,(666)264-1106x54113,Weaverville,MO,2022-05-08,Standard,
583,Leslie Barton,nwilliams@example.org,(883)466-8348x268,Lawsontown,NC,2024-05-12,Gold,
584,Justin Hurst,kennedywanda@example.net,+1-979-815-0596x2571,Lake Brookeberg,AK,2022-01-30,Gold,True
585,Stanley Gallagher,shawn89@example.net,(460)341-8095,Wardhaven,MD,2026-05-03,Gold,
586,John Carter,lambertdevin@example.com,(492)811-8824x1996,Gregoryberg,PA,2026-07-04,Standard,
587,Kevin Cole,jennifer54@example.org,485-245-7056,East Megan,MN,2026-05-03,Standard,
588,KENNETH HURLEY,brownreginald@example.net,764-607-2324x72828,North Christopherhaven,SD,2023-08-29,Gold,False
589,Catherine Barker,iallen@example.com,268-350-7105,New Nathantown,RI,2026-05-08,Gold,
590,robert zavala,edwardsronald@example.net,2539709230,Port Russellmouth,TX,2021-09-29,Standard,
591,dawn haynes,wileyaudrey@example.com,+1-554-832-9876,Davidview,KY,2020-10-06,Gold,True
592,Jennifer Oconnor,tiffanyharris@example.com,+1-713-810-4502,Lake Isaac,NH,2026-06-01,Silver,False
593,Stephen Gibbs,samuel83@example.com,(868)906-4860,New Amy,VT,2026-01-12,Gold,
594,TARA GORDON,tammy53@example.com,+1-846-728-0550x7740,Harveystad,CO,2026-08-28,Silver,True
595,Daniel White,wheeleramber@example.com,001-851-307-4091x31117,East Markport,VT,2022-11-11,Standard,False
596,Amy Park,cynthiasullivan@example.net,(735)241-2012x275,East Michelleton,CO,2026-05-01,Standard,True
597,Scott Arias,tammy94@example.com,+1-295-707-4071x7327,Dawnbury,TN,2022-08-05,Standard,True
598,Adam Long,taramejia@example.org,891.204.5203,Calebside,ME,2025-03-08,Standard,
599,TINA MOONEY,nicole92@example.net,(253)859-5205x610,Hudsonshire,AL,2024-06-09,Silver,
600,Jeffrey Sloan,jonespaul@example.com,740.537.8423x3944,North Philipmouth,MS,2024-07-16,Gold,
601,Felicia Smith,cynthiapoole@example.org,436.254.2624x1784,Lake Stacey,UT,2025-03-25,Standard,False
602,Daniel Rivera,jonesjo@example.org,001-806-605-3088,North Edward,MH,2025-05-08,Standard,
603,Jeremy Norton,campbellerika@example.com,498-887-5921x29964,East Stephaniebury,MT,2021-05-17,Silver,False
604,Rebecca Dyer,stephengomez@example.org,347-370-9207,Meaganbury,VT,2024-09-13,Silver,False
605,COLIN GRAVES,coreypope@example.net,+1-321-358-1897x05916,Lewisstad,MA,2025-03-10,Silver,False
606,Kevin Edwards,evaughn@example.org,001-516-388-0053x789,Franklinberg,NY,2023-12-24,Standard,True
607,Christopher Hicks,suzanne40@example.net,582-627-2002,Lake Sara,IN,2026-02-16,Gold,
608,Amy Davis,tony43@example.net,(281)416-5993,East Barryborough,AR,2021-06-27,Standard,False
609,Brittany Phelps,jenniferjimenez@example.org,001-813-653-0281x650,Gonzalezton,MI,2022-05-04,Standard,True
610,Taylor Gonzales,lkelly@example.org,+1-683-821-0291x617,Port Shirleyshire,WA,2024-12-19,Standard,
611,Tony Johnson,meganharmon@example.com,396-862-2913,Smithton,MN,2026-05-31,Gold,
612,Tracy Butler,wstevens@example.org,(636)621-9865x5049,Dianamouth,NE,2023-02-10,Silver,
613,eric carrillo,ashleycooper@example.com,+1-696-427-3226x2611,Javierchester,TN,2023-01-10,Standard,
614,Gwendolyn Pena,joseph21@example.net,880.687.9919x62341,East Anita,AS,2021-07-02,Standard,True
615,Vincent Hays,ldickson@example.com,+1-905-883-3343x03115,West Tinaview,MN,2022-02-10,Standard,False
616,Jeanette Norris,victor76@example.net,001-845-835-3659x746,South Jasonview,DC,2025-11-09,Standard,True
617,Jacob Nichols,armstrongsara@example.net,681-952-6925x5966,North Melissa,IA,2021-02-24,Standard,True
618,Desiree Allen,bakerpaul@example.com,6487933261,Jasonton,NV,2020-10-03,Standard,True
619,Randy Perez,johnsondebbie@example.net,978-352-2115,Lucasborough,MN,2024-01-28,Standard,
620,Nancy Thompson,rgreen@example.net,+1-970-917-3208x65237,New Russell,TX,2025-07-27,Gold,True
621,John Rodriguez,brewerbrandon@example.net,001-252-478-1055x800,Gatesburgh,VA,2022-08-15,Standard,
622,FRANCISCO BATES,davidjohnson@example.com,291.536.8172,East Nicholasstad,MI,2021-06-11,Standard,True
623,Jeanette Knox,burkejacob@example.net,+1-973-552-5953x3222,New Carrie,HI,2024-12-06,Silver,True
624,John Steele,kimberlyperez@example.org,(461)885-0761x08708,Frenchville,WV,2020-09-07,Platinum,False
625,SCOTT JAMES,smithdavid@example.com,858-638-8217,Kimberlyfort,ID,2023-09-17,Silver,True
626,Bonnie Clark,tinahaas@example.org,(480)419-4425,Lake Susan,MO,2022-08-15,Standard,True
627,Stephen Haney,jason06@example.org,+1-273-911-8046x7413,Jermaineside,ME,2021-01-07,Standard,True
628,Erica Smith,robinsonpaul@example.com,+1-208-746-3975x61547,Johnland,AS,2025-04-23,Standard,True
629,Andrea Miller,charles95@example.com,(740)491-9693x95787,South Lindaberg,AK,2021-09-21,Silver,False
630,Christopher Smith,udavis@example.net,824-913-9369,Sullivanshire,NC,2022-03-13,Platinum,False
631,Jeffery Barry,christopherguzman@example.org,(976)807-5988,Johnborough,SC,2023-07-11,Gold,False
632,MELISSA PARKER,morrisoncrystal@example.com,343-708-9523x12021,Port Michaelfurt,KY,2024-10-14,Platinum,True
633,Joy Dorsey,dsmith@example.org,(968)876-4486,Ashleyshire,NV,2026-08-21,Standard,
634,Ann Velasquez,bzamora@example.net,5459006355,North Brianna,MS,2026-03-20,Silver,
635,LISA MCCARTY,omiller@example.net,+1-452-796-3530x5970,Danielhaven,GA,2026-07-12,Silver,
636,jessica young,castanedachristina@example.net,+1-789-659-6546x634,Julieport,VT,2023-06-15,Standard,True
637,Steven Salazar,mhudson@example.net,693.844.9743,Andreside,GA,2022-03-22,Silver,
638,GARRETT FISHER,ncummings@example.net,+1-488-394-1321x09720,Gillfort,MD,2021-07-21,Standard,
639,Hannah Mitchell,ewood@example.net,(820)630-0449,Hickmanberg,VA,2022-06-26,Gold,True
640,Samantha Thomas,daniel13@example.net,256.858.9635x957,New Chelsealand,KS,2024-05-05,Silver,False
641,Chelsea Dominguez,fhughes@example.org,888.450.3423,North Michaela,ID,2024-11-29,Standard,True
642,Derek Clark,smithjesse@example.com,001-696-886-8008x529,East Olivialand,SD,2022-07-15,Standard,True
643,Dr. Austin Baker,turnermckenzie@example.org,(638)850-2289,Morganmouth,WV,2024-08-26,Standard,True
644,Tammy Moore,dennismcknight@example.net,502.502.5691,East Andrewborough,KS,2022-09-12,Standard,True
645,nicholas martinez,xlogan@example.org,762.579.9553x024,North Shellyburgh,PW,2023-02-15,Gold,
646,Patricia Cabrera,jimmyrobinson@example.net,(302)984-7190,East Dorothy,DC,2022-01-22,Standard,True
647,Amy Olsen,qhendricks@example.net,+1-471-677-5461,South Michaelside,IN,2022-06-07,Standard,
648,Brittany Byrd,matthewbrennan@example.org,(625)690-9566,East Todd,SC,2023-11-24,Silver,True
649,TERESA BAUER,andersonchristopher@example.org,287-380-3586,Wyattfort,LA,2021-10-20,Silver,False
650,Tara George,dale99@example.com,001-852-695-1712x227,East Angela,HI,2024-11-02,Gold,True
651,Dylan Thomas,rthompson@example.com,+1-249-663-3083x34447,Romeroshire,MA,2021-08-28,Standard,False
652,Robert Smith,christina68@example.net,(519)453-7749x266,Robertview,HI,2020-09-29,Silver,
653,Mr. Christopher Barr MD,barnesnorma@example.com,+1-412-692-0592,North Marcuschester,IL,2023-05-23,Silver,True
654,Emily Ortega,phall@example.com,+1-226-729-4206x61549,East Jamieville,IN,2020-12-05,Silver,False
655,Amanda Nelson,janetmoore@example.net,322-712-1548,Port Ryan,MT,2024-08-09,Standard,
656,Elizabeth Smith PhD,schmidtjose@example.net,9649420062,Sanchezmouth,NC,2023-11-22,Standard,False
657,Jasmine Morales,xcurry@example.net,496-823-4219,East Charles,HI,2022-08-22,Standard,False
658,AMBER MARTIN,amanda14@example.net,689.311.7972x6999,New Holly,DE,2020-10-11,Standard,
659,Daniel Reynolds,ssmith@example.net,(500)805-3285,Port Cole,MD,2025-02-01,Silver,False
660,Christopher Sanchez,andreasmith@example.com,+1-926-892-9900,Martinmouth,WV,2024-06-19,Standard,
661,Darren Anthony,nicolemason@example.com,+1-333-576-1851x86267,Arnoldville,AL,2023-04-18,Standard,
662,Matthew Moody,,439.921.8835,New Thomastown,MO,2026-07-08,Gold,
663,Mr. Matthew Henderson,margaret20@example.net,+1-981-843-1927,South Samanthaville,MI,2026-05-24,Standard,False
664,Samuel Day,michael72@example.net,+1-402-766-5686x29591,Harrishaven,OR,2026-07-01,Standard,
665,Gwendolyn Walker,emily07@example.net,629-390-7472x9669,Andrewsfurt,NM,2024-01-26,Standard,
666,Richard Ellis,wscott@example.net,+1-894-964-1839x841,West Mary,NC,2020-10-21,Standard,False
667,james perkins,osbornkelly@example.net,+1-804-245-0928,Tammieville,MP,2026-05-04,Standard,
668,JAMES WOODWARD,sanderskelly@example.net,3085248458,New Natalieshire,OH,2026-01-01,Silver,
669,Amanda Olson,christinedoyle@example.com,001-518-256-3027x5000,Jenniferfurt,CT,2021-10-25,Silver,False
670,Linda Newman,pruittstephanie@example.com,918-249-3784x6790,New Thomaschester,FM,2024-03-25,Standard,False
671,Brian Christensen,swatson@example.org,2348444299,Hillmouth,NE,2024-07-13,Silver,False
672,Sabrina Brooks,shelby62@example.org,855-499-6725,Port Henry,PA,2024-01-11,Standard,False
673,Timothy Holland,scott04@example.com,476-348-4559x3965,New Jeffrey,AL,2020-09-21,Standard,False
674,chad cook,jeffery29@example.org,4369221173,Mooreview,ND,2023-08-12,Standard,
675,Lisa Peters,angela22@example.net,+1-342-952-5161x85759,North Matthewton,NC,2024-07-13,Standard,True
676,Eric Davis,rgibson@example.com,353.952.4784,West Beverlyshire,NH,2025-10-14,Silver,
677,Steven Harris,jesse88@example.org,531.483.6113,Mayerhaven,NJ,2021-11-15,Silver,
678,Robin Hawkins,laura78@example.com,404.386.2515,Holtchester,MD,2023-09-18,Silver,
679,Garrett Perez,garciaanne@example.org,(467)834-4671x776,West Jeffreyfurt,DC,2025-09-01,Standard,False
680,Stacy Soto,vgreen@example.org,+1-999-590-0108x985,New Rebeccamouth,GA,2024-03-15,Gold,True
681,Kristopher Alvarado,rebecca24@example.com,788-949-9795x728,Cynthiashire,MI,2021-03-31,Standard,
682,Joseph Rodriguez,whitecharles@example.net,001-578-991-2488,South Alexismouth,WV,2025-03-15,Standard,
683,Vincent Schaefer,tylerlaura@example.org,(772)886-8112x30388,Port Christopherbury,RI,2024-02-28,Platinum,False
684,Joshua Hill DVM,clayandrew@example.net,+1-592-517-7905x52866,Christophermouth,WA,2026-08-05,Silver,
685,Nicole Marshall,mackelizabeth@example.org,(260)511-9391,Port Ashley,NJ,2023-09-15,Standard,
686,Emily Martinez,dwilliams@example.net,558.818.1045x02437,West Sarahhaven,NM,2022-07-09,Silver,False
687,Brenda Gonzales,hannahhicks@example.net,(393)735-3900x5856,Shannonbury,CO,2021-11-28,Silver,True
688,Samantha Allen,wcarroll@example.com,516-943-6902,Whitetown,PR,2024-07-31,Standard,False
689,Yesenia Santos,psmith@example.com,(281)364-4161,Haleymouth,SC,2021-08-17,Silver,
690,Shane Walters,robert40@example.com,203-688-0273,South Robert,NE,2026-01-10,Gold,True
691,shelia baker,erica71@example.net,001-693-295-3096x90676,East William,WV,2021-06-25,Silver,True
692,Katrina Hubbard,karen51@example.net,558.272.7174,Shafferside,DE,2025-10-29,Silver,True
693,Sara Hoover,harrisstacey@example.net,881.687.3877x58333,Coleview,CT,2025-05-30,Silver,True
694,Adam Gentry,james60@example.org,+1-326-425-4204,North Cheryl,VA,2022-01-26,Silver,
695,Cesar Adams,carl07@example.net,001-341-293-2453,Kleinport,CT,2024-08-04,Standard,
696,Brianna Hill,ujohnson@example.net,+1-472-764-9632,South Meganberg,HI,2026-05-28,Standard,
697,Steve Brewer,,526.611.8900,Foxville,UT,2022-05-31,Standard,
698,Adam Payne,kbenson@example.org,(300)795-3662,South Susan,OR,2022-12-19,Standard,
699,John Edwards,davisjohn@example.com,001-200-973-9713,East Clayton,IL,2020-11-11,Standard,
700,Andrew Hicks,riostyler@example.org,404-354-6171,Flowersmouth,KS,2023-12-02,Standard,
701,WILLIAM THOMAS,katherinecarter@example.org,(552)616-0252,East Stephanietown,OR,2022-07-07,Silver,True
702,Jill Kirby,nicholasjohnson@example.net,(365)951-3276,Jennifertown,TX,2022-04-22,Standard,
703,samantha howard,daniel02@example.org,891-658-9126,Scottside,NE,2021-06-24,Gold,True
704,Kayla Fisher,stevenkidd@example.org,284.947.4083x78191,Christineshire,DC,2025-06-04,Gold,
705,Anthony Duncan,philliphayden@example.net,(635)934-8486,New Ericbury,OK,2021-03-10,Silver,True
706,Donald Lopez,jacksonwhitney@example.org,001-872-505-5033x0000,Juliafurt,NH,2026-06-21,Standard,True
707,Aaron Black,martinezdavid@example.org,5919692327,Singhton,MS,2022-02-10,Standard,False
708,Gabrielle Daniels,bendermichelle@example.net,(874)363-0009x98433,Lake Marymouth,CO,2020-09-23,Standard,True
709,Angela Davis,heather58@example.org,001-894-820-3401x53534,South Marcshire,PA,2026-04-03,Silver,
710,STEVE NELSON,jreynolds@example.net,3104824028,Lake Jeffrey,NV,2024-04-05,Standard,
711,Tracy Hernandez,htaylor@example.com,717.945.2735x36423,North Kennethburgh,RI,2024-04-03,Silver,False
712,Tiffany Arnold,daniel16@example.org,+1-425-559-0461x0079,West Ronaldtown,AR,2021-03-30,Standard,
713,Kelly Ellis,davisnatasha@example.org,629.761.5120,South Jillchester,WV,2021-03-09,Standard,
714,patricia cross,larry04@example.net,(327)763-4601,North Michael,VA,2022-08-17,Standard,
715,CHRISTINE DENNIS,qbruce@example.org,(986)417-6822x512,Chaveztown,NY,2025-02-19,Platinum,
716,Robert Donovan,icisneros@example.com,697-968-7849,Gallegosburgh,OR,2023-01-11,Silver,True
717,Adrian Gutierrez,drakekevin@example.net,442.323.5434x0466,North Matthew,SC,2021-01-13,Standard,
718,Oscar Kelly,jonathan20@example.com,+1-944-511-1973x88182,Port Elizabethbury,ME,2023-04-10,Gold,True
719,Rachel Mason,jenniferrice@example.com,001-368-306-6405,East Christopherstad,ME,2022-01-10,Standard,True
720,ANGELA BARBER,michellewilson@example.com,3498860372,North Jameston,UT,2021-11-07,Standard,True
721,Krista Vargas,millerlindsey@example.org,9348713171,Port Karafurt,FM,2021-11-20,Standard,
722,Teresa Sutton,bowenjonathan@example.net,+1-747-485-5011x3753,North Thomasburgh,OH,2026-03-29,Standard,True
723,Jill Garner,dtaylor@example.net,001-403-471-6160x88197,Lake Caitlin,WV,2023-11-06,Silver,
724,Danielle Henry MD,toddmonroe@example.org,968.210.2480x855,East Deniseport,ID,2024-03-16,Standard,
725,shawn maynard,taramartinez@example.net,9692685746,Owenstad,CA,2025-06-20,Standard,False
726,danielle atkinson,heidi21@example.com,2165426107,West Brandon,GU,2023-04-19,Standard,
727,Stephanie Moore,jacquelineneal@example.net,+1-539-224-8481,West Robertachester,PA,2024-07-27,Platinum,True
728,Alan Hodge,hernandezmicheal@example.org,(375)386-4633x9534,West Andreville,FM,2025-07-14,Gold,
729,Jennifer Mack,tracywilkins@example.net,(715)373-8551x28177,East Brittany,WV,2025-03-30,Silver,True
730,GLORIA GREEN,odickerson@example.org,001-997-923-6024x46546,North Michael,NV,2024-01-20,Standard,
731,Antonio Porter,wardlinda@example.net,483.970.3175x4380,Loriport,NY,2021-04-15,Gold,False
732,Megan Reyes,annacook@example.com,+1-486-227-2884x07664,Delgadofurt,TX,2025-10-03,Standard,True
733,Austin Davenport,sherryclark@example.net,(276)825-9238x6879,Port Josehaven,MO,2021-12-01,Standard,
734,Anthony Cook,kimberly40@example.com,7899273961,Lynntown,MD,2024-03-23,Platinum,False
735,erica cole,dporter@example.com,001-455-442-6190x384,Clarkfurt,WA,2021-10-29,Standard,True
736,Daniel Brown,gregoryschneider@example.com,911-375-7691,Martinport,GA,2025-09-13,Standard,
737,Ashley Adams,oray@example.org,(821)269-0392x202,West Jackfurt,KY,2024-05-17,Standard,False
738,Jay Johnson,hayesnicole@example.org,616.537.0500,East Robert,NH,2023-08-26,Silver,
739,Jamie Walker,royscott@example.net,676-238-0839x065,West Christina,RI,2021-10-11,Standard,False
740,Ashley Munoz,davidhaynes@example.com,(281)629-1635,Brownchester,VT,2025-08-01,Standard,False
741,Gary Jackson,angelatorres@example.org,001-874-699-5070,South Kaitlinstad,WV,2023-03-13,Standard,False
742,Carolyn Gardner,cunninghammegan@example.org,+1-202-521-5439x044,East Michael,ID,2023-02-25,Silver,True
743,Tyler Sanchez,williamslisa@example.net,650-519-3545x03698,Port Kimberly,ID,2022-02-28,Standard,False
744,David Ellison,zanderson@example.net,3594831244,South Kimberlyfurt,MD,2025-12-05,Gold,
745,Lisa Bean,thomastammy@example.com,317.274.9542,Whiteview,SD,2026-02-14,Silver,True
746,Jerome Howell,willishenry@example.com,631-975-3626,Edwardhaven,SC,2021-03-26,Platinum,False
747,Brian Bullock,zamoraronald@example.com,001-430-309-9284x52403,West Hayleymouth,MI,2026-03-08,Gold,
748,Daniel Ingram,perkinsdaniel@example.org,+1-408-477-9724x79254,New Amyview,SC,2020-09-25,Standard,False
749,timothy moody,jillcosta@example.com,001-887-770-6769x33329,West Moniqueton,GA,2025-06-18,Platinum,
750,Mary Choi,brian85@example.net,658.883.8256x72620,Martinezshire,WI,2022-09-19,Standard,
751,Daniel Deleon,jillian19@example.com,(482)722-5018,Jacksonport,NV,2021-09-07,Silver,False
752,kevin king,debbiedavis@example.org,(234)214-9929,Fostermouth,AZ,2021-09-16,Standard,False
753,dennis guerra,maria09@example.com,(532)517-4003x91019,Kathrynside,RI,2021-06-25,Gold,False
754,Russell Davis,patricksmith@example.org,(908)827-7056x46160,South Juan,VT,2021-09-28,Standard,
755,Alexandra Armstrong,stevengonzalez@example.com,376-223-1336,Justinland,NE,2023-10-31,Gold,
756,Michelle Price,rachel41@example.net,872.277.6857,Trevinoborough,WY,2022-06-22,Silver,False
757,Marcus Williams,nichole17@example.com,418-287-0179x99324,West Ann,NV,2022-03-08,Standard,True
758,Angela Crawford,josephpatterson@example.com,786.694.7902,Juliefurt,MP,2022-07-10,Standard,False
759,keith campbell,hthompson@example.com,001-441-300-9538x5574,Barberbury,MD,2025-03-30,Standard,True
760,SARA JOHNSON,thomasjones@example.net,(904)276-1437x88443,Lunaland,ND,2025-05-11,Standard,True
761,Tonya Bell,ascott@example.com,(763)268-1541,East Shawnburgh,OK,2025-03-11,Silver,False
762,Jose Cook,jsantos@example.com,5435566050,Adamschester,OR,2025-09-26,Standard,True
763,James Newman,andrewsullivan@example.net,682-322-6679,Port Williamhaven,SD,2023-09-25,Standard,True
764,Jonathan Rivera,hugheskaren@example.net,(434)428-9876x05504,Lake Stanleyview,SD,2023-09-20,Standard,
765,Michael Jones,cvega@example.org,(463)320-1629x07399,South David,FL,2025-10-25,Standard,False
766,Stephen Harris,,671.470.8649,Matthewsburgh,AK,2023-03-10,Silver,
767,Kimberly Mckay,teresamiller@example.org,449-301-4599x67069,Lorimouth,ID,2021-11-30,Silver,False
768,Lawrence Martin,jesse84@example.net,202.817.8167,Finleyview,TN,2020-09-08,Silver,
769,Stephen Rose,garciadebra@example.com,001-492-881-5037x01709,Bradton,IL,2022-01-03,Standard,
770,Amanda Davidson,gibsonrichard@example.net,(296)282-4485,Thomashaven,TN,2020-11-11,Standard,False
771,Karl May,fwelch@example.org,(280)269-1961x27662,Port Alvin,RI,2024-02-26,Gold,
772,Peter Thompson,qlee@example.com,435-296-2458x701,Lisaberg,ME,2021-05-25,Standard,
773,Cindy Carlson,mcmillaneric@example.org,853.902.8497x603,East Samanthaport,IA,2021-08-25,Silver,True
774,Phillip Norris,belljeffrey@example.com,481-387-5403x648,Morganshire,NV,2022-12-05,Gold,
775,Jacob Crosby,mjenkins@example.org,860.666.7998,East Nathanport,OK,2026-08-31,Standard,
776,Savannah Estrada,denniswilliams@example.com,(498)262-2699,Butlerland,NH,2025-07-29,Silver,False
777,Jennifer Lopez,nicholas99@example.net,(899)983-3587,Hayesburgh,MN,2026-05-15,Silver,True
778,Eric Wright,brandonmeza@example.com,+1-831-253-9839x122,North Pennyport,ME,2026-03-05,Gold,True
779,Melissa Spears,maryramsey@example.org,930-749-1341x0389,Lake Megan,NJ,2020-12-21,Standard,
780,kimberly newman,vphillips@example.net,001-524-205-9208x235,Holderchester,PA,2021-06-21,Standard,False
781,Tony Hansen,kmartinez@example.net,5562820175,Gilbertchester,CT,2026-05-01,Standard,True
782,Gary Castillo,melissa04@example.org,374-212-5313x7956,South Tracyborough,SD,2026-04-18,Standard,
783,Wesley Brown MD,tammythomas@example.com,+1-599-619-3873x370,Port Kelly,ME,2021-09-10,Silver,False
784,Joshua Smith,trevor07@example.net,+1-762-335-1076,Port Thomaston,PW,2022-04-29,Silver,False
785,Vanessa Davis,susanjackson@example.net,001-351-745-6340,West Michaelland,VA,2024-10-21,Silver,
786,Steven Hayes,jennifer96@example.net,(539)216-0770x040,Luisport,DE,2025-02-04,Standard,
787,Dr. Danielle Leblanc,gregorybrock@example.org,+1-239-966-2038x58864,East Peterburgh,PA,2023-11-30,Silver,
788,Steven Campbell,nfletcher@example.org,001-235-862-3039x7440,Williamsside,NJ,2024-11-11,Standard,
789,CHRISTOPHER WERNER,greenechristina@example.net,001-643-711-3266x1158,West Frankfurt,IA,2026-08-19,Standard,
790,kirk powell,virginia22@example.org,439-570-7745x44708,South Karenport,MS,2021-10-17,Standard,True
791,Laura Daniel,robert76@example.com,(562)235-9605,Lake Patrick,WA,2025-02-25,Silver,False
792,James Hess,ysmith@example.net,(205)406-3066x3605,Lake Cynthiaview,MP,2023-11-19,Gold,
793,barbara heath,vargasvanessa@example.org,001-730-925-2094x5237,Jesseville,OK,2020-09-21,Gold,
794,james williams,dwilliams@example.com,645.744.9205x4894,New Christopher,OH,2024-07-28,Standard,True
795,Michelle Larson,crystal83@example.com,256-762-2952x1797,Jamesbury,AS,2020-10-09,Silver,True
796,SARA COLLINS,ajohnson@example.com,226.360.2351x585,Stephanietown,CA,2023-02-16,Standard,
797,Madison Davis,ulamb@example.com,6586790522,East Johnmouth,ME,2023-04-29,Silver,True
798,Michael Schmitt,jason57@example.net,8578191898,Melaniefurt,OR,2023-05-01,Silver,
799,Stephen Spencer,nicolereeves@example.com,987-368-0570x237,Johntown,AS,2021-12-18,Silver,True
800,Carla Morrison,,(673)233-2973x23964,Port Ann,DC,2024-07-13,Standard,
801,robin donovan,lbennett@example.net,(742)477-3923,East Johnburgh,AK,2022-08-11,Gold,
802,William Brown,jeremyyates@example.net,242-934-7199x829,Loriland,MA,2024-02-16,Silver,
803,Beth Price,kmorris@example.net,+1-591-438-3100x643,Port Katherine,SC,2025-09-25,Standard,False
804,Carl Cole,erobinson@example.com,001-280-566-4707x0385,Salinasmouth,RI,2025-01-09,Silver,True
805,Rebecca Taylor,christopher07@example.net,802-474-0675x8267,Ashleytown,MP,2022-07-22,Silver,True
806,Alexis Williams,glee@example.net,(564)361-4974x597,New Holly,OK,2026-03-26,Platinum,
807,Sara Erickson,scottrobin@example.net,(509)495-5049x32664,Lake Jeffrey,OR,2024-10-02,Standard,False
808,Carlos Moore,guerrerorenee@example.com,+1-448-453-4001x276,Port Brittany,NC,2022-03-21,Gold,False
809,Jonathan Thompson,matthewespinoza@example.net,771.688.8223x78870,South Alexafurt,UT,2024-11-23,Standard,
810,Melissa Scott,richard79@example.net,+1-646-805-8679,Lake Amber,AL,2021-02-19,Standard,
811,Jill Harris,williamsamy@example.net,(761)766-2016,Jessicahaven,MT,2025-10-25,Gold,
812,Max Mills,wmorris@example.com,951.724.7640x0068,Stokesberg,LA,2026-05-20,Standard,
813,jason gomez,daniel24@example.com,818-899-7402x338,New Kimberlymouth,GU,2024-10-10,Platinum,False
814,Arthur Smith,rickywilliams@example.net,542-238-6020x5089,Julieborough,KY,2023-07-01,Gold,
815,Randy Little,kcarlson@example.com,(845)628-4135,West Louiston,NH,2024-09-07,Gold,False
816,Jamie Vazquez,vanessa09@example.com,639.640.5980x2602,Lake Monica,PR,2021-11-26,Standard,False
817,Brandon Pruitt,martinramirez@example.org,834.920.3197x774,Chelseaville,TN,2020-12-10,Standard,
818,Jessica Adams,jamesmason@example.net,(895)486-8419,Lake Katie,GA,2022-07-12,Standard,False
819,norman ward,wmoran@example.com,(576)274-8317,Powellshire,IL,2026-07-03,Silver,False
820,Melanie Watson,harrisonvincent@example.com,001-526-455-9469x89062,Hardybury,SD,2024-08-14,Standard,False
821,Jonathan Riley,nicoleperez@example.net,001-600-965-4870,Carpenterview,CA,2023-07-09,Standard,True
822,Jon Edwards,zhangnatalie@example.net,+1-390-773-7815,Morrisonside,OR,2024-06-09,Standard,False
823,Lisa Joseph,jjackson@example.org,448.587.6380x20761,Maldonadoburgh,DE,2022-06-29,Standard,True
824,Lindsey Chen,joanna88@example.org,(998)286-1820,Hugheston,VI,2026-04-16,Gold,True
825,Carlos Castillo,bridgetthomas@example.net,+1-233-848-6497x035,Murphyhaven,RI,2021-05-21,Gold,True
826,Monica Perez,matthewvaughn@example.org,273.712.3155x5057,Lake Clayton,NJ,2023-02-27,Silver,
827,Nancy Black,jose45@example.net,+1-331-414-1470,Lake Laura,PR,2024-05-20,Silver,
828,WILLIAM WILSON,xfuentes@example.net,+1-610-697-7978x023,Ronaldport,KS,2020-12-20,Standard,True
829,Robert Johnson,lorihenderson@example.com,301-763-2957x3783,Diazburgh,PA,2023-02-24,Standard,False
830,Mary Hall,xnixon@example.net,402.591.5854,East Kevin,MS,2026-02-19,Gold,False
831,ANDREA REED,amanda96@example.com,4733446746,Juliashire,MI,2025-10-21,Gold,
832,Tammy Tucker,colemanscott@example.com,3226181698,East Kristinport,MP,2023-12-12,Standard,False
833,Michael Brown,lisa37@example.com,702-292-8643x3026,Mannburgh,DE,2022-04-26,Silver,True
834,James Stevens,afritz@example.com,402-456-3420,Lake Holly,IN,2024-01-09,Standard,True
835,Amanda Yoder,jessicastanton@example.net,367.759.0177,Lake Kevin,GU,2022-04-15,Silver,False
836,alexander martin,kimberlybell@example.com,465-864-2601x8637,North Ashley,WY,2023-02-05,Standard,False
837,Maria English,michael22@example.com,+1-776-741-4900x38502,Lake Jenniferborough,MP,2025-03-06,Standard,False
838,Penny Schaefer,nancy67@example.org,(588)339-0473,Saraview,MS,2026-04-19,Standard,False
839,Jacqueline Olson,,001-932-751-1497,North Dennis,UT,2025-01-23,Silver,
840,Frank Sanchez,bcurtis@example.org,530.385.8001x87314,Christopherland,KS,2020-09-21,Standard,False
841,mr. mark landry,tuckeramy@example.net,210.896.8564x257,East Michelleshire,TN,2022-01-18,Standard,True
842,Mikayla Watson,harold30@example.com,7022302865,Ruthberg,GA,2021-11-11,Standard,
843,Dylan Hernandez,cortiz@example.org,414-459-9201x66338,Port Derrick,AZ,2022-05-28,Standard,True
844,Sean Matthews,elizabethwilliams@example.com,(601)590-1134,New Craig,IN,2020-11-12,Standard,True
845,JOSE MOSES,hoganeric@example.net,+1-645-664-5234x286,Pattersontown,HI,2024-07-11,Gold,False
846,Jessica Adams,blairbrandy@example.com,467.973.4985,West Richard,WI,2022-04-05,Gold,
847,Yolanda Holden,vwatson@example.net,847-862-5380,Danielfort,WY,2021-03-24,Standard,
848,Jared Perkins,erik74@example.com,(653)553-8962x98532,Snydershire,FL,2026-08-19,Standard,
849,Brad Davidson,vtapia@example.net,+1-835-543-4685,South Kristenfurt,VA,2022-06-18,Standard,True
850,John Fowler,perrymichael@example.org,+1-981-416-8371x03073,Brownburgh,WI,2023-11-28,Standard,True
851,Brandon Herrera,jolsen@example.net,3826649312,Bowersshire,WI,2025-08-28,Standard,
852,JENNIFER MORRIS,mary92@example.com,001-645-263-3917x299,South Lori,KS,2022-06-18,Gold,False
853,Wendy Rodriguez,ypark@example.net,597-319-6706x8335,North Stephanieville,GA,2023-09-17,Silver,True
854,Alyssa Morales,ashleynelson@example.net,8139334437,Lake Joshua,WY,2022-10-10,Standard,True
855,Justin Robles,christopher01@example.com,393.201.4811x6049,Port Larryburgh,MH,2021-04-12,Standard,False
856,JUSTIN KEITH,zfrost@example.net,5196903421,Kevinview,FM,2026-02-23,Standard,
857,Francisco Jones,dominguezariana@example.net,779-913-8601,Port Jacquelineland,WY,2021-08-11,Silver,False
858,Chad Thornton,sara02@example.com,602.788.1411x287,South Sarah,CA,2023-08-26,Standard,
859,Tracy Alvarez,travis46@example.org,+1-613-481-0749x161,Lake Edward,MI,2025-04-24,Standard,False
860,MICHAEL MILLER,jeff06@example.net,+1-662-361-6845x52527,East Cynthiaport,NM,2022-05-19,Standard,True
861,Michael Silva,abigail56@example.com,+1-848-999-3005x195,Sheilafurt,IL,2024-12-31,Standard,True
862,Elizabeth Thomas,shaneramsey@example.com,(866)225-6504,Johnsonton,CO,2022-11-14,Standard,False
863,Dr. Ashley Walker DVM,ahicks@example.org,608-371-0066x890,Taylorberg,AL,2022-06-10,Silver,True
864,Jonathan Rodriguez,molly22@example.org,(682)922-8240,Michellehaven,ID,2023-07-04,Standard,False
865,LINDA JOHNSON,christopher84@example.com,+1-913-451-1350x535,Port Dawn,OR,2022-10-28,Standard,False
866,Rebecca Kim,bowmansharon@example.com,680.397.8302x8010,Reneemouth,IA,2021-06-18,Silver,True
867,Shelby Martinez,spearsjose@example.com,+1-567-242-8021,Walkerstad,NM,2022-06-26,Platinum,True
868,Michelle Johnson,stevenrichards@example.org,+1-721-739-7436x99055,Muellershire,OK,2026-07-26,Platinum,False
869,Kimberly Ramirez,flowerscarrie@example.com,001-204-852-8986,Lake Brandonmouth,MT,2022-07-06,Standard,
870,PETER WATSON,millerlucas@example.com,(613)568-1498x02530,Sharpburgh,SC,2023-06-08,Standard,False
871,Derrick Stevens,lheath@example.com,6842232423,West Christopherberg,ME,2024-05-09,Standard,
872,David Marks,murphymatthew@example.com,990-262-7960x2425,Port Jason,TN,2021-05-04,Standard,True
873,Megan Carter,sarahcharles@example.com,+1-482-386-3040x2966,Moorefort,LA,2021-07-17,Standard,True
874,Sandra Johnson,russellamber@example.org,953-292-6693,Walkerberg,GU,2026-05-21,Standard,True
875,Daniel Combs,vincentturner@example.com,5225061901,West Christine,NM,2022-10-22,Standard,
876,ANTONIO BROWN,whitebonnie@example.com,(616)222-5647x18559,Rileyberg,IN,2024-04-20,Standard,
877,Hailey Lara,derrickyoung@example.com,+1-277-381-4564x7437,Sierrastad,ID,2020-09-05,Platinum,
878,Ashley Miller,bdickson@example.com,001-465-305-2761x209,Thomaston,MT,2024-09-28,Standard,
879,Lori Moore,chadwilson@example.com,+1-987-306-7635x3223,Brendaland,VI,2024-08-25,Standard,
880,Kellie Mitchell,robert71@example.org,429-543-0003x7539,East Douglaschester,MI,2021-07-03,Standard,True
881,Sarah James,davidmendoza@example.net,001-541-478-3765x915,North Coreyview,TN,2024-04-09,Gold,
882,Regina Martin,llong@example.com,935.712.7245x533,Edwardsfurt,RI,2025-11-25,Standard,False
883,Joseph Dixon,rmoore@example.net,851-704-6250x6929,Fergusonmouth,PR,2023-06-29,Silver,
884,Amy Fisher,,(976)572-9350,Gailview,VI,2021-05-02,Gold,
885,Brian Kim,rachel22@example.org,677-280-4579x7251,Johnsonbury,SD,2021-07-04,Standard,False
886,Eduardo Peters,kimlee@example.net,001-520-894-5167x6706,Lake Donald,VI,2024-05-05,Standard,False
887,Jessica Smith,hintonnicole@example.org,5085484264,South Melinda,TX,2025-05-19,Standard,True
888,RICHARD JACKSON,vjimenez@example.net,436-205-4946,Samanthaview,OK,2024-02-19,Standard,True
889,Sean Thomas,kathryn19@example.org,(200)211-5461x758,New Jessica,OK,2024-12-19,Silver,False
890,Amanda Scott,brownbryan@example.org,556-368-5135,Zacharyborough,NJ,2024-07-05,Standard,False
891,Jonathan Gonzalez,,+1-601-268-5647x177,New Benjaminmouth,WY,2022-07-16,Gold,
892,Steven Rose,timothygarcia@example.org,958-866-8611,Kellyhaven,ID,2026-02-23,Gold,True
893,Austin Kane,michelle58@example.org,(734)558-1956x572,Stephaniebury,OR,2024-08-29,Gold,
894,KATRINA CAMPBELL,jross@example.org,975.580.1584x668,Port Nancyborough,AL,2024-08-12,Standard,
895,CHRISTINE SANTANA,wwhite@example.com,(698)834-5150x25285,East Adamside,NH,2021-08-02,Gold,
896,ADRIENNE MOON,umartinez@example.org,+1-473-782-7777x1184,Lake Jessica,SD,2025-08-02,Standard,True
897,Aaron Morrison,ramoschristopher@example.org,2247234473,Allisonmouth,NJ,2023-09-13,Gold,
898,Tanya Joseph,rmichael@example.net,001-871-965-9656,Phillipsfurt,NC,2021-03-28,Silver,False
899,Richard Smith,edwin42@example.net,(253)979-3221x9143,West Heatherfort,TN,2025-10-21,Standard,True
900,Brian Vasquez,millershirley@example.org,001-710-516-2600x8026,Meganmouth,PA,2022-02-19,Standard,
901,Sarah Walker,william35@example.com,392-614-9679,Sanchezhaven,MT,2023-05-30,Platinum,False
902,Drew Decker,andrewclark@example.com,001-626-465-2824x685,Santiagoport,AL,2026-08-03,Gold,False
903,Spencer Leonard,andrewmyers@example.org,746-605-1908,Port Douglas,FM,2020-11-29,Silver,
904,Christina Brown,vanessaflores@example.com,+1-536-393-0100x0908,Meyertown,AS,2021-05-13,Standard,
905,KIM WILLIAMS,matthewcrane@example.org,389-529-0930x43766,Longside,PW,2026-04-27,Standard,True
906,Rita Taylor,emilypatterson@example.org,(794)574-7053x110,North Michelle,NE,2024-07-13,Standard,False
907,JEROME GORDON,codyrichards@example.org,001-842-969-3765x0167,New Tylerfurt,VI,2023-08-29,Silver,False
908,Kimberly Rubio,bmcintosh@example.net,850.916.2762x92266,New Hollyborough,NV,2026-01-24,Silver,True
909,JAMES MONTOYA,jacobrangel@example.net,+1-789-707-4993x59812,Castilloberg,NE,2024-07-15,Standard,False
910,Kathleen Phillips,rhondawood@example.net,+1-805-701-4171,Arnoldborough,OK,2022-08-12,Standard,
911,Leslie Rush,michelle51@example.net,+1-771-214-8600,Lake Carrieview,KY,2021-02-04,Silver,False
912,Kelly West,dbailey@example.org,+1-830-229-3011x2501,Hillshire,WV,2024-03-29,Silver,True
913,Marvin Cooper,fernandorosales@example.com,+1-431-680-6200x730,South Denise,NE,2026-06-29,Silver,True
914,Laura Cox,vlandry@example.net,205-871-4469x5674,Mccormickstad,SD,2021-07-05,Gold,False
915,Colleen Rivera,campbelldiana@example.net,+1-565-783-4834,Sotochester,MP,2022-07-02,Standard,
916,James Evans,john07@example.com,(587)608-9432x698,Johnchester,PA,2023-08-23,Silver,True
917,amanda johnson,luis05@example.net,2929846720,West Gerald,WV,2024-10-26,Standard,
918,Angel Mcdonald,robinburns@example.org,001-854-450-3801,Angiestad,DE,2024-04-18,Platinum,False
919,Melissa Fields,victoria02@example.net,643-553-1279,Port Travis,PR,2022-10-20,Standard,False
920,Blake Griffith,rodriguezjohn@example.com,001-404-826-5274,Escobarstad,DE,2025-09-02,Silver,
921,kathleen rice,michael51@example.com,+1-760-791-9351x1745,Lake Shawn,AZ,2024-10-29,Silver,True
922,John Stephens,perryjames@example.com,361-421-5756x264,Johnsonview,NC,2026-03-21,Standard,
923,Mary Myers,lawrencesarah@example.com,001-731-396-3039,Garnerton,ME,2021-05-21,Standard,True
924,Michelle Underwood,samanthamartinez@example.net,001-267-631-2343x888,Melissaland,TN,2022-09-09,Silver,True
925,Charles Franklin,richarddiaz@example.net,(782)731-3427,Grayburgh,PA,2022-06-05,Standard,
926,Gary Garza,courtney31@example.net,001-934-936-9531x029,Lake Dawnmouth,AK,2024-05-02,Standard,False
927,Ashley Nunez,yjacobs@example.com,373-228-1629,Perezberg,GA,2023-02-15,Standard,
928,Jennifer Yoder,scott76@example.com,905-629-8770,Melissaland,MN,2021-04-06,Standard,True
929,Donald Williams,adamparsons@example.com,001-783-887-8903x4502,Juarezton,IA,2025-11-09,Gold,False
930,ADAM NORMAN,joshuacohen@example.com,+1-454-918-2368x81013,North Brandon,WV,2024-07-26,Standard,False
931,Douglas Brown,erik01@example.org,+1-382-853-2083,Lake Kimberlychester,IN,2022-07-23,Standard,
932,Joshua Rhodes,wongjacqueline@example.org,001-269-207-8947x6720,Davidview,UT,2023-03-03,Silver,True
933,Tracy Gentry,pwilson@example.com,+1-950-289-5123,Christopherville,FM,2024-12-24,Gold,
934,LISA LINDSEY,michael56@example.net,329.565.5619x2767,Griffinville,UT,2025-05-13,Standard,
935,jennifer thomas,wallen@example.com,726-967-8305,South Corey,ND,2025-03-17,Standard,False
936,Nicole Morrow,martindonald@example.net,+1-246-614-4662x7633,North Lindachester,WI,2025-10-02,Standard,True
937,MARK GARCIA,kennethperez@example.net,(886)936-4704x6568,East Nicholasside,WI,2021-04-04,Silver,True
938,Donald Robinson,richardperez@example.org,001-659-322-9127x06593,West Brendanberg,OR,2026-06-12,Gold,False
939,Carolyn Palmer,timothy83@example.org,981-679-6075,Klineshire,RI,2021-03-29,Standard,False
940,Emily Spears,danielmartinez@example.com,+1-365-265-8189,Jonesborough,SC,2023-05-15,Gold,False
941,Sharon Edwards,codyrussell@example.org,(897)655-7261,Robinsonside,NY,2025-06-25,Standard,False
942,Stephanie Fox,myerstiffany@example.org,001-301-830-7167x532,Port Tonya,ID,2021-02-06,Platinum,False
943,Ryan Jones,joseph00@example.com,001-590-737-2954x585,Mckeebury,TX,2023-03-17,Gold,True
944,Olivia Martinez,ujefferson@example.org,+1-322-655-1741x925,Dillonburgh,MH,2024-04-06,Standard,False
945,wendy mann,hshepherd@example.net,+1-563-699-4541,Jesusmouth,MS,2026-04-15,Platinum,
946,David Jacobson,hharper@example.net,001-259-409-6459x8724,South Timothyborough,MA,2021-12-25,Silver,False
947,Anna Morales,jonesjamie@example.net,636.470.7217x3402,Lake George,PR,2024-07-31,Standard,True
948,Luis Suarez,lisabrown@example.net,323.665.4018,Josephport,WV,2026-05-07,Standard,True
949,Debra Caldwell,moorejoshua@example.com,8943765118,Robertview,AL,2026-07-05,Standard,True
950,Ashley Simpson,christineharvey@example.org,270.454.2451,Daltonland,AK,2024-05-09,Standard,
951,Francisco Adams,austinfrye@example.org,866.369.6922x9533,Christopherland,SC,2024-07-14,Gold,
952,CHERYL RHODES,kristatorres@example.com,+1-624-506-6283x4633,West Jason,MN,2025-08-12,Platinum,False
953,Kelsey Graham,jessica86@example.com,924-638-2692x8550,West Lori,AK,2021-04-16,Silver,
954,William Phelps,chelsea70@example.org,001-369-964-5359,Murphyview,NH,2024-02-22,Standard,
955,Christina Johnson,joshua88@example.com,944.696.6866,Smithville,NH,2021-06-04,Silver,True
956,Alison Boyer,fsilva@example.com,+1-971-710-3847x156,Reynoldsmouth,AL,2024-11-17,Standard,
957,Nicholas Henderson,parkspatrick@example.net,249-623-4359x6985,Katherinetown,SD,2024-08-04,Standard,False
958,Scott Ray,toddcollins@example.org,001-342-686-1789x257,Port Davidton,VI,2022-09-08,Standard,True
959,Franklin Thornton,lpatterson@example.com,581-763-8493x6806,Jeffreyland,AK,2024-10-09,Silver,True
960,brenda dunn,fburke@example.net,+1-230-548-5277x5867,Murphyberg,AR,2025-04-18,Platinum,
961,Cindy Torres,jason94@example.com,396.933.1812x33576,South Nicoleville,FM,2026-05-08,Standard,False
962,Hunter Murray,athompson@example.org,(636)978-5089x8977,Christinaport,SD,2023-05-10,Silver,False
963,Jonathan Cook,melinda77@example.com,2376676874,North Susan,NJ,2022-02-10,Standard,
964,Eric Wallace,kennethjones@example.com,001-833-709-9000x94065,East Julie,VA,2023-03-16,Gold,True
965,William Mcbride,vdiaz@example.org,226.360.0047,North Jillport,OR,2022-04-04,Platinum,True
966,Samantha Miller,fbass@example.org,+1-315-683-7466,Thomaschester,CO,2026-08-13,Standard,False
967,Jennifer Tucker,ramirezsteven@example.net,(766)282-9052x56599,West Jenniferbury,UT,2023-09-28,Standard,True
968,Laura Lopez,bodonnell@example.com,373-598-6221x405,New Paulton,ME,2022-01-24,Standard,True
969,David Arnold,kingjessica@example.net,224-474-4203x59441,Port William,SD,2023-08-02,Standard,True
970,Bradley Moon,fgutierrez@example.com,713-513-5183x0258,Rachelchester,WI,2022-01-11,Standard,False
971,hannah tapia,dana17@example.net,+1-855-799-0984x128,Lindseyville,MS,2022-08-02,Gold,True
972,cassandra medina,matthewslarry@example.net,580-603-8146,Lake Catherine,GU,2023-06-10,Silver,
973,Ashley Franklin,audrey30@example.net,001-812-318-5273x4114,East Christopher,FM,2021-09-18,Standard,False
974,samuel farley,jeffrey30@example.com,607-778-1109x6598,Stephenchester,IA,2024-07-10,Silver,
975,William Torres,carlagarcia@example.com,+1-894-352-0641x910,Hendrixfurt,UT,2025-03-04,Standard,True
976,Steven Beasley,ernestwright@example.net,968-726-8221,Jacksonfurt,MP,2024-05-15,Standard,True
977,Tina Johnson,crystalcrawford@example.net,400-459-3257,Williamsborough,GA,2024-05-21,Standard,False
978,Matthew Ford,angelica97@example.net,(343)687-1295,Jacobton,MA,2021-07-20,Platinum,True
979,Tammy Day,robingould@example.com,2608480224,Melaniefort,KS,2024-09-26,Gold,
980,Melissa Lawson,bobby90@example.com,289-385-6643,Murphystad,NE,2023-05-20,Standard,
981,Justin Schmidt,yluna@example.com,(399)531-3606x22901,Smithview,NJ,2025-07-05,Silver,True
982,Paul Orr,molinachristina@example.org,603.351.4895x38294,West Steveshire,VA,2025-08-29,Gold,True
983,ERIC ANDERSON,briannaandrade@example.net,(873)809-5326x70848,Normanberg,OR,2020-12-17,Silver,True
984,matthew bates,moniquemoore@example.org,001-780-818-3235x306,Erinchester,NM,2026-01-08,Silver,False
985,kathryn bishop,zramirez@example.net,474.349.5975,West Daisy,CO,2026-02-12,Standard,
986,Gregory Cobb,carol28@example.net,+1-874-987-4114x862,Kathleenville,WY,2026-04-21,Silver,
987,David Walker DDS,kristin15@example.net,(741)496-7896x30093,Port Danielborough,MP,2024-05-18,Gold,True
988,Erin Alvarez,geraldcampbell@example.org,648.834.9276x68098,North Lindahaven,AZ,2020-11-25,Gold,False
989,christina evans,jonesmelissa@example.org,835.286.6715x544,Johnberg,MH,2022-04-28,Standard,False
990,Jessica Foley,ischultz@example.com,(305)436-4991,Rileyberg,AS,2023-01-13,Standard,True
991,Carolyn Miller,tara38@example.org,8774558212,Greenstad,MO,2023-09-07,Platinum,False
992,Donna Foster,xhoffman@example.org,351.499.1981x7755,Kerryport,PA,2023-07-18,Silver,False
993,Michael Jordan,christine28@example.net,001-238-959-7477x65659,West Markview,SD,2025-05-12,Platinum,False
994,Russell Walker,qherrera@example.com,256-992-2094,Pottsbury,ME,2025-06-09,Silver,False
995,Ian Ford,mcknightelizabeth@example.org,554-377-3494,Heatherfort,DC,2025-11-13,Silver,True
996,JULIE MASON,,(941)535-4741x6855,Edwardberg,ND,2021-09-18,Silver,True
997,Juan Flowers,todd94@example.com,(481)566-0284x136,Lake Jill,WY,2022-11-16,Standard,True
998,Aaron Smith,kinglindsay@example.com,+1-714-279-7341x8559,South Sheila,MN,2026-06-14,Standard,True
999,Bryan Johnson,egarcia@example.com,(290)901-7067x949,Haynesburgh,NC,2024-12-16,Standard,
1000,jennifer padilla,currymichael@example.org,+1-889-267-6353x67355,Brownberg,DC,2022-07-21,Standard,
1001,Richard Rasmussen,laurenwilkins@example.org,+1-501-843-0974x274,Rosalesbury,MD,2023-11-18,Standard,False
1002,Laura Alexander,sampsonjoseph@example.org,400.873.5658,New Grantmouth,HI,2023-07-22,Standard,True
1003,Cynthia Blair,jasmine12@example.net,001-786-469-1122x32142,Millerville,OR,2026-05-15,Standard,False
1004,Latoya Good,lisa46@example.com,344.365.3255x441,Christopherfurt,PW,2023-08-12,Standard,
1005,Alicia Morgan,harrismargaret@example.net,+1-619-937-6841,West Patrickberg,GA,2023-05-18,Standard,True
1006,Matthew Sanchez,marioproctor@example.org,227-928-3603,Moramouth,PW,2020-11-04,Silver,True
1007,Alexandra Fisher,igraham@example.org,001-976-429-5076x71621,West Amyhaven,MO,2023-07-29,Platinum,
1008,Ashley Price,bradleymercado@example.net,(664)356-4967,South Benjaminbury,PA,2024-01-16,Standard,True
1009,Thomas Flynn,sanfordjennifer@example.com,+1-703-342-5197x0181,South Victoria,FL,2024-10-07,Standard,True
1010,adam ramirez,yusandra@example.org,+1-236-925-2602x216,Laurahaven,AL,2024-02-26,Standard,False
1011,Lindsey Gonzalez,amy84@example.org,+1-891-506-5735x17454,Davidburgh,WA,2021-07-11,Silver,True
1012,Robert Davis,,+1-933-219-5589,West Lindsey,VI,2021-03-01,Standard,
1013,Timothy Miller,mlyons@example.org,(768)370-9412x460,Kingbury,WV,2024-04-17,Gold,False
1014,Erica Allen,hhansen@example.net,967.576.0064x345,Lake Kathrynbury,AZ,2024-06-26,Gold,
1015,Kevin Fisher,wcook@example.com,551-304-8480x947,West Paulmouth,PR,2022-01-16,Standard,
1016,Mr. Richard Silva,lisa47@example.com,911-707-9764,Emilystad,MT,2022-05-31,Standard,
1017,Keith Bryant,paulray@example.com,254.803.9098x46856,Cummingsburgh,VI,2022-09-22,Standard,
1018,jennifer robinson,sarahcasey@example.com,2975777957,Thomasbury,NM,2026-05-26,Silver,True
1019,Patrick Blake,yjones@example.org,4734512896,South Amberburgh,LA,2023-06-27,Standard,False
1020,Michael Parsons,frenchjason@example.net,644.560.6069,South Cherylberg,ID,2021-11-20,Standard,
1021,Jenna Osborne,christopher85@example.org,500.364.4885x4875,New Crystalhaven,WY,2022-09-21,Standard,False
1022,Gregory Collins,alyssasmith@example.org,964.825.5078x688,Lake Henrybury,VA,2020-09-25,Standard,True
1023,Bryan Barron,fjohnson@example.net,001-958-466-3992x879,Harrisland,KS,2024-03-20,Standard,True
1024,Latoya Robles,barbarawilson@example.net,001-464-241-6033,Smithmouth,CO,2025-06-26,Standard,False
1025,John Morgan,hernandezandrew@example.net,(801)675-4541,Harveyland,AR,2024-11-19,Silver,
1026,Jason Baxter,debra01@example.com,(869)274-4203,Nicholsmouth,LA,2025-11-20,Gold,
1027,Renee Harris,william72@example.org,001-483-568-0601x457,South Todd,KY,2025-01-31,Gold,False
1028,kathryn garcia,xsmith@example.org,001-419-267-9720x9251,Port Annaside,VA,2025-02-15,Silver,True
1029,Darrell Hernandez,rwilkinson@example.net,+1-337-395-8291x5855,Kirbymouth,CO,2025-01-01,Standard,True
1030,Alec Cobb,maria74@example.net,442-848-7396,West Carolyn,NC,2022-05-16,Standard,False
1031,Benjamin Evans,pluna@example.net,(977)424-4343x54978,Coxville,MA,2026-03-26,Silver,False
1032,sarah walker,conleychristina@example.net,8342804247,Lake Brendanport,AL,2026-02-06,Standard,False
1033,Hector Perez,kanderson@example.com,(322)654-9203x6930,North Erikaberg,NH,2024-04-14,Silver,
1034,Ashley Stevens,randypruitt@example.com,756.690.0184x2933,Owenburgh,GA,2022-02-15,Standard,
1035,SANDRA ESTES,christina67@example.com,653-990-2262,South Mark,AZ,2024-02-16,Standard,
1036,Justin Andrews,reynoldsmegan@example.com,744-627-8735,Lake Samanthaburgh,SD,2024-12-29,Platinum,False
1037,JOHNATHAN THOMAS,navarroscott@example.com,793-593-4396x904,Port Victoria,MI,2022-03-02,Silver,False
1038,Michael Cook,johnyates@example.net,533-207-3453,East Rodney,CT,2021-09-21,Standard,True
1039,Peter Mahoney,schultzamber@example.org,001-472-503-3505x160,West Cody,AK,2025-09-30,Silver,False
1040,Travis Nguyen,lbrown@example.com,+1-404-722-4564x1199,Melissaberg,MD,2023-08-08,Standard,False
1041,Amanda Tucker,willismegan@example.net,(905)734-9419x715,Tylerville,MH,2022-01-26,Standard,
1042,David Benjamin,tinaortiz@example.org,(816)321-8563x52007,Bobberg,AR,2026-04-08,Silver,True
1043,Janice Stokes,dlarson@example.org,833-360-8090x1014,Lake Jayberg,NM,2022-07-25,Silver,True
1044,Kristin Medina,benjaminlloyd@example.com,+1-716-838-8168x78518,West Courtneyshire,MS,2025-08-30,Standard,
1045,Justin Blake,hmendoza@example.org,9724720814,South Jason,MT,2022-09-06,Standard,
1046,Daniel Ramsey,chungjeffrey@example.com,+1-578-899-9514x549,Snowview,MS,2022-05-16,Gold,
1047,Terri Gray,ecole@example.net,671-516-4560x59563,New Brandonmouth,IL,2023-07-24,Standard,
1048,Nathan Taylor,roy33@example.com,001-477-830-3167x871,West Justinfort,TX,2024-03-17,Standard,
1049,briana ortega,stephaniemoses@example.com,950-805-4908x09983,Younghaven,NJ,2021-08-06,Platinum,True
1050,James Smith,john30@example.org,5912435294,Holtview,CT,2021-06-27,Silver,False
1051,Tonya Gutierrez,robert62@example.net,+1-973-751-8962x252,Brownburgh,DC,2023-04-21,Standard,True
1052,Steven Mitchell,patrick77@example.org,(451)258-9041,Chadfurt,NE,2022-03-05,Standard,False
1053,Ashley White,tonytran@example.com,790.698.6361x5276,Kevintown,FL,2020-12-08,Silver,True
1054,MELISSA HERNANDEZ,elee@example.org,437.814.5031x180,Welchville,PW,2021-08-20,Standard,False
1055,Philip Caldwell,fsmith@example.org,471-689-1199x256,Ortizside,TN,2022-04-04,Standard,False
1056,Wayne Robinson,campbelljames@example.org,211.681.4051x32517,Shannonhaven,MN,2025-05-04,Gold,
1057,Denise Williams,schavez@example.net,478.431.0314x56457,Murphyfort,PA,2023-02-28,Standard,False
1058,Nicholas Johnson,,274.549.9987,New Daniel,IN,2022-04-16,Standard,
1059,Lisa Davis,erichmond@example.org,(803)526-7531x8057,Lake Maryland,AK,2023-01-13,Standard,False
1060,MARIA PHILLIPS,martinjeremiah@example.org,(840)604-7486x7948,Zacharymouth,AL,2026-08-28,Standard,False
1061,Robert Johnson,morsestephen@example.com,5175737594,South Allisonville,FM,2026-01-24,Standard,
1062,Michael Henderson,haneyjoshua@example.org,(814)944-1559,Jeremybury,TN,2021-02-12,Standard,
1063,JUSTIN RUSSELL,nathaniel23@example.net,670-433-5300,Simsstad,IL,2024-08-25,Standard,False
1064,Tina Austin,dyoung@example.org,001-746-824-8723,Tarabury,MP,2024-12-28,Silver,
1065,Mary Hughes,qbeck@example.net,934-293-1796,Smithstad,OH,2024-05-28,Standard,True
1066,Daryl Flores,davidlove@example.com,(650)869-8935,Richardshire,ND,2024-07-10,Silver,False
1067,Brian Phillips,michael03@example.net,001-734-427-1866x925,West Andrewburgh,MS,2024-11-03,Standard,
1068,Michael Bowers,contreraskara@example.org,461-361-9738x44981,North Brandon,WA,2026-08-02,Silver,True
1069,Phillip Schmidt,elizabeth69@example.net,6866723310,South Ericamouth,SC,2024-01-05,Silver,False
1070,Savannah Mcmillan DVM,ijones@example.org,888-622-0631,South Patrickbury,MP,2022-02-23,Standard,
1071,DENNIS WILSON,blawson@example.net,259.591.6764,East Kimberly,TN,2020-11-06,Standard,
1072,Crystal White,,728-426-7126x93794,West Jackson,RI,2021-01-30,Standard,True
1073,Eric Meyer,laurieburgess@example.com,001-286-781-1143x30640,Mendozamouth,MD,2023-03-01,Standard,True
1074,Mary Benson,khale@example.com,479.302.5912x04637,Whitefurt,MO,2024-11-21,Silver,True
1075,connor hicks,nicholsadam@example.net,759-799-7737x93957,New Suzanneberg,KS,2025-01-09,Gold,True
1076,Bradley Brown,vanessarichmond@example.com,3383625676,West Stacy,LA,2024-12-29,Standard,
1077,Daniel Hogan,wardstephanie@example.org,001-282-992-4828x7321,North George,NV,2025-01-21,Silver,False
1078,HARRY GILLESPIE,edward07@example.org,9196708428,South Evelynburgh,NM,2022-01-20,Gold,True
1079,Stephen Soto,carl95@example.com,410-805-1081x94842,East Hannah,AL,2024-05-09,Silver,
1080,Jesse Anderson,benjamin83@example.org,001-434-224-3753x916,Port Robertfurt,IN,2021-12-07,Standard,
1081,rachel salazar,tacosta@example.org,830.345.4410,Myersshire,NH,2021-06-02,Standard,
1082,Donna Mccormick,andrea15@example.net,+1-617-364-2962x8092,West Adamtown,SD,2020-09-13,Standard,
1083,Lisa Good,ugarcia@example.org,252-755-2322,South Deborah,SC,2024-05-02,Gold,False
1084,Devin Brown,tyler62@example.com,001-839-450-1115x2558,Griffinside,OH,2022-07-02,Silver,False
1085,Daniel Bird,amanda03@example.org,458-480-9718x614,West Susan,MA,2023-11-27,Silver,True
1086,Mary Diaz,brandondoyle@example.com,001-367-557-7991,Mayoside,IN,2026-06-08,Standard,True
1087,Gary Jenkins,,(774)951-1608,Port Katherinestad,TN,2020-10-14,Standard,True
1088,Brian Harris,mfletcher@example.com,5082347612,Campbellville,WA,2026-03-31,Standard,True
1089,RUSSELL MUNOZ,mray@example.org,415.760.3387x885,Huntville,ND,2021-05-18,Gold,
1090,David Johnston,dhorton@example.net,001-600-673-7949,Stevenview,VI,2025-04-25,Standard,True
1091,SAMUEL WILLIAMS,kperkins@example.net,(526)754-3475x91604,New Zachary,SC,2025-06-23,Standard,
1092,Natalie Murray,ucox@example.com,937.556.8167x84340,South Deniseville,AS,2024-06-30,Silver,False
1093,Tyler Davis,lesliejohnson@example.net,5785836922,Justinbury,MH,2024-10-18,Standard,False
1094,Lindsey Anderson,evelyn02@example.org,726-353-2735,Cindyberg,KS,2021-10-23,Silver,False
1095,charles anderson,timothy14@example.com,+1-250-293-5555x702,Wilsonview,CA,2024-03-29,Standard,False
1096,Deborah Mahoney,anne76@example.org,001-921-889-3912x70650,East Garyberg,PW,2021-11-04,Standard,True
1097,Mary Chen,paul46@example.net,001-453-804-5555x950,Lake Marvin,AL,2026-07-19,Standard,False
1098,Mr. Robert Collins,jessetaylor@example.com,499.504.6008,Cunninghamberg,NE,2023-09-04,Silver,True
1099,Catherine Jennings,bryanwallace@example.com,+1-206-217-9067x01512,New Melinda,KS,2026-01-06,Standard,
1100,Jeffrey Alvarez,,(316)421-8333,Loganberg,DE,2022-07-14,Standard,
1101,Alexander Miller,samanthawilliams@example.org,+1-922-283-7742,Justinside,MD,2020-09-09,Standard,
1102,Stacy Mccormick,,+1-320-463-2280,Cherryside,AR,2023-08-16,Silver,False
1103,Michael Diaz,derrick47@example.com,7964064724,Stevenmouth,OH,2026-02-01,Gold,True
1104,johnny escobar,alexis09@example.com,(457)677-0612x98897,South Alexandra,WY,2023-06-21,Gold,False
1105,Virginia English,zimmermankatelyn@example.com,870-205-3718,Paulfurt,ND,2024-04-08,Standard,False
1106,Angela Franco,egray@example.net,(712)579-8312x428,Emilyview,CO,2023-10-08,Standard,
1107,Angela Munoz,angela87@example.org,001-917-308-6715x207,South Margaretton,LA,2025-09-15,Silver,False
1108,Joshua Watson,charper@example.net,(246)210-5110,Williamsville,NM,2022-01-12,Standard,True
1109,Nicholas Smith,hernandezelizabeth@example.net,923.692.0102x9759,Craigmouth,SC,2024-01-04,Silver,False
1110,ERICA CAMACHO,qgoodman@example.org,(726)594-2041x641,Carterstad,CO,2022-01-21,Silver,True
1111,CYNTHIA PINEDA DVM,,001-737-766-9976x81608,Wangmouth,ME,2026-01-29,Platinum,True
1112,jack evans,fblack@example.com,299-708-0358x624,Scottmouth,AK,2024-04-08,Standard,
1113,Jessica White,kathy52@example.com,001-891-711-1085x1846,Port Gabriel,IA,2024-01-25,Standard,False
1114,AUTUMN WADE,cardenasshawn@example.net,448.700.2264,Batesberg,AL,2022-10-26,Standard,True
1115,Joshua Martin,jmorse@example.org,001-892-214-7498x474,Gregbury,NH,2022-09-08,Gold,
1116,Mr. David Wells,christopherjordan@example.com,(475)880-4529,Linchester,RI,2026-06-05,Standard,True
1117,lisa lawrence,vshepard@example.com,458-547-4134x019,Vangtown,UT,2026-03-12,Silver,True
1118,Catherine Chavez,travisbonnie@example.com,(538)890-1248x4479,Richardland,MN,2022-08-24,Standard,False
1119,brandy anderson,mindybrown@example.com,3658948053,East Jasminemouth,SC,2023-02-18,Gold,True
1120,Anthony Hood,lindseymcintyre@example.net,001-471-386-2447x56311,New Holly,NM,2026-03-21,Silver,True
1121,STUART RYAN,escobarrobert@example.com,001-745-698-5866x356,New Sarahburgh,SC,2023-12-11,Standard,
1122,Casey Taylor,robinmills@example.net,(469)605-9469x9842,Stephensonmouth,FL,2025-10-21,Silver,True
1123,Daniel Craig,udavis@example.org,420.936.6864,Gardnerberg,NE,2020-12-10,Standard,True
1124,Paula Lopez,allisonrodgers@example.org,001-832-408-7783x4710,Port Jeffrey,SC,2026-05-06,Standard,
1125,Nicole Irwin,timothy56@example.org,727.770.0453,Robinsonberg,WI,2024-06-23,Silver,True
1126,MAUREEN MARTINEZ,lisa70@example.com,001-524-902-5554x689,Banksport,CT,2023-06-14,Silver,True
1127,JUSTIN NASH,wardbrandy@example.net,667-838-6569x0448,Reeseborough,HI,2021-04-19,Standard,True
1128,Andrea Norris,amy55@example.net,670.406.2394x599,Hillfort,MT,2024-12-11,Standard,
1129,Erica Brown,sherrywilliams@example.org,001-480-513-8716,West Roger,RI,2020-10-26,Standard,
1130,Kimberly Bolton,fernandezandre@example.org,(933)474-3567x027,Jonesmouth,MS,2020-12-29,Standard,
1131,MARC FORD,michael75@example.net,399-655-0553x62917,Nancyport,MH,2022-11-14,Standard,True
1132,Gregory Martin,david52@example.org,688.721.6511x921,Phillipsport,MD,2021-02-13,Standard,True
1133,Amanda Roman,thomascruz@example.net,473-308-8240x353,Lake Victoria,FM,2021-07-27,Silver,
1134,Michael Aguilar,phall@example.org,001-741-921-8052,Brandyton,VT,2026-08-16,Standard,True
1135,Karen Gentry,taylorrhonda@example.org,(354)560-1891,Joycebury,KS,2020-11-01,Platinum,False
1136,Kara Harris,dholt@example.com,+1-361-427-3421,Port Gabrielland,FM,2025-06-25,Standard,False
1137,Bradley Walker,robertsmichele@example.net,3298890888,Turnerstad,GA,2024-11-07,Gold,False
1138,ASHLEY JOHNSTON,palmerchad@example.org,856.883.1723,Brownport,VT,2021-10-21,Gold,True
1139,susan miller dvm,hannahwinters@example.org,+1-218-574-0501x332,Stephanieview,OR,2025-12-15,Standard,True
1140,Johnny Scott,wcarrillo@example.org,001-377-852-5723x163,Port Jamesfort,SD,2022-11-19,Standard,
1141,Matthew Farrell,stewartpamela@example.com,9392963066,West Brittneyview,MO,2023-09-13,Standard,True
1142,Tracy Sanders,michelletaylor@example.org,270.907.1580,West Dianaside,MT,2026-02-28,Standard,False
1143,edward richard,imorgan@example.com,948-488-3923x7590,New Melissa,MD,2021-11-11,Standard,
1144,Brenda Brooks,julia55@example.org,491.596.0348,Simpsonside,PW,2026-02-27,Silver,
1145,Christie Humphrey,dustinallen@example.org,8438647584,Zacharyfort,VT,2021-11-29,Standard,
1146,JOHN DAVIS,rossdaniel@example.com,(229)377-6014x584,Lake Kimberlyview,AS,2022-04-09,Gold,False
1147,Joshua Mann,jacquelinesnow@example.org,(486)811-4603x61189,Port Marvinmouth,VT,2021-02-25,Standard,True
1148,Gregory Scott,pmason@example.com,743.877.1403x44545,Johnsonbury,AL,2024-06-17,Standard,
1149,tyler schneider,edwinrowe@example.org,269.774.2173x68385,Smithshire,ID,2025-10-13,Standard,True
1150,Lindsey Miller,antonio11@example.org,(840)434-8484x37700,Reillymouth,VT,2022-03-24,Silver,
1151,Michael Torres,brittneykelly@example.com,+1-966-795-4217x562,New Alan,AL,2024-08-22,Standard,
1152,Natalie Ferrell,wongsean@example.com,579-445-9235x1638,Ramirezhaven,PA,2021-05-08,Standard,True
1153,TYLER PHELPS,davisalexander@example.net,229-645-7613,Anitaland,UT,2023-08-06,Silver,True
1154,Mario Vance,lawrencebell@example.org,+1-933-372-8756,North Samantha,MT,2026-03-15,Silver,True
1155,Mark Sampson,fdavis@example.com,382.318.7089x41079,Wilsonport,MO,2025-12-27,Standard,
1156,Matthew Faulkner,bruceray@example.com,924-973-8852x3774,North Taylorside,FM,2022-03-23,Standard,True
1157,DAVID COOK,moorekaren@example.net,001-880-282-2679x90966,New Russell,PW,2021-05-27,Standard,False
1158,Willie Calderon,,+1-957-216-4682x1003,South Brandonbury,NM,2024-12-27,Standard,True
1159,Mark Walton,tellison@example.com,001-493-820-7098x34849,Sharpside,NV,2023-10-19,Standard,False
1160,casey ortiz,phelpslauren@example.net,456-357-2676x541,Cuevasview,NM,2025-11-13,Standard,
1161,scott drake,kyleduran@example.org,4268269303,Michaelstad,NV,2023-07-15,Standard,
1162,Thomas Blake,qmolina@example.org,001-963-751-6852x2476,East Matthewside,ID,2022-01-05,Standard,False
1163,linda johnson,mary36@example.net,001-769-833-2763x34228,Port Stacey,NC,2023-07-27,Silver,True
1164,Richard Bond,tylerthompson@example.com,001-593-610-3370x08942,East Juliatown,KY,2022-01-23,Standard,True
1165,Philip Vega,amandarichardson@example.net,001-712-357-8047x37198,Herringshire,TN,2021-11-10,Silver,True
1166,William Burton,mike54@example.com,001-721-557-8379x2640,Lake Madison,ID,2022-12-28,Standard,
1167,Lindsey Boyd MD,josenixon@example.net,+1-939-503-9799,North Heather,AK,2024-07-24,Silver,False
1168,Jordan Todd,zmaynard@example.com,001-510-625-0666x86067,Butlerland,VI,2022-02-07,Standard,True
1169,Meghan Patterson,anitahoward@example.net,803-485-2427,North Mark,OK,2022-06-18,Gold,False
1170,Michael Phillips,mperez@example.com,+1-759-840-3895x546,Jamesfort,AR,2025-03-26,Standard,
1171,Anthony Rodgers,smithdwayne@example.com,466.432.5673,West Samantha,NV,2023-10-04,Platinum,True
1172,William Simmons,gsmith@example.net,209-904-8866,Port Julie,MT,2022-04-14,Standard,True
1173,Jillian Mack,elizabethpalmer@example.net,(841)676-0909x371,Danielleside,CT,2022-07-14,Standard,
1174,John Wright,robert94@example.com,833.887.8052x8905,Samanthaland,OH,2020-10-05,Platinum,True
1175,Stephanie Singh,hdavis@example.net,237.843.4509x68593,Lake Marcus,FL,2021-10-28,Standard,False
1176,Laura Vargas,,+1-764-469-2434x35486,East Loristad,MS,2022-02-11,Standard,True
1177,Jesse Smith,clarkmindy@example.com,+1-946-660-4903x764,Jordanshire,DE,2020-11-13,Silver,False
1178,Jessica Lopez,burnettbradley@example.org,001-396-755-8681x9004,East Jay,DC,2024-08-14,Standard,
1179,Mike Morales,briggszachary@example.com,001-400-629-5738x0101,Melissaville,ND,2025-09-30,Standard,True
1180,Anthony Adkins,harpercathy@example.net,336-550-5519,Patelland,NY,2021-03-26,Standard,False
1181,Angela Smith,maychelsey@example.org,+1-532-585-0719x612,North Kathryn,KY,2023-04-11,Standard,False
1182,Chad Hart,blake03@example.com,+1-817-875-8856x27480,North Hannahburgh,MH,2024-02-19,Standard,True
1183,Bonnie Johnson,sabrinavang@example.net,(316)357-1211x860,Lake Jessicabury,VI,2023-03-01,Silver,True
1184,Tammy Gonzalez,marksilva@example.net,379.220.6231x45968,Schultzshire,WV,2024-10-02,Silver,False
1185,Tracy Howard,frank12@example.org,260.681.6418,Juliechester,MP,2023-02-07,Standard,False
1186,Angela Carr,scottlinda@example.net,246.895.4495,New Erinmouth,MP,2020-12-06,Platinum,
1187,Jennifer Anderson,zbaker@example.com,+1-683-398-5907x429,Douglastown,LA,2026-02-16,Standard,True
1188,Scott Santos,mwhite@example.net,001-684-976-6919x53016,New Tina,MO,2024-05-25,Platinum,
1189,Megan Bennett DDS,taylorkimberly@example.net,(229)576-1166x2866,Candiceberg,KY,2021-06-01,Standard,False
1190,Joshua Lowery,cwebb@example.org,(556)327-7402x1572,West Earl,HI,2025-07-10,Silver,
1191,Glenn Newton,smithmanuel@example.net,+1-249-761-7215x052,West James,CO,2026-06-11,Standard,False
1192,Dillon Sellers,murphysusan@example.net,342.432.2109,Sabrinabury,VA,2021-10-22,Standard,False
1193,Susan Davidson,campbellanthony@example.net,383.343.7798x2402,Ariasberg,IN,2021-04-30,Standard,
1194,Todd Glenn DVM,shawdenise@example.org,+1-796-924-2657x89635,Comptonstad,VI,2021-03-26,Gold,False
1195,michael shaw,jamestodd@example.com,+1-425-244-2253x5117,Brandonbury,KS,2021-06-10,Silver,True
1196,Noah Lopez,qmoore@example.com,(976)366-0828x8745,North Connie,MD,2022-09-11,Silver,
1197,Samantha Love,mpeters@example.org,352-662-1074,Jeffreyville,AL,2021-12-03,Standard,False
1198,Thomas Kelly,wvelazquez@example.net,544.533.1997x115,West Kristen,NV,2025-07-05,Standard,False
1199,luis johnson,bradyjulie@example.net,334-949-9758x5861,Brownberg,DE,2021-08-30,Standard,False
1200,Kathryn Scott,okim@example.net,(474)490-3312,Port Carolyn,KS,2022-11-16,Platinum,False
1201,Jessica Roberts,ginahooper@example.net,001-283-568-7477x7407,Cruzstad,MO,2024-01-07,Silver,True
1202,Joann Rivers,fernandoriddle@example.org,428-921-9386,Kathrynberg,NE,2020-10-01,Platinum,True
1203,Linda Gonzalez,escobarjennifer@example.com,+1-596-392-0666x0485,East Johnny,PW,2022-03-31,Standard,
1204,Ms. Monica Lane DVM,rodriguezabigail@example.com,(251)624-2106x37817,Port Nicholas,SC,2022-04-07,Silver,True
1205,Michael Barber,sara85@example.net,821-793-7931x363,Thompsonfurt,NH,2026-05-17,Standard,False
1206,John Bradley MD,xjones@example.com,274-691-9538,South Kristin,PR,2023-03-30,Standard,True
1207,Lawrence Frazier,hatkinson@example.com,6012113915,Justinborough,MT,2021-06-16,Silver,
1208,Mr. Benjamin Haney DDS,smithjessica@example.com,364-779-0499,Walkertown,MS,2026-07-05,Standard,False
1209,Jane Estrada,,(672)509-6102x3726,North Michael,AS,2023-05-27,Silver,False
1210,veronica huang,christine71@example.net,001-355-979-3277x01154,Harrisburgh,VA,2022-12-31,Silver,
1211,Robert Willis,richard88@example.net,+1-686-510-8597x35867,Port Robert,KY,2025-09-12,Platinum,True
1212,James Hernandez,,(676)659-6458x7669,Garnerstad,MI,2025-12-24,Standard,
1213,CYNTHIA NASH,michelle02@example.com,6538772908,Natalieview,MA,2025-09-23,Gold,True
1214,robert bailey,mejiatimothy@example.org,(338)533-8569x329,Burkeport,WA,2025-12-10,Silver,False
1215,DESTINY NORMAN,nwalker@example.org,415-806-3240x510,Zacharyside,NV,2023-10-29,Silver,True
1216,Dale Carter,pmcdonald@example.com,666-303-3273x997,Brooketon,VT,2024-06-19,Standard,True
1217,Sabrina Jones,smithcourtney@example.com,6789195164,Knightfort,ID,2026-05-29,Silver,False
1218,Sharon Johnson MD,jason57@example.net,(447)989-3505x260,Lake Richardhaven,NJ,2023-10-15,Standard,False
1219,amy miller,pughcarol@example.org,001-661-339-1237x7459,East Tyrone,NY,2022-09-06,Standard,False
1220,Michael Osborne,burnscarl@example.org,+1-665-910-6407x0783,Williamborough,AS,2023-05-09,Standard,
1221,Ryan Bell,ryancline@example.net,304-949-2728x0903,Port Elizabeth,MS,2020-09-27,Silver,
1222,Patrick Miller,umanning@example.net,+1-284-544-0889x593,Lake Arthur,SC,2025-07-01,Gold,False
1223,ryan summers,rodneyweber@example.org,852-830-2999,East Andrew,PA,2026-01-01,Gold,False
1224,David Atkinson,agomez@example.org,9795915402,North David,VI,2025-08-11,Standard,
1225,Cindy Hansen,adam42@example.org,382-206-8204,North Regina,MI,2026-07-11,Standard,
1226,Jerome Herman,scott79@example.com,398.724.5538,New Ericberg,VI,2022-06-17,Standard,True
1227,Sheila Kim,melissa95@example.org,552.255.7688x15590,New Rodneymouth,PR,2024-09-30,Standard,True
1228,JODY GARCIA,alexis48@example.net,591-750-8924x4640,South Sarahchester,PA,2022-06-30,Silver,True
1229,harold wolfe,michealcook@example.net,908-922-7754,Peckview,MN,2026-04-05,Silver,False
1230,Drew Erickson,jaywest@example.com,001-793-679-7900x7045,Ashleychester,NH,2024-02-15,Silver,True
1231,Sarah Garcia,randerson@example.net,967-612-5593x50276,South Kevinberg,PW,2026-01-20,Gold,True
1232,charles webb,james14@example.com,734-717-0054,Port Keith,MI,2025-05-01,Silver,False
1233,Ronald Mclean,susancoleman@example.net,+1-333-257-6680x89504,Maloneton,LA,2024-05-30,Standard,
1234,Jacob Rivera,xhansen@example.org,297-593-3686,Lake Erinton,NC,2021-11-18,Gold,True
1235,Kelly Hunter,debbie01@example.org,(458)839-1115x320,Brandonborough,TX,2024-02-18,Standard,
1236,DANIEL DUNCAN,vincentwilliams@example.org,+1-638-987-8218x89384,Port Katelynmouth,NE,2024-09-28,Gold,
1237,Denise Bridges,jocelynstephens@example.com,212.642.6647x42644,Wongborough,WI,2023-02-06,Standard,
1238,Johnny Hoover,mallen@example.net,981-387-7449x92468,Sarahview,MS,2024-10-12,Standard,True
1239,Ricky Jensen,john55@example.com,(842)639-4026x9089,Myershaven,CA,2025-07-27,Standard,False
1240,William White,barbaragibbs@example.org,+1-624-268-7220x37337,Loweland,IL,2026-06-06,Silver,
1241,eric ware md,tyler30@example.com,759-765-7657x86800,Port Jessicafurt,SC,2023-10-07,Standard,False
1242,Debbie Scott,jason63@example.org,205.261.4653x442,Edwardhaven,NE,2025-03-02,Standard,
1243,Brett Wood,wrightchristopher@example.net,598-550-5651,Natashaside,MD,2023-05-03,Gold,False
1244,Dennis Lopez,,(929)287-6632,Davidborough,OH,2020-12-21,Silver,
1245,Thomas Manning,doyletravis@example.org,(722)291-8457x496,Melaniefort,AK,2021-04-01,Standard,True
1246,Marc Davis,phamjason@example.net,204.807.7513,North Caitlinberg,MH,2024-11-23,Silver,True
1247,JAMES MATTHEWS,matthew37@example.org,373-420-4319x2743,Colemanstad,MO,2026-01-05,Standard,
1248,Dakota Miller,vfaulkner@example.net,8629475552,North Emily,MO,2025-10-24,Standard,False
1249,Anthony Gibson,daniel05@example.net,+1-368-870-6905x71121,Kaneborough,AS,2024-06-13,Standard,
1250,Robert Lopez,kathleenellison@example.org,+1-654-584-9516x5707,Port Daniel,NC,2021-10-04,Platinum,False
1251,Christopher Vega,ybrady@example.com,+1-251-790-2041x1548,North Catherineborough,LA,2022-01-15,Standard,False
1252,David Hooper,kathrynsmith@example.com,001-654-537-0098x416,Hickmanton,SC,2023-01-09,Standard,True
1253,Joel Poole,,001-947-301-2592x8339,Mayside,MN,2024-07-22,Standard,
1254,James Wallace,gomezcody@example.net,393.801.0559,East Jennifer,CA,2022-12-17,Standard,True
1255,Steve Roberts,mjohnson@example.net,940-265-4525x935,Phelpsfurt,VI,2023-08-09,Standard,False
1256,Jenna Booth,pmedina@example.com,(822)271-9260x26118,North Veronicabury,NE,2022-11-21,Standard,
1257,Andrea Ramirez,olsencarlos@example.com,7039276280,Morrowfort,WY,2025-09-15,Standard,True
1258,Kevin Anderson,ghunter@example.org,001-956-596-4607,Suzannestad,MS,2020-12-22,Standard,True
1259,Ashley Watkins,edwardgomez@example.org,456.739.7489,North Tylerville,NE,2024-11-06,Gold,True
1260,Robert Warren,ilopez@example.org,+1-921-977-4874,West Michelle,RI,2023-06-24,Standard,True
1261,Theresa Pena,javier35@example.com,+1-299-871-2520x193,Ronaldshire,DE,2026-04-01,Standard,False
1262,Ashley Davis,khayden@example.org,553.203.1387,Daniellehaven,DC,2021-07-26,Standard,False
1263,Rachel Brooks,markrivera@example.com,001-320-429-4874x781,South Brittany,TN,2023-10-09,Silver,False
1264,jacob hayes,laurentaylor@example.org,677-986-5039,Maryton,MD,2024-03-18,Gold,False
1265,Mr. Nathaniel Norman,ellisjames@example.org,+1-243-445-3538x11575,Mooreview,NY,2022-08-18,Silver,False
1266,JAMIE MILES,shannon56@example.org,+1-743-739-1686x708,South Ashleyview,IN,2020-11-18,Standard,False
1267,SYDNEY ADAMS,brownjennifer@example.org,227-397-4935x4921,New Amychester,RI,2025-04-27,Standard,False
1268,Ashley Chung,mikemaddox@example.com,284.581.1157,Stephenfurt,AR,2026-01-14,Standard,False
1269,Sara Mitchell,patrickturner@example.com,546-620-2135x46922,South Maryland,WV,2024-07-14,Silver,False
1270,Crystal Cruz,hulllaurie@example.com,770-306-0398x107,Leeberg,CA,2023-05-07,Silver,
1271,ANGELA THOMPSON,gabrielschultz@example.com,361-568-0956x41854,Lake James,MO,2022-03-27,Silver,False
1272,Brenda Peterson,murphyryan@example.com,+1-217-791-5782,Lake Leah,OR,2022-11-01,Silver,False
1273,Kevin Wilson,santosernest@example.net,+1-848-514-1401x385,West Melissachester,MD,2021-09-29,Standard,False
1274,Sandra Hoover,rodriguezkevin@example.org,(809)884-4698,Claudiaside,CA,2021-08-07,Gold,True
1275,Cody Lloyd,wrightpaul@example.net,391-364-4915x32180,North Zachary,FM,2024-10-27,Standard,
1276,James Rich,paigeyoung@example.org,+1-940-322-4626,Port Eric,DC,2021-07-02,Standard,
1277,TRACY IBARRA,johncoleman@example.org,876.904.2939x876,Brettside,UT,2022-07-22,Standard,
1278,Katelyn Anderson,colematthew@example.com,001-600-933-0510x972,West Joshua,NE,2025-12-08,Silver,False
1279,Jessica Cochran,brittneywashington@example.com,001-839-585-2381x82893,Port Mary,OH,2022-10-03,Standard,False
1280,Karen Terrell,hilldebra@example.org,(873)418-9959x311,Lake Jamesbury,ME,2024-07-31,Silver,True
1281,Hannah Briggs,simpsonnicholas@example.net,+1-584-794-9996,Graychester,VT,2024-12-01,Standard,False
1282,Benjamin Payne,cainrhonda@example.com,794-784-5422,Craigborough,VT,2026-06-05,Standard,
1283,Austin Phillips,sclark@example.com,510-896-7451,South Katelyn,VA,2020-11-18,Standard,
1284,frances johnson,henrytyler@example.org,(534)426-7870,Lake Margaret,DE,2024-04-23,Standard,True
1285,Arthur Sparks,michaelvalencia@example.net,552.311.2759x637,West Catherineborough,IA,2021-07-07,Standard,False
1286,Alan Nichols,pmartin@example.org,(759)340-0381x80364,North Davidhaven,FL,2026-08-15,Gold,False
1287,Allison Miller,taylorjose@example.com,668-978-7321,East Elizabethtown,KY,2022-07-03,Silver,False
1288,Jon Lewis,,244.221.0651,Megantown,CA,2021-10-20,Silver,False
1289,Curtis Young,matthew79@example.com,(907)422-3956,South Nicholasland,VT,2020-09-30,Silver,True
1290,Stephanie Hansen,,001-787-387-7677,New Timothy,TN,2023-10-24,Silver,False
1291,Lisa Miller,christinaday@example.org,6487730451,Jocelynchester,NY,2021-02-18,Platinum,False
1292,noah bryant,juanryan@example.net,9797640315,Christineshire,CT,2025-07-12,Standard,False
1293,Erika Stanley,antoniolester@example.com,+1-533-792-7195x406,Mosleytown,DC,2025-04-12,Standard,
1294,Tracey Jones,james84@example.org,2559553544,Bryanthaven,VI,2026-07-16,Gold,True
1295,Leah Mcdowell,theresalloyd@example.org,001-607-820-4094x7112,Lake Scottfort,ND,2023-10-31,Standard,
1296,Diana Bender,cisnerosvalerie@example.net,(267)618-6442x62447,Harrisonville,AS,2024-10-31,Gold,True
1297,Joel Osborne,johnnguyen@example.org,001-944-630-7324x668,Port Jasonton,KS,2020-10-08,Gold,
1298,William Lang,vweber@example.net,001-292-646-9247,North Sarahborough,AR,2025-06-19,Standard,True
1299,William Sanchez,christopherbaker@example.com,001-265-218-1275x917,West John,WV,2021-03-27,Standard,
1300,RYAN GOMEZ,eshaffer@example.com,3533625123,Jonathanland,DE,2023-06-09,Silver,True
1301,Alyssa Taylor,gsmith@example.org,001-869-930-0522x1442,Lake Karen,GU,2024-03-24,Platinum,True
1302,Chad Hampton,martinezrobert@example.net,999-794-4261x84553,South Alyssa,VA,2021-11-16,Standard,
1303,JOSEPH NELSON,tammy23@example.org,558.759.3580,New April,MA,2024-07-10,Silver,True
1304,Emily Salas,willisnicole@example.net,935.644.2524x777,Kimberlyview,OK,2020-11-04,Silver,False
1305,Danielle Torres,lindsay06@example.org,(598)982-6486x2755,Wheelerside,MI,2023-01-08,Silver,
1306,Martha James,taylorandrew@example.com,2723545396,Brownbury,FL,2026-02-04,Gold,False
1307,Julie Alexander,randytaylor@example.net,774-231-6032,Lake Erin,UT,2025-09-24,Gold,True
1308,Michael Harper,stacie27@example.net,001-852-636-1794,Saraport,PA,2025-05-04,Standard,False
1309,Michelle Gomez,hquinn@example.org,631.274.2718x322,East Carol,IL,2024-11-13,Standard,True
1310,Beverly Hughes,rortiz@example.net,4408465511,New Christopher,DE,2023-01-15,Standard,False
1311,Todd Zimmerman,amandamorrison@example.org,445.595.2827x6774,West Holly,IL,2026-06-19,Gold,
1312,mark beard,jessicaanderson@example.com,939.969.2151x00260,North Jonathan,MH,2026-02-21,Silver,
1313,Zachary Boyd,,001-565-337-1557,West Hunterside,OK,2024-06-11,Standard,
1314,Jesse Johnson,brett93@example.org,773.212.9734x148,Lake Hannah,TN,2024-01-13,Standard,True
1315,Mark Jacobson,foxrobert@example.net,9093072208,Port David,OR,2026-02-25,Standard,
1316,Hannah Sanchez,ashley02@example.org,915.799.8751,Clarketown,ID,2025-09-30,Standard,
1317,Timothy Fox,bauermichelle@example.net,817-950-2413x0078,Zacharyfort,MD,2021-09-05,Standard,
1318,Tiffany Smith,bailey14@example.com,6498723669,South Gregory,NE,2022-09-20,Standard,False
1319,Thomas Roberts,benjaminmcguire@example.org,+1-684-550-4621x7643,Danielfurt,NV,2026-05-30,Gold,
1320,Justin Shelton,velliott@example.net,(485)874-9110x667,Stefaniehaven,NV,2022-03-20,Silver,
1321,joanna carr,jay70@example.org,(449)631-6459,South Amy,KY,2024-06-04,Standard,True
1322,JOHN LAWRENCE,zcooper@example.net,556.792.6920x327,Wilsonstad,MS,2023-04-27,Silver,True
1323,VIRGINIA MOORE MD,tranmatthew@example.net,295.291.5324x25660,Sabrinaside,IL,2026-01-09,Gold,True
1324,MELISSA HARRIS,racheladams@example.org,+1-965-932-9856x8499,Lake Tyroneton,NE,2023-02-13,Silver,False
1325,Dr. Brett Ramirez II,djohnson@example.com,001-991-874-4368x7163,Port Christopher,MI,2020-12-09,Standard,False
1326,Rebecca Wall,jonathan58@example.com,(518)324-8741x42785,Danielhaven,NY,2026-01-11,Gold,
1327,Michael Parks,christophermartin@example.org,001-339-598-2159x007,Lake Heather,LA,2023-07-01,Standard,True
1328,Deanna Norman,ychavez@example.com,754-817-6604,New Christopher,CT,2024-12-26,Standard,
1329,Emily Alexander,yvasquez@example.net,765.476.6647x608,New Emilymouth,PR,2023-02-01,Silver,True
1330,EMILY GILMORE,chadcox@example.com,001-998-487-8298,Wardview,FL,2024-07-09,Standard,
1331,Michael Spencer,perrycatherine@example.net,+1-973-486-4006,Robertchester,ID,2021-09-04,Standard,
1332,robert miller,briandavis@example.net,693.230.1118,Gomezhaven,ND,2024-03-07,Standard,True
1333,Emma Anderson,michael96@example.org,914-536-9745x78351,Marquezland,TN,2022-08-13,Silver,
1334,James Coleman,,+1-463-738-9586x417,Mckeeville,PA,2022-02-15,Standard,False
1335,Ashley Short,banderson@example.net,376-929-3684x2685,Leefort,OK,2024-05-13,Platinum,
1336,VICTORIA DAVIS,andersonvanessa@example.com,990-495-2038,East Davidstad,SC,2025-01-14,Standard,False
1337,Donald Bell,tjackson@example.net,562-720-1656x633,New Ericborough,VA,2021-02-15,Standard,
1338,David Ryan,alexis07@example.com,298-941-4202x48435,Miguelborough,WA,2021-06-19,Platinum,False
1339,Kaylee Wyatt,qjohnson@example.com,3434109077,Lake Mark,UT,2025-11-17,Gold,False
1340,Nicole Burns,tracygomez@example.com,361.672.7573x554,Paceburgh,PW,2022-02-15,Gold,
1341,Gerald Vega,laurenray@example.org,+1-542-570-2150x134,South Ericside,RI,2023-01-06,Platinum,True
1342,Christopher Roberts,nkennedy@example.net,001-312-499-0371,Reedbury,OK,2024-07-16,Standard,True
1343,Joel Mora,laurie11@example.com,+1-622-506-5910x04436,Adamsview,IL,2024-11-09,Standard,
1344,Kristine Bauer,kingeric@example.net,7074227683,Romerohaven,MH,2025-08-14,Standard,False
1345,Joshua Barnett,brownsabrina@example.org,+1-853-500-0900,West Wyatt,VI,2025-12-21,Standard,
1346,Tara Dyer,richard86@example.org,628.847.0344x6332,Deborahchester,PR,2023-03-22,Gold,True
1347,Rodney Brown,kaitlyn35@example.org,857.735.1851x769,Robinchester,MD,2025-11-10,Silver,
1348,Richard Davidson,janicewest@example.com,(229)464-8421,East Mark,VA,2025-05-30,Standard,
1349,Thomas Walters,shawnanderson@example.com,(960)241-4264x3029,East Kristyberg,HI,2022-04-09,Standard,True
1350,alan maxwell,danielle24@example.net,892.429.5014,Anthonychester,TX,2024-03-21,Silver,False
1351,Erin Morrison,nryan@example.net,+1-847-867-9007x82446,Lawsonside,IN,2024-07-21,Standard,True
1352,ABIGAIL FAULKNER,jason68@example.org,+1-850-885-5925x62972,East Lindsay,WI,2023-04-07,Silver,False
1353,Robert Freeman,jennifer68@example.net,+1-827-804-7233x446,North Michaelport,PA,2021-07-13,Standard,True
1354,Joshua Baird,jjackson@example.com,001-388-879-2449x40395,Robertland,IN,2025-01-18,Silver,
1355,Samuel Proctor,heatheryoung@example.org,+1-938-801-6934,Port Derekborough,NM,2024-09-05,Gold,
1356,Rachel Welch,davisemily@example.org,(201)263-1852,East Bethany,MN,2026-06-21,Standard,
1357,Cory Cervantes,rwalsh@example.org,+1-814-909-8212x70231,North Martha,HI,2021-08-02,Platinum,False
1358,STEPHANIE FRY,alvaradostephen@example.net,669-600-0191x76532,West Vickie,WY,2024-05-30,Standard,False
1359,Karen Watson,edwardsjennifer@example.com,(291)617-0870x27282,North Cindyhaven,AL,2025-11-10,Standard,False
1360,Monica Campbell,whitejamie@example.org,(400)959-3241x8325,Martinberg,SD,2025-11-04,Gold,
1361,Anita Rodriguez,wmcdonald@example.net,328-332-6701x1678,Benitezmouth,WY,2025-11-21,Standard,False
1362,Nancy Benton,whitecody@example.org,364.926.7302x20994,Jasontown,LA,2025-08-26,Silver,True
1363,Ricky Jones,kimberly05@example.org,955.908.4852x846,East Kimberlyhaven,KS,2026-05-08,Standard,False
1364,AMBER SMITH,wendysantos@example.com,940-458-3550x172,Davidsonmouth,IA,2023-04-18,Platinum,
1365,Cody Johnson,davidward@example.org,001-221-734-0636x80199,East Kevinfurt,MD,2026-04-04,Standard,
1366,margaret decker,upham@example.org,506.348.5796x886,Port Laura,MP,2021-01-22,Standard,False
1367,Lindsey Parker,amy13@example.net,+1-881-390-1145x67677,Davidshire,MO,2021-01-04,Standard,True
1368,Andrew Hernandez,colekirk@example.org,470.922.3804x5347,Sandovalmouth,VI,2025-02-07,Standard,True
1369,Luis Gomez,amandawarren@example.net,935.287.2729x9335,Lake Rachel,AK,2021-10-24,Standard,
1370,Laura Morales,mgonzalez@example.net,864-784-4273x9835,Lake John,CA,2026-01-16,Standard,
1371,MARY SULLIVAN,thomascook@example.org,540.562.0166,Kimberlyville,KS,2023-12-30,Standard,True
1372,james norris,nicole52@example.com,762.988.6233,West Joshuastad,MN,2024-10-28,Silver,False
1373,Terry Delgado,james42@example.org,717-954-9449,Garrettland,SC,2025-06-21,Silver,False
1374,Catherine Garrett,nicholas81@example.com,429-611-6479,Robertsshire,PA,2024-01-01,Standard,True
1375,Carrie Alexander MD,denisehowell@example.net,359.515.3007x5145,Timothyshire,HI,2025-12-12,Standard,
1376,AMBER ROSARIO,jordansingh@example.org,8814246437,Jamieton,GU,2026-03-07,Standard,
1377,Lynn Smith,ldoyle@example.com,306-496-3749,New Robertaton,MS,2024-06-28,Platinum,
1378,Samuel Adams,bellalbert@example.org,(650)223-1600,South Frederick,AS,2022-09-15,Silver,
1379,Zachary Dalton,daniellerodriguez@example.org,7862149842,Montgomeryfurt,RI,2024-05-27,Standard,True
1380,Traci Wagner,frank01@example.com,944-424-6073,Lake Megan,PW,2024-04-21,Silver,True
1381,Heather Richardson,jodi94@example.com,976-937-9829x30557,South Scott,AK,2023-03-20,Silver,False
1382,Ariana Wood,catherineblair@example.net,850-243-9035,New Michael,OH,2023-06-29,Standard,False
1383,Tracey Coleman,bondrobert@example.com,476-807-5121x0184,Lake Derrick,ME,2024-06-21,Gold,
1384,Brian Johnson,melissareed@example.com,7854935653,Daniellefort,WI,2025-09-15,Gold,
1385,Leslie Johnson,asharp@example.net,(457)737-4852x512,Robertshire,PR,2023-05-25,Standard,False
1386,JOHN NGUYEN,melissachristian@example.net,001-229-449-6523x96749,Port Jeffreyhaven,MA,2024-07-08,Silver,False
1387,Anthony Baker,petersonjennifer@example.org,926-895-7538x5139,West Eugene,LA,2022-04-17,Silver,False
1388,NATHAN ADKINS,nelsonwilliam@example.org,9639346118,South Douglas,HI,2023-03-07,Standard,
1389,Yesenia Orozco,donnaholt@example.org,719-617-1603x3308,Christopherport,IA,2024-07-31,Standard,
1390,JESSICA ORTEGA,,+1-509-831-3788x02109,Hardychester,NM,2023-03-12,Silver,
1391,JORDAN CASTANEDA,kathy76@example.com,(654)559-0348x195,Kelseyville,CT,2026-04-25,Standard,False
1392,Marcus Andrews,jamie08@example.net,001-223-933-1351x4855,East Nicholastown,NE,2026-02-01,Standard,False
1393,ALEXIS ALEXANDER,floresyvette@example.net,948-976-2164x8342,North Grant,LA,2021-07-04,Standard,False
1394,Samantha Hull,gary02@example.org,001-658-393-7712x5828,Mariastad,CO,2020-12-30,Silver,
1395,Lori Jones,lee64@example.com,(845)923-9004x15242,Markfort,FM,2022-12-24,Gold,
1396,Kevin Gill,kathy14@example.com,209.636.7250x280,South Timothyton,MP,2020-09-24,Silver,
1397,Michael Henderson,danieldavis@example.net,907-799-2164x5752,Deborahhaven,VT,2024-06-27,Standard,True
1398,Sheila Wolf,gburns@example.com,750-966-8815,Lake Markchester,TX,2026-03-17,Standard,True
1399,Jennifer Odom,tina93@example.com,001-336-546-0595x5161,New Matthew,ID,2023-03-05,Gold,False
1400,Jacob Jones,nathaniellawson@example.org,001-821-926-9748,Aliciashire,WV,2021-10-19,Standard,False
1401,Wanda Stevenson,armstrongsarah@example.org,(327)804-3692x259,Deantown,DE,2025-08-22,Gold,True
1402,Kevin Higgins,rodriguezpeter@example.org,001-291-898-6370x85536,East James,MT,2021-06-25,Standard,
1403,Daniel Doyle,zgibson@example.net,001-942-598-4104x0032,East Karenport,WI,2021-10-22,Standard,True
1404,Elizabeth Neal,yclark@example.com,(235)561-1882,Lake Meganshire,MA,2023-10-27,Gold,
1405,Dr. Mary Hart,samanthafaulkner@example.org,001-811-828-1779x036,Perezport,NJ,2023-09-17,Gold,False
1406,David Perry,bonnie45@example.org,537.990.2940,Jefferyborough,TN,2021-09-23,Silver,
1407,Brittney King,david75@example.com,219.950.3056x878,East Jacquelinefurt,MA,2025-02-17,Standard,True
1408,Lisa Pope,masonernest@example.net,+1-983-988-2015x149,Gutierrezshire,CO,2021-08-02,Standard,
1409,Jennifer Bell,icombs@example.net,(426)619-5490,Bettyport,ID,2022-02-25,Silver,True
1410,Dawn Garrison,zcastillo@example.com,(713)888-6550x0915,Robertsonberg,IL,2024-09-13,Standard,True
1411,Natalie Gallagher,patricksmith@example.org,001-741-527-0661,Johnsonhaven,NM,2024-01-23,Standard,False
1412,Jessica Smith MD,sarajoseph@example.net,+1-911-820-9966,South Frank,AK,2023-11-20,Standard,False
1413,Edward Wright,valeriebennett@example.com,807.919.0565x7439,Johnsonview,MO,2021-11-14,Silver,False
1414,David Long,garzajulia@example.com,368-287-3058x868,West Jason,CT,2025-08-03,Gold,False
1415,Casey Combs,randerson@example.com,001-780-909-5804x01461,North Anthonyshire,TN,2021-06-30,Gold,False
1416,amanda clark,jonathan73@example.net,574-336-9390x8941,Staceyfurt,NM,2021-01-03,Gold,True
1417,Brian Haley,kelly84@example.net,001-225-611-1903x594,Lake Barbara,CA,2021-01-30,Standard,False
1418,Jerry Weber,chandlerjeremy@example.org,888.476.7660,Paulaland,MH,2025-08-18,Gold,True
1419,Emily Holland,ipierce@example.com,943-208-1836x3293,South Karen,IA,2021-11-20,Gold,False
1420,Kaitlyn Bailey,anita85@example.org,931.917.8605,Kirbyfort,CA,2023-09-26,Gold,
1421,Dr. Robin Hansen,,+1-720-430-2875x740,Lake Mary,IL,2024-03-26,Standard,
1422,John Olson,josephharper@example.net,(865)957-1364,Helenville,UT,2023-03-08,Silver,
1423,Jesse Cannon,scott44@example.net,382.752.6990x18511,Alvarezbury,WY,2025-02-23,Standard,
1424,Angela Stevens,jill70@example.net,(506)680-9838x319,Morriston,HI,2022-01-26,Standard,False
1425,Troy Williams,julie56@example.org,001-733-989-2349x524,West Chrismouth,VA,2025-03-26,Standard,
1426,tiffany anderson,amandasmith@example.net,824.427.1618,Carpentermouth,WA,2023-07-02,Standard,
1427,robert cisneros,cynthiajohnson@example.net,+1-354-578-7268,Port Cherylburgh,VA,2022-03-08,Silver,True
1428,Raymond Marquez,sarahmiles@example.org,606.325.3941x85455,West Amber,NC,2024-02-09,Standard,
1429,ANGELA CANNON,zamoramichael@example.org,6322826735,Tonyashire,GU,2026-01-02,Silver,False
1430,Heather Garcia,fpena@example.org,(750)886-2868,Susanborough,ME,2025-03-16,Standard,
1431,Michael Holloway,jasonray@example.com,+1-872-589-4673,South Jamestown,PR,2023-04-22,Gold,
1432,Brian Moore,jponce@example.net,001-303-836-4908x47491,West Melissa,VT,2024-01-01,Standard,
1433,Amanda Bender MD,pricejimmy@example.com,(822)484-5541x40857,New Michael,WV,2022-01-04,Gold,
1434,Kayla Rose,johnsonjessica@example.com,001-700-526-0469x0174,Port Jenniferberg,MH,2025-09-13,Standard,False
1435,Alexander Price,sgardner@example.com,532.716.5024x2389,Juliatown,NH,2022-07-20,Standard,True
1436,Tim Mcdaniel,christinabrooks@example.org,705.506.6714,Lake James,DE,2021-02-18,Standard,True
1437,Jesse Hodges,jonathan12@example.net,+1-324-792-2028,North William,VI,2023-09-04,Standard,
1438,Brian Alexander,hkelley@example.org,(596)625-0507x32491,North John,UT,2026-09-03,Silver,
1439,Patrick Jackson,caroline23@example.net,684.540.3765,Ericside,WV,2025-03-06,Standard,False
1440,Cheryl Galloway,gdavidson@example.com,+1-763-229-0850,Sharonhaven,PR,2022-10-25,Silver,True
1441,Kevin Huff,hawkinsrhonda@example.com,321.309.0744x4793,Martinezview,PR,2023-08-26,Silver,False
1442,Michael Kelly,rose86@example.com,+1-873-874-4966x60723,Port Kellyfort,KS,2024-12-17,Standard,True
1443,Brian Smith,nblack@example.net,+1-325-828-9404x3935,East Randymouth,NJ,2021-04-18,Silver,True
1444,Michael Jordan,stacey03@example.net,001-316-536-7817x5248,Johnfurt,FM,2026-07-10,Standard,False
1445,Sherry Robertson,alexanderhuber@example.com,595.426.0885,Hobbsport,VT,2022-04-13,Silver,True
1446,David Pacheco,thouston@example.com,347-637-7049x90967,Mackenziefurt,VI,2025-11-13,Standard,
1447,Jerry Lynch,chananthony@example.org,001-340-957-3689x10804,Rubenview,FM,2022-09-11,Gold,False
1448,Micheal Martin,hurstwesley@example.net,571.869.9165x872,West Kathryn,DE,2021-12-18,Standard,False
1449,Evelyn Barajas,hcole@example.org,(757)428-1829x1278,Barbarashire,CA,2020-11-13,Silver,
1450,Mark Carter,erica85@example.com,373.704.3763,Arianafort,AK,2024-06-03,Standard,
1451,Paul Davenport,amy14@example.net,200-804-0756x0231,Tanyaton,NV,2023-08-20,Standard,True
1452,Caitlin Jenkins,gregoryhoffman@example.net,942-573-4497x99251,Russellmouth,KY,2025-04-16,Silver,False
1453,Katie Houston,stephaniewashington@example.org,9539925906,New Mariofurt,AL,2023-05-08,Silver,
1454,Dylan Walker,scottsylvia@example.org,(760)404-1316x677,Franktown,NV,2025-04-14,Silver,
1455,Jerome Haney,bgarcia@example.org,001-350-964-2729x9043,Murrayberg,VI,2021-05-04,Silver,True
1456,Amanda Rojas,john16@example.net,491.758.4647,Brownport,MS,2021-09-07,Standard,True
1457,Kayla Zavala MD,ryansmith@example.net,255-902-6134,North Michelle,FL,2025-07-08,Standard,True
1458,Robin Joseph,zgonzales@example.com,505-432-4216x9435,Mcintyremouth,OH,2025-06-08,Standard,
1459,Steve Allen,mckayshawn@example.org,736-778-8645,South Daniel,DE,2024-09-01,Gold,True
1460,Nicholas Wade,,305.429.5086x8744,West Sarah,OR,2020-11-09,Standard,False
1461,Melissa Lawrence,sarahstewart@example.com,+1-326-735-6006x255,South Laurenshire,VI,2024-03-03,Standard,True
1462,Heidi Cline,thomasmeyer@example.net,831-427-3445x80197,East Sharonchester,WV,2025-03-17,Platinum,
1463,James Flores,pcarrillo@example.org,(624)370-8101,New Jennifer,CA,2021-03-18,Standard,True
1464,amanda larsen,john48@example.net,001-212-768-1793x00805,New Davidtown,ID,2024-05-15,Gold,False
1465,Allison Mcknight,nealpatricia@example.com,(835)886-9902x1311,Robertberg,SC,2021-12-22,Standard,
1466,Sheryl Bullock,xgallegos@example.com,(481)225-9836,Meyersview,RI,2021-02-15,Standard,True
1467,Sara Richards,carol26@example.org,001-820-733-1465,Baldwinville,WV,2023-09-25,Standard,True
1468,Samuel Ellison,clarkjustin@example.net,+1-750-243-8964x164,Thomasshire,FM,2023-03-12,Standard,
1469,Beverly Martinez,andrewferrell@example.com,001-987-664-1261x3955,Amyville,NY,2022-08-12,Silver,False
1470,Sarah Gonzalez,larrybrandt@example.net,354.442.7885,South Cherylstad,MS,2025-02-24,Standard,True
1471,Matthew Harper,stephaniegraham@example.org,(536)683-1275,New Jamiestad,MA,2024-05-10,Standard,False
1472,Justin Goodman,martinsuzanne@example.org,801.677.1062x94502,Shawnstad,TN,2024-06-26,Gold,
1473,Spencer Day,,001-939-210-3231x866,Hendersonfort,WA,2021-12-16,Gold,False
1474,Mr. Paul Marquez,millermonique@example.com,8832843782,Lake Amyfort,VT,2022-03-21,Platinum,
1475,Haley Walker,douglas53@example.net,992.424.2577,Bryantstad,NV,2023-07-13,Standard,
1476,Zachary Barrett,jacob14@example.net,660-436-3839x6878,Port Kaitlinport,NH,2024-09-21,Standard,True
1477,Melissa Matthews,miguelshaw@example.net,277-406-9392x8532,Lanceland,PR,2022-08-31,Standard,
1478,Maria Vargas,robert77@example.net,+1-718-498-6361x39594,North Jennifermouth,WA,2023-03-12,Standard,False
1479,Mark Ali,millerjuan@example.org,979.962.6389x6549,Lake Timothyberg,AS,2023-04-22,Silver,False
1480,Andrew Robbins,johnsonanthony@example.net,928-766-9062x515,Danielshire,WI,2025-11-13,Standard,
1481,Michael Griffin,beckalan@example.net,858-772-4227x496,New Kenneth,NC,2025-03-16,Standard,True
1482,Zachary Wilson,williseric@example.com,923-743-3536,Frazierfort,NV,2021-11-12,Silver,False
1483,Rachel Anderson,amanda75@example.org,210.949.7914,Jonesburgh,VI,2021-12-14,Standard,True
1484,Jennifer Bentley,olsonjoseph@example.com,(769)874-7217x1243,Masonbury,WY,2023-09-26,Standard,False
1485,Christian Sherman,kconrad@example.com,001-325-258-7673x507,Thompsonbury,SD,2026-08-13,Silver,
1486,Sarah Adams,ecurry@example.org,+1-761-849-9363x19627,Jonathanshire,VI,2024-04-01,Standard,True
1487,amy jacobs,phillip63@example.org,8636621051,South Williamton,VI,2025-04-01,Gold,False
1488,Ashley Harris,kathy37@example.net,+1-939-965-2729x5986,Terrymouth,MN,2022-06-24,Gold,True
1489,Michelle Johnson,odomheather@example.net,(599)515-4827x0029,East Tinafurt,NY,2022-06-19,Standard,
1490,Dennis Smith,wrightkatherine@example.net,315-777-1291x8425,Mullinsfort,NE,2024-02-09,Gold,False
1491,Gabriella Greene,jeffreyrichardson@example.org,001-485-587-0630x228,West Stephanie,ND,2024-09-03,Standard,True
1492,Kathleen Brooks,michaelwhitehead@example.net,(947)426-8474x64550,North Katherine,DE,2025-10-19,Silver,True
1493,Molly Williams,michaeltimothy@example.com,001-845-905-8105x8010,Laraview,KS,2026-09-02,Gold,True
1494,Daniel Schmidt,ybennett@example.net,565-933-3477x4963,East Laura,UT,2023-09-04,Gold,True
1495,Kathryn Jensen,cooperhoward@example.com,238-773-4505x2194,West Thomaschester,AK,2023-04-05,Standard,
1496,margaret simmons,nelsonstefanie@example.com,336.960.9859x198,Toddbury,MS,2024-06-03,Silver,
1497,JEREMY RICE,alexandria48@example.net,+1-855-371-3198x444,Sanchezshire,MD,2023-04-17,Standard,False
1498,John Webb,samuelmoore@example.org,384.987.7561,Nathanielshire,VI,2021-10-05,Standard,True
1499,Connie Cross,fowleranthony@example.org,290-754-5173x65854,New Jeffreyport,HI,2024-09-09,Standard,False
1500,Matthew Kane,hooperjacob@example.org,906.753.3535,New Randyburgh,NY,2022-06-02,Gold,True
1501,Linda Hendricks,wcastro@example.net,578-582-7376x30977,Brucechester,AK,2021-10-16,Platinum,True
1502,Whitney Gordon,sarah00@example.net,+1-244-950-7296x2901,Lake Hunter,FL,2024-02-03,Silver,True
1503,Jose Reed,vyoung@example.net,915-467-1177x5398,Lauriemouth,OH,2023-02-08,Silver,False
1504,Rachel Abbott,glambert@example.net,940.475.5380x53659,Boydstad,AZ,2021-03-21,Platinum,True
1505,Valerie Bailey,melissaortiz@example.com,221.428.1568x387,Grimeshaven,MA,2025-04-17,Standard,
1506,Robin Wise,robertssusan@example.net,(841)537-1730,Port Susanstad,NC,2022-01-08,Silver,True
1507,Dean Morse,tiffanycoleman@example.net,867-223-8665,Wellsstad,MI,2021-12-20,Gold,
1508,DAVID SLOAN,kelly05@example.net,001-377-225-0402x58988,Lindahaven,NV,2024-01-23,Gold,False
1509,JONATHAN AVILA,csoto@example.net,9246104150,North Richard,AL,2021-08-01,Standard,True
1510,Randall Short,coopermichael@example.com,(613)240-4750x00458,East Connie,AK,2023-10-25,Standard,True
1511,Lisa Johnson,ycollins@example.com,+1-835-665-8036x383,Taylorburgh,ME,2023-02-11,Silver,
1512,SYDNEY DAVIS,warrenjeffrey@example.com,242-244-9663,West Michaelshire,PW,2022-11-08,Silver,
1513,Denise Dudley,ksimpson@example.com,940-596-1709,South Makaylashire,NY,2026-05-14,Silver,False
1514,Tracy Chung,walkerandrew@example.net,+1-246-391-2815,Kingview,MT,2026-06-28,Standard,
1515,JEFFREY RODRIGUEZ,jeffery12@example.com,(698)776-2295x7947,New Brianshire,SD,2022-12-27,Standard,
1516,Barbara Mckee,christopherrogers@example.com,960-342-6144,Cookview,KS,2023-09-17,Standard,
1517,Jeffrey Campbell,evelyn82@example.net,(994)854-1913x78049,North Carrie,AS,2025-04-10,Standard,False
1518,David Myers,jill42@example.com,+1-560-774-1464x40261,West Eric,MI,2023-12-18,Standard,
1519,Craig Roth,fcortez@example.org,+1-641-455-1095,Kendrafort,MA,2022-09-22,Standard,False
1520,Joshua Fowler,deborah82@example.net,6722712633,Lake Christine,NM,2020-09-18,Silver,True
1521,RICHARD HERNANDEZ,pmoore@example.org,(762)377-6746,Kathrynside,NV,2023-11-08,Gold,True
1522,Edward Parks,joseph93@example.org,667.257.2668,Jerrychester,MH,2024-07-08,Gold,True
1523,Pamela Johnson,sandersrachel@example.net,001-531-577-9053x40388,North Destiny,WY,2023-04-24,Platinum,
1524,Monica Hunt,sandersjoshua@example.org,(736)528-0193,North Michaelbury,OK,2026-07-07,Standard,False
1525,Heather Sanchez,daltonbethany@example.org,7662086236,Randyberg,MT,2023-07-31,Silver,True
1526,Rhonda Collins,marnold@example.org,(251)882-6135,North Bruce,LA,2026-02-25,Silver,False
1527,John Austin,bleblanc@example.com,(498)810-9975,Barnesstad,AR,2020-11-15,Platinum,False
1528,Juan Farmer,danielwilliams@example.org,430.287.1439x0390,West Meganfurt,HI,2026-07-24,Gold,True
1529,adam thompson,travis85@example.net,398.788.9213x273,East Caitlin,GU,2023-01-23,Standard,False
1530,Jesse Shelton,jonathan14@example.net,+1-638-947-5431x88645,North Thomasshire,HI,2021-12-02,Standard,True
1531,Jeffrey Ross,timothybell@example.net,+1-950-245-8387x5007,Lake Jacobmouth,WY,2025-02-04,Standard,True
1532,Angela Perez,victoria80@example.com,233.315.6964,North Larrytown,CO,2021-07-18,Standard,False
1533,virginia sellers,jacob62@example.org,(809)331-6426x6331,Brianside,FL,2025-12-30,Standard,True
1534,John Vazquez,guzmanbrandi@example.com,240.251.9950x819,Robertmouth,AS,2021-10-26,Standard,False
1535,Brooke Butler,michaelwood@example.com,(235)824-1302x28671,Nguyenchester,AK,2025-07-12,Platinum,False
1536,tracy diaz,salexander@example.org,+1-949-705-7175x32279,South Traci,MD,2021-09-08,Gold,True
1537,Kelly Warner,moralesjessica@example.org,671-351-1142,West Jacqueline,NY,2023-11-03,Silver,
1538,eric butler,charleschambers@example.org,717.241.9066x954,Thomastown,ID,2022-07-19,Standard,
1539,Marie Pope,fpowell@example.com,5615301127,Lake Stephanieland,NH,2022-03-15,Silver,False
1540,Traci Harrison,bhoward@example.com,2019915426,Port Kelly,DE,2021-08-25,Gold,True
1541,Devon Barker,susan11@example.com,654.466.2482x2306,Port Christianhaven,KS,2023-03-16,Silver,True
1542,Robert Pugh,corey59@example.org,846.665.2174,Jacobbury,CT,2023-01-29,Standard,False
1543,Debra Sparks,jordankimberly@example.net,211-937-1346x3107,Raymouth,NV,2026-05-10,Standard,False
1544,Justin Miranda,traceyhill@example.net,+1-554-847-4733x43597,Johnsonchester,NY,2025-02-28,Standard,
1545,Trevor Copeland,wademeagan@example.com,904-609-3701x18596,Lake Christineburgh,OK,2025-04-22,Standard,True
1546,Mary Gomez,timothy92@example.net,884-572-6680,West Chase,SC,2020-10-20,Silver,False
1547,shannon johnson,fthompson@example.net,+1-990-788-0683x1121,New Edgar,GU,2021-03-30,Standard,
1548,Tyler Lopez,itucker@example.com,3386561627,East Joshuaburgh,NM,2025-12-17,Silver,False
1549,Charles Stewart MD,lroy@example.org,+1-742-909-4207x93741,New Jennaport,FL,2024-08-04,Standard,False
1550,Mary Davies,elizabethbradford@example.com,509.855.8779,Emilyburgh,NM,2022-09-24,Silver,False
1551,Jordan Walker,hendersonerin@example.org,(592)513-5111,North Anthonymouth,ID,2021-12-10,Standard,True
1552,Amanda Oneill,rmccann@example.net,001-741-923-2223x20873,Port Katherineshire,ME,2022-11-30,Standard,True
1553,Ashley Castillo,anna78@example.org,292.513.1682x2608,Jonesville,RI,2021-12-02,Standard,
1554,Sarah Turner,ambergonzalez@example.net,673-881-1337x049,West Megan,MD,2022-01-25,Silver,True
1555,John Terrell,floresjesse@example.com,588-723-4811x80829,Port Sarahside,KY,2022-07-12,Gold,True
1556,Kristen Martin,zachary53@example.com,956-241-5330,Jenkinsfort,AR,2023-08-18,Platinum,False
1557,Jennifer Cannon,,711.791.6119,North Brooke,NM,2024-07-18,Silver,True
1558,Connor Jennings,tonydean@example.com,4372930618,West Tracistad,NC,2021-11-28,Standard,True
1559,Robert Myers,shane42@example.com,(284)773-2550x65299,South Lindsay,NV,2021-06-15,Silver,False
1560,alexander cole,rebeccaadkins@example.org,+1-857-689-0355x081,Marcmouth,VT,2024-06-03,Standard,
1561,Melissa Ryan MD,lbaker@example.org,340-851-5567x40920,Lindseybury,AZ,2023-05-11,Standard,True
1562,Danny Scott,turnerarthur@example.net,+1-680-267-0914x4654,North Billyport,AZ,2026-03-24,Standard,
1563,Dawn Howard,ycruz@example.org,687-852-5604x8992,Taylormouth,NE,2020-10-23,Silver,False
1564,Kerri Horton,joanna18@example.org,(716)752-5081,West Johnmouth,AK,2021-01-14,Silver,
1565,Sarah Parsons,charles64@example.com,263.410.3231x9767,Kylefurt,CT,2023-04-24,Platinum,False
1566,Eduardo James,wcampbell@example.net,492.644.1832x81137,Katrinaburgh,WI,2023-02-26,Silver,False
1567,Erika Andrews,rose48@example.net,600-994-6584x6392,Lake Susanbury,NJ,2024-02-23,Standard,True
1568,Renee Barnes,melissa73@example.com,405.934.2519x18716,Scottmouth,NE,2023-01-22,Silver,False
1569,NICOLE HOLT,chapmancarolyn@example.com,(964)825-9931,Brucetown,NC,2023-03-24,Silver,True
1570,Scott Flores,,605-663-9670,Woodsfort,PW,2025-06-09,Standard,False
1571,Andrew Ballard,dduffy@example.org,(701)955-4494x099,Davidfurt,SC,2025-08-17,Standard,True
1572,terrence peck,michael57@example.com,001-963-435-4205x09530,Mcfarlandfort,DC,2021-12-22,Gold,False
1573,Patricia Wells,emily87@example.org,001-289-442-6603x669,Grahamport,KS,2023-11-05,Standard,True
1574,Patricia Rivers,james50@example.org,696.916.5377x7842,South Victoriashire,CA,2023-12-03,Gold,False
1575,Tony Patterson,andrew72@example.com,+1-225-901-6915x697,East Brian,TN,2024-03-12,Silver,False
1576,Christina Webster,mallory90@example.org,674.332.6924,North Heathershire,SC,2020-12-14,Standard,True
1577,Autumn Newman,ashleyturner@example.com,3316182879,Melendezshire,MI,2022-10-16,Silver,True
1578,Charles Pacheco,annabullock@example.org,(596)966-9423x943,Nicoleport,FM,2021-04-02,Standard,
1579,JANICE WELLS,oallen@example.net,+1-350-830-2772x1793,West Brandon,MP,2021-08-18,Silver,False
1580,Jeff Williamson,joshuawilkinson@example.net,683-372-6877x9388,Port Alisha,NE,2022-08-28,Standard,True
1581,Karen Jimenez,fcalhoun@example.org,707-962-9696x5241,North Elizabeth,AR,2023-05-01,Standard,False
1582,Dennis Bush,stevenscurtis@example.org,(794)933-7026,West Christinebury,AS,2021-07-09,Standard,True
1583,Kevin Wood,stanleyanthony@example.org,001-358-945-6731x3700,Ashleyland,MH,2022-10-27,Silver,False
1584,trevor pham,adamacevedo@example.net,001-673-473-3970x101,Mooreside,RI,2026-05-20,Gold,False
1585,Caitlin Barber,alexis06@example.org,486.754.9660,West Johnside,VA,2025-10-17,Standard,True
1586,John Brown,mcknightantonio@example.com,801-553-1195x96027,Laurafort,NM,2020-12-03,Standard,True
1587,Ryan Scott,nicholas57@example.com,6428246406,Port Jessicafort,MA,2024-04-26,Silver,
1588,Nancy Moore,hrodriguez@example.com,+1-981-760-5801,Reneeton,OH,2025-10-17,Standard,True
1589,JOSHUA JEFFERSON MD,bakerjessica@example.org,242-394-2670x8805,Loribury,NV,2021-09-12,Gold,False
1590,Veronica Macias,nhicks@example.com,6424416981,South Theresaside,CO,2024-09-09,Standard,
1591,Jeffrey Miller,jeffrey59@example.com,(639)376-6105,Loganmouth,AZ,2023-04-24,Gold,True
1592,adrian watts phd,katherine18@example.org,7779842845,Garciachester,PW,2020-11-07,Standard,
1593,Jessica Freeman,munozerik@example.org,+1-434-391-4309,Ericburgh,WA,2023-07-30,Standard,False
1594,Mr. Jay Poole,kristen08@example.net,001-912-805-9944,North Gregoryburgh,MA,2022-11-09,Standard,
1595,Amy Robinson,paulmichele@example.net,8255701620,Brownstad,MA,2025-03-17,Silver,
1596,Lisa Stewart,ykim@example.org,(862)996-5863x60253,East Lisa,RI,2024-05-22,Standard,False
1597,Donald Williams,hughesjoseph@example.net,287.238.7183x410,Priceside,LA,2021-07-25,Standard,True
1598,Tracy Allen DDS,stephanieavila@example.com,(903)756-0897x06493,West Justinton,SC,2023-10-08,Standard,False
1599,JULIAN SANCHEZ,,770-327-8902x764,North Gina,WI,2025-08-29,Gold,
1600,Rebecca Prince,jacobsonamy@example.com,254.873.8808x4274,New Franklin,MD,2020-12-17,Silver,
1601,Gregory Walker,wooddonald@example.net,(315)950-1352x471,Chambersstad,AL,2025-05-19,Standard,False
1602,William Dean,wileycynthia@example.org,305.714.1200x74045,Carpenterborough,IL,2024-12-29,Gold,False
1603,Jason Weber,lhoffman@example.com,238.879.3092x523,West Robertchester,AS,2025-06-28,Standard,True
1604,ERIC HESS,harrisjamie@example.com,+1-512-858-1936x694,Jaredchester,MI,2020-12-12,Standard,True
1605,matthew santana,heather94@example.com,(981)950-8951x46318,Normanbury,TX,2024-09-29,Silver,False
1606,ADAM MOORE,johnwalker@example.net,231.296.0250x92704,Johnside,PW,2025-03-27,Standard,
1607,Jose Mcdonald,ypearson@example.org,001-727-557-8966x3680,Leeton,MP,2023-04-16,Silver,
1608,Tonya Harris,elliottanthony@example.net,001-382-847-7075,North Aaron,NY,2024-01-03,Platinum,
1609,Mary Valenzuela,richardrose@example.net,(881)868-9600,East Tomton,ME,2024-08-21,Standard,True
1610,Christopher Powers,bmorris@example.com,+1-917-992-2419,East Davidside,AR,2025-01-14,Gold,False
1611,NATHANIEL WILLIAMSON,,(644)887-8904x833,Ambermouth,PW,2023-11-12,Gold,False
1612,Anthony Garcia,santiagowilliam@example.org,(266)540-5997x43087,Warrenmouth,VT,2025-02-03,Silver,True
1613,Brian Barnes,fjohnson@example.com,478-613-7314x21756,Wheelerview,VA,2026-03-17,Standard,
1614,Brian Cherry,shannonbowen@example.org,(697)866-2084x078,Pennyville,MA,2022-03-10,Standard,False
1615,Wesley Taylor,udixon@example.com,425-254-2458x66729,Martinchester,NJ,2023-05-01,Standard,
1616,Melvin Garcia,damon82@example.com,001-838-468-8339x238,West Deborah,KS,2024-05-16,Standard,False
1617,Jennifer Hart,dbird@example.org,(665)474-8084x371,Thomasbury,SC,2023-03-20,Silver,False
1618,Amanda Blair,,(666)246-0961,North Brandonville,NE,2022-11-14,Gold,False
1619,Leslie Morris,sherri30@example.org,278-746-2742,Port Jennifer,MA,2023-01-11,Gold,True
1620,Katie Orozco,brianayala@example.org,(916)265-6910,Potterland,VI,2024-09-01,Gold,
1621,Daniel Durham Jr.,,(850)606-4227,West Marilyn,SD,2021-05-20,Gold,True
1622,gina lowery,bruce53@example.com,974.711.6028x5953,Carolside,NM,2022-07-08,Gold,True
1623,NANCY BROWN,nuneznicole@example.org,623.601.6430x32977,Jeremyberg,OR,2026-03-20,Gold,True
1624,jesus patterson,usteele@example.com,001-504-677-2464x972,New Laurachester,NV,2024-11-21,Standard,
1625,Sheila Johnson,shansen@example.org,+1-482-899-3164x212,Williamfort,WI,2024-06-11,Standard,
1626,Pamela Mitchell,smithdawn@example.com,001-799-815-8434,Susanberg,WI,2020-12-23,Silver,True
1627,Derek Brown,gholt@example.org,(231)939-5943x57845,Lake Jessica,DE,2022-01-05,Standard,False
1628,Mark Bauer,phillipwalsh@example.org,+1-981-254-4788x93770,Melissamouth,AK,2021-08-12,Gold,False
1629,MIKAYLA LITTLE,paulrobinson@example.com,(224)632-6572x0798,Williamshaven,RI,2024-05-28,Gold,False
1630,Margaret Alexander,vsimpson@example.org,001-739-699-6369x184,Danielshire,ND,2026-09-02,Standard,False
1631,Dr. Jodi Higgins,alisonross@example.org,001-690-916-5159x9527,Rosariostad,SD,2024-09-19,Standard,False
1632,Tyrone Jones,xandrews@example.org,334-975-6196,Wardton,FL,2022-08-31,Standard,True
1633,Alex Williams,trice@example.net,+1-295-887-0051x253,North Christina,AL,2021-05-08,Standard,False
1634,Jon Merritt,georgehawkins@example.net,001-927-746-2268,North Chase,FM,2022-08-30,Standard,
1635,olivia clark,qanderson@example.org,857.693.1444x941,Tanyashire,WV,2022-10-06,Platinum,True
1636,Mark Caldwell,adam92@example.com,315.473.6850x705,Christopherville,WY,2025-04-03,Standard,False
1637,Matthew Hamilton,wendywoods@example.net,844-956-6196,Hoganland,VA,2020-11-09,Silver,
1638,Cynthia Cooley,smithjacob@example.net,(457)964-7566x573,Mccannland,WV,2022-09-03,Gold,
1639,Joseph Mendez,johnbrown@example.com,(721)547-0616x53730,Fredericktown,NM,2021-01-10,Standard,
1640,Steven Butler,bryanjohnston@example.net,(515)807-1066x1690,Brownshire,AR,2024-12-06,Standard,False
1641,Matthew Andrews,bramos@example.net,819.294.6709,Nelsonchester,GU,2022-04-17,Silver,
1642,larry conrad,andrewcaldwell@example.com,+1-484-677-9888,South Michael,MO,2021-02-02,Silver,False
1643,Kimberly Jordan,sergioking@example.net,(930)709-7154,Allenborough,PR,2026-08-05,Standard,True
1644,Janice Hodge,jonesmark@example.com,001-581-940-8282x46491,South Lauraton,OK,2025-03-30,Silver,
1645,Mary Patton,brooksashley@example.net,378.313.1915,South Lindsay,AS,2022-05-07,Standard,False
1646,Jeremiah Williams,sgross@example.net,905-381-5193x942,New Tiffanyburgh,NE,2020-10-25,Standard,
1647,Amy Hanson,dbernard@example.net,(681)444-1666x11772,South Pamelafort,AR,2025-05-31,Silver,
1648,Patrick Manning,angela40@example.com,+1-577-395-7240x030,Calebhaven,VI,2024-01-08,Gold,True
1649,KEVIN LYNCH,kerriparks@example.net,376-241-9495x8325,North Derekfurt,IN,2023-02-27,Standard,False
1650,Sandy Lucero,fcalhoun@example.net,001-770-685-9426x82395,Lake Joshua,ND,2021-12-13,Standard,
1651,Joseph Smith,edwardsmia@example.com,(594)915-1398x5532,Alexanderborough,RI,2025-05-27,Standard,
1652,Francisco Jackson,edward32@example.com,842.713.9579,Martintown,NM,2023-08-24,Standard,True
1653,Albert Fisher,melissa55@example.net,704.782.9407x82862,Goodmanshire,ID,2021-11-10,Silver,
1654,Allison Patterson,crystalward@example.net,436.508.0558x226,South Victoriastad,PR,2025-11-18,Standard,True
1655,Craig Taylor,xburgess@example.org,514-977-5688x6371,Smithtown,VI,2020-10-18,Standard,
1656,faith wagner,yatesjanet@example.net,001-439-765-7537x64451,Mooreburgh,FL,2025-07-12,Platinum,
1657,Mary Glover,rguerra@example.com,(399)861-3807,Lake Ryanshire,AS,2020-09-30,Standard,True
1658,Deborah Jones,hbarrett@example.org,729.921.6298x60427,Port Brianchester,SD,2024-08-03,Standard,False
1659,James Cook,udurham@example.net,4962941235,Farmerhaven,CA,2021-10-26,Standard,False
1660,Julia Campbell,robinharris@example.com,6366808588,Jasonfort,DC,2021-03-24,Silver,False
1661,Carrie Trevino,achaney@example.org,+1-631-591-8043,Port Brittanyfort,OK,2025-05-09,Gold,True
1662,Raymond Hunt,gregory81@example.net,001-801-787-4729x13112,Parkertown,IL,2026-06-28,Gold,True
1663,ASHLEY JONES,westkaren@example.com,(332)775-8881,North Robert,AK,2021-01-07,Standard,
1664,Gregory Glenn,nancydavis@example.net,909-453-1001,Calebfurt,VI,2025-10-26,Silver,False
1665,Joshua Smith,,670.220.9819,Port Ruthview,MS,2024-07-01,Silver,False
1666,MICHAEL CABRERA,wallstyler@example.com,(504)750-9806,East Susan,MN,2024-05-16,Standard,
1667,Michelle Fisher,terri04@example.net,461-273-0515x133,Ramoston,VI,2020-11-02,Standard,
1668,Taylor Mcguire,theresa74@example.org,+1-535-796-6533x9036,Ramirezbury,PA,2025-11-12,Gold,False
1669,Jonathan Park,popekenneth@example.com,(567)350-1468,Petertown,MP,2021-04-13,Silver,False
1670,David Schultz,michelle58@example.net,+1-246-342-0181x90232,Maddenville,PA,2025-05-14,Gold,
1671,Adriana Manning,yorkkathy@example.org,351.892.6775x046,Lake Dustin,SC,2023-10-23,Standard,
1672,Diane Gonzalez,ireed@example.net,+1-887-720-2048x7103,West Tony,WV,2026-02-14,Gold,True
1673,Richard Sharp,lwilson@example.com,453-214-5955x0800,Higginsstad,ME,2022-06-13,Standard,
1674,Jessica Lowery,lisawatts@example.net,236-310-9098x245,Jennaport,NV,2023-07-02,Standard,False
1675,Jennifer Gonzales,vasquezkristen@example.org,(625)325-5313,Fisherburgh,ND,2020-12-03,Standard,False
1676,Elizabeth Jones,joseph01@example.com,379.905.8482,New James,WV,2020-11-04,Gold,
1677,lisa mckee,hodgessusan@example.net,(696)856-1206,Jenniferfort,MS,2025-10-06,Gold,
1678,Heather Jackson,peterssandra@example.org,001-414-839-9925x7099,North Drewstad,SC,2022-03-27,Standard,
1679,Danielle Rice,marcuscook@example.org,228.765.9181,New Melissa,AS,2022-09-08,Silver,False
1680,Mrs. Shannon Lee DVM,arobinson@example.net,+1-483-303-8840x16776,Lake Andretown,PR,2024-04-21,Standard,True
1681,Jimmy Guzman,wcarter@example.com,(540)669-1438x767,North Kelsey,SC,2023-08-13,Gold,
1682,Jennifer Coleman,carol79@example.org,001-662-563-2732,Avilaborough,TX,2022-07-31,Silver,True
1683,Laura Mcneil,robert51@example.com,434-930-7683,Cochranside,CO,2025-11-05,Standard,False
1684,Amanda Gomez,aguilarthomas@example.org,(942)536-3743,North Jefferyland,NC,2024-07-09,Silver,
1685,Benjamin Cooper,zbaldwin@example.com,001-582-661-1147x6207,Ryanbury,VA,2026-08-25,Standard,False
1686,Roger Morris,laura64@example.com,811.868.8592,South Dana,AK,2022-09-27,Standard,
1687,Kelly Munoz,anawilliams@example.com,+1-257-681-6560,New Gabrielaton,WV,2020-10-04,Silver,
1688,DUANE MORALES,angelacasey@example.com,873-546-0873,West Anneland,NC,2026-05-18,Standard,
1689,Casey Hernandez,abigailforbes@example.com,603-408-3491x16476,Gonzalezchester,OH,2021-03-10,Standard,True
1690,David Chandler,pamelamartin@example.com,001-581-281-5539x258,North James,NM,2025-07-15,Platinum,False
1691,David Gordon,sloanthomas@example.net,660.328.7490x726,West Heatherbury,OR,2021-01-21,Gold,True
1692,mr. joseph caldwell,olynch@example.net,+1-885-793-0822x7814,New Levi,GU,2021-03-16,Standard,False
1693,Monica Sanchez,bradjackson@example.com,661.815.6230x67801,Johnsonland,KY,2025-04-27,Gold,True
1694,Chris Clay,scottsamuel@example.org,7838624874,East Lisa,ND,2024-11-24,Silver,False
1695,Michele Castillo,leahanderson@example.com,260.863.9513x689,Kendraport,CA,2024-07-22,Standard,
1696,Danielle Robinson,tsullivan@example.org,+1-937-756-1845x35777,Lake Chelsea,MA,2024-11-12,Standard,False
1697,Joseph Maldonado,scottcollins@example.net,(739)260-4244,West Marissa,MS,2023-09-16,Gold,
1698,Bryan Mendoza,christineclarke@example.net,+1-581-461-0376,Aaronhaven,GU,2023-08-28,Standard,False
1699,Daniel Scott,samuelmcclain@example.net,3869551086,Port Tylerhaven,IL,2025-01-12,Silver,
1700,Bobby Anderson,antonio75@example.net,825-501-6575x5574,New Charles,AL,2024-06-04,Standard,True
1701,Mckenzie Webster,phillip55@example.com,884.810.9600,South Natalieland,TN,2024-10-15,Standard,True
1702,MRS. JENNIFER BALLARD,kellysteele@example.com,+1-779-918-1433x697,Melaniestad,KS,2022-09-25,Standard,True
1703,Justin Adams,robertwatson@example.org,982.749.9696x60818,West Danieltown,ID,2023-01-13,Standard,True
1704,Eric Wallace,daniel61@example.net,679.602.2930,North Glenda,CO,2023-03-11,Standard,False
1705,Samuel Morris,mlawson@example.org,5722566872,Davidsonchester,MI,2025-06-04,Silver,
1706,Christina Wolfe,daniel04@example.org,567.477.6795,West Monica,MS,2023-05-11,Standard,
1707,Kevin Ruiz,kimberly91@example.org,6946540289,New Sara,NC,2023-07-21,Standard,True
1708,JILLIAN DUNCAN,youngpaul@example.com,888-568-9969x087,West Davidbury,MD,2021-07-04,Silver,
1709,Stephanie Mitchell,mcdanielkristy@example.com,942.870.7254x452,North Carolynview,NH,2024-03-07,Standard,
1710,John Conway,fstewart@example.net,491.246.0378,West Robert,PA,2025-08-22,Standard,
1711,Stuart Castro,amanda77@example.org,001-975-901-3993x9256,Kerrifurt,GU,2024-05-01,Standard,
1712,Karen Olson,awhite@example.net,586.216.3386x381,East Julie,MT,2022-02-22,Gold,True
1713,Lisa Fisher,bishoprichard@example.com,797-670-5364x434,East Danielmouth,MS,2021-06-15,Standard,True
1714,Marissa Abbott,michellegilbert@example.com,728.800.9205x36504,Montgomeryton,AZ,2021-09-12,Silver,True
1715,Sherri Lopez,dean40@example.com,857-358-4276,South Shane,PW,2026-03-29,Standard,
1716,natalie gonzalez,jeremycalderon@example.com,+1-342-801-8445x766,New Maureen,PW,2025-01-17,Standard,True
1717,Nicholas Campbell,lewisamanda@example.org,+1-873-326-5234x6554,Port Donna,AR,2024-12-19,Silver,True
1718,DIANA IRWIN,bleonard@example.com,501-798-9289x1435,Margaretmouth,SC,2021-12-31,Standard,
1719,Beth Duke,pdrake@example.org,681.338.4751x3407,Andrewside,FM,2024-12-19,Standard,True
1720,Amber Reed,kayla65@example.org,(706)990-6119,Lake Scott,MA,2026-06-28,Silver,False
1721,Bryan Nichols,wparker@example.net,342-780-5400x923,South Annbury,AL,2022-02-08,Gold,False
1722,Colin Johnson,allenjoseph@example.net,001-632-992-6205x55562,Patrickstad,VA,2025-12-17,Silver,True
1723,Colleen Joyce,brookeguzman@example.com,710.995.1888,Schmidtburgh,WY,2026-03-22,Gold,True
1724,Alexis Mathis,timothy83@example.net,683.801.8986x598,Port Shannonport,MA,2025-12-17,Standard,
1725,Francisco Francis,nsmith@example.org,218.487.5875x098,South Matthewberg,AZ,2025-11-22,Silver,True
1726,lauren williams,npollard@example.net,4642847739,West Crystal,KS,2022-03-10,Standard,
1727,Alexis Woods,andrewschristopher@example.net,+1-890-611-2036x7291,South Christopher,SC,2025-08-16,Standard,
1728,Matthew Hill,rittertracy@example.net,552.375.6520,North Denise,CA,2025-05-03,Silver,
1729,Sean Walker,riveraveronica@example.org,8742166430,Eddiebury,CT,2025-02-04,Platinum,False
1730,Carlos Esparza,qcopeland@example.com,410.360.6067x3778,Davidville,AZ,2023-01-24,Standard,
1731,Lawrence Gordon,thomas80@example.net,717-705-6476,Avilamouth,OR,2021-01-13,Silver,False
1732,Nicholas Ross,uharrell@example.net,001-547-991-0999,Amberfurt,MD,2020-10-20,Silver,False
1733,KIMBERLY ROBERTS,jameswiley@example.org,798-720-7000x267,Seanborough,AS,2021-08-25,Platinum,False
1734,Renee Clarke,fryjason@example.org,811-572-3035x82172,Port Anthony,WI,2024-12-05,Standard,False
1735,Nicole Scott,nicholsheather@example.net,(911)425-8044x30657,North Dennisville,UT,2026-02-12,Standard,
1736,Justin Yoder,bkidd@example.org,(921)252-6737x110,Fergusonhaven,SD,2023-02-08,Gold,True
1737,Oscar Parker,thomas35@example.net,968-895-3742x5257,Lovebury,TX,2023-04-11,Gold,
1738,James Lester,walkerevan@example.net,+1-337-801-4095x0715,East Jeffrey,SD,2025-08-27,Gold,False
1739,Brittany Robbins,fjones@example.com,+1-495-333-8416x2906,Jenniferchester,MO,2022-07-08,Silver,
1740,Susan Johnson,bellchristopher@example.net,843.249.3635,Ramosbury,LA,2020-12-30,Standard,
1741,Michael Davis,jford@example.org,+1-674-430-9647,East Peter,IA,2023-08-08,Silver,False
1742,Allison Ball,brandyrogers@example.com,+1-928-590-8454x82627,North Michelle,HI,2025-01-19,Silver,
1743,Michael Tapia,zlong@example.org,404-619-7447x652,Kirkfurt,NC,2022-09-14,Silver,True
1744,Ashley Watkins,woodscharles@example.org,752.284.5470,West Lindamouth,KS,2025-06-19,Standard,False
1745,Tina Washington,dedwards@example.net,513-783-1276x0783,Amberberg,PW,2024-10-10,Standard,True
1746,ronald lara,hughesalexis@example.org,(334)317-6546x141,Lake Corymouth,VI,2022-03-19,Silver,False
1747,melanie miller,mariahunter@example.net,958.944.8012,East Oliviafort,UT,2022-01-04,Silver,
1748,Matthew Cowan,mariaguzman@example.net,274-547-9408,Port Leahside,PA,2021-04-22,Silver,
1749,Mark Atkins,maria99@example.com,984-402-9376x45265,East Johnfurt,MD,2025-01-29,Gold,
1750,AMANDA SMITH MD,caldwelldavid@example.net,001-888-900-3005x37828,Port Jenny,PR,2023-03-13,Standard,False
1751,Perry Lee,ijones@example.org,001-369-722-3976x62154,New Victoriaton,NV,2024-06-09,Gold,
1752,stephanie gibson,christinejackson@example.net,+1-842-586-3583x492,Newmanview,RI,2020-09-09,Standard,
1753,Amy Taylor,shelbyward@example.net,257.728.3463x89161,Susanside,NM,2022-08-14,Standard,False
1754,Mark Matthews,nelsonbrenda@example.net,001-309-641-6795x20279,Melissaside,CO,2022-11-14,Standard,True
1755,Lisa Martinez,williamrogers@example.net,887-749-4009x2628,South Dianetown,MP,2025-07-14,Gold,True
1756,Alison Bryant,millerrebecca@example.com,757.852.9255,Lake Graceview,NE,2021-01-04,Standard,
1757,April Morgan,andersonjason@example.org,224-894-7002x519,Strongport,UT,2025-08-01,Gold,
1758,Marc Ward,knorris@example.com,+1-577-747-6308,Andersonside,PA,2022-04-17,Gold,False
1759,SHANNON CRAIG,,6634474180,Lake Ericborough,AL,2020-11-07,Standard,False
1760,karen cooper,jasonwaters@example.com,+1-728-476-5755,Williamside,MD,2022-07-28,Standard,False
1761,HEATHER HARDY,rgill@example.net,782.764.8713x0002,Richardview,MA,2026-04-28,Standard,
1762,Jeremy Hicks,brendareid@example.net,947-204-1450x5633,Morrisonmouth,SD,2025-10-07,Standard,True
1763,Brian Long,gonzalezdeanna@example.com,+1-495-659-4229x8133,New Elizabethmouth,PR,2021-04-24,Standard,False
1764,Brandon Meyer,reevesnicholas@example.net,443.960.4890x985,West Jeffreychester,OK,2026-06-13,Standard,False
1765,Zachary Harris,kimberly68@example.net,001-938-861-6187,Tammymouth,NC,2025-04-18,Silver,True
1766,Chelsea Clarke,kwalters@example.net,879-200-5312,Lucasfort,ME,2024-09-20,Standard,True
1767,Whitney Schmidt,sara95@example.net,001-976-595-5912x68130,Camachoville,WY,2021-01-18,Standard,
1768,Hannah Sellers,jacksonjoel@example.net,759-923-2580x245,North Katieburgh,AS,2023-10-19,Standard,False
1769,Daniel Garcia,candice86@example.org,(470)323-1740,South Aaronfort,MS,2024-11-15,Standard,False
1770,Daniel Ramirez,psmith@example.net,(433)756-4162x9870,North Michael,VA,2022-01-26,Standard,True
1771,Mark Luna,melissa17@example.org,+1-436-585-0448x5260,Justinfort,FL,2025-12-06,Standard,True
1772,Steven Pennington,leah30@example.com,413-990-0458,Meganburgh,ID,2025-12-09,Standard,
1773,Amanda Brooks,jefferydiaz@example.com,(938)659-8182x8439,Rileyton,AZ,2022-04-14,Standard,False
1774,Katherine Haley,rebeccasmith@example.net,001-326-960-9404x4750,Alexischester,TX,2025-12-03,Standard,True
1775,Frank Larson,brewermarcus@example.com,001-672-523-2420,North Reginaldland,OK,2025-09-16,Gold,True
1776,Jeffrey Elliott,stevensonjohn@example.org,491-814-2028x61223,West Aaronberg,SC,2021-04-22,Silver,
1777,Chad Green,georgeallen@example.org,420.400.1327,Eileenmouth,AR,2022-05-27,Silver,True
1778,Latoya Klein,matthewblake@example.net,261-976-2948x46764,Carpenterstad,IL,2024-07-09,Standard,True
1779,April Lopez,dwilliams@example.com,836.902.7315,South Casey,WA,2022-12-07,Standard,False
1780,Jessica Matthews,manuel98@example.net,477.438.2438x2146,East Victoria,NC,2026-04-10,Standard,False
1781,Nathan Miller,gregory23@example.com,+1-306-427-0940x144,Matthewburgh,HI,2025-10-20,Standard,False
1782,Robert Hughes,boydmadison@example.net,593.550.4629,Ramirezstad,ID,2024-03-20,Standard,True
1783,robin dyer,jaredboyd@example.net,+1-995-791-9053x0945,Brianburgh,MI,2025-10-31,Standard,False
1784,Danny Figueroa,alexisolson@example.net,(318)669-4846x74752,Lake Michael,SD,2025-07-12,Standard,False
1785,Justin Wise,elizabethtaylor@example.net,7257254110,Thompsonport,CA,2022-12-17,Standard,
1786,Jill Kemp,hartmansarah@example.com,8596647033,Port Keith,WI,2021-07-14,Gold,
1787,Mike Johnson,joseph32@example.com,+1-314-234-0371x5243,West Emmachester,ND,2022-08-17,Silver,True
1788,lisa barry,john12@example.org,(926)849-7478x706,Juanhaven,MT,2022-02-28,Silver,
1789,Amanda Mcgrath,stevenschristopher@example.org,001-410-312-4480x5694,Lake Williamport,VT,2024-06-09,Silver,True
1790,Douglas Silva,barrettkimberly@example.org,223.814.9204x993,Brianview,CO,2024-03-12,Gold,
1791,Andrew Boone,charlesowen@example.com,2318588785,Smithchester,NV,2021-06-16,Standard,
1792,Brian Wilson,michaeljones@example.com,4953142770,Kimberlyside,MS,2026-06-23,Silver,
1793,Barbara Miller,uthompson@example.com,843-359-3410,Richmondtown,SC,2021-05-13,Silver,False
1794,KATHLEEN VALENTINE,jason07@example.org,612.220.7250x8452,Ballton,WA,2022-03-16,Gold,
1795,Bethany Cannon,lisarussell@example.org,+1-309-499-3191x40099,Davidville,WY,2024-05-02,Platinum,False
1796,SARAH DAY,tmathews@example.net,659-749-2543,East Richardview,SD,2024-03-14,Silver,
1797,Timothy Hamilton,rlarsen@example.net,410-651-2927,North Jill,NM,2021-09-19,Standard,
1798,Cynthia Cruz,aromero@example.com,3825408935,Lake Kathleen,MI,2023-07-02,Standard,False
1799,Justin Powers,tcruz@example.com,+1-820-817-2951x2660,North Melissatown,OH,2023-05-28,Standard,True
1800,lori newton,dominiquepowers@example.com,(273)860-8633x3995,Parkfort,NE,2022-04-20,Standard,
1801,Heather Fox,wongmatthew@example.org,+1-790-783-0692x50980,Reillyport,AS,2020-09-22,Standard,
1802,Donna Jones,josebutler@example.com,8503299907,Port Crystalville,WA,2021-02-21,Standard,False
1803,SHAWN CLARK,nboyd@example.org,921.877.4911,Cooktown,UT,2026-01-24,Gold,True
1804,Diana Petersen,darlene31@example.com,552.229.5083x860,South Tyler,OH,2026-08-29,Standard,True
1805,sonya kennedy,melissa51@example.com,347.443.9270,South Amytown,IL,2023-04-03,Silver,False
1806,Aaron Smith,leahsmith@example.org,941.760.9909,Padillaside,AS,2023-08-19,Standard,True
1807,James Miller,jimenezrandy@example.com,490-943-9461x622,Andersonville,AK,2025-06-16,Standard,True
1808,Rebecca Potts,jennifersmith@example.org,846.655.9218x95688,Port James,OR,2022-09-20,Standard,True
1809,Connor Obrien,patelgregory@example.net,287-261-4443x3736,Samuelbury,WI,2023-05-17,Silver,True
1810,Jessica Molina,ricejeffery@example.com,(790)402-4927,West Reginald,TN,2025-02-08,Standard,
1811,William Moyer,camposronald@example.com,001-908-496-0106x6589,Davidstad,PR,2021-02-22,Standard,False
1812,Nicole Robinson,john04@example.net,250-339-8638x3466,Kellyhaven,MO,2023-03-17,Standard,False
1813,Michael Leon,isaacpeters@example.org,253-607-0791,Blacktown,CA,2026-08-28,Gold,True
1814,Pamela Solis,sarahramirez@example.com,329-582-9454,Port Tyler,NC,2022-10-30,Standard,
1815,Nicole Erickson,nicolejohnson@example.com,982.803.9500,Griffinmouth,MA,2021-04-28,Standard,True
1816,Cheryl Brady,opope@example.net,(603)367-3361x4247,Kathyland,MP,2020-09-05,Standard,True
1817,LUIS KIM,davidsonwilliam@example.net,(443)964-8517,Juliefort,ID,2023-04-14,Gold,False
1818,David Gaines,millerelizabeth@example.org,+1-764-800-0925x683,South Abigail,SC,2021-01-13,Gold,
1819,KAREN REYES,aaron34@example.com,001-814-751-3740x28265,New Jeffrey,TN,2025-07-09,Standard,True
1820,Christopher Wood,matthew40@example.org,001-649-489-3975x95536,Lake Brandon,OR,2022-12-08,Standard,True
1821,David Green,thoward@example.net,990.218.7692,Miahaven,ND,2022-04-01,Silver,True
1822,Sharon Stone,yorkmichael@example.net,634.443.0299x73854,Bruceview,GU,2022-08-30,Standard,
1823,ELIZABETH COLEMAN,opark@example.net,001-689-908-7634x272,Garciastad,NV,2026-01-01,Silver,False
1824,Richard Herrera,pamela16@example.org,573-367-1387,Andrewborough,MH,2023-12-23,Standard,
1825,Autumn Coleman,colemanlance@example.net,+1-669-988-9676x21822,East Jonathan,MO,2021-02-16,Gold,True
1826,Kristen Gonzales,cgarcia@example.org,+1-548-795-7925x7852,New Wesley,AK,2024-08-03,Standard,True
1827,peter walker,vallen@example.com,(447)311-5582,Port Arielland,NV,2025-05-22,Standard,
1828,April Carson,pbryant@example.com,+1-693-413-1645x38336,Marcustown,PR,2021-03-24,Silver,
1829,David Hull,lisadavis@example.org,(754)967-5914,Williamsville,UT,2022-01-05,Standard,True
1830,Jeffrey Barrett,mikegonzalez@example.org,943-554-5636,Masonbury,MT,2025-07-03,Standard,False
1831,Victoria Collins,rachael81@example.org,+1-663-426-7392x06042,Port Charles,RI,2024-06-21,Silver,True
1832,Dennis Lewis,brendan97@example.net,(309)493-8721,East Williamshire,RI,2025-08-27,Standard,
1833,Samantha Larson,garciapamela@example.net,001-559-254-7616x80680,Jessicatown,AL,2023-09-16,Gold,False
1834,William Nelson,fmeyer@example.net,001-331-343-3605x74321,Josephmouth,RI,2025-11-11,Gold,
1835,Lisa Lane,glarson@example.net,(490)291-3641x7659,Tiffanyport,ND,2024-06-18,Platinum,
1836,Allison Hudson,wuvalerie@example.com,701.515.3609x64394,Patriciafort,IL,2024-06-25,Silver,False
1837,Kevin Johnson,watsonmatthew@example.net,2536256248,Williamschester,KY,2021-06-07,Silver,True
1838,ERICA JARVIS,vegaashley@example.org,(540)757-4119,New Corey,AL,2023-12-26,Standard,False
1839,Lauren Steele,rjimenez@example.org,+1-652-418-5868x043,North Wendyhaven,TX,2022-01-30,Platinum,
1840,Brenda Ayala,timothy39@example.net,+1-303-470-3773,West Tammyside,MT,2024-08-21,Silver,True
1841,Kelly Harris,bryantabigail@example.net,734-209-5140,New Craigfurt,CA,2024-01-29,Standard,
1842,Andrew Hill,kevin12@example.net,748.710.9452,Lake Ashley,FL,2023-08-23,Standard,
1843,Blake Adams,elizabethmoran@example.net,001-698-370-1093x21529,Drakeville,DE,2022-08-13,Standard,False
1844,KAYLEE YOUNG,karen09@example.com,001-252-261-2166x9481,North Fredborough,IN,2021-04-02,Standard,
1845,Jason Riley,xrogers@example.net,(673)623-8368x4143,Macdonaldburgh,AS,2026-07-16,Gold,False
1846,Deborah Morrison,edwardsjames@example.net,001-590-859-5094x2816,West Stephanie,NM,2023-09-16,Standard,True
1847,Jonathan Lopez,stephanie10@example.com,001-715-379-8155,Brittanystad,GA,2021-10-01,Standard,True
1848,mark taylor,webbdavid@example.com,(248)472-9802,Lake Sarahburgh,MS,2024-05-30,Platinum,
1849,Matthew Ball,antoniogarrett@example.com,613.314.5625x30302,North Alexis,DE,2022-07-25,Standard,True
1850,Eric Parker,campbellsteven@example.com,905.859.2277x02604,Salazarhaven,NV,2021-12-10,Gold,True
1851,MICHAEL GRAHAM,christian35@example.org,864.299.6727x633,South Danielville,RI,2024-11-07,Standard,True
1852,MR. TRAVIS KELLY JR.,davisdouglas@example.com,5423259332,Jesseville,MT,2025-11-09,Standard,True
1853,Jessica Sullivan,tparker@example.com,001-770-371-1989,North Mitchellside,MH,2026-01-17,Gold,False
1854,Anthony Gonzalez,morrismiguel@example.net,(602)864-2362x4588,South Chad,KY,2023-05-26,Silver,False
1855,hannah johnson,kellyheather@example.net,417-984-4400,Kimview,GA,2023-06-13,Silver,True
1856,jessica petersen,dprice@example.com,986-971-1881x6182,West Madison,NH,2022-05-02,Silver,False
1857,William Yang,isabella73@example.net,618.381.5675,Port Matthew,SC,2022-05-28,Standard,
1858,Gwendolyn Kim,bwalsh@example.net,390.977.0455x300,North Kimberly,KS,2025-04-13,Standard,False
1859,Tyrone Matthews,littleautumn@example.net,(967)924-0555x251,Cynthiastad,NE,2021-04-20,Silver,True
1860,Jennifer Gaines,jason42@example.net,001-822-202-2041x0649,Martinmouth,GA,2022-08-08,Silver,True
1861,Sherri Rodriguez,william60@example.net,(873)572-5009x32195,North Nicholas,AL,2024-12-17,Silver,False
1862,James Carroll,nunezkayla@example.com,+1-684-345-2364,Lake Anthonyton,WY,2023-03-19,Standard,True
1863,Joshua Brooks,tfrancis@example.org,(423)821-5175x19679,West Alexandrastad,IN,2026-01-03,Standard,True
1864,Robert Nelson,harrysimpson@example.org,731-507-7222x8749,Tuckerport,GA,2021-02-27,Silver,False
1865,Bradley Ayala,hcontreras@example.com,788.401.1130,East Alyssa,MN,2023-12-03,Standard,True
1866,Daniel Snyder,nelsonlaura@example.org,(332)444-8968x4604,Garciastad,MD,2026-03-22,Silver,True
1867,KEVIN GONZALEZ,hbrown@example.com,+1-761-669-0476x10296,Christopherton,WV,2024-06-18,Standard,False
1868,John Johnson,cellis@example.com,8356623724,Tinafurt,AL,2025-06-15,Standard,False
1869,Stefanie Brennan,richardsanthony@example.com,363-422-6791x11785,Carrieburgh,TX,2022-06-10,Standard,False
1870,Lauren Sullivan,sherry22@example.net,(953)884-1875,South Richardfort,GA,2023-05-27,Silver,True
1871,Thomas Cox,ryansmith@example.net,+1-533-840-8337,West Marthashire,HI,2021-08-20,Gold,False
1872,Jared Newman,weaverandrew@example.net,(565)830-0022x750,West Thomastown,RI,2025-10-15,Silver,
1873,Steven Chavez,bakerevelyn@example.org,647.727.9392x2689,Ericchester,WA,2021-08-10,Standard,
1874,Monica Hodges,gsimon@example.org,(340)872-8195,Lake Waltershire,AS,2025-12-07,Silver,
1875,Linda Hoffman,bakercolleen@example.org,(427)824-4522x7594,Hallberg,UT,2023-09-18,Standard,False
1876,Cassie Huang,mcbridewendy@example.org,(950)616-9932,Colinfurt,MA,2024-11-24,Gold,
1877,Rachael Henderson DDS,kimberlyphillips@example.net,813-639-6605x75296,Jonesland,NY,2025-07-26,Standard,True
1878,Brandy Smith,jamesberry@example.net,001-718-346-5506x369,Ellischester,SD,2021-03-10,Standard,False
1879,Luke Goodwin,davidcandice@example.com,001-676-702-2364,Port Keithmouth,TN,2025-12-02,Standard,True
1880,Stephen King,kennethgarcia@example.com,(463)417-7744,North Michaela,TX,2020-09-13,Standard,
1881,ashley moran,glee@example.org,+1-790-534-7317x51029,Alexisborough,IA,2022-06-26,Silver,False
1882,Edwin Clark,christopher35@example.net,(934)331-7191x63354,Monicaborough,IA,2021-09-07,Standard,True
1883,Theresa Jackson,daniel68@example.net,(720)268-2994,New Sarah,MI,2026-04-19,Standard,False
1884,Jennifer Finley,avilaelizabeth@example.net,662-754-9931,Lake Robert,CT,2023-06-11,Standard,False
1885,Tracy Rodriguez,robertschwartz@example.com,961-260-5433,Goodwinbury,MS,2021-11-17,Standard,False
1886,Michael Webb,xjacobs@example.org,921-478-9406,Griffinberg,PR,2023-06-30,Silver,
1887,jeffrey salazar,gilberttiffany@example.net,(478)775-8647x4019,Johnville,NV,2020-12-28,Silver,
1888,AARON MYERS,hamiltonkenneth@example.org,+1-740-639-7267,Scottshire,SC,2026-07-11,Standard,True
1889,David Kelly,jensenphilip@example.com,+1-803-985-5288x23132,Port Michele,ID,2021-01-07,Gold,
1890,MELANIE DIAZ,savagesteven@example.com,(538)858-6922x54376,Thompsonfort,CT,2026-04-12,Silver,False
1891,Traci Kim,tammypeterson@example.com,(439)645-0698x958,Youngton,PA,2021-02-19,Platinum,False
1892,Chris Cook,david93@example.net,001-294-831-4914x21544,Kirbyberg,ME,2024-02-13,Standard,
1893,Tiffany Simpson,parkerstacy@example.com,(877)503-5476,South Kristinamouth,OK,2026-02-19,Standard,True
1894,Billy Newman MD,wpadilla@example.org,+1-340-372-3461x504,Williamsberg,OK,2025-07-19,Standard,
1895,CHARLES STEWART,christinesmith@example.net,001-250-711-4747x299,Marcbury,NJ,2021-08-02,Standard,False
1896,Alyssa Austin,scooper@example.com,868-744-2633x33884,New Samanthaborough,VT,2023-09-13,Standard,True
1897,Anthony Taylor,clarkdavid@example.org,(544)590-3593x4177,Jenniferbury,WV,2022-06-03,Silver,True
1898,Peter Flowers,urodriguez@example.org,482-516-0639,New Sarahmouth,SC,2024-12-05,Gold,False
1899,Bradley Shaffer,stephensstacy@example.org,(438)783-6970,Franklinmouth,IA,2024-09-02,Standard,True
1900,DEVIN BROWN,obrienerin@example.com,572-686-3996x2402,North Jeremiah,NJ,2025-05-15,Standard,False
1901,Deborah Smith,guzmanandrew@example.org,+1-357-228-6939x539,Hornfort,IN,2024-06-24,Standard,
1902,Cathy Cruz,lori48@example.net,4245966899,Amymouth,WA,2021-12-30,Gold,
1903,michael rodriguez,erika44@example.net,579-420-7405x1870,North Jennifer,NV,2021-10-08,Silver,True
1904,Amy Cooper,kaitlin98@example.org,001-510-932-0410,New Kathleen,AR,2023-06-01,Silver,
1905,Sierra Gibson,lisa75@example.com,826-537-0079,Lake Andrew,HI,2026-08-08,Standard,False
1906,James Kim,davidmartin@example.com,(721)833-4595x82956,North Betty,GA,2021-08-17,Silver,
1907,Sarah Johnson,,001-494-741-4753x7637,Mcconnellhaven,MI,2024-04-06,Standard,True
1908,Whitney Kim,rachel57@example.com,001-605-718-6506x7996,North Nathanieltown,MD,2023-12-09,Standard,
1909,Sarah Gutierrez,ksmith@example.com,269-879-5080x466,New Janet,GU,2024-05-16,Standard,False
1910,Amanda Phillips,dthomas@example.com,4205922521,East Beverlyport,KS,2025-08-25,Silver,True
1911,William Wilkinson,ugray@example.net,348-474-9715,Joshuaside,PA,2024-11-16,Standard,True
1912,Mrs. Stephanie Fritz,martinshields@example.com,001-799-791-6953,East Andrea,NJ,2022-02-12,Standard,False
1913,Carlos Smith,joneschristopher@example.net,297-331-1149x6336,West Elizabethport,TX,2024-08-03,Standard,True
1914,Paul Reid,montgomeryshaun@example.net,600-459-7583x445,North Jenniferburgh,AK,2026-08-25,Standard,False
1915,Robin Walter,amyhowe@example.com,749-307-8725x50541,New Jamiestad,MP,2024-09-24,Standard,False
1916,Aaron Huff,lclayton@example.com,+1-506-816-9413x51284,Tiffanystad,OR,2023-05-13,Standard,True
1917,Caitlin Ford,steelebrandy@example.org,(269)815-6949,Port Alexandraburgh,NM,2025-08-27,Silver,False
1918,Christopher Perez,barrettanthony@example.net,001-745-896-9157x34943,East Thomas,OK,2023-03-23,Standard,
1919,Debra Schwartz,jessicamoss@example.net,470.518.8111x33795,North Joseph,GA,2025-11-16,Standard,False
1920,Jessica Caldwell,thomaswesley@example.net,(433)487-9081x32208,West Julianport,TN,2022-04-30,Standard,False
1921,Evan Munoz,perryjonathan@example.com,410.442.5990x0284,Kathyfort,AZ,2025-07-24,Standard,
1922,Priscilla Calderon,,513.277.4340,Joannefort,OK,2024-11-30,Standard,True
1923,Margaret Jimenez,johnreed@example.org,968.822.0152,Yvettefurt,HI,2021-09-12,Standard,False
1924,jesse schultz,gmartin@example.org,524-807-6645,Port Bailey,DE,2021-03-01,Standard,True
1925,Nathaniel Williams,garciajoseph@example.net,(689)750-9291x8489,Elizabethshire,KY,2025-03-19,Gold,
1926,Guy Owens,donnagallagher@example.com,644.821.7563x9490,Craigport,ME,2025-02-01,Standard,
1927,Robert Washington,yatesjocelyn@example.org,628-588-6465x08930,South Sarahport,FL,2022-03-24,Gold,
1928,Annette Frank,hpeterson@example.org,+1-637-377-2715x422,West Tara,WY,2021-02-18,Silver,False
1929,Joseph Clark,lopezthomas@example.org,772.507.4197,Williamston,PR,2020-09-07,Standard,True
1930,Kyle Middleton,nhurley@example.org,(421)808-5837x558,East Stacey,NC,2023-04-03,Gold,
1931,Patricia Wood,acostaangela@example.com,001-389-998-1811x99428,West Dennis,SD,2024-04-19,Standard,True
1932,CURTIS HULL,matthew43@example.org,697-419-7204x0932,Kimberlyton,VI,2020-09-08,Silver,
1933,Melanie Church,ywalker@example.org,624.930.8724,Port Ashley,AK,2020-10-27,Platinum,
1934,Chad Bartlett,michaelharvey@example.net,001-469-910-2419,West Kelly,RI,2026-03-19,Standard,
1935,Mrs. Laura Fuller MD,lisafernandez@example.org,897-778-9516,North Natashaton,AR,2022-11-02,Standard,True
1936,Alex Thomas,hprice@example.net,(231)262-5751,East Paulchester,WV,2022-11-29,Silver,False
1937,Erik Richards,pchaney@example.net,371-484-5816x302,New Erikchester,ID,2023-11-26,Silver,
1938,Cesar Bryan,taylorelizabeth@example.org,001-931-602-6237x0506,Lake Michael,VI,2026-07-28,Gold,True
1939,Erika Sweeney,wrogers@example.net,+1-547-863-1691x45590,Jeremiahport,GA,2026-08-26,Standard,False
1940,Christopher Madden,ycoleman@example.net,(226)676-1747,Wandamouth,GA,2025-09-03,Standard,True
1941,Peter Holt,carla64@example.org,(849)278-0643x719,West Melissa,AS,2025-03-19,Standard,False
1942,Dr. Benjamin Patterson,baileymeghan@example.org,001-695-221-1542,West Andrewview,IL,2023-09-30,Gold,True
1943,William Brown,bmonroe@example.net,735.985.5836x45487,Greenstad,VA,2025-09-20,Silver,True
1944,Kevin Lucero,jason82@example.com,768-549-7850x78672,Port Williammouth,NC,2022-06-07,Platinum,
1945,Tracey Boyd,nathan19@example.org,+1-924-367-1999x27523,North Jenniferstad,VI,2020-09-16,Gold,True
1946,Evan Solis,dbell@example.com,320.693.6130,Lindsayview,WY,2024-05-08,Silver,True
1947,Karen Mckinney,chad03@example.com,358.906.9328x9401,Port Jaketon,WV,2026-06-20,Standard,True
1948,ALYSSA STEVENS,robert79@example.org,+1-477-937-3169,Chelseafort,ME,2022-03-02,Standard,False
1949,Andrew Montes,druiz@example.org,+1-270-818-3256x618,North Alishamouth,WY,2023-02-28,Silver,False
1950,Aaron Brown,garciasamantha@example.org,(312)268-3905,Port Chaseside,PW,2022-02-20,Gold,True
1951,Craig Adams,smithpatrick@example.com,(498)471-0149x41163,West Daniel,MS,2021-01-31,Silver,False
1952,Wayne Lawrence,william61@example.com,721.717.0254x496,East Janiceburgh,MH,2022-03-21,Standard,True
1953,Mary Mcguire,martha48@example.org,775-495-0242x42633,North Donna,SC,2024-12-21,Standard,
1954,Kathleen Martinez,ericmoore@example.com,939-820-3186,Ramirezhaven,FM,2022-08-07,Standard,True
1955,Katherine Smith,christinawilliams@example.com,+1-863-209-6667x629,Port Jenna,PR,2021-09-05,Standard,True
1956,Sarah George,scottjennifer@example.org,(549)954-5844x65771,West Jamesburgh,NH,2023-04-13,Standard,
1957,Madison Thompson,jcarrillo@example.org,866.654.8427x494,Courtneyton,ID,2023-09-09,Standard,True
1958,Alexis Day,jesus65@example.net,753-888-2323x4533,Robertsonburgh,DC,2026-01-11,Standard,True
1959,TRACEY HUBBARD,kaylee54@example.net,+1-320-739-8013x3761,Olsontown,CT,2025-04-28,Standard,False
1960,Ashley Miller,,001-381-362-3153x9428,Amyfurt,MA,2026-02-28,Standard,False
1961,Jamie Villanueva,xgilmore@example.org,(279)621-5109x810,Jeffreyton,DC,2020-11-28,Standard,False
1962,Paul Byrd,randy42@example.com,+1-563-380-8263x2676,West Johnton,NH,2023-06-08,Standard,
1963,Kathryn Castaneda,rriddle@example.org,626-542-9306x461,Port Rebecca,NY,2022-09-18,Silver,
1964,Jonathan Erickson,hannahbarber@example.com,405-984-7438x9475,Lake Kevin,GU,2025-11-28,Standard,True
1965,KRISTI LAWRENCE,jacobsalinas@example.com,(840)342-1001x499,Port Mariafort,NV,2024-04-26,Standard,False
1966,Jacqueline Knight,griffithscott@example.net,+1-766-526-9233,North Julieberg,SD,2023-11-02,Standard,False
1967,cory cook,,+1-925-263-7731x25245,East Yvonneville,CA,2022-10-03,Silver,
1968,David Clark,robertsnow@example.net,+1-921-351-5694x4387,Frederickbury,MD,2023-05-07,Gold,False
1969,CINDY KEMP,durhamrobin@example.com,+1-625-562-7396,Port David,CO,2026-05-20,Standard,False
1970,kyle thomas,qguerrero@example.net,001-978-442-7751x536,Lake Brittanystad,AZ,2025-04-12,Gold,
1971,Kevin Sutton,wendypayne@example.net,(385)394-4164x9331,Patrickside,MD,2025-08-21,Standard,False
1972,james cameron,holmesphillip@example.net,+1-303-863-2351x85229,Raymondborough,UT,2022-07-20,Platinum,False
1973,Morgan Allen,qmiller@example.com,645.344.3007x45777,Rachelstad,VI,2026-01-17,Standard,
1974,James Gonzalez,nicolewalker@example.org,001-963-205-7578x660,Port Rebecca,MA,2021-04-11,Standard,False
1975,Jane Simmons,rjohnston@example.com,8857261068,Micheleborough,DC,2020-10-24,Standard,
1976,Kathleen Glenn,caleb40@example.net,001-243-396-8483x59600,North Rachel,NM,2022-12-27,Platinum,
1977,Kim Arnold,jenniferperkins@example.net,(371)991-8993,North Robert,AL,2021-04-23,Standard,False
1978,ANGELA MCLAUGHLIN,afisher@example.org,408.567.5226x24915,New Daniel,WY,2021-04-05,Silver,False
1979,Jeffrey Leon,freemantracy@example.org,719.474.9313,Rhodeschester,AS,2026-08-07,Standard,True
1980,Grace Wright,xhenderson@example.org,582-356-6516,Jacksonville,WI,2021-10-08,Gold,False
1981,Cheyenne Jackson,oneillvalerie@example.org,813-950-3346x0749,Seanport,NE,2022-08-27,Standard,False
1982,David Thomas,jrobinson@example.net,(612)255-8877,Brianland,MA,2024-11-16,Silver,True
1983,MAURICE BROOKS,amorris@example.net,001-363-587-4477,Christophermouth,WA,2021-01-27,Silver,False
1984,Sara Weeks,josephguerra@example.org,(957)229-9766x56206,New Jesse,MS,2022-02-08,Silver,True
1985,jordan collins,johnsonjill@example.net,+1-243-297-1182,Lake Sally,KY,2023-04-27,Standard,
1986,Gabriela Campos,thomassutton@example.com,620.831.0666,Colinhaven,KY,2020-11-20,Standard,True
1987,Kathleen Bullock,gfox@example.com,(387)995-7971x149,Robertton,MS,2023-07-11,Standard,False
1988,Cassandra Perez,cole83@example.org,001-278-566-8689x98420,South Sheila,MA,2024-03-17,Standard,True
1989,Anthony Stewart,josedavis@example.org,6767513352,Kimbury,VT,2021-01-14,Gold,
1990,Jennifer Norris,fernandezkristin@example.net,+1-392-497-0453x86876,Jenkinsfurt,FL,2026-08-12,Standard,
1991,Shannon Rogers,richard14@example.net,715.538.3489,East Mollyton,AZ,2021-05-10,Standard,True
1992,Thomas Collins,dillonjoshua@example.net,603.464.2373x313,Bryanmouth,DE,2023-10-18,Standard,True
1993,Karen Mckenzie,meganmalone@example.com,+1-442-392-1017x274,Patriciafort,WI,2025-06-27,Standard,
1994,TIMOTHY SUTTON,oyoung@example.org,804-496-1965x196,Davisstad,NJ,2022-09-12,Standard,
1995,Timothy Schmidt,bmaxwell@example.org,001-537-385-7717x12199,Jamesfort,AL,2020-12-25,Standard,True
1996,Katherine Smith,georgegonzales@example.com,001-924-245-2784x30039,Huertaport,NE,2024-09-02,Standard,False
1997,Justin Rojas,hopkinsmelissa@example.com,+1-249-587-4932,East Nicholas,PR,2026-01-24,Standard,True
1998,Allison Cohen,vrichardson@example.com,+1-454-657-6530,Robertstown,PW,2026-04-07,Standard,True
1999,Chris Reed,qwood@example.org,(626)764-3509,Tammymouth,IN,2023-09-16,Standard,False
2000,Brittany Bernard,zthompson@example.net,277-260-3828x071,West Leslie,WI,2021-04-06,Standard,True
2001,Norma Nelson,prios@example.net,+1-569-979-3393x383,Spencerborough,OH,2025-10-01,Standard,True
2002,Kevin Moreno,william73@example.net,001-568-916-5223x5079,Hallstad,DC,2024-12-29,Silver,
2003,ALLISON MCMAHON,sandra96@example.org,+1-833-842-9950x86722,New Christopher,AR,2021-05-11,Gold,
2004,Patrick Wallace,qnixon@example.net,997.618.1905,Masonshire,MH,2023-05-17,Standard,False
2005,Isaiah Holt,brad62@example.com,(961)903-3248,South Michael,NC,2024-02-02,Standard,True
2006,Ashley Herrera,,(961)832-9406x35724,New Andrea,NJ,2023-11-24,Platinum,True
2007,Mary Mills,,2072284385,Hamiltonshire,GA,2025-04-08,Standard,False
2008,Maria Walter,hannah51@example.com,+1-604-787-3597x543,South Mary,RI,2025-05-19,Standard,True
2009,Antonio Porter,jbryant@example.org,(264)461-5330,Smithmouth,WI,2024-01-26,Standard,True
2010,Ryan Kirby,sgallagher@example.com,001-293-380-5145x386,Blackland,FL,2022-11-09,Gold,False
2011,Kathleen Brennan,johnsoncheryl@example.net,+1-715-858-5939x22445,Ianburgh,DC,2025-03-31,Standard,False
2012,Kimberly Gilbert,katie39@example.net,001-251-576-9933,West Ryanmouth,OR,2021-04-02,Standard,False
2013,Mr. Matthew Gallagher,jeanette06@example.org,(811)528-7408x11730,North Joshua,DC,2026-02-24,Gold,
2014,Renee Aguilar,ktaylor@example.org,7282405218,Patrickton,OH,2023-12-13,Silver,True
2015,Laura Hernandez,sbrown@example.net,+1-358-696-5498,Susanbury,ND,2026-04-17,Standard,False
2016,HEATHER PARKER,deanjacob@example.com,+1-405-548-7487x0566,Port Kristiton,MP,2026-05-04,Silver,False
2017,Lauren Kidd MD,xsavage@example.org,823-250-6656,Anthonystad,RI,2022-11-27,Platinum,
2018,Heather Watson,fpatterson@example.net,001-937-693-9194,South Edwin,OK,2020-10-19,Standard,False
2019,Connor Kane,bensonkatie@example.net,001-460-691-0276x4714,East Christopher,CA,2025-09-26,Gold,False
2020,Bianca Wong,jimmycole@example.net,+1-613-730-9831,East Travis,PW,2025-07-22,Platinum,False
2021,Eric Robinson,joanwhite@example.com,225-265-6866x805,Lake Michaelside,OK,2025-04-15,Gold,True
2022,Melissa Lewis,murphymarilyn@example.org,254-938-5781,Oliverview,RI,2024-08-15,Silver,False
2023,rebecca hobbs,baileykatherine@example.net,644-366-1995,Davistown,VI,2026-03-27,Standard,
2024,Jennifer Thomas,imyers@example.net,(745)253-6377x665,Lake Jeremy,LA,2025-09-09,Silver,False
2025,crystal pham,davenporthenry@example.com,(548)849-1861x46288,Lake Matthew,AR,2026-03-19,Standard,True
2026,Christina Barrett,sotochris@example.org,(661)617-0278x473,Spenceshire,WY,2024-08-18,Standard,False
2027,Christopher Carrillo,olsonomar@example.net,001-368-522-5885x843,Heatherfort,ME,2021-10-28,Standard,False
2028,Jeremy Johnson,elee@example.org,001-261-875-6577,New Rachelport,KS,2020-10-07,Silver,True
2029,Jonathan Harper,matthew19@example.net,(641)252-8634,South Meganland,TN,2021-07-28,Standard,True
2030,marie james,torresmark@example.org,652.301.5691x4616,Nicolebury,ID,2023-05-21,Standard,
2031,Kelly Smith,harrischarles@example.com,610.790.7195x71451,West Brandistad,MD,2023-07-12,Standard,False
2032,John Lewis,sosastuart@example.net,(661)480-8438x8168,Reevesborough,SD,2023-11-14,Standard,False
2033,Lindsey Bryant,frenchjennifer@example.com,245-303-0060x451,Hallton,AK,2025-12-27,Standard,False
2034,Jamie Klein,lindseybryant@example.org,473.869.5043,West Brendaview,NH,2021-09-27,Silver,
2035,Ryan Martin,jorge30@example.com,897.634.5135,South Brian,MS,2022-01-29,Gold,True
2036,Lisa Dean,qmoore@example.org,001-351-543-1641x199,Richardsonport,VT,2025-08-15,Gold,
2037,Paige Wolfe,nicole26@example.org,6625892238,Melissaborough,ND,2020-12-21,Platinum,False
2038,KENNETH RICHARDSON,ericbrown@example.com,775-329-4977x565,New Meghan,AS,2024-07-21,Platinum,False
2039,MEGAN CARNEY,amandapatterson@example.com,(957)703-1012x21338,Lake Kimberly,WY,2023-10-03,Gold,True
2040,Dustin Dixon,keith57@example.com,001-488-739-6838,West Mikayla,IL,2022-03-31,Gold,False
2041,TERESA NORRIS,gerald15@example.org,334.766.0689x9247,Chanchester,MH,2020-11-21,Standard,
2042,MARY JONES,lorimartin@example.org,001-523-495-5121x698,East Angela,PW,2021-04-23,Gold,False
2043,cameron martin,courtneygutierrez@example.net,(214)645-3715,Davidfurt,NM,2022-03-26,Platinum,True
2044,joshua pacheco,sheltondanielle@example.net,832-568-4232,Michaelview,MT,2023-12-09,Standard,False
2045,Corey Hughes,christopherwalter@example.com,719.473.2381x545,Rasmussenside,VA,2024-05-04,Standard,
2046,CANDICE JAMES,natasharivera@example.com,3937099986,South Heatherchester,NM,2023-06-29,Standard,
2047,Laura Lawson MD,lutzwhitney@example.org,+1-294-487-4612x3190,Christophermouth,DE,2026-04-22,Silver,True
2048,Kelly Sanders,rachelmorse@example.org,833-727-0289x96668,Jasonland,MS,2023-08-23,Standard,False
2049,Micheal Benson,michelle14@example.net,+1-747-939-6543x105,Joneston,IL,2021-08-24,Standard,True
2050,Dr. Julia Berry MD,amy97@example.net,658.643.4231,Garyville,GA,2024-10-04,Standard,
2051,taylor hamilton,wtaylor@example.org,001-698-318-0409x99151,Aaronton,OH,2022-10-01,Standard,True
2052,Michele Craig,tsoto@example.org,+1-763-664-1226x472,Lake Bailey,VI,2022-10-08,Gold,
2053,Kyle Ramsey,boonedavid@example.org,+1-817-744-2539,South Laura,NE,2021-09-29,Standard,True
2054,Keith Kelley,martinkristopher@example.com,(214)828-0970x2097,West Michelle,CT,2023-09-11,Standard,
2055,Lisa Jones,debra31@example.com,8252337970,Rachaelbury,NH,2025-08-30,Standard,True
2056,Krista White,james17@example.org,4157333003,Johnstonchester,KY,2025-04-04,Standard,
2057,Steven Lee,chadgarcia@example.org,+1-568-339-4842x266,Kevinborough,AK,2023-05-07,Standard,False
2058,Alyssa Clark,,+1-349-513-1565x3667,Torresborough,MA,2024-03-26,Standard,
2059,Erika White,jasonkeith@example.net,548.652.9799,Kellymouth,NH,2021-03-05,Gold,False
2060,Martin Reed,caldwelltyler@example.net,(640)664-1231x5402,Shawtown,FM,2022-07-27,Standard,True
2061,Alexis Ross,tylersmith@example.org,+1-849-614-1052x6963,South Sarah,VA,2026-05-10,Standard,
2062,Jennifer Potts,shelley36@example.com,(587)296-7467x26986,Lake Jessebury,DC,2021-02-13,Standard,
2063,Nancy Raymond,lisagallegos@example.org,(667)319-9614,Davidmouth,MI,2023-08-10,Silver,False
2064,Jason Williams,amyaguilar@example.com,001-826-306-8228x795,Kimberlytown,OK,2023-03-19,Standard,
2065,Michael Richardson,christinelee@example.net,578-690-8850x69030,Doyleland,CO,2026-02-27,Standard,
2066,Daniel Guerra,rebeccamarks@example.net,(295)512-9207x223,West Jill,FL,2021-10-12,Standard,False
2067,Lisa Howard,halesusan@example.net,001-999-477-3879x27876,South Adrian,OH,2022-01-04,Gold,True
2068,KEVIN REYES,tmurphy@example.com,+1-348-665-7430x62068,Lisaville,OR,2024-12-17,Standard,True
2069,Anthony Cameron,brownalejandro@example.org,843.539.1419x81179,North Connie,AL,2023-09-17,Standard,True
2070,Diana Chung,parrishjustin@example.org,819.329.8028x441,Vargaschester,AS,2026-09-02,Standard,True
2071,Kelly Fox,tina16@example.org,(638)313-7057,East Thomasburgh,HI,2021-10-01,Gold,True
2072,Lindsay Martinez,david83@example.net,(816)835-7811x644,Lindaville,GU,2023-03-01,Standard,False
2073,Lisa Sparks,parsonspaige@example.net,+1-315-685-1185x8110,Williamsborough,WI,2021-10-25,Standard,
2074,George Floyd,ghicks@example.net,8145081235,South Tylerfurt,MO,2025-02-24,Silver,True
2075,James Aguilar,orice@example.net,+1-547-587-1819,Victormouth,WA,2020-12-20,Standard,True
2076,Alexandria Meyers,thomas08@example.org,(482)613-1148,Port Jodibury,AK,2020-12-13,Standard,True
2077,James Marshall,dwayne59@example.com,549.500.1976,Michaelton,KS,2022-04-27,Gold,True
2078,Melvin Gonzalez,lewisscott@example.com,(417)206-1668x4648,Martinezport,WI,2021-04-19,Standard,True
2079,Andrea Garcia,mandrews@example.org,644.940.5572,Jacksonbury,WI,2023-10-25,Standard,True
2080,Marie Powell,mannbrandi@example.com,2493417231,Brownfurt,NE,2024-02-06,Standard,
2081,Jamie Meyers,corygardner@example.com,+1-293-758-4047,Davisburgh,MP,2026-08-11,Standard,
2082,gregory vincent,craig65@example.com,(367)215-7111x2070,Connieshire,ID,2023-03-06,Silver,False
2083,Katherine Lawrence,lindahenson@example.org,(652)257-6150x335,Joneschester,TX,2025-04-08,Standard,True
2084,Kellie Huber,fuentesjames@example.org,(299)378-5321,East Rachel,ND,2025-03-27,Standard,
2085,Keith Ramirez,wrightsarah@example.com,(484)790-1405x650,Kelleyton,TX,2024-01-26,Standard,
2086,Amber Nguyen,thomassally@example.net,+1-590-846-3691x991,Alyssaside,ID,2025-02-10,Standard,False
2087,Theodore Perry,ygraves@example.com,+1-371-777-5296x94269,Jasminemouth,ND,2022-12-16,Silver,False
2088,mark davis,jonathancollier@example.com,001-670-350-8755x05624,Ramosshire,VT,2023-12-10,Standard,True
2089,Darius Berry,aliciabrown@example.com,001-414-320-1349x843,Allenfurt,HI,2022-11-19,Gold,
2090,melissa gonzalez,mary23@example.com,+1-827-633-0890x34544,Port Gregory,CA,2022-07-19,Gold,
2091,Amanda Sexton,kenneth96@example.net,(617)873-0790x99199,Barnesmouth,AK,2026-07-15,Standard,True
2092,Brandon Williams,richard25@example.com,001-762-710-9028x057,North Lindaview,ME,2024-04-03,Standard,
2093,Samuel Whitaker,cfrazier@example.com,001-472-575-6220x2175,West Jamestown,DE,2022-04-28,Standard,False
2094,Michelle Park,levyelizabeth@example.org,9329489323,Robertfort,RI,2025-02-21,Standard,True
2095,JASMINE GARDNER,mariahramirez@example.com,842.768.9880x77574,Ericamouth,OH,2026-03-22,Silver,True
2096,Holly Rowe,joshuawest@example.org,968-529-8516x522,Danielside,NH,2022-11-27,Silver,
2097,David Sims,justin77@example.com,476-939-7103x1887,Russochester,AR,2023-07-24,Standard,
2098,Kathy Boyd,tkim@example.com,001-820-550-5784x6221,Kelseymouth,CO,2025-12-04,Gold,False
2099,Evan Wilson,christopherbrown@example.org,+1-338-629-8790x86865,Masseyton,WY,2023-11-12,Standard,True
2100,Robert Rojas MD,gford@example.net,752-926-4124x65529,Churchborough,PW,2025-05-29,Gold,
2101,David Smith,,(227)411-3180,Lake Joshuahaven,AR,2022-07-31,Silver,True
2102,KIM RAMOS,lisa55@example.com,+1-573-843-2823x91321,Carpenterview,RI,2020-11-12,Standard,True
2103,Jose Smith,peter87@example.org,(997)358-4562,South Brian,FL,2023-10-13,Platinum,True
2104,Samuel Fox,anne90@example.net,2668094783,Port Ronald,MO,2022-03-26,Standard,False
2105,Steven Weeks,rthompson@example.com,001-546-231-2842x09274,Lake Christopherberg,AZ,2024-12-31,Gold,True
2106,Gloria Davis,deannaromero@example.org,768.440.5416,South Alan,WI,2021-10-07,Silver,
2107,Kathleen Watson,potterjamie@example.org,001-660-673-4784x3267,Nelsonbury,CA,2023-11-26,Standard,True
2108,VIRGINIA TAYLOR,amybeck@example.com,337-867-3058x582,Kathleenchester,ND,2025-05-02,Silver,
2109,brandon taylor,hernandezstephanie@example.com,489.783.9230x78141,Smithchester,NV,2021-07-26,Gold,
2110,Ronald Warner,meaganevans@example.net,547-359-7113x15687,East Kennethfurt,AS,2026-02-04,Standard,True
2111,REBEKAH MERCADO,tammy84@example.com,531.409.0358x58726,Bellburgh,NM,2022-06-14,Standard,False
2112,jasmine lopez,thompsonandrea@example.com,(988)207-3664,Wongmouth,OR,2024-06-24,Standard,
2113,Nicholas Mccoy,ralvarado@example.org,001-935-262-3950x2111,North Billyberg,HI,2024-12-09,Standard,
2114,david brady,weaverjimmy@example.net,(360)289-8046x617,West Theodoreside,HI,2021-06-11,Standard,True
2115,Harold Cunningham,mackrebecca@example.org,001-706-965-0688,Maxwellburgh,NH,2022-04-04,Standard,False
2116,JEFF ALLEN,brian45@example.org,(832)670-5241x6945,Herrerafurt,NH,2026-05-14,Gold,
2117,Mary Dawson,hmendez@example.com,(984)600-0013,South William,NM,2023-01-21,Standard,
2118,john romero,jameswhite@example.com,001-383-737-6223x3450,Davidfort,MO,2025-01-24,Silver,False
2119,Jennifer Briggs,williamsdenise@example.org,9595118624,Lake Stephanie,ME,2022-11-22,Gold,
2120,Dominique Anderson,ostuart@example.org,555-380-0875x75751,Lake Jenny,DC,2023-09-22,Gold,
2121,Maurice Medina III,oherrera@example.com,3136813854,New Jeremiah,MO,2026-04-21,Standard,True
2122,Jody Jones DVM,fwright@example.net,6109653605,East Thomasbury,CO,2025-02-11,Standard,True
2123,Sherry Martin,amcdonald@example.net,+1-299-706-0418x696,Powellville,CO,2024-06-09,Platinum,
2124,Chelsea Ray,mccarthyvalerie@example.com,564.335.8309x75336,Belindaberg,NY,2025-08-06,Standard,False
2125,Kent Black,ewilson@example.com,+1-268-863-4549x6422,West Kim,NC,2024-06-14,Silver,True
2126,Craig Whitaker,beckjean@example.com,(663)544-9108x853,New Marthaburgh,NV,2025-04-27,Gold,False
2127,Jesse Shepard,nhunter@example.com,8799328181,South Shannonville,DE,2025-01-09,Platinum,False
2128,Christopher Brandt,bwiggins@example.org,245.274.1791x8480,Port Alexisland,IN,2020-09-18,Silver,True
2129,Melissa Jackson,hillamy@example.org,401-913-9215x819,Crosbyview,LA,2022-02-09,Standard,True
2130,Jason Roberts,ujones@example.net,668-991-5833x6597,Lake Sydneyville,LA,2022-03-05,Standard,True
2131,Melissa Morrison,glennkristina@example.org,826.856.1978x96812,Vegashire,DE,2023-10-08,Standard,True
2132,Sarah Brennan,rbooth@example.org,+1-986-965-7486x59775,Olsonhaven,AK,2022-12-26,Standard,False
2133,ANDREW BRIGGS,jamessimon@example.com,839.934.7412,Cabreramouth,AR,2020-11-29,Standard,
2134,Kimberly Ayers,,260-752-1732x133,Beckershire,GA,2023-05-11,Gold,False
2135,stacy bird,briannamontoya@example.com,001-376-293-0888x37079,Andersonland,MI,2025-06-21,Standard,
2136,Eric Weber,dcollins@example.org,+1-784-886-7117x2498,West James,MN,2025-02-14,Standard,False
2137,Shannon Booker,damon26@example.com,(240)389-6287,East Melanie,MN,2025-08-29,Standard,False
2138,Jerry Brown,dixondavid@example.org,3452999207,East Christian,CT,2025-12-04,Standard,False
2139,Jennifer Edwards,samanthacruz@example.net,873-741-7414,Kevinland,AS,2026-08-19,Standard,True
2140,shannon mahoney,michael16@example.com,001-891-656-6303x6338,Cookton,NV,2026-08-05,Gold,True
2141,Gabriel Lam,melanie01@example.net,865-836-4706,Washingtonville,GU,2026-04-20,Silver,
2142,Eric Peterson,stacy48@example.com,391-653-5090x435,South Sharonberg,PA,2025-10-02,Standard,
2143,JENNIFER GARCIA,duanebryant@example.org,6499912643,Lake Chelseaville,OK,2024-12-10,Standard,
2144,HEIDI SPEARS,chaneymichele@example.org,001-823-762-5932,Francisville,DE,2025-06-25,Gold,True
2145,Lisa Erickson,taylorkayla@example.org,4066238183,Darrenfort,OK,2026-07-28,Silver,
2146,Bryan Espinoza,nsmith@example.org,372-592-3359,West Jamie,MH,2021-03-18,Standard,False
2147,Christopher Webster,tball@example.com,(404)409-4147x716,New Debraport,LA,2022-12-01,Standard,
2148,Thomas Ross,fanderson@example.org,486.447.3223,Ericchester,ID,2022-12-29,Silver,False
2149,Molly Long,moorejohn@example.com,328-978-4759x04474,Collinsview,KY,2023-05-24,Silver,False
2150,Kevin Contreras,hughesmarc@example.com,529.632.4448,Davidshire,MN,2021-02-21,Standard,
2151,JOSHUA TERRY,zwebb@example.com,828.415.7066x2501,North Kevin,TN,2022-08-04,Standard,True
2152,Calvin Salazar,amy72@example.com,449.226.1528x30568,New Gregoryfort,SD,2025-09-03,Gold,True
2153,Jonathan Hurst,whitneycarpenter@example.org,(321)509-4235x479,Lake Ericshire,DC,2023-09-09,Silver,
2154,Alexandra Edwards,smithemily@example.org,(579)782-5799,Sarahburgh,NE,2024-03-14,Standard,True
2155,Ryan Evans,foleytaylor@example.net,2038781715,Eddiefurt,AL,2025-06-01,Standard,True
2156,Kristina Richards,,001-420-885-1512,Riverstown,OK,2023-09-18,Standard,False
2157,Tracy Roberts,samantha17@example.org,(290)336-4873x725,West Carrie,NE,2024-03-05,Standard,True
2158,christina wolf,valerievelazquez@example.net,786.971.5429x599,Port Bonniemouth,TN,2023-09-18,Standard,
2159,Andrew Mercer DDS,harmonjanet@example.org,353.936.3592,East Joseph,MA,2025-11-23,Standard,False
2160,Frank Rivers,hfisher@example.net,+1-343-787-0611x5421,Carlaville,RI,2025-03-13,Standard,False
2161,Erika Carpenter,alvarezjesse@example.net,(364)281-4313x7400,Port Danielchester,IA,2021-07-25,Standard,
2162,Ryan Young,qreed@example.net,001-951-389-8197x8551,Justinbury,MO,2024-01-04,Silver,
2163,Amanda May,josephmorrison@example.com,+1-293-304-9408,North Robertmouth,MO,2024-02-25,Standard,True
2164,Joseph Robinson,christopherruiz@example.org,(264)803-0750x5999,Andrewville,AR,2024-05-10,Standard,True
2165,Kenneth Alexander,bwood@example.com,+1-720-586-5374x945,North Alicia,VI,2022-12-06,Silver,False
2166,Nicholas Cook,jonathanford@example.net,826-588-8107,North Christopher,NH,2025-09-24,Standard,True
2167,Allison Burton,marshallrodney@example.org,001-925-858-8119x127,West Melissaside,AK,2020-11-30,Standard,
2168,Deborah Martinez,ymcdonald@example.net,9043259765,West Jonathan,VI,2023-05-18,Standard,False
2169,William Carroll,christopher61@example.com,001-690-614-0905,Melissachester,GA,2022-10-11,Gold,
2170,Brianna Rodriguez,john97@example.net,490.676.6675,Hunterbury,CT,2024-07-27,Silver,True
2171,Karen Wheeler,sullivanrachel@example.net,512-845-0778,West Brad,AS,2025-09-14,Standard,True
2172,Amber Garcia,victoriastevens@example.com,(723)793-5260x17726,Port Phyllisberg,WY,2024-06-02,Platinum,True
2173,George Bauer,mandyknapp@example.org,782-533-2002,West Mariafurt,NJ,2026-06-30,Standard,
2174,jesse stephens,jeffrey11@example.com,(648)535-6287x5318,South Keith,FL,2025-01-30,Platinum,
2175,Michael Michael,hking@example.com,001-216-963-9303x22168,North Williamland,MP,2021-05-04,Gold,False
2176,Sandra Rogers,tanya12@example.com,321-988-3340,New Rachelview,UT,2024-11-18,Silver,
2177,Sonya Woodard,wreilly@example.net,(625)736-7117x1203,Holtville,SC,2024-12-06,Silver,True
2178,James Petty,jaredsmith@example.org,(642)523-7166,Lake Jessica,WA,2026-07-22,Gold,False
2179,Heather Miller,ksims@example.org,515-229-2709,Cainchester,SC,2025-06-22,Standard,True
2180,Trevor Hale,lunaclarence@example.net,810.210.9104,Port Martinton,ME,2022-03-20,Standard,
2181,Stephanie Nichols,fmckinney@example.org,589.453.7227,East Matthewborough,HI,2024-03-10,Silver,True
2182,Kimberly Mcfarland,amejia@example.net,001-365-677-6543x9592,Youngland,GA,2022-07-10,Standard,
2183,Grace Young,tgreen@example.net,416-408-4781,East Dawn,KY,2025-12-01,Silver,True
2184,Rebecca Ramirez,amanda85@example.net,(394)645-1421x5729,South Jennifer,NJ,2024-10-01,Standard,True
2185,Kerry Nelson,scottfloyd@example.net,(512)939-5545x2591,Port Tamara,GU,2021-01-22,Silver,False
2186,Mark Contreras,acevedosydney@example.com,+1-803-499-3468,Lake Timothyborough,OK,2023-02-26,Standard,
2187,paige logan,anamoore@example.net,001-618-735-0739,Alexton,MO,2021-05-15,Silver,True
2188,michael baker,stevenshaw@example.com,001-662-717-6272x43814,Oneillstad,CO,2023-09-25,Silver,
2189,Leslie Chavez,debrajones@example.com,(433)384-5545x0122,Anitaborough,CO,2024-12-07,Silver,True
2190,Hunter Obrien,spencerabigail@example.net,309.922.2024,Russellshire,NV,2021-06-11,Silver,False
2191,Ruth Powell,heathermoore@example.org,(867)440-0097x7354,Elizabethstad,OR,2020-12-13,Standard,True
2192,Brandon Diaz,brettmartin@example.org,736-846-6937x067,Kellyborough,SC,2020-10-13,Silver,False
2193,Catherine Jones,renee57@example.org,7557532168,Aaronfurt,GU,2021-03-12,Standard,False
2194,Jacob Gomez,jessicabrown@example.org,(888)849-9392,North Anthonymouth,WI,2026-03-24,Standard,True
2195,Kerri Mitchell,jessica05@example.org,+1-436-214-1637x07274,Port Tiffanystad,AR,2026-01-05,Standard,False
2196,regina smith,ohudson@example.net,278.781.0485x915,Georgeport,OH,2021-10-10,Standard,False
2197,MACKENZIE PARKER,victor14@example.org,+1-388-577-9515x69922,Welchshire,AZ,2025-03-21,Standard,False
2198,Joseph Craig,holly63@example.org,7994479141,Dillonfurt,NM,2024-06-12,Standard,True
2199,Brian Rogers,aramirez@example.net,(378)356-3716x4361,Trujillostad,OR,2025-08-09,Gold,False
2200,Brenda Jones DDS,tboyd@example.com,+1-325-263-4325,Port Christopherburgh,TN,2025-07-17,Standard,
2201,Kelly Steele,ashley14@example.org,6113201747,Glendashire,NE,2026-03-22,Standard,
2202,ROBERTA MERCADO,kimberlybrown@example.net,224-958-2470,New Henryhaven,SD,2021-04-03,Gold,True
2203,Nicholas Ortiz,frank42@example.net,470-226-9154x6669,Hamptonburgh,OK,2025-05-24,Silver,True
2204,Paul Young,cortezalexandra@example.com,9867334453,New Geraldtown,UT,2023-06-07,Standard,True
2205,Yolanda Price,huberangela@example.com,6276836268,Lake Nancyport,AS,2021-11-18,Standard,True
2206,Deborah Bryant,reedpaula@example.net,+1-226-206-0823x820,New Thomas,AL,2026-07-12,Silver,True
2207,DR. CHARLES ADAMS,,853-209-2222x12881,Port Stephanie,GU,2023-03-16,Gold,True
2208,Wesley Thompson,jeremysimpson@example.org,642-441-6083x8814,East Gina,ID,2023-11-24,Standard,True
2209,Monica Coleman,lwilson@example.net,910.781.8632x133,North Kimberly,MI,2021-06-09,Standard,True
2210,Dawn Anderson,djohnson@example.com,999.674.4225x97303,Deborahhaven,IL,2024-08-25,Gold,False
2211,derrick walker,waltonpamela@example.org,(708)930-7736x6758,Friedmanmouth,NH,2025-05-17,Silver,
2212,gary walker,victorcordova@example.org,(638)994-0569,Gillburgh,NH,2025-09-20,Silver,True
2213,BARBARA PAUL,murraycrystal@example.org,880-399-5224x275,Moranmouth,FL,2026-04-24,Standard,
2214,Nicholas Greer,brownsean@example.net,656-677-4735x10674,Port Jennaville,UT,2021-01-01,Silver,False
2215,Kelly Bridges,younglisa@example.com,001-792-730-0833x41871,Port Jamesborough,AR,2023-01-25,Silver,False
2216,Tony Boyle,karenadams@example.org,373.912.9504,Annetteshire,NH,2025-05-04,Standard,False
2217,Maria Anderson,nfox@example.net,(283)898-6391,North Joshua,NE,2022-01-17,Standard,True
2218,Susan Velez,amyyork@example.net,894-686-7076,Marciashire,CA,2025-08-29,Silver,
2219,Andrew Cooper,scottbonilla@example.com,573-201-8087x25842,East Danielle,NJ,2021-05-25,Standard,True
2220,Catherine Vazquez,eric52@example.com,001-823-911-4341x66382,Shermanshire,NV,2026-03-30,Standard,True
2221,Brian Armstrong,richard53@example.net,965-374-0968x3486,Nealfurt,WY,2021-06-20,Standard,False
2222,brandon jimenez,perrysmith@example.org,001-490-881-1000x77831,South Danielle,CA,2021-08-16,Gold,
2223,Dr. Daniel White,brian81@example.net,639.722.7445,Kaylafort,GA,2024-03-13,Silver,False
2224,Michelle Copeland,justin77@example.org,240.866.8679x942,East Thomasside,VI,2023-05-04,Standard,
2225,Bradley Castro,,393-408-7879x09128,East Rachelborough,MD,2021-09-01,Silver,
2226,Rachel Rodriguez,cmendoza@example.org,(622)551-9335x6284,Chambersside,HI,2025-06-19,Silver,False
2227,Alyssa Kline,michaelterry@example.org,3434209182,Timothyfurt,TN,2025-12-23,Silver,
2228,MARY PALMER,leeconnor@example.org,+1-640-399-3751x376,Jillianville,VT,2023-03-11,Silver,False
2229,justin hodge,hawkinslisa@example.org,+1-620-284-9653x851,Sharonside,LA,2024-04-01,Standard,True
2230,Robert Perkins,heatherbrown@example.org,4754287997,Thomasmouth,AR,2025-03-14,Standard,True
2231,Luis Kline,batesolivia@example.org,725.444.9550x3079,Johnchester,NJ,2021-06-13,Gold,False
2232,Malik Alexander,kmeyer@example.org,651.263.8066x267,South Jasonberg,GA,2026-06-24,Standard,
2233,Kathryn Hill,robinsoncasey@example.net,+1-654-640-2919x56505,Lake Josephburgh,AS,2024-05-19,Silver,True
2234,Garrett Morales,denniswatkins@example.com,517-248-6369,Amberfurt,AZ,2021-06-08,Silver,
2235,Rebecca Baker,ellen17@example.com,+1-531-372-6108x456,Seanshire,MO,2023-07-11,Standard,False
2236,George Rose,vward@example.net,837-799-7881x66809,North Autumnhaven,OH,2021-04-19,Standard,
2237,Michele Lee,christopherbowman@example.net,001-554-657-4770x60855,Michelleport,WV,2023-05-08,Standard,False
2238,CHRISTOPHER OWENS,kyle15@example.com,(327)270-1562x669,Davidshire,FL,2026-05-05,Standard,True
2239,dawn allen,hendersonkathleen@example.com,001-760-566-4932x375,Lake Laurie,IN,2020-11-01,Standard,
2240,David Moore,william92@example.net,+1-220-266-6534x7971,East Meganland,AL,2024-08-07,Silver,True
2241,christopher barnes,dsweeney@example.net,8884644991,Nealchester,MI,2020-11-29,Standard,False
2242,Lisa Phillips,michaelchang@example.org,(491)953-5375,New Stevenfurt,WA,2020-09-11,Standard,False
2243,Christopher Taylor,jasonjohnson@example.net,2705177446,Vickifurt,KS,2023-01-16,Silver,True
2244,Mr. Jesus Blake,codyanderson@example.org,315.934.9762,Charlestown,MP,2024-02-15,Standard,
2245,Jodi Garcia,jamesann@example.net,(268)498-2397x32786,Heatherchester,IL,2025-03-14,Silver,
2246,Henry Estrada,jonescarl@example.net,+1-291-349-9525x35953,Diazshire,VA,2025-12-31,Silver,False
2247,victor heath,michael99@example.org,952-310-2038x870,Port Julie,NE,2023-08-09,Standard,
2248,Carlos Thomas,ballardadam@example.com,(787)697-5210x08486,West Erica,MA,2020-10-22,Standard,True
2249,Kelly Hess,gabrielbrown@example.net,+1-454-541-7105x6739,Websterton,NH,2024-12-03,Standard,False
2250,Danielle Black,pthomas@example.com,001-283-289-5175x20477,Adrianatown,TX,2026-08-12,Standard,False
2251,Joel Wright,michaellewis@example.org,543.683.2622x506,South Joe,WA,2026-05-16,Standard,True
2252,Trevor Vincent,greenstacy@example.com,(275)503-8095x41852,Garciaton,GU,2024-10-03,Gold,False
2253,Alicia Campos,jefferycox@example.org,001-880-299-3409,Lake Allisonfort,FM,2026-02-01,Standard,False
2254,Mary Long,adrienne42@example.org,(627)476-8575x564,South Tristan,AK,2026-06-02,Standard,True
2255,Robert Anderson,tsummers@example.net,322-621-6609x523,Jonesport,HI,2021-03-12,Standard,False
2256,Melody Beck,cibarra@example.net,812.540.4938,Thomasbury,CA,2025-02-26,Gold,False
2257,Gregory Robinson,tgonzalez@example.com,763.606.5858x276,Gatesshire,CA,2026-03-13,Standard,False
2258,kristen burns,bowmanjennifer@example.net,281-944-2983x68761,Andrewfurt,CO,2022-09-30,Standard,False
2259,Theresa Gomez,,807-849-8188,North Nathanhaven,PA,2021-04-09,Standard,
2260,Nicholas Gonzales Jr.,fmckee@example.net,(468)231-5624,Williamsland,WI,2020-11-03,Silver,False
2261,victoria butler,cooperjohn@example.org,(982)319-4719x0232,Port Heidibury,DC,2021-04-03,Standard,
2262,Marcus Taylor,johnjohnson@example.org,289-690-5643x1721,Clarkland,WY,2022-09-19,Standard,False
2263,Pamela Cross,pearsonashley@example.com,+1-535-305-4459,East Teresaberg,MI,2021-02-06,Standard,False
2264,TYLER RAY,glee@example.org,(405)640-7647x186,South Amy,DE,2022-06-06,Standard,
2265,Gary Mcconnell,karencampbell@example.net,6727078458,Brianberg,GA,2021-10-24,Gold,True
2266,MR. AARON DAVIS,hendersonryan@example.com,(752)379-3444,South Scottport,SD,2023-05-04,Standard,True
2267,Aimee Chang,alexisclark@example.com,537-910-8425x7542,West Jason,KS,2021-07-16,Silver,
2268,WILLIAM ODOM,gmeyer@example.net,+1-832-225-3502x2774,East April,NM,2024-01-26,Gold,False
2269,John Smith,thobbs@example.com,001-652-422-1200x4023,East Jeremyside,NJ,2025-12-03,Silver,False
2270,Jacqueline Tate,michaeljohnson@example.org,(815)663-8366,South Monica,NY,2024-07-09,Gold,
2271,ELIZABETH JONES,uweaver@example.net,834-945-5329,Leemouth,OR,2022-12-05,Silver,True
2272,kimberly davis,arodriguez@example.com,734.628.0911,South Williamport,PA,2022-07-19,Standard,True
2273,Peter Byrd,elizabeth11@example.net,+1-240-965-4765x12674,Lindastad,CT,2025-06-09,Gold,True
2274,Timothy Gutierrez,jeffreyestrada@example.com,(751)858-2230x94760,Ortizstad,TN,2021-11-17,Standard,
2275,DONALD HERMAN,jerrymorse@example.com,446-779-6938,Port Christina,AS,2025-04-03,Standard,True
2276,tammy sosa,danielle29@example.org,931.516.8674x47868,North Stephen,ND,2022-05-24,Silver,True
2277,Luis King,alvaradotracie@example.com,001-297-718-7015x39874,Chrisland,OR,2021-03-12,Standard,True
2278,Lauren Robbins,diane11@example.com,426-414-2274x0451,Melissahaven,OK,2025-07-06,Silver,True
2279,Marie Johnson,williamsjoe@example.com,+1-243-318-9100x49246,New Courtney,KS,2024-07-15,Standard,False
2280,Molly Sosa,zsantana@example.org,950-281-0866,Sarahberg,WA,2024-09-06,Standard,True
2281,Joann Smith,marcolambert@example.com,828-323-5984x887,Campbellhaven,UT,2024-02-23,Standard,False
2282,Christopher Hernandez,ashley05@example.net,+1-537-806-2723x5264,North Johnhaven,WY,2026-04-09,Standard,
2283,Michael Harrison,nmartin@example.net,375-648-7009x646,Berryview,NY,2025-12-25,Standard,
2284,Kayla Stafford,richard01@example.com,(985)786-7789x53249,New Jason,IN,2022-02-22,Silver,False
2285,Shelly Duncan,daviddennis@example.org,+1-561-957-4236,Lake Jefferyland,NH,2024-07-11,Standard,
2286,Joshua Stephens,zmitchell@example.org,001-520-846-5456x566,South James,VT,2021-02-10,Standard,True
2287,Christine Montgomery,nicoleclark@example.org,921-503-7998x2048,Sharpland,HI,2023-12-27,Standard,
2288,Jermaine Miles,jodysoto@example.net,001-259-301-2929x9292,East Scott,WA,2022-01-24,Standard,
2289,Sonya Reeves,brandon74@example.net,+1-511-439-2823x6964,Hoffmanland,IA,2022-05-23,Silver,
2290,Michelle Robinson,annarivas@example.com,001-773-861-4047x6194,Lake Jenniferside,CT,2023-12-21,Standard,False
2291,Alexandra Lyons,doris29@example.org,(531)497-8958,North Rebeccaton,TX,2023-09-16,Standard,False
2292,Melissa Sellers,jmoore@example.net,(674)678-3019,North Williamside,IL,2024-01-13,Silver,
2293,Danielle Morgan,rcarter@example.net,001-441-578-5847x70239,North Carriestad,NV,2022-07-09,Gold,False
2294,Anna Carter,joannewallace@example.net,001-823-541-0242x505,North Sallyburgh,NE,2026-02-25,Standard,True
2295,Steven Bautista,dmcguire@example.com,+1-689-461-7687x29620,Richardsonside,SC,2025-09-18,Gold,
2296,Melissa Macdonald,williamsanthony@example.net,(359)923-0651,Grantmouth,MH,2021-03-16,Silver,
2297,STEPHANIE GUERRA,gallowaykyle@example.com,6547690508,South Kaitlintown,PW,2021-05-22,Gold,
2298,Olivia Mendoza,prestonmaria@example.net,+1-675-626-3228,East Jerryborough,MD,2022-03-26,Platinum,True
2299,Christopher Nielsen,lewiskaitlin@example.org,2238358235,South Kyle,CO,2023-12-27,Platinum,False
2300,Jacqueline Merritt,garycarney@example.org,416-614-3543x491,Elizabethmouth,VA,2025-02-15,Standard,False
2301,EDWARD HALL,brianvelasquez@example.org,5587181585,Port Morganberg,PA,2022-05-24,Gold,False
2302,Kimberly Johnson,cheryl94@example.org,833.731.2938x655,Port Ericberg,AL,2021-08-03,Standard,
2303,Colton Mann,rmckay@example.net,001-827-795-1324,New Jacobstad,FM,2024-07-04,Standard,False
2304,jeffrey soto,wilsonjoseph@example.net,398.234.0077x160,Port Daniel,NV,2026-04-22,Standard,True
2305,Lawrence Cunningham,gregoryrichardson@example.org,+1-439-475-3175x2861,Yvetteton,AZ,2025-07-04,Silver,True
2306,Kathleen Fletcher,patelmatthew@example.net,9227874089,Mcgrathhaven,VA,2021-06-26,Standard,False
2307,Darryl Miller,zimmermanernest@example.com,621-949-2884x1634,Santosburgh,NM,2022-03-30,Standard,False
2308,Richard Li,christinegarrison@example.org,5555157045,West Jefferyview,OH,2024-07-13,Platinum,True
2309,Kristina Hunt,hannahblack@example.com,233-373-1402x9030,East Catherineland,DE,2021-05-06,Standard,False
2310,gregory mccann,bmedina@example.org,763-548-4430,Sarafort,MA,2024-07-14,Standard,True
2311,Jose Woodard,allisonferguson@example.org,(913)371-9588x0732,Oscarstad,MA,2026-01-12,Standard,False
2312,JESSICA MEYER,olewis@example.net,001-687-620-3238x32270,East Thomas,UT,2022-06-10,Standard,True
2313,Harold Dunn,josecastro@example.org,(633)210-8185,Julieland,KS,2022-06-07,Standard,False
2314,Michelle Wells,rreid@example.net,5994447181,Katherinechester,FL,2022-02-02,Standard,True
2315,Tracy Davis,michaelkim@example.net,670.325.5563,Dannystad,NH,2025-12-23,Standard,True
2316,Wendy Brown,kherman@example.org,(339)666-5285,New Aaronburgh,WI,2026-07-18,Silver,True
2317,Matthew Hill,lbailey@example.net,001-792-550-7633x73643,Rodriguezville,LA,2026-07-21,Silver,False
2318,Anthony Shields,alyssa04@example.org,001-986-632-3102x65574,Carriefurt,MO,2023-01-15,Gold,False
2319,Charles Ross,kennethjackson@example.net,001-874-609-3934,Trujilloborough,MN,2023-08-15,Gold,False
2320,Sharon Parrish,laurenharmon@example.com,(462)867-1889,Brownborough,NE,2021-12-28,Silver,
2321,JAMES ROBINSON,,(617)975-9414,Mclaughlintown,WI,2021-01-25,Gold,
2322,Danny Haley,dchapman@example.net,862-276-2439,Walkerton,NH,2022-05-10,Silver,False
2323,Carrie Erickson,wellstracy@example.org,+1-856-939-2118x78162,Robinsonville,AR,2024-03-19,Gold,False
2324,Robin Weber,kentnorman@example.com,850.309.4794x79293,Wyattberg,PW,2022-10-18,Standard,False
2325,Theresa Stephens,,001-929-868-6367,New Nicholas,IN,2025-01-23,Standard,False
2326,david smith,award@example.com,2843138389,South Loganberg,WY,2025-11-10,Silver,
2327,Robert Barry,fharper@example.com,+1-698-286-1825x6166,New Danielle,DC,2023-12-10,Standard,True
2328,BRIANNA BULLOCK,erinphillips@example.com,(916)251-7586x66265,Rebeccaside,AS,2026-01-07,Silver,
2329,Kenneth Gonzalez,anthony91@example.org,001-969-517-6498x57742,Ashleyview,AR,2023-11-09,Standard,
2330,Sherry Johnson,kevin20@example.net,(664)965-2967,New Cassandraland,UT,2024-10-01,Silver,
2331,katherine hobbs,barberbrandon@example.org,597.876.6002x200,Kendraborough,NY,2023-04-03,Standard,
2332,Francisco Thomas,craig45@example.net,001-362-312-0254x094,New Kristin,MA,2021-09-04,Standard,
2333,MICHAEL DAVIS,tflores@example.net,+1-836-449-5092,Woodfort,FL,2022-03-30,Silver,False
2334,Molly Dawson,mitchelljames@example.org,(214)232-8858x9947,Harperside,DE,2021-01-12,Silver,
2335,Richard Kennedy,scottbeth@example.com,813-964-6890,Ambertown,ID,2023-12-27,Standard,True
2336,Robert Flynn,cwilliamson@example.com,687.451.8953,Davidsonton,IN,2024-04-08,Standard,True
2337,monique glover,jessepalmer@example.org,414-532-6944x104,North Arthur,UT,2024-02-01,Standard,False
2338,Jasmine Payne,heatherbenson@example.org,987-681-9342x114,Harrisonfort,IN,2025-11-25,Standard,True
2339,Michael Wright,nicole17@example.org,424-632-1979,Patrickfurt,DE,2021-09-09,Standard,False
2340,Garrett Joseph,williamsmartin@example.com,341.572.7340x69754,South James,VT,2023-06-14,Standard,False
2341,Mary Garcia,sarah89@example.org,(598)530-9221,Johnsonmouth,WY,2020-09-16,Standard,True
2342,Zachary Ortiz,crawfordchristine@example.org,4627873451,New Scottberg,ND,2024-11-16,Silver,
2343,James Weber,davidstrong@example.org,+1-427-286-3487x6561,Obrienstad,MD,2025-01-24,Standard,False
2344,Calvin Johnson,jason61@example.com,(467)385-9713x4112,West Garyborough,OH,2025-05-20,Standard,False
2345,Christopher Hayes,wflores@example.com,(808)255-4885x980,Johnside,NJ,2024-06-15,Standard,True
2346,Lisa Lane,katrina06@example.org,(769)409-5940,New Aliciatown,HI,2023-10-07,Gold,True
2347,Kathleen Jimenez,patelpaula@example.org,930-429-3336x77052,Jimport,CT,2026-03-02,Standard,
2348,Ryan Cole,cobbdouglas@example.org,325.888.8404,South Joshua,DC,2024-11-27,Silver,True
2349,Ashley Garner,kevin44@example.net,350.524.6101x68107,Washingtonshire,PR,2021-04-05,Silver,False
2350,todd walters,shelby46@example.org,637.220.4032x404,East Charlesside,MA,2025-02-20,Silver,False
2351,Wendy Wilkerson,rachelavila@example.org,(414)855-0129x0431,Pattersonmouth,MI,2026-05-28,Standard,True
2352,LEONARD LAMB,patrickclark@example.org,3942816853,Pottston,CA,2022-12-23,Platinum,
2353,Timothy Harrison,bowersjanice@example.com,001-639-424-6783x146,Kelseyhaven,AS,2025-03-19,Platinum,False
2354,Charles Baker,claudiaflowers@example.com,+1-447-373-2372x4929,East Devon,AL,2023-10-12,Gold,False
2355,Jamie Mendez,richard56@example.net,(474)850-5695,Port Nicoleshire,CT,2026-03-28,Gold,
2356,Lori Boyd,moorematthew@example.org,(856)221-9747,Jessicaton,ME,2021-11-15,Standard,False
2357,Charles Byrd,nicholas61@example.com,6469430072,Barrytown,PW,2021-07-23,Standard,True
2358,andrea robinson,nsherman@example.com,476-969-3777x2424,Kimberlyland,HI,2022-10-26,Silver,
2359,Margaret Townsend,andersonjill@example.org,(312)649-9877x99948,South Jasmineville,HI,2025-10-03,Silver,False
2360,Victor Cummings,robin86@example.com,225.886.8481,West Steve,MS,2025-10-04,Standard,
2361,cory wyatt,estafford@example.org,8546152807,Mirandatown,DE,2022-10-05,Standard,True
2362,Yvonne Calhoun,elizabethlee@example.org,406.553.8137x8956,Kennethbury,MN,2023-03-14,Standard,True
2363,kevin smith,amy96@example.org,001-785-395-2405x004,Lake Raymondfurt,WV,2024-07-29,Silver,False
2364,Jose Lane,danielleclark@example.net,+1-381-358-8322x5702,Danielsfurt,MO,2023-02-14,Standard,False
2365,Caitlyn Ryan,aliciaphelps@example.com,+1-689-565-6917x815,Prattland,MD,2026-07-03,Silver,True
2366,Travis Price,justin34@example.com,001-843-803-4267x845,North Katrinastad,MO,2022-02-14,Standard,False
2367,Jason Smith,dparker@example.com,387.666.0178x296,Perezmouth,LA,2024-01-19,Standard,True
2368,Brittany George,shirleyorr@example.org,7194969946,South Kellystad,SD,2026-03-15,Silver,False
2369,Susan Payne,james86@example.net,743-780-6841x4579,Gonzalezland,MA,2023-01-10,Silver,True
2370,LAURA LARSON,hday@example.org,(361)830-2327x639,Kimberlyfort,IL,2024-06-23,Silver,
2371,Joanne Mills,arichardson@example.com,918.717.5340x9619,North Lindamouth,MT,2026-07-05,Standard,False
2372,Diane Ramirez,hwilliams@example.org,001-916-426-9696,Frenchhaven,UT,2026-05-19,Silver,
2373,Cindy Pacheco,nicolasclark@example.com,319.468.2436,North Russellside,UT,2025-09-06,Standard,False
2374,Jimmy Esparza,orichards@example.com,001-870-612-9839x4541,Johnsonville,MI,2024-05-14,Standard,
2375,Michael Long,amyconway@example.org,4454578685,Port David,WA,2020-12-05,Standard,False
2376,James Bauer,tlucas@example.net,644-420-1803,Lake Nicholasside,NH,2026-07-15,Silver,False
2377,Tim Johnson,ebutler@example.net,8819796211,East Joeview,MS,2025-10-06,Silver,True
2378,Veronica Sanders,cassandra80@example.net,001-216-865-8136x6222,Lake Anthonyville,IA,2024-11-08,Standard,
2379,Heidi Russo,mgreer@example.net,478-634-8814x608,Turnermouth,OK,2025-10-28,Standard,False
2380,Daniel Collins,lamberttanner@example.com,(766)219-6213x2392,Lake Stephanieshire,NJ,2024-10-26,Standard,True
2381,Phillip Taylor,myersmelissa@example.net,001-508-572-6705x119,New Andrewmouth,SC,2025-07-15,Standard,False
2382,Steven Monroe,burkejohn@example.com,(901)585-9052,North Kathymouth,FM,2023-09-28,Silver,
2383,Katherine Lopez,daniel86@example.com,001-403-484-1019x5992,Brendaview,KS,2023-01-14,Standard,
2384,Mitchell Ross,christianashley@example.org,001-522-409-7648x618,Lindamouth,UT,2025-06-05,Gold,False
2385,christopher jones,ericksongeorge@example.com,(205)918-2080x8617,East Matthewhaven,VT,2024-03-15,Standard,
2386,BRITTANY BAKER,onealhannah@example.com,903.465.9592x570,Wilkinsonshire,GA,2022-07-08,Standard,
2387,Michelle Reese,mosleypamela@example.org,001-872-913-7026x1671,Port Tyler,FL,2024-04-14,Standard,True
2388,Andrew Martin,connornichols@example.org,+1-532-609-1431,Port Markbury,CO,2021-07-18,Standard,False
2389,Kelli Jackson,olsonjerry@example.org,001-972-998-8728,East Robinton,ME,2024-09-27,Standard,False
2390,JOHN ROSS,harmonadam@example.net,479.764.2770x9785,Port Tammy,OR,2021-07-09,Standard,False
2391,Thomas Morris,stacy31@example.net,544.685.1954x423,Blakestad,VT,2024-05-20,Silver,True
2392,Heidi Rivera,smithalicia@example.org,+1-817-610-8748x5315,Wolfeside,WA,2024-01-06,Gold,True
2393,Robert King,vmcpherson@example.org,381.276.8353x24781,Port Ronaldville,PA,2023-05-15,Standard,True
2394,Karen Norman,robert31@example.com,+1-215-916-4919,Lake Josephview,MA,2023-10-19,Silver,False
2395,Donna Johnston,johnjohnson@example.net,(919)301-7484x25246,North Patrick,PW,2021-05-16,Gold,
2396,Samantha Freeman,gracejohnson@example.net,753.358.9832x4359,East Jeremy,MH,2026-07-02,Silver,True
2397,Kyle Solomon,denniswhite@example.com,001-535-951-6978,Olsonburgh,WV,2024-12-20,Gold,True
2398,Justin Jimenez,shawana@example.com,(771)769-6564,Port Carol,GA,2020-12-30,Platinum,False
2399,dalton adams,zwalls@example.com,001-554-440-6689x9425,South Bonnie,AL,2023-10-20,Gold,True
2400,Amanda Garcia,pthompson@example.org,001-783-902-0056,Lake James,NE,2025-11-20,Standard,True
2401,Anthony Gardner,gjones@example.org,001-664-906-9580x51840,Allenton,IA,2024-09-05,Standard,True
2402,Kendra Matthews,caleb32@example.org,955.463.3660x23521,North Melissaburgh,ND,2025-07-09,Standard,True
2403,robert morris,moorechristopher@example.org,(581)247-9605x623,Stephenmouth,MO,2024-02-14,Silver,False
2404,Molly Gonzalez,rlindsey@example.com,229.654.6373x33003,Garciafurt,AS,2026-05-16,Standard,False
2405,Zachary Thompson,julieguerra@example.org,(481)794-0011,North Tony,VA,2025-12-19,Silver,False
2406,Morgan Carter,paul66@example.net,970.770.4373,West Joelbury,VI,2023-09-10,Standard,
2407,Jessica Martin,erinwilkerson@example.com,466.800.9749x091,New Jeremyside,CT,2022-08-09,Platinum,False
2408,Joshua Oneill,brian48@example.net,(856)908-4695x4495,Wardchester,PW,2022-11-21,Silver,
2409,David Smith,fischermark@example.org,+1-404-201-5076x294,East Juliemouth,DC,2025-12-11,Gold,False
2410,ERIC SCOTT,andrewglass@example.com,698-357-7873,South Edward,AZ,2025-05-04,Standard,False
2411,ethan garcia,peterjones@example.com,749.578.9535x258,Marioshire,MA,2024-12-24,Standard,False
2412,Wayne Wright,robertsamy@example.org,630-488-4860x6414,Julieton,OK,2021-05-24,Standard,True
2413,Corey Harrington,holly90@example.org,750-288-0639x58454,Pennyburgh,PW,2025-11-16,Standard,
2414,John Mathis,thomas80@example.net,+1-556-683-5051,Yolandaburgh,NH,2024-04-17,Standard,
2415,John Brown,gregory95@example.org,236.493.6834,North Anthonystad,ME,2022-11-07,Silver,True
2416,Lori Bass,paul65@example.org,893-209-6663x4916,Juliafort,NV,2025-03-11,Platinum,
2417,Laura Green,dana36@example.org,331.393.1210,East Amyfort,ID,2026-06-16,Standard,False
2418,Suzanne Johnson,valentinejoy@example.net,+1-681-596-8706x668,North Ryan,AZ,2026-04-01,Standard,False
2419,Steven Jones,tracykramer@example.net,001-601-940-5439x3469,New Nancy,IA,2024-04-05,Standard,
2420,Shannon Thompson,jennifer01@example.com,001-435-284-9620x03230,Lake Charlenefurt,TN,2024-03-25,Standard,False
2421,Jennifer Bruce,wperez@example.com,001-655-450-5181x761,Moodyberg,LA,2023-11-22,Silver,True
2422,John Mccarthy,crystal11@example.org,700.826.4913x59748,Donaldberg,NM,2022-07-06,Standard,False
2423,JEREMY WEBSTER,smithkimberly@example.com,(656)556-3373,Amyland,RI,2022-09-16,Standard,
2424,Ruth Johnson,jacksongregory@example.org,(777)960-6625,Phillipsville,CT,2021-01-14,Standard,False
2425,Kathryn Thompson,lkaufman@example.com,821-994-0478x913,South Chadchester,NC,2021-06-14,Standard,
2426,Mary Gordon,chenpatrick@example.org,001-982-579-4145x509,East Patricia,PA,2026-07-08,Silver,False
2427,Daniel Morse,janetrandall@example.net,+1-652-670-4973,Sherryfurt,FM,2026-03-18,Standard,
2428,janet castillo,kyork@example.org,311.701.5221,Sharonside,CA,2021-12-07,Standard,
2429,William Hoffman,gcruz@example.net,+1-723-423-5113,West Jennifer,OK,2021-08-29,Standard,
2430,JERRY CLARK,qmorales@example.org,2133247073,Christianburgh,IN,2024-10-08,Silver,True
2431,Donald Cooper,victoria51@example.com,001-333-701-6548x76578,South Peterstad,MA,2023-04-24,Silver,False
2432,Rachel Thomas,eking@example.org,(301)871-4722x29453,Christopherport,WY,2024-06-29,Standard,
2433,Kimberly Smith,joseph00@example.net,238-909-4207x96199,Murphyshire,UT,2022-06-02,Silver,
2434,Justin Porter,estone@example.com,849.816.7165x670,Burnettside,ND,2021-02-25,Gold,False
2435,Krista Johnson,dustin85@example.com,+1-740-315-4150x689,New Angelaland,CO,2022-08-28,Standard,False
2436,Sarah Joyce,ggonzalez@example.org,+1-951-349-6675,Duncanport,AK,2022-12-17,Standard,
2437,Richard Gonzalez,tamara68@example.org,+1-269-395-7139x570,Payneport,MI,2021-07-09,Standard,False
2438,Nicholas Wilkerson,thompsonapril@example.com,+1-893-203-8147,Aaronfurt,VI,2021-01-26,Platinum,False
2439,THOMAS THOMAS,edwardnorman@example.net,001-453-976-2109x853,South Laurie,AS,2024-11-14,Standard,
2440,Joel Cordova,coxbarbara@example.org,5372537450,Castroberg,OK,2026-07-03,Standard,False
2441,Jeremy Eaton,sherry67@example.org,001-542-979-1916,North Josephmouth,FL,2022-03-28,Platinum,True
2442,Kerry Medina,veronicalane@example.net,508.377.0152x4244,East Christineborough,AS,2020-09-07,Standard,False
2443,Daniel Powell,lisa09@example.org,001-254-527-0983x1818,Jacobmouth,CT,2021-07-13,Silver,False
2444,Krista Robinson,randolphjulie@example.com,(308)927-5986x858,Williamport,MT,2022-06-27,Platinum,True
2445,spencer jackson,krystalross@example.com,(650)446-4717,Coxside,ND,2024-08-10,Standard,
2446,Anthony Galloway,jleon@example.com,(301)816-0124x181,South Randyville,AK,2026-01-24,Gold,False
2447,lisa durham,rileywhite@example.com,+1-347-620-2063,Port Austinshire,DC,2024-03-08,Standard,True
2448,Kevin Burgess,adam56@example.net,001-964-529-6172x472,New Michelleshire,NM,2022-05-13,Silver,False
2449,Ellen Price,clarkjuan@example.com,001-657-419-9167x3421,North Joshuamouth,SD,2020-11-24,Gold,False
2450,David Kim,mnicholson@example.org,001-407-903-8394,Port Julieview,FL,2024-01-10,Standard,True
2451,Michael Evans,,+1-792-422-5716x40048,Davidbury,SC,2022-06-18,Silver,True
2452,Michele Steele,zparker@example.org,+1-971-780-1206x335,Harveymouth,MD,2022-05-12,Standard,False
2453,Jason Gray,zcrawford@example.com,491-634-8169x403,East Daniel,UT,2026-01-17,Standard,False
2454,Michael Brennan,jennifer42@example.org,761-300-4983x5900,South Michael,WV,2022-03-18,Standard,False
2455,Erica Wade,,+1-237-265-3979,Stephenside,IL,2022-06-07,Gold,
2456,joshua jimenez,schmittbrittany@example.org,+1-435-245-1364x02942,Brendatown,ID,2025-04-09,Standard,False
2457,Ricky Wolfe,wardrenee@example.com,001-395-892-4197,Morganborough,MS,2026-08-15,Standard,
2458,Brandon Brewer,harrisamy@example.net,625.338.3614,Rileyland,SD,2025-07-15,Standard,False
2459,Ruben Benitez,baxtercory@example.com,(587)626-1173x70215,Bobborough,MN,2023-03-10,Standard,True
2460,Jennifer Murray,gonzalezdaniel@example.org,412.343.4666,Lake Linda,HI,2022-08-19,Standard,True
2461,donald dalton,hinesaaron@example.com,(512)805-8498x44753,North Timothyhaven,CT,2021-02-22,Standard,True
2462,Chelsea Young,stephaniekerr@example.com,875-718-0075,West Susan,KS,2026-03-16,Standard,
2463,Jeffery Reese,mdavis@example.net,687-790-5073x09072,Goodbury,MS,2023-09-28,Silver,False
2464,brent nielsen,sgoodman@example.net,(333)689-7547x0112,Port Jennifer,PA,2023-03-26,Silver,False
2465,STEPHANIE PEREZ,evan72@example.net,001-428-981-5659x6040,Kevinmouth,PW,2025-08-17,Standard,True
2466,Blake Allen,kmills@example.net,001-624-542-3506,New Lauren,TN,2020-10-14,Silver,True
2467,Lisa Johnson,monicagonzalez@example.net,(939)619-2947,Kristystad,MT,2025-08-25,Standard,
2468,Alexis Lee,banksmary@example.net,(886)659-2799x48129,Tashaport,NC,2024-12-22,Gold,True
2469,Julia Martinez,cassandra19@example.net,001-441-336-4477,New Wayneport,VI,2025-09-06,Gold,True
2470,audrey scott,hawkinstammy@example.org,+1-996-317-2588x28442,West Michaelland,HI,2022-07-16,Standard,False
2471,Lisa Watson,danielwilcox@example.com,647-956-3651x8370,Lake Frankmouth,WV,2026-03-27,Silver,False
2472,HEIDI BENNETT,danielhuber@example.org,358.813.9795,Lake Joseph,FL,2021-05-31,Silver,True
2473,jonathan owens,loricox@example.org,001-498-985-5229,Buchananburgh,MN,2022-04-07,Silver,
2474,Diane Castro,robin42@example.org,8549872912,East Denise,TX,2024-06-17,Standard,False
2475,Allen Welch,dustinwilliams@example.net,471-795-5763,South Melissaberg,CA,2025-11-13,Platinum,
2476,Madison Monroe,laura63@example.com,870-930-3663x8602,Lake Stephenhaven,KS,2025-12-06,Standard,False
2477,Darrell Hubbard,urivera@example.org,(688)876-1727,North Johnport,CO,2026-02-15,Silver,False
2478,Justin Flynn,lindahayes@example.org,(217)919-9497x450,South Josephview,AR,2020-09-04,Standard,
2479,Mary Jones,erinperez@example.com,(311)755-5240x27820,North Jermainetown,MH,2025-06-27,Gold,True
2480,Crystal Bell,jonesryan@example.net,315-522-3450x89607,Hodgefurt,MS,2023-10-05,Standard,
2481,Shannon Golden,bfarmer@example.org,306-640-5118x32840,Billytown,KY,2025-07-10,Silver,False
2482,Krystal Fischer,manuelgarcia@example.org,001-624-361-5522x4113,Natalieville,DC,2021-11-21,Standard,False
2483,Brandi Short,amber35@example.net,(773)883-9688,Lake Saraview,MD,2023-03-02,Silver,
2484,Sarah Gonzales,natalieharvey@example.com,001-696-659-1239,Christinatown,NH,2025-03-17,Silver,
2485,ERIN MATHEWS,john02@example.org,8772146502,North Williammouth,MT,2024-08-03,Standard,True
2486,Mrs. Angel Mccullough DDS,nealkatelyn@example.com,501.410.4708x44445,Richardberg,CO,2025-09-08,Standard,True
2487,Amy Frazier,charles10@example.net,652-865-8216x551,Lake Natalie,AL,2026-07-08,Silver,
2488,Zachary Weaver,tmay@example.net,743-777-2228,Mccormickborough,CO,2025-10-11,Standard,False
2489,David Mitchell,bowenjennifer@example.com,927.961.9903,Wrightville,AL,2025-09-20,Gold,False
2490,Emma Cochran,uterrell@example.net,635.285.1514,South Josephchester,VI,2025-06-08,Gold,
2491,kevin barton,garciatanya@example.org,907-260-5955,Douglasbury,UT,2025-10-12,Silver,False
2492,KEVIN CUEVAS,iespinoza@example.com,496-560-7028x737,West Stephenberg,DE,2023-04-22,Silver,
2493,Tricia Yoder,ywhite@example.net,(782)673-4289x0426,Philliptown,SC,2023-02-04,Standard,
2494,Mary Osborn,sharon99@example.org,(419)313-3044,Jacobsborough,ME,2024-08-08,Standard,
2495,hannah king,kaitlin44@example.com,(840)844-1631,Meganfort,AR,2026-06-03,Standard,False
2496,Jeremiah Smith,ibaker@example.org,(706)860-5808,Port Davidside,TN,2020-12-29,Standard,
2497,amy beard,gonzalesdonald@example.org,4758308772,Hamptonfurt,NV,2024-03-01,Standard,
2498,Stacy Boyd,fbeltran@example.net,800-985-8549x14651,North Douglas,CA,2022-01-11,Standard,
2499,Erica Sullivan,amartinez@example.com,8966837201,Shelleymouth,CO,2024-12-29,Standard,False
2500,Gabriel Davis,jclark@example.org,300.743.6256,Lake Dawn,PA,2022-02-26,Gold,True
2501,Greg French,wallsvictor@example.com,(240)846-6101,New Michaelhaven,PR,2025-11-09,Gold,
2502,Joseph Harris,audreyweaver@example.com,366.914.5018,Nancybury,GU,2021-01-31,Platinum,False
2503,Christina Lucas,matthewmitchell@example.net,+1-561-589-1241x52121,Clarkton,TX,2023-06-17,Gold,False
2504,Marie Montoya,sguzman@example.com,737.475.6410x894,South Davidmouth,PA,2022-12-29,Standard,
2505,Cheryl Cruz,heather33@example.org,001-684-655-2255,East William,VI,2026-08-15,Silver,True
2506,STEVEN GOODWIN,dylanibarra@example.net,001-361-533-3305x61311,Taylorborough,UT,2026-03-17,Standard,True
2507,Julie Watts,huntjulia@example.org,252.521.1118,New Timothyshire,IL,2026-08-03,Standard,True
2508,Kyle Morrow,zacharybanks@example.org,+1-398-360-2082x8968,Joelmouth,SD,2025-12-27,Gold,True
2509,Jennifer Joyce,nicolewood@example.net,+1-205-988-7796,Hawkinsshire,AR,2025-07-10,Standard,
2510,Dean Moore,dianadonovan@example.net,001-964-784-0927x0290,Tonyaberg,MH,2021-09-30,Standard,
2511,Kristen Davis,khughes@example.net,001-336-639-1596x58668,Port Johnview,ND,2024-07-08,Standard,
2512,Tracey Nguyen,mgibson@example.net,001-826-833-4570x81175,Lake Kellychester,MS,2025-10-11,Silver,False
2513,Taylor Brown,thomas07@example.org,(711)740-2235x9606,Glennshire,WY,2022-11-30,Standard,
2514,Kyle Turner,ryanpham@example.com,+1-684-786-1817,Adkinsmouth,MO,2025-06-29,Standard,False
2515,Matthew Flynn,reidrhonda@example.net,+1-673-503-6590x77467,West Sarah,OK,2023-10-25,Gold,
2516,Frank Rogers,rodriguezterri@example.org,834.531.7274,New Tiffanystad,IA,2024-12-01,Standard,True
2517,Charles Kline,martinezjulie@example.com,(763)923-1078,Robertsonside,LA,2025-02-23,Standard,
2518,Jacqueline Roberts,bradychristopher@example.net,(668)927-2634x01881,Sharpville,OH,2023-03-11,Standard,True
2519,Melissa Martinez,lucasstephanie@example.net,431-994-8288,Haleview,IL,2026-02-21,Standard,False
2520,David Griffin,patelheather@example.net,(983)454-7374x5714,Bakermouth,PA,2025-06-13,Standard,False
2521,MICHAEL FUENTES,ramosdavid@example.org,(978)912-1554x23739,West Ericaview,MP,2026-03-21,Gold,True
2522,Kimberly Berger,robinsonjoseph@example.org,959.706.3287,Sherrihaven,LA,2024-11-18,Standard,
2523,Chris Trujillo,hgarza@example.net,476-901-9666x79399,South Danielle,AZ,2020-11-25,Silver,
2524,Stephanie Perkins,kleinashley@example.net,+1-589-820-7983x38101,West Adam,WA,2025-11-19,Silver,True
2525,Rachel Hernandez,zgreen@example.com,645-263-2250x5467,Belindaview,NJ,2021-10-27,Standard,
2526,Cameron Vang,jeffreyyates@example.org,+1-671-442-4388x01372,Margaretshire,MO,2022-05-25,Silver,True
2527,John Rice,jesus75@example.org,(220)772-1598,Smithburgh,FL,2024-04-26,Silver,
2528,CRYSTAL DAVIDSON,youngmegan@example.org,580.706.8409x642,Michaelmouth,SC,2022-04-16,Gold,
2529,Zachary Wolf,,2828244913,North Williammouth,TN,2024-03-13,Silver,True
2530,Bryan Lopez,aaron64@example.org,(711)282-2241x329,North Davidburgh,ID,2025-07-14,Standard,True
2531,Wesley Cain,ashleywalsh@example.org,001-485-381-4273x502,Kimberlyland,MO,2025-12-11,Gold,False
2532,Philip Greene,jeffrey21@example.org,397-984-2814x35194,South Richardtown,TN,2025-10-07,Silver,False
2533,Nicole Roberson,rodriguezjoshua@example.org,001-216-870-1410x4882,Elizabethfurt,FL,2021-04-24,Silver,True
2534,Alexander Payne,janicelee@example.com,(793)897-2520,Robertmouth,RI,2024-07-24,Silver,False
2535,Jessica Shah,englishdouglas@example.net,440-613-0597x2533,Shaffermouth,TN,2024-12-23,Standard,False
2536,Jeffery Kelley,bmaynard@example.org,001-620-222-8540,South Karen,NE,2021-11-11,Standard,False
2537,Kelly Scott,garcialaura@example.net,+1-722-458-4819x0604,Dunnport,MH,2025-11-10,Standard,False
2538,Matthew Hamilton,ebyrd@example.org,001-512-669-8153,Jeremiahside,ME,2023-07-09,Gold,False
2539,Mark Butler,pwagner@example.org,710.820.8520,Matthewhaven,AL,2025-08-02,Silver,True
2540,Anthony Medina,samuel95@example.org,001-674-439-5044,New Nathanmouth,MN,2026-07-27,Gold,
2541,Catherine Fox,davenportlinda@example.net,001-449-744-2283,Fritzport,FL,2022-04-19,Standard,
2542,Stephanie Greene,afigueroa@example.com,+1-555-409-4786x416,North Whitneymouth,VA,2023-04-22,Silver,
2543,Hannah Martin,pittswilliam@example.net,562-231-1665x5636,Lake Kennethborough,ID,2025-09-11,Standard,False
2544,Amanda Bailey,alexander55@example.net,(894)414-6735x9283,Karenmouth,KS,2022-08-05,Silver,False
2545,Barbara Fuentes,xknapp@example.com,+1-865-376-4063x36558,Wilsonton,NE,2024-11-16,Standard,True
2546,Kenneth Greene,juanrichards@example.com,(734)343-6928,Roberthaven,IL,2024-02-06,Standard,True
2547,Diane West,chad33@example.net,860.210.7867,Jasonmouth,AZ,2026-09-03,Standard,
2548,Sara Chan,pattersonjodi@example.net,+1-854-298-0618x46487,Melissafurt,ME,2021-11-27,Platinum,
2549,Christina Bennett,donnakeith@example.org,+1-366-922-7192,South Paul,MA,2023-04-02,Platinum,True
2550,David Lawson,xdurham@example.org,827.872.3657x6147,Heatherfort,SC,2026-07-22,Silver,False
2551,Steven Moore,pottsdonna@example.org,349.945.7244,Nelsonburgh,NE,2021-05-21,Gold,False
2552,Mallory Johnson,samantha78@example.org,+1-333-780-7033,Duranfort,AL,2021-04-03,Standard,
2553,Maria Conley,patelmark@example.net,+1-638-760-6962,Figueroaland,CA,2022-09-19,Gold,
2554,Tony Guerra,hbaxter@example.com,380.840.4416,Fieldsville,ID,2020-12-07,Platinum,
2555,Garrett Fox,ashleybarnes@example.net,001-704-680-8805x74987,East Kevinshire,IA,2025-06-22,Gold,True
2556,Daniel Greene,stephenbarker@example.com,+1-744-445-8905x73019,Jonesview,UT,2023-09-08,Silver,True
2557,Margaret Jackson,micheal66@example.org,(530)351-2816x37996,Allenborough,VI,2022-10-16,Silver,False
2558,juan wright,seth01@example.com,+1-303-543-1629x23562,Lisabury,MN,2024-01-14,Standard,False
2559,robert smith,tony92@example.org,986.406.8289,Johnsonview,MN,2026-06-06,Gold,True
2560,ERIN HINES,lowebrendan@example.com,+1-690-670-0960x8967,Lake Renee,AS,2023-01-31,Platinum,False
2561,Jack Rios,amora@example.net,+1-515-363-3606x10132,East Andrew,FM,2024-03-11,Silver,False
2562,Jonathan Alexander,danielsrobert@example.org,750.234.2062,Derrickside,MA,2023-01-26,Standard,
2563,Lori Hopkins,brendajones@example.org,936-878-5873x3466,Schmidtborough,AR,2025-07-23,Standard,
2564,Christine Smith,snorton@example.com,638-750-8825x704,Jonside,IA,2026-08-19,Silver,
2565,Tiffany Fuller,connorperkins@example.org,+1-505-247-9489,New Kathleenchester,GU,2022-11-17,Standard,False
2566,Patricia Harrison,yvonneperez@example.net,001-598-856-7600x4270,Kellyhaven,FM,2020-12-21,Standard,False
2567,Elizabeth Gonzalez,kimberlypalmer@example.org,001-953-263-4716x7804,Crystalport,KS,2024-06-12,Silver,True
2568,christopher robertson,betty48@example.org,+1-574-359-2189,West Adrianafort,MS,2022-10-06,Silver,False
2569,KYLE SCOTT,rjones@example.org,(857)814-1787x4105,East Robert,HI,2025-04-10,Silver,
2570,Timothy Johnson,rebecca78@example.net,(453)357-8666x73603,Lake Ericaburgh,KY,2025-09-27,Standard,False
2571,Hunter Hill,rachel18@example.net,(219)496-8327x628,South Daniel,MN,2022-08-09,Standard,False
2572,Christopher Perez,hilljean@example.org,(372)324-3758,Andersonshire,MS,2024-03-25,Standard,
2573,Natasha Fritz,gordonchad@example.com,+1-877-471-6315x93809,Dixonfurt,FM,2026-03-11,Standard,True
2574,paul jones,angelicaparks@example.com,001-540-726-0835x88974,Brucehaven,WY,2025-05-12,Silver,True
2575,Donna Boone,cheryl54@example.net,(587)867-5675,Castroland,ME,2022-07-26,Standard,False
2576,Mrs. Leslie Anderson MD,mercerwendy@example.org,001-637-633-2640x8194,Port Tammietown,NC,2026-06-29,Standard,True
2577,Cynthia Bishop,armstrongdavid@example.com,486.944.8296x1205,North Davidton,MS,2022-06-16,Standard,True
2578,zachary watson,fullerkristi@example.org,(862)844-3762x920,Jorgechester,FM,2021-08-15,Standard,False
2579,Rachel Brown,scottwilliams@example.org,409-755-7538,Petersborough,NH,2024-07-13,Gold,True
2580,Matthew Jones,melissa69@example.org,001-317-881-8875x815,East Carolyn,NH,2021-03-26,Silver,
2581,Matthew Jones,thomas56@example.org,001-710-200-4719x40656,East Racheltown,FM,2023-10-15,Gold,False
2582,Timothy Brown,rodney39@example.org,9278423783,East Daniel,VI,2023-12-05,Standard,True
2583,Zachary Mata,vjennings@example.com,(629)426-6923x62013,West Jenniferfort,NE,2026-01-22,Gold,False
2584,Kevin Long,virginiarodriguez@example.net,7313968853,Lake Michael,NY,2022-01-19,Standard,True
2585,jonathan tanner,sean88@example.org,959-419-8781x3391,Port David,NC,2021-10-18,Standard,False
2586,Lisa Padilla,fflores@example.org,470.655.4405x47553,East Robertton,AS,2021-08-15,Gold,False
2587,Brooke Davidson,ramirezdaniel@example.net,217.687.8967x5360,Karenport,MA,2023-07-16,Gold,True
2588,jon wood,nlewis@example.org,(495)837-2444x9712,Shariport,SD,2023-08-31,Gold,
2589,Jennifer Martin,browncole@example.org,(785)534-0297x089,Johnsonchester,TN,2026-01-01,Standard,True
2590,William Snyder,jwhitaker@example.org,(337)269-2461x05993,Elizabethfort,PA,2022-03-27,Standard,
2591,Andrew Singh,kristen59@example.com,+1-206-703-5627x061,North Vanessaville,NM,2022-05-21,Standard,True
2592,Lisa Cox,ghernandez@example.com,340.389.8847x9753,Joanport,MD,2025-07-07,Standard,False
2593,Jennifer Lewis,hannahlawrence@example.org,483.967.0097x41886,Tracyville,OR,2026-05-06,Standard,True
2594,Julia Lopez,brettgonzales@example.net,(278)561-6584x130,East Andrew,LA,2024-09-20,Standard,
2595,matthew freeman,,+1-883-561-9410x282,East Ryanberg,MP,2023-02-01,Platinum,False
2596,Crystal Reed,geoffreyjordan@example.net,317.472.9257x83636,North Mark,IN,2025-12-11,Gold,False
2597,Jeffery Williams,ryandaniel@example.org,407.438.8801,East Josephborough,WA,2021-07-26,Standard,
2598,ROBIN BELL,stephaniedavis@example.org,3743520500,Wilsonhaven,AK,2025-04-29,Standard,True
2599,Caleb Bonilla,hoodmelissa@example.com,4419225011,Brianhaven,HI,2023-09-28,Standard,True
2600,Chloe Brown,asanchez@example.com,+1-791-349-3719x104,Davidfurt,VT,2023-01-18,Standard,
2601,Barbara Simpson,kbrown@example.com,+1-934-783-5912,South Julie,ME,2023-11-27,Silver,False
2602,William Paul,isaac33@example.net,+1-647-250-9178x35636,Allisonmouth,NY,2026-03-21,Standard,False
2603,JACOB COLE,ruizandrew@example.com,(476)262-7106x104,North Thomas,PW,2023-12-29,Standard,
2604,Justin Rice,morrismaria@example.com,+1-200-278-6169,Johnmouth,MD,2024-11-25,Silver,
2605,Elizabeth Warren,kevin43@example.net,346-392-6626x395,New Nicole,IN,2022-07-25,Gold,False
2606,Shelley Newman,floresmatthew@example.org,001-792-877-7713,Port Philipton,CO,2021-10-22,Standard,True
2607,Rodney Benitez,emason@example.net,497.789.2930x9077,Brandonton,PA,2021-11-27,Silver,False
2608,TERRY SCHULTZ,richardskaylee@example.com,001-766-405-0689x025,Gonzalezside,KS,2024-07-10,Standard,
2609,Deborah Wilson,thompsonjoseph@example.org,(517)572-3797x30905,North Emmaburgh,MA,2020-10-30,Gold,False
2610,VICKIE CAMPBELL,greennathan@example.com,3237137447,Howardborough,GU,2021-06-03,Standard,
2611,Norman Solomon,washingtonangela@example.org,426.282.0120x21526,Hopkinschester,TX,2023-07-08,Standard,
2612,Robert Edwards,wgarcia@example.net,(997)625-0069x73658,Port Pamela,IL,2023-07-05,Silver,False
2613,Brian Mcdowell,drakewilliam@example.org,857.319.0936,Mercerstad,NY,2021-05-23,Silver,False
2614,Richard Mercado,lindaflowers@example.org,(317)912-5507x58493,Port Mary,MT,2026-07-17,Standard,True
2615,Joshua Gonzalez,kurt40@example.org,885.859.9108x77175,West Tracy,AL,2022-04-10,Silver,True
2616,Katie Ryan,evansmith@example.net,386.454.3701,Burnettshire,HI,2025-09-25,Standard,
2617,Chad Baker,nrussell@example.net,348.277.6013,Andersonstad,ID,2023-10-29,Platinum,True
2618,erik vasquez,,+1-826-652-2710,Hendersonchester,MI,2021-02-24,Standard,False
2619,David Campbell,newmanjason@example.com,497-636-4567x121,Reynoldsport,CA,2025-10-30,Silver,False
2620,Sean Newton,davidwright@example.org,001-491-939-6839x028,Tuckerburgh,HI,2022-08-09,Standard,
2621,Troy Carrillo DDS,staceyjohnson@example.net,001-933-566-8949x492,Alvarezview,LA,2025-04-28,Gold,True
2622,Dylan Hayes,stephanie54@example.net,001-968-947-2760x41281,South Christophershire,OR,2023-08-14,Standard,
2623,denise lopez,brandilewis@example.org,470-204-2955x471,South Jesseland,MS,2026-07-07,Standard,
2624,JAMIE CASTRO,donald99@example.com,+1-376-975-3299x9839,Catherineton,MN,2024-01-04,Silver,False
2625,Bruce Juarez,william46@example.com,+1-811-588-0346x70061,Tracyhaven,CA,2023-09-09,Standard,False
2626,DANIELLE ATKINSON,jjackson@example.com,2827261634,Peterhaven,MD,2020-11-07,Standard,
2627,Nicole Alvarez,loribrown@example.org,975-350-4935,Claytonfort,NM,2026-08-14,Silver,True
2628,MORGAN ALLEN,iharper@example.net,+1-339-329-1238,Ramirezton,AR,2020-10-26,Standard,
2629,Paul Hughes,jason37@example.com,4356672944,Jacksonberg,GA,2025-05-16,Standard,
2630,John Mason,darlenerobinson@example.net,726.803.2227,South Debrastad,NC,2026-02-03,Platinum,
2631,Megan Jones,nrobinson@example.net,001-818-519-2424x129,Lisafort,MN,2021-12-17,Standard,False
2632,Katie Hernandez,briannatate@example.net,+1-900-792-9367,West Sheilamouth,KY,2021-08-22,Platinum,False
2633,Diane Quinn,kristenburke@example.net,537.526.8323x348,Nunezstad,UT,2025-04-19,Standard,False
2634,Samantha Robinson,christopher93@example.org,865-831-2645,Lozanomouth,AZ,2023-05-12,Standard,True
2635,Sean Davis,pearsonjeffrey@example.org,535.762.5501,Danielton,VT,2022-10-20,Standard,False
2636,Angela Woodard,qlee@example.org,4228017382,Port Randyfurt,SC,2025-01-21,Standard,False
2637,Melissa Day MD,bradyallen@example.net,(448)786-3998x75681,North Taraberg,RI,2026-07-21,Standard,
2638,Matthew Fox,luisochoa@example.org,(875)532-9694,North Heather,CO,2026-04-17,Standard,
2639,Nicole Abbott,kimberly32@example.org,+1-369-811-8664x115,Mariaview,MT,2025-09-27,Standard,False
2640,Bridget Howell,sara97@example.net,(969)200-8004,East Ethan,AZ,2025-06-16,Standard,
2641,Kathy Valencia,michele39@example.org,549.373.1053,New Jade,ME,2025-02-18,Silver,
2642,Candace Wiley,johnfisher@example.com,4103972893,Port Julie,SC,2025-12-01,Gold,
2643,Ivan Garcia,vkaufman@example.net,884.597.0420x9776,North Brentport,MA,2021-03-30,Standard,
2644,Shannon Escobar,donald36@example.com,001-532-571-4725x0762,Port Stephen,MN,2021-11-18,Platinum,
2645,Susan Meyers,xavier17@example.net,293-960-1616x8763,South Francisco,MP,2020-11-29,Silver,True
2646,Jacob Green,richardgreene@example.com,4137898810,Petersberg,HI,2025-12-31,Silver,False
2647,William Byrd,alyssa23@example.com,(223)342-2641,Cynthiaberg,ID,2026-08-12,Silver,True
2648,Rodney Bowers,ahayes@example.net,001-661-525-1743x42108,Lake Susan,AK,2026-01-15,Standard,True
2649,larry green,aarroyo@example.org,(687)948-5117x6612,Morseside,MD,2022-03-03,Standard,
2650,Jamie Turner,belliott@example.com,+1-402-782-7746x948,Lindamouth,MS,2025-05-22,Standard,False
2651,Jesse Hansen,billyrodriguez@example.com,+1-668-835-2813x72420,Jeremymouth,GA,2022-02-19,Silver,False
2652,Antonio Rogers PhD,ytaylor@example.com,598.230.0203x043,Fordtown,VA,2021-01-27,Gold,True
2653,Thomas Larsen,henryshaw@example.com,9993555062,North Patrickland,PA,2020-11-04,Standard,
2654,Patrick Brown,ucole@example.com,862-790-6516x512,Robinborough,NJ,2023-11-19,Gold,True
2655,Matthew Hartman,coxjoe@example.com,887.500.0985x450,Colleenfurt,IA,2020-11-24,Standard,True
2656,Mary Lopez,marie33@example.com,2629037602,South Johnbury,MH,2024-09-07,Standard,True
2657,Amanda Davis,cgraham@example.net,+1-604-566-0055x931,Josephland,SD,2023-01-19,Standard,
2658,Luke Lopez,jlynch@example.org,(222)855-5741x94508,Johnsonchester,IN,2024-07-31,Gold,
2659,Anita Campos,bartlettariel@example.org,233.663.4528,East Gregory,WV,2022-04-09,Standard,True
2660,Robert Bowers,sullivanbrenda@example.com,(615)228-6815x91567,Vazquezshire,KS,2022-12-29,Standard,
2661,Michael Bishop,hendersonelizabeth@example.net,425-470-6029,Robinshire,MH,2024-02-07,Silver,True
2662,John Esparza,zbailey@example.com,8006219797,Smithport,UT,2024-11-16,Silver,
2663,Angela Peterson,thomassamuel@example.org,369-651-2516x28026,East Lisa,PW,2024-01-07,Standard,False
2664,Dustin Willis,,551.736.8194x80446,Port Bradberg,WY,2026-06-13,Standard,True
2665,LISA GRIFFIN,david21@example.org,+1-805-588-8419x362,Port Jeffreyport,OR,2023-05-18,Standard,False
2666,Jose Ball,claireraymond@example.org,593-385-2229,West Savannahbury,CO,2022-03-17,Platinum,
2667,emily roth,asoto@example.com,+1-798-683-1206x053,Port Jeanne,MH,2021-02-24,Standard,
2668,MATTHEW NOBLE,amandahorton@example.net,631-407-4914x876,Robinsontown,OR,2023-10-06,Standard,True
2669,Ashley Hoffman,xbrown@example.com,+1-298-332-9240x1162,Fernandezton,FM,2021-09-04,Silver,
2670,Suzanne Garcia,oware@example.net,+1-207-772-1889x0665,Wardstad,IN,2023-06-18,Platinum,False
2671,Allison Yates,fvega@example.org,(817)327-7539x95431,New Richardhaven,DE,2022-05-09,Silver,
2672,Stephanie Pearson,hunterbarbara@example.net,600.844.9229,Moralesville,MT,2025-12-24,Standard,
2673,AUDREY WATSON,reeseclayton@example.org,001-720-773-7866,Vancemouth,MA,2025-08-11,Standard,
2674,cheryl jones,amyburnett@example.org,567.737.2725x906,North Eric,DE,2023-07-28,Silver,True
2675,TIMOTHY JOHNSON,thompsonmichelle@example.net,(548)761-3110,South Stevenland,AR,2024-11-11,Standard,True
2676,Anthony Jennings,,001-659-738-7959x638,West Jessica,VI,2026-01-15,Standard,False
2677,Lisa Cruz,patriciasharp@example.org,2373363757,Bryceside,MP,2023-01-08,Silver,False
2678,Nicholas Gibson,jasonsimmons@example.org,(414)846-4557x53100,Friedmanmouth,ME,2026-07-13,Silver,True
2679,Francis Donovan,alexandra12@example.com,(929)616-5397x944,North Elizabethmouth,OH,2025-10-07,Standard,True
2680,jennifer atkins,sara27@example.org,(345)428-3240x230,Lake Beverly,ID,2024-07-22,Silver,True
2681,PAUL EDWARDS,rodriguezedgar@example.net,694.214.2900,South Margaretview,RI,2024-05-14,Standard,
2682,Christopher Hicks,kennethwood@example.org,309-367-0249,Lanebury,WY,2024-06-24,Standard,
2683,Justin Chavez,ethomas@example.com,001-467-993-0721x7821,Lake Lindafurt,WA,2022-06-20,Gold,True
2684,Ryan Roberts,therring@example.com,+1-476-735-8731x11354,Harrisonmouth,MT,2023-10-03,Platinum,False
2685,Emily Walker,frankherrera@example.net,(661)836-8233x290,Port Zacharyport,MS,2025-06-09,Silver,
2686,Vanessa Johnson,keithfrank@example.org,001-318-779-9971x79084,South Shannon,CT,2024-10-09,Silver,True
2687,Carla Morris,owensjessica@example.org,001-461-332-0406x32236,Hartland,AS,2021-02-09,Silver,
2688,Alexander Perez,zhughes@example.net,001-867-419-7969x781,Jamesville,WV,2021-04-20,Standard,True
2689,Joshua Russell,beverly00@example.com,321.927.1215,New Meganberg,NH,2022-04-20,Standard,True
2690,KAREN DECKER,angelagreen@example.com,486.217.8405x4851,Rodriguezfurt,NY,2021-12-27,Standard,
2691,JULIE RODRIGUEZ,christine87@example.com,758-592-7812,Lake Tonya,TX,2025-07-30,Standard,
2692,Stacy Ortega,,368.464.2151,Jonestown,OR,2024-01-20,Silver,True
2693,Kelsey Hernandez,qstewart@example.com,499.883.7673,Wandaburgh,NE,2025-01-25,Silver,
2694,jessica johnson,sandra35@example.net,(879)443-4071,Moralesview,NJ,2024-08-21,Gold,False
2695,Elizabeth Hamilton,patrick13@example.org,001-706-366-0297x294,Lake Michael,MT,2023-11-06,Standard,False
2696,Angela Green,moralescharles@example.com,+1-759-250-3632x6237,Wendyport,IL,2020-09-18,Silver,True
2697,Jason Dudley,ycastro@example.net,(640)768-3759,Abbottton,AS,2021-08-07,Standard,False
2698,Kaitlin Sparks,bradynicholas@example.org,001-606-274-1586x7952,Milesville,MD,2021-07-17,Standard,False
2699,sara wood,chaveztravis@example.com,849-663-9214x819,Port Joshua,MH,2025-03-18,Standard,
2700,Craig Diaz,christian16@example.org,4228265679,Taylorbury,PR,2021-01-17,Gold,True
2701,Nicole Wu,sweeneyalexandra@example.net,8894658614,Lake Chaseshire,IN,2022-05-06,Standard,False
2702,John Cox,,912-328-7670x444,Cunninghamland,IN,2025-08-02,Standard,False
2703,Andrew Williams,utaylor@example.net,001-335-457-1427x09319,East Matthewshire,GU,2026-01-18,Standard,
2704,Cindy Taylor,david66@example.com,001-720-668-5660x902,North Maryville,SC,2022-09-08,Standard,
2705,ANDREW HARRINGTON,hensleymatthew@example.com,001-927-871-4104x5288,Jessicahaven,NY,2021-06-19,Standard,False
2706,Lisa Zimmerman,sarah52@example.com,5519854641,Port Katie,CT,2020-10-20,Standard,False
2707,Billy Baker,,+1-763-766-8029,Samanthamouth,WV,2021-04-23,Standard,True
2708,Sonya Mooney,zmurphy@example.org,(257)300-5628x44329,South Bradleychester,HI,2026-08-13,Silver,
2709,Nathaniel Luna,ydavis@example.org,810-203-7492x12096,Lake Jennifermouth,PR,2024-05-13,Gold,True
2710,Brandon Cox,paul39@example.net,276-746-9145x7859,New Jessicatown,OR,2024-10-12,Standard,False
2711,Virginia Howard,farrelllori@example.com,(525)510-3153x0870,Port Stacyview,MT,2022-07-21,Gold,False
2712,Mr. Patrick Spencer,bdennis@example.com,808-909-1072,East Justin,NC,2023-08-01,Standard,False
2713,Ryan West,jonathanmcneil@example.net,771-500-3570,Lake Laura,MP,2022-09-16,Standard,False
2714,Mario Mitchell,brian36@example.net,739-492-8636x93411,Robertville,SD,2024-03-25,Silver,
2715,Jessica Wilkinson,janicecollier@example.org,(440)969-6514x826,West Richard,MP,2023-01-27,Standard,True
2716,Amanda Perkins,patriciamoore@example.org,577-315-5367,Leonburgh,WY,2022-02-26,Standard,False
2717,BRIAN NEAL,lorireese@example.org,(309)297-0739x95513,Lake Melissa,ND,2021-01-26,Silver,
2718,Teresa Jordan,brooke12@example.org,9752674537,Kingberg,DC,2023-04-01,Silver,False
2719,Reginald Jones,mckaydaniel@example.org,001-491-944-2381x45403,Curtisview,NE,2022-11-17,Standard,True
2720,Jacob Taylor,victorlester@example.org,+1-507-444-1148x6297,Marcushaven,DE,2022-03-08,Standard,True
2721,Nancy Bullock,dhamilton@example.com,001-900-498-9368x701,West Heatherside,VI,2025-03-22,Standard,
2722,Stephanie Owens,jonathon00@example.org,443-612-2264x92327,Kimberlystad,VI,2022-04-06,Gold,
2723,Kathy Villanueva,timothy49@example.net,823-625-3774x22671,Johnstad,DE,2020-11-17,Standard,
2724,Molly Sullivan,vwilliams@example.org,655.958.8599x18903,Suttonview,KY,2022-05-25,Gold,True
2725,Rachel Costa,jason91@example.org,001-413-708-3212x16176,Port Krystalmouth,IL,2025-02-22,Standard,
2726,alvin leon,jefferydavis@example.com,228-710-0749x88871,Alexandraton,KY,2025-09-19,Gold,True
2727,Rhonda Suarez,weaveroscar@example.com,881-653-9362x23393,Berryview,OK,2025-05-17,Standard,False
2728,Ian Frederick,alexisturner@example.net,950.973.2579x16290,South Catherine,MN,2024-10-03,Silver,False
2729,Amanda Austin,cbutler@example.org,407-401-2008x40758,South David,ME,2021-10-17,Standard,True
2730,Courtney Brown,william87@example.org,905-538-6767x703,Knightfurt,NJ,2023-10-02,Standard,
2731,amanda ortiz,fletcherbailey@example.net,001-946-450-1235,East Danielle,KY,2025-08-11,Standard,True
2732,Julia Johnson,kevingraham@example.com,(995)936-4414,Randolphport,MA,2026-07-09,Standard,
2733,barbara herrera,urobertson@example.org,+1-998-880-9320,Kellyhaven,WV,2024-02-05,Silver,
2734,henry serrano,lisaconley@example.org,+1-912-555-2500x308,Boothton,TN,2025-11-18,Standard,
2735,Kara Mckay,deanmoody@example.net,683-563-0392x85867,Johnsonhaven,TX,2021-09-21,Standard,False
2736,Daisy Taylor,randolphscott@example.com,2608947188,Charlesbury,CO,2024-05-23,Standard,
2737,DESIREE CUNNINGHAM,xbright@example.org,946.386.3864x610,South Stephen,PA,2024-03-10,Silver,
2738,Jeff York,stephanie98@example.net,(339)616-2704,New Sarahstad,MT,2022-03-21,Standard,True
2739,Steven Patel,danieljimenez@example.net,6033724709,Teresaborough,AR,2025-10-04,Standard,
2740,charles greene,gonzalezchristina@example.org,+1-505-270-8392x2630,Wagnerbury,SC,2023-08-10,Standard,True
2741,JENNIFER GREEN,kimberly61@example.org,+1-257-498-1233x1603,Richardland,CO,2023-08-29,Gold,True
2742,Christopher Davis,victoriaholder@example.org,502-576-1778x1289,East Joshua,MN,2022-06-05,Silver,True
2743,Norma Harris,,+1-817-778-1621x42765,Guerrafort,NE,2022-03-20,Silver,False
2744,sonia ortiz,brian21@example.com,(810)661-1410,Matthewhaven,HI,2021-07-31,Standard,
2745,Dawn Brown,kristinking@example.org,(919)546-5370x9238,Lake Jeffrey,WV,2020-09-18,Gold,
2746,James Alexander,harperashley@example.com,742.351.7013,North Nathaniel,PW,2025-02-02,Standard,
2747,Chad Hansen,michellegolden@example.net,413.301.6188x0411,South David,OR,2025-03-27,Standard,True
2748,Jessica Wilson,jessicawaters@example.com,846.597.7803x4931,Lake Mary,ND,2024-09-12,Standard,False
2749,Eric Johnson,scott71@example.com,415.656.4896x432,Matthewsbury,CT,2022-02-01,Standard,
2750,Ashlee Knapp,nsmith@example.org,001-626-434-3092x620,Andrewstad,FL,2025-07-15,Standard,False
2751,Kimberly Williams,nallen@example.net,+1-924-571-5258x9996,East Dakotafurt,OK,2021-02-05,Standard,
2752,Joseph Landry,dawn84@example.org,834.831.9085x734,Morganside,GU,2023-05-08,Standard,
2753,William Baldwin,sandra27@example.org,+1-255-877-2005x368,Jeffreybury,MP,2024-03-30,Silver,
2754,Joshua Burns,khorton@example.net,941-515-3091x270,Rosston,MT,2023-12-12,Standard,True
2755,Brittany Martinez,shawn09@example.net,001-467-845-0716x23925,Emilystad,MA,2024-07-20,Standard,
2756,Gerald Wallace,rodriguezmary@example.org,2569555304,Jamesborough,NC,2024-10-29,Silver,True
2757,Joanna Smith,catherine33@example.com,+1-224-323-8448x232,Brownfurt,ID,2023-06-06,Silver,
2758,Melissa Ashley,lboyd@example.org,+1-339-454-3457,Brianborough,WV,2023-08-07,Gold,True
2759,Sheila Tran,qlogan@example.net,001-719-231-8732x3351,Maynardborough,MP,2023-09-20,Gold,False
2760,Michael Coffey,sherrytran@example.net,+1-533-733-7873,West Marissaside,GA,2022-02-26,Standard,False
2761,Laurie Schmidt,ashley81@example.com,480.459.5155x67464,Gonzalezton,MT,2024-05-08,Gold,True
2762,Andrew Ballard,ibrown@example.net,+1-504-589-1929x4476,Burnsshire,FM,2022-02-11,Standard,True
2763,David West,wilsonmary@example.org,260.749.1917x997,Rileymouth,IL,2022-02-11,Gold,True
2764,Monique Freeman,spencestephanie@example.org,(555)478-4190,East Charles,IN,2021-04-10,Silver,False
2765,Jessica Davidson,petersryan@example.org,709.641.9572x4168,Heidiborough,VA,2025-08-16,Standard,
2766,Vanessa Jones,,6534405347,North Gloria,CA,2023-01-06,Silver,True
2767,Marcus Winters,josephsullivan@example.org,590.572.6745,Andersonshire,OR,2025-04-16,Silver,True
2768,JOSHUA JOHNSON,timothystewart@example.org,837.322.6386x171,Port Tracey,MP,2024-01-25,Standard,True
2769,Rachel Hunter,osborneeric@example.net,903-857-8354x21135,West Suzanneport,AK,2021-10-24,Standard,False
2770,Keith Munoz,jeffrey52@example.org,591.210.7465x5065,Lake Sophia,AL,2021-01-14,Standard,
2771,Jennifer Reed,jacobwilliams@example.org,6427247042,North Jamesfort,DC,2020-10-29,Standard,True
2772,luis taylor,mathisallison@example.net,001-687-852-1932x694,Jeffreytown,DC,2022-06-14,Gold,
2773,Tammy Johnson,vgraham@example.net,457.917.8620,Jensenview,OH,2024-03-17,Gold,True
2774,kelly vasquez,richardweber@example.org,350.817.7547x503,West Stephenchester,NE,2021-12-15,Gold,
2775,William Rojas,wilsonanthony@example.org,001-808-719-7047,Kennethport,MH,2022-07-17,Silver,True
2776,Kathryn Stephenson,leahmartin@example.net,404.818.0848,Lake Jenniferchester,GA,2020-11-25,Silver,False
2777,Kathryn Phelps,jeffrey21@example.com,001-363-743-9768x25238,Thomasborough,VT,2021-01-04,Gold,False
2778,Linda Rubio,pgomez@example.net,250.965.4139,Monicabury,DC,2021-09-13,Standard,False
2779,Melissa Smith,sharimartinez@example.org,970.232.2888,Lake Jo,AK,2024-02-07,Standard,
2780,Antonio Bradford,johnsonmary@example.com,406-597-7753,Leefort,NJ,2021-01-08,Standard,
2781,Edward Wilson,jennifer72@example.org,804.336.9174x23808,New Brianside,CT,2021-11-28,Silver,
2782,Gary Anderson,obarton@example.org,600.341.0233x6286,South Nicoleberg,NM,2026-02-18,Silver,True
2783,Tracy Wheeler,santiagostephanie@example.net,(449)503-6571x68897,New Anthonyton,PW,2023-07-04,Standard,
2784,harold smith,smolina@example.net,903.481.7174x7490,East Alicia,ID,2021-03-05,Silver,True
2785,Mr. Cristian Schwartz,zmorales@example.net,7727669318,Lake Debra,NC,2022-01-31,Standard,False
2786,Kyle Reilly,biancadavid@example.net,842.424.3490x9342,Walkerport,KS,2023-04-16,Standard,
2787,David Meadows,wendy58@example.net,(801)293-7728x6756,Leemouth,UT,2022-06-22,Standard,True
2788,Sandra Johnson,ellisandrew@example.com,202-464-7223x14642,South Ralphfort,OK,2024-10-22,Silver,True
2789,Jesse Boyd,kevincannon@example.net,877-362-3696x637,North Mary,MI,2023-04-05,Silver,False
2790,raymond olson dds,brian95@example.org,(492)951-9115x5652,Lake Jakeberg,KS,2026-08-02,Standard,False
2791,Michael Hamilton,ocalhoun@example.org,+1-439-850-2786,Port Erica,CT,2024-10-06,Platinum,True
2792,EVAN NOVAK,hannahobrien@example.net,814-712-0119x06773,Lake Joe,WI,2022-04-06,Standard,True
2793,William Perry,cookamanda@example.com,001-373-284-0081,Melanieland,GA,2024-07-12,Standard,True
2794,Karen Cummings,smills@example.org,+1-586-364-5338x373,Port Scottport,NV,2022-04-06,Silver,False
2795,Mrs. Julie Ellis,john96@example.com,244-412-7579,Molinaton,RI,2023-01-28,Silver,False
2796,Erin Barrera,moorestephanie@example.net,955.246.7004x758,East Kristinhaven,AK,2024-05-01,Platinum,False
2797,corey garcia,myersamber@example.org,7104830153,Villegastown,AZ,2026-08-01,Gold,False
2798,Steven Hicks,jlee@example.net,819-262-8419x4474,Tylerburgh,IA,2025-07-07,Silver,False
2799,Patricia Gonzalez,timothy85@example.org,893.535.6241x95178,New Debraburgh,NH,2021-09-07,Standard,False
2800,kristin diaz,ksharp@example.com,001-773-879-9568x808,Baileyville,MS,2023-10-15,Standard,True
2801,Michael Mccoy,ytran@example.net,680-310-5118x426,East Dwayneton,MN,2025-10-20,Standard,
2802,Ryan Morris,hingram@example.org,001-883-252-6273x827,Mckinneymouth,AZ,2023-11-19,Standard,
2803,Aaron Montgomery,nblair@example.org,(511)498-0956x0699,East Jill,NE,2023-01-24,Standard,True
2804,Jennifer Peterson,jennifer01@example.net,001-873-511-1202x7221,South Kennethville,RI,2023-08-14,Standard,
2805,Joshua Anderson,rsanchez@example.org,+1-858-863-5469x232,West Edwin,VA,2024-03-29,Silver,False
2806,Jessica Macdonald,lweiss@example.org,242.266.3389x122,Port Jeffrey,NJ,2024-03-26,Standard,True
2807,Nicole Blair,zsmith@example.net,414.517.3361,East Amy,OH,2021-01-02,Standard,True
2808,MARK CONTRERAS,fbell@example.net,+1-352-538-5897x25067,East Michelle,WV,2024-03-22,Standard,
2809,Michele Woodward,hensondaniel@example.com,(544)539-0153x3958,Port Elizabeth,MN,2021-12-30,Standard,True
2810,Bailey Key,wagnerdenise@example.net,+1-336-545-9030x067,Rickyton,MS,2020-11-28,Standard,False
2811,GREGORY BROWN,chamberstrevor@example.com,426.972.3406x8877,Sandraborough,OH,2024-06-11,Standard,
2812,Melissa Zimmerman,uclark@example.com,+1-521-980-8931x6982,Johnport,DC,2023-03-08,Gold,True
2813,Erin Sullivan,riversjeffrey@example.com,(267)756-5298,Lake Tiffany,AZ,2024-10-03,Gold,
2814,ADAM SMITH,courtney05@example.org,9014995009,Nelsonchester,FL,2025-06-21,Silver,False
2815,JESUS MCBRIDE,wardjohn@example.net,441-757-2397x42474,New Miamouth,RI,2023-05-17,Silver,
2816,Eric Frey Jr.,rodney56@example.org,001-916-603-2888x9489,Lake Morganfort,DC,2026-01-08,Standard,
2817,michael anderson,nancyshaw@example.net,+1-282-631-4302x52002,Lake Robert,UT,2023-04-05,Gold,False
2818,Kimberly Mcclure,josesimpson@example.org,001-397-585-0616,Lake Edwardville,NH,2023-12-17,Gold,True
2819,Miranda Nichols,hamiltonivan@example.com,(898)374-2233x8444,South Ashleymouth,ME,2026-03-26,Silver,False
2820,Patrick Velasquez,alexanderalex@example.net,341-553-6145x183,North Mary,NC,2024-03-28,Standard,
2821,John Williams,melendezphillip@example.org,7073260768,Wileyport,WA,2021-05-02,Standard,True
2822,Ryan Roberts,rogerskathy@example.net,001-444-351-2827x294,Port Robertochester,AS,2025-12-29,Standard,
2823,Linda Martin,alicia32@example.com,+1-557-548-5913x375,Michaelside,HI,2025-04-02,Silver,True
2824,Joseph Shaw,sandersjohnny@example.net,256.989.2924x768,West Taylor,OK,2025-05-09,Standard,False
2825,Angel Davis,robert67@example.net,(421)936-0629x49447,West Michael,TN,2023-05-01,Standard,True
2826,Lauren Ingram,gedwards@example.net,689-633-3639x9601,Wilsonshire,OK,2023-08-06,Gold,True
2827,Ronald Johnston DVM,mark59@example.com,640-397-7418,South Johnathan,AK,2024-10-18,Gold,True
2828,Tracey Taylor,megantaylor@example.com,(597)430-5721x8645,Davisfurt,RI,2022-08-18,Standard,
2829,Mrs. Krystal Fowler,michael22@example.com,001-991-580-5547x006,Lake Donaldshire,MT,2021-02-18,Standard,False
2830,Gregory Ortiz,jessemyers@example.com,4974628271,Sancheztown,VA,2024-08-05,Standard,False
2831,JOY THOMPSON,brandon74@example.net,516.382.0432x81277,Camposport,TX,2024-02-01,Gold,False
2832,Carol Olson,jaime88@example.com,(842)775-8140,Lake Martintown,GU,2025-12-08,Gold,False
2833,Jacqueline Rodriguez,scott59@example.net,688-775-3407x328,Summershaven,TX,2025-01-01,Silver,
2834,Ryan Warren,cmiller@example.net,(628)919-4033,Howardbury,IL,2024-02-14,Silver,False
2835,Crystal Palmer,matthew90@example.net,+1-367-381-3823,Lambfort,WI,2022-12-24,Silver,True
2836,jodi estrada,pamelakelly@example.com,888.928.2270,Bryantbury,AZ,2024-12-10,Standard,
2837,Christopher Glover,rebecca77@example.org,+1-223-368-1046x3632,Lisafurt,CA,2023-11-15,Standard,False
2838,Kevin Garrison,grossdanielle@example.net,+1-767-331-9419x4926,New Markhaven,AR,2021-06-17,Standard,
2839,Matthew Davis,craigmiles@example.net,+1-209-361-2492,Juliamouth,VA,2025-09-20,Silver,
2840,Danny Barton,ortizthomas@example.com,880.516.5845,Lake John,MI,2024-12-29,Platinum,
2841,Ian Reynolds,gmurphy@example.org,001-454-409-8521x77296,East Jennifer,LA,2022-05-28,Standard,False
2842,Brian Turner,cjones@example.org,(674)230-7667,North Cynthiaport,NH,2025-02-27,Gold,False
2843,Jessica Cruz,james96@example.org,712.840.8476x520,East Gina,WV,2025-06-21,Standard,False
2844,Chelsea Walsh,drakemary@example.net,271.804.5826,North Jessicamouth,AR,2023-05-27,Standard,
2845,Jordan Waters,eugenejones@example.net,5662774818,South Jameschester,NY,2023-06-08,Gold,
2846,Sergio Hull,sarakim@example.net,001-413-955-9657,New Travis,OH,2026-05-28,Standard,False
2847,Rachel Scott,cummingsmelissa@example.com,(638)802-6709,New Ronaldfort,CO,2021-05-08,Standard,
2848,Preston Jones,bakerrobert@example.com,+1-999-212-9363x22802,East Kathrynfort,FL,2025-12-13,Silver,False
2849,Karl Burns,amandamclean@example.com,451.996.5376x7039,Christineland,ME,2025-02-28,Standard,False
2850,Lisa Ramos,lori53@example.org,+1-333-760-1467,North Susanside,TX,2022-01-24,Standard,False
2851,Michelle Rich,allenjudith@example.org,989-813-6043x7455,Frankbury,OK,2024-01-16,Gold,False
2852,BRADLEY BRANDT,grivera@example.com,001-982-277-5947x922,New Edwardfurt,NH,2025-11-01,Gold,False
2853,Ruben Mccoy,johnwilson@example.net,393-851-7087,Brianville,NH,2022-10-22,Standard,
2854,Yesenia Foster,markroberts@example.net,769-645-3845,Lake Cynthia,SD,2020-12-21,Silver,False
2855,Mark Kim,latoyahuff@example.net,492.701.4829x237,Fergusonmouth,AL,2023-06-19,Standard,True
2856,Scott Miller,matthew65@example.org,250-235-5581,Rosstown,MI,2022-12-14,Standard,True
2857,Pamela Castillo,daniellelopez@example.com,5085438006,Morenobury,NE,2023-03-21,Silver,
2858,Alexis Shelton,cbates@example.org,791-363-0916,Stephenstown,KY,2024-03-09,Silver,True
2859,Gabriel Rivera,smithjared@example.net,917.202.0055x501,Lake Markburgh,OR,2025-08-18,Standard,True
2860,Danny Kelly,nichole33@example.com,+1-523-521-2430x258,East Ricardoland,IA,2024-04-23,Standard,
2861,Dr. Morgan Smith,,974-247-3098x110,Barnesfurt,NJ,2021-06-27,Silver,True
2862,William Gonzalez,jessicabell@example.com,843.570.1180x33613,Thorntonmouth,AK,2023-11-04,Standard,True
2863,daniel krueger,connor16@example.org,001-678-445-7362x5303,Muellertown,GA,2023-03-17,Platinum,False
2864,Tim Morales,sherrycole@example.net,270.422.9400x97511,New Crystal,UT,2023-04-27,Standard,True
2865,Richard Johnston,robert89@example.com,+1-464-659-8171x3032,Glennburgh,CT,2022-04-06,Standard,True
2866,DAMON ANDERSON,nataliehall@example.org,2044295603,Lake Aaron,MA,2021-12-12,Standard,
2867,Clayton Jackson DDS,eric02@example.com,(669)531-8606x231,Campbellbury,NM,2025-11-25,Gold,False
2868,Darren Bell,fanderson@example.com,400.997.6325,New Scott,MS,2025-10-14,Standard,
2869,kirsten davis,hillmonique@example.org,956.694.1431x4013,New Micheal,VT,2023-08-04,Standard,
2870,Julia Robertson,pam28@example.com,4887856380,North Edwin,AR,2025-05-12,Standard,False
2871,Brandon Adams,jenna55@example.net,(748)270-3218x7039,Fredbury,TN,2020-12-20,Standard,True
2872,Alexa Gross,jenkinsamber@example.org,(881)735-6362x24462,Robertstad,TN,2025-10-14,Standard,False
2873,Robert Orozco,donna17@example.org,648.647.9270x599,Garciabury,MD,2023-08-16,Standard,False
2874,Michael Mitchell,vernon06@example.net,001-274-209-1260x287,Shermanville,AK,2022-01-13,Platinum,
2875,Anthony Gallagher,dustinkelly@example.net,(699)880-0881x4848,Joseland,HI,2023-04-02,Standard,True
2876,Tracey George,colemanchristine@example.org,+1-821-872-9521,Holmesberg,IL,2022-05-04,Standard,
2877,Jennifer Morris,xjenkins@example.net,386-937-8785x5971,West Jennifer,MH,2025-06-20,Standard,False
2878,Alicia Hamilton,timothymedina@example.com,372-767-3268x136,South Kyle,NJ,2021-05-11,Standard,
2879,Michael Soto,staceyryan@example.net,3745959624,West Matthew,PW,2024-10-29,Gold,False
2880,Cynthia Cardenas,donna14@example.org,558-625-4514,New Sarah,MI,2025-01-27,Gold,True
2881,Monica Arroyo,tiffanybailey@example.org,541.659.4928,Edwinbury,MI,2021-01-15,Standard,False
2882,Vanessa Ramos,esmith@example.net,001-214-597-6423x6917,West Glen,IN,2025-08-31,Standard,True
2883,Tiffany Bryant DVM,kathrynadkins@example.net,870-205-2459,North Erikfort,PR,2022-05-16,Standard,True
2884,Andrew Chambers,rebecca27@example.org,+1-994-831-5211x9971,West Patricia,MO,2021-05-27,Gold,
2885,Jason Henderson,qnelson@example.com,+1-550-845-6960x6285,Wilkinsburgh,OH,2024-11-05,Gold,True
2886,ZACHARY MCCARTY,cochrancharles@example.net,363.354.3133,Lake Sarah,WA,2024-06-14,Silver,True
2887,DONNA COLLINS,pennyduncan@example.net,001-204-597-9103,Port Thomas,PA,2020-12-27,Gold,True
2888,Jose Moran,christinaross@example.org,001-264-840-9305x77614,South Andrew,MI,2021-05-15,Standard,True
2889,Cindy Zhang,benjamin88@example.net,417-544-4413x88258,Matthewfurt,IN,2022-05-19,Standard,True
2890,Ralph Mooney,,(217)279-9890x4381,Lewistown,MD,2023-06-08,Standard,True
2891,Robin Bell,hcasey@example.com,2489687169,Port Jeremiah,FL,2026-05-03,Gold,True
2892,Christopher Williams,wilsoncarrie@example.net,+1-521-568-5098x947,Starkview,MH,2025-06-23,Standard,True
2893,Zachary Walters,austinaustin@example.org,422.938.2235x37557,West Cherylmouth,AK,2023-01-08,Standard,
2894,sarah soto,ahernandez@example.net,(657)576-7788x7130,Andersonton,MO,2024-07-31,Standard,False
2895,Luis Simmons,tgomez@example.net,001-393-667-0619x75003,West Jamieside,ND,2024-11-23,Silver,
2896,Daniel Gomez,smithmichael@example.net,753.748.5842,Jonesland,WA,2020-09-09,Gold,False
2897,Colleen Benjamin,gprice@example.net,001-432-657-9816x9535,Hodgesshire,ID,2023-04-29,Standard,False
2898,David Baldwin,ashley90@example.com,001-501-493-9589x8184,Lisaport,FM,2025-03-20,Standard,True
2899,Eric Young DDS,brittany12@example.org,+1-369-252-9382,Moorefurt,OH,2025-05-29,Standard,
2900,Michael Williams,mwalker@example.org,632-457-0441,West Karla,WY,2025-06-06,Standard,False
2901,gerald nguyen,nicole57@example.org,+1-439-874-2608x550,Port Marilyn,WY,2026-07-27,Silver,True
2902,Deborah Rhodes,meganstewart@example.net,(895)969-1720x703,South James,IN,2025-10-08,Standard,False
2903,Gregory Pearson,mstark@example.com,481-318-4487x8905,Keithshire,AK,2026-01-25,Gold,False
2904,Gloria Morris,udixon@example.com,513.702.2037,Bobbystad,SC,2021-01-15,Gold,False
2905,Dawn Mcguire,butlerteresa@example.net,885.706.0933x719,Chadberg,VT,2022-01-27,Standard,
2906,Nichole Li MD,jorge19@example.net,222.306.1525,South Timothyhaven,VT,2025-12-23,Standard,False
2907,Ryan Evans,smithvictoria@example.org,(950)617-7591,New Sarahborough,PR,2023-05-01,Standard,
2908,jennifer smith,danielle70@example.com,001-506-360-5796x5273,East Jessicamouth,OR,2024-01-20,Gold,True
2909,Thomas Miller,hgibbs@example.com,(344)545-1696,Smithview,AK,2023-09-12,Standard,True
2910,Lisa Meyer,davidreeves@example.org,+1-774-639-3919x1654,South Dennisshire,TN,2025-08-18,Standard,True
2911,Paul Austin,kbrown@example.com,4934330206,West Jasonhaven,LA,2022-07-29,Standard,
2912,Brian Wright,crobertson@example.com,(432)366-1038,New Roberttown,WV,2022-09-12,Standard,
2913,Megan Watson,cameron09@example.net,001-996-929-4264,South Andrewport,MA,2022-08-05,Standard,
2914,IAN TAYLOR,eric16@example.net,295-675-9419,Josephshire,AR,2022-12-11,Silver,
2915,Scott Fox,chelseaturner@example.net,+1-988-666-6118x700,North Robertside,AZ,2023-04-15,Gold,False
2916,Colton Brooks,dmccullough@example.com,(616)735-9244,South Ryanmouth,ME,2021-08-05,Standard,True
2917,Kayla Davis MD,cindy98@example.net,475.314.2580x742,North Kimberly,WI,2023-06-01,Standard,True
2918,JASON SMITH,marc32@example.org,(591)742-0417,New Kelly,AL,2023-06-29,Platinum,True
2919,Jordan Jenkins,obrienjohn@example.com,549-803-3313,Port Michaelfort,FL,2025-12-10,Gold,False
2920,Jerry Davis,mary67@example.com,+1-223-586-5826x30161,Port Emilyhaven,NV,2025-01-23,Standard,True
2921,denise sanders,adrian54@example.com,(351)356-9832x299,New Nancy,AL,2025-07-17,Silver,True
2922,Thomas Key,bharrison@example.org,001-882-977-1795,Stephanieside,NV,2024-04-29,Standard,True
2923,Christopher Dawson,vklein@example.com,001-444-615-6574x3759,East Dustinside,WY,2025-07-30,Silver,False
2924,Alexis Davis,christinadiaz@example.net,645-373-5264x071,North Bob,NE,2026-05-14,Silver,
2925,Jonathan Brown,michael45@example.com,712.390.3826,Port Brenda,NV,2026-03-19,Silver,
2926,Jennifer Walker,pjohnson@example.org,+1-351-713-9122x276,Kimberlystad,UT,2021-10-15,Silver,True
2927,kimberly berg,sarah23@example.org,+1-758-931-3297,East Kellytown,RI,2021-03-07,Standard,
2928,Troy Nichols,margaret54@example.org,(427)948-1873x1785,Robertshaven,KS,2023-05-01,Standard,
2929,Krista Martinez,richardfreeman@example.net,001-358-869-2742x90039,North Devinland,CT,2024-08-10,Standard,True
2930,Katherine Evans,jennifer78@example.net,+1-973-574-8052x17020,Tateton,SC,2026-01-29,Standard,True
2931,Tracy Henderson,wyatt10@example.com,619.767.6741x6606,Kristieport,KY,2021-02-26,Standard,False
2932,Anthony Nelson,wcarter@example.org,568.345.1265x27667,Miguelmouth,MP,2024-09-02,Standard,False
2933,Sandra Riddle,christopherhernandez@example.net,786-785-0634,Francisshire,NM,2022-04-18,Gold,True
2934,Dylan Delgado,vwagner@example.net,(463)942-4235,North Martinstad,CO,2026-03-10,Standard,True
2935,John Estes,markblackburn@example.com,982-611-4084,South Daniel,SC,2025-06-15,Standard,False
2936,Robert Jones,ecrosby@example.com,733.420.0611x936,Stricklandside,AL,2025-05-17,Standard,True
2937,Crystal Larsen,johnlin@example.net,659-363-8384x607,Adkinshaven,PR,2021-09-08,Standard,False
2938,Jeffrey Lee,dmullins@example.net,775-510-4242x5846,East Laura,MA,2021-06-02,Standard,
2939,JEFFREY PATTON,james49@example.net,208-447-7279x728,Brayland,ME,2023-07-16,Standard,True
2940,Scott Mitchell,dleblanc@example.net,498.617.3618x8575,Evanville,MS,2020-09-04,Standard,True
2941,ANDREW MATA,rodriguezzachary@example.net,(495)348-5211,Barbaraport,WY,2022-06-06,Standard,False
2942,Justin Christensen,qdonaldson@example.net,227-769-0177x069,East Taylor,TX,2023-03-19,Silver,True
2943,JAMIE MORRISON,enavarro@example.com,+1-436-346-2969x0545,Port Brandifurt,NJ,2021-06-01,Standard,True
2944,kimberly monroe,alex76@example.org,230.973.5460x07974,Blackfurt,KY,2021-06-03,Standard,True
2945,Melissa Edwards,tammy33@example.com,+1-286-495-4680,North Elizabeth,NV,2022-03-24,Standard,False
2946,Dakota Erickson,xroach@example.net,+1-459-562-7423x341,Lorrainebury,SC,2023-03-17,Gold,False
2947,Joel Lopez,ehunt@example.com,891.569.1394,East Todd,MO,2025-11-22,Standard,
2948,Tyler Dean,alexandra17@example.org,001-825-212-5748x15324,Foleyhaven,CT,2026-04-15,Standard,False
2949,Gary Nelson,schroederaaron@example.net,+1-739-260-0789x493,Garciafort,NH,2024-06-07,Gold,False
2950,Jorge Johnson,charles34@example.net,001-665-279-6810x32022,South Jeffreyburgh,OH,2021-10-05,Gold,False
2951,Shelly Rocha,jason12@example.com,+1-367-640-0940x4378,North Brandyhaven,NH,2021-03-04,Standard,False
2952,Jennifer Williams,owolfe@example.com,5517300572,East Shannon,OK,2024-12-25,Standard,True
2953,Daniel Martinez,iwilson@example.net,001-668-617-5481,Lake Jennifer,IN,2021-05-12,Standard,True
2954,Brittney Garcia,nwilliams@example.net,+1-724-774-6879x2718,East Tannerborough,UT,2022-09-28,Standard,True
2955,Lauren Barron,icamacho@example.net,9875841786,South Caitlin,OK,2022-10-14,Silver,
2956,Linda Alvarado,ilopez@example.org,652.810.4811,East Nicoleshire,VA,2022-06-25,Standard,False
2957,Daniel Jordan,bailey35@example.net,+1-724-393-7104x17628,East Debraland,MT,2026-07-04,Standard,True
2958,DEREK PEREZ,qmolina@example.com,(611)588-0690,North Kevinhaven,FL,2022-04-28,Standard,True
2959,Rhonda Jackson,qthomas@example.com,785-201-6641,Sherrymouth,MS,2021-02-04,Silver,False
2960,Matthew King,morganmartha@example.net,414.593.9282,Janetfurt,IA,2023-11-02,Silver,
2961,Samantha Jackson,rjackson@example.com,993-591-6527,New Thomasberg,TX,2022-05-04,Silver,True
2962,James Warren,smithhaley@example.net,(940)964-6765x172,Karinaburgh,OK,2022-03-10,Standard,False
2963,Mark Nguyen,ryan41@example.com,001-430-601-5903,East Brandonburgh,DC,2021-05-09,Silver,False
2964,Rachael Harris,tamara56@example.com,209.606.6958,Andrewfurt,MT,2026-06-10,Silver,
2965,Jason Wood,steven79@example.org,001-630-602-8834x928,Markton,NJ,2025-09-15,Standard,True
2966,Carolyn Williamson,monicasmith@example.net,994.940.0010x5689,East Sheenachester,MP,2022-07-15,Standard,False
2967,Jamie Turner,marywilson@example.com,001-968-592-8697,Vincentmouth,RI,2022-03-22,Standard,False
2968,Sarah Wells,lindawade@example.net,352-760-5794,Floresville,AK,2023-04-09,Silver,False
2969,Elizabeth Stevens,whitetraci@example.com,279.584.8002,Port Theresa,NM,2020-11-21,Platinum,
2970,Jessica Boyd,eklein@example.net,001-432-425-0915x5732,East Jacqueline,MO,2025-10-14,Standard,False
2971,STEVEN MITCHELL,uhanson@example.net,583.220.9912x42348,Millerhaven,KY,2025-12-25,Platinum,True
2972,Michael Thomas,timothy02@example.net,001-539-548-4771x467,New Ericbury,WA,2025-04-18,Gold,
2973,Daniel Moore,alex31@example.com,001-347-743-4188,Pearsonstad,CO,2023-05-01,Standard,False
2974,Brent Morales,sandra98@example.org,894-315-1763,New Michaeltown,SC,2022-12-02,Standard,
2975,Chloe Davila,mitchellrivera@example.net,001-453-297-2056x0064,Port Douglas,MN,2025-06-13,Standard,False
2976,lisa perry,griffinpatricia@example.org,4605113032,East Michael,ME,2024-01-31,Standard,False
2977,Michelle Green,lorettamiles@example.com,(602)767-4121x6382,Gillespieburgh,IN,2022-01-07,Standard,
2978,Briana Vaughn,jeff60@example.net,001-760-379-3910,Crystalmouth,CA,2026-02-24,Silver,True
2979,Vincent Carey,xtodd@example.org,001-559-785-1532x092,West Edward,KY,2024-06-10,Silver,True
2980,Michael Flores,jenniferfleming@example.org,5644861577,Richardfurt,UT,2024-07-06,Silver,True
2981,Tiffany Gillespie,hharris@example.net,+1-299-268-0126x6993,Larryfurt,KY,2022-04-09,Standard,
2982,Nancy Montgomery,donald82@example.net,883-325-5126,Wongburgh,MP,2026-06-27,Gold,
2983,Shannon Rodriguez,bgilbert@example.net,(460)622-9631x6501,West Tiffanytown,WA,2023-04-24,Standard,False
2984,Steven Clay,rsmith@example.net,913.277.7938x6404,Madisonberg,AZ,2024-09-29,Gold,False
2985,Jessica Powell,tristan86@example.org,(794)530-1226x941,Johnborough,DE,2024-08-21,Standard,True
2986,Alexandria Krueger,,(409)482-2162x593,Alanhaven,MP,2023-09-14,Standard,False
2987,Stacy Jimenez,alyssabaker@example.org,(523)525-2874x40291,East Timothy,PR,2026-05-18,Standard,
2988,Tyler Flynn,hatfieldsara@example.com,806.543.8551x29986,New Feliciamouth,NY,2020-10-18,Standard,True
2989,alejandra hayes,floydkenneth@example.com,750.577.3188,Stevensbury,IL,2026-07-15,Gold,
2990,Deanna Williams,wendy33@example.org,+1-243-435-0698x4433,Rachelfort,WA,2022-10-14,Silver,True
2991,Kara Stephens,wgray@example.com,+1-856-778-6892,Danielfort,WI,2021-03-19,Standard,
2992,Ashley Baldwin,obrown@example.net,405.554.5651x5414,Jonesport,MD,2025-12-19,Silver,True
2993,Danny Pearson,erickelly@example.net,740-210-1190,Jessicaburgh,TN,2020-10-21,Standard,
2994,Troy Gordon,banksallison@example.org,+1-763-755-1972x6344,Watsonside,GA,2023-12-07,Silver,False
2995,Chad Ball,savannah45@example.net,622.805.0116x0026,Ellisfort,NE,2022-06-02,Platinum,True
2996,Amber Riley,cmorales@example.com,355-879-4319x36671,Port Michael,MA,2025-02-14,Silver,False
2997,Dr. Valerie Hansen,michelleandrews@example.org,+1-479-937-5937,Tammieborough,CA,2021-10-01,Standard,False
2998,Kelly Gray,,7716389477,South Brendastad,IA,2025-05-09,Silver,False
2999,Brian Herring,aevans@example.net,(285)806-9672,Steventown,VT,2024-05-14,Platinum,False
3000,COURTNEY STEWART,villanuevajill@example.org,957-504-7871x23728,Tracyhaven,MI,2022-09-20,Silver,
1958,Alexis Day,jesus65@example.net,753-888-2323x4533,Robertsonburgh,DC,2026-01-11,Standard,True
2088,mark davis,jonathancollier@example.com,001-670-350-8755x05624,Ramosshire,VT,2023-12-10,Standard,True
1395,Lori Jones,lee64@example.com,(845)923-9004x15242,Markfort,FM,2022-12-24,Gold,
1521,RICHARD HERNANDEZ,pmoore@example.org,(762)377-6746,Kathrynside,NV,2023-11-08,Gold,True
1099,Catherine Jennings,bryanwallace@example.com,+1-206-217-9067x01512,New Melinda,KS,2026-01-06,Standard,
394,Catherine Ramos,paulestrada@example.com,001-792-269-3265x7327,Port Camerontown,AL,2022-12-25,Standard,False
29,Katie Gross,harveymichael@example.net,451.686.3878,Robertmouth,DE,2023-05-27,Silver,False
100,Charles Taylor,nathan76@example.com,(313)828-3389,Moonville,GU,2023-11-19,Gold,False
352,Sabrina Owens,debrajones@example.net,001-257-886-0694,North Jeffreychester,FL,2021-02-11,Standard,False
2021,Eric Robinson,joanwhite@example.com,225-265-6866x805,Lake Michaelside,OK,2025-04-15,Gold,True
1353,Robert Freeman,jennifer68@example.net,+1-827-804-7233x446,North Michaelport,PA,2021-07-13,Standard,True
1145,Christie Humphrey,dustinallen@example.org,8438647584,Zacharyfort,VT,2021-11-29,Standard,
2856,Scott Miller,matthew65@example.org,250-235-5581,Rosstown,MI,2022-12-14,Standard,True
1226,Jerome Herman,scott79@example.com,398.724.5538,New Ericberg,VI,2022-06-17,Standard,True
298,mark davis,aaronjones@example.net,+1-432-606-4969x357,West Elizabeth,NM,2023-08-28,Standard,False
1786,Jill Kemp,hartmansarah@example.com,8596647033,Port Keith,WI,2021-07-14,Gold,
127,JORDAN MOSES,riverabradley@example.net,859.323.0450x189,Scottbury,WI,2025-08-29,Silver,True
2758,Melissa Ashley,lboyd@example.org,+1-339-454-3457,Brianborough,WV,2023-08-07,Gold,True
1597,Donald Williams,hughesjoseph@example.net,287.238.7183x410,Priceside,LA,2021-07-25,Standard,True
2028,Jeremy Johnson,elee@example.org,001-261-875-6577,New Rachelport,KS,2020-10-07,Silver,True
2997,Dr. Valerie Hansen,michelleandrews@example.org,+1-479-937-5937,Tammieborough,CA,2021-10-01,Standard,False
682,Joseph Rodriguez,whitecharles@example.net,001-578-991-2488,South Alexismouth,WV,2025-03-15,Standard,
46,KIMBERLY DAVIDSON,meyershannon@example.org,588.660.8680,Sandersport,WI,2026-04-24,Standard,
1437,Jesse Hodges,jonathan12@example.net,+1-324-792-2028,North William,VI,2023-09-04,Standard,
2748,Jessica Wilson,jessicawaters@example.com,846.597.7803x4931,Lake Mary,ND,2024-09-12,Standard,False
