order_id,customer_id,vehicle_id,branch_id,employee_id,order_date,status,payment_method,customer_rating
1,1813,3449,11,114,2024-05-03,Completed,Cash,2.0
2,764,1038,1,127,2025-01-16,Completed,Credit Card,3.0
3,1659,2783,12,81,2025-12-09,Completed,Financing,
4,1072,111,4,90,2025-06-22,Cancelled,,
5,161,134,8,59,2025-12-11,Completed,Debit Card,3.0
6,416,1651,10,156,2024-01-22,Completed,Insurance,3.0
7,1969,3033,9,71,2023-03-29,Cancelled,,
8,174,120,8,15,2024-03-29,Completed,Cash,
9,2175,6,12,66,2025-03-02,Completed,Cash,
10,2258,3286,12,133,2023-10-17,Completed,Financing,5.0
11,2351,1769,4,102,2024-02-18,In Progress,Insurance,
12,1019,1092,12,10,2025-03-18,In Progress,Debit Card,
13,2557,1990,4,86,2025-08-29,Completed,Credit Card,5.0
14,406,1162,2,6,2023-04-20,In Progress,Insurance,
15,374,1787,1,29,2025-09-16,Cancelled,,
16,974,2443,6,133,2023-08-24,Completed,Insurance,4.0
17,1849,829,9,6,2024-02-07,In Progress,Cash,
18,1572,1031,4,168,2024-10-20,Completed,Insurance,2.0
19,2604,1399,1,165,2024-12-05,Cancelled,,
20,54,1679,1,8,2024-01-16,Cancelled,,
21,397,2163,8,121,2024-11-15,Completed,Credit Card,5.0
22,2173,2787,2,62,2023-11-24,Completed,Insurance,2.0
23,2110,2335,2,119,2023-09-18,Completed,Financing,5.0
24,2423,1219,11,54,2023-07-29,Cancelled,,
25,1325,1018,8,115,04/22/2025,In Progress,Financing,
26,1396,3189,1,12,2025-09-29,Completed,Insurance,3.0
27,1555,488,1,127,2025-05-25,Completed,Insurance,5.0
28,1969,2789,11,69,2024-09-09,Completed,Debit Card,2.0
29,81,1042,9,111,2024-12-20,Completed,Cash,1.0
30,2736,1193,5,132,2023-09-22,Completed,Credit Card,
31,1546,1851,9,170,2025-11-02,Completed,Cash,
32,2962,339,7,84,2025-10-05,Cancelled,,
33,1489,2059,5,11,2024-06-18,In Progress,Financing,
34,1914,1293,12,48,2024-03-17,Completed,Credit Card,3.0
35,2832,1785,1,159,2024-12-01,Completed,Credit Card,
36,1210,1482,3,167,2024-02-28,In Progress,Debit Card,
37,1326,2487,10,57,2025-04-03,Completed,Financing,2.0
38,2567,1008,6,1,2025-03-29,Completed,Credit Card,5.0
39,194,481,6,16,2024-07-17,Cancelled,,
40,678,2797,8,7,2024-03-02,In Progress,Financing,
41,1168,1464,4,84,07/11/2023,Completed,Cash,
42,2003,322,11,10,2025-12-24,Completed,Insurance,2.0
43,1698,3309,1,32,2024-09-08,Completed,Credit Card,1.0
44,1708,1420,5,115,2025-12-22,Completed,Financing,4.0
45,1281,2458,8,135,2024-02-23,Completed,Debit Card,
46,218,2936,6,27,2024-11-01,Completed,Credit Card,4.0
47,2955,596,11,36,2024-01-20,Cancelled,,
48,1438,1125,3,26,2024-12-28,In Progress,Debit Card,
49,2976,1485,6,136,2025-08-14,Cancelled,,
50,1991,2710,12,87,2023-06-12,Completed,Debit Card,
51,2339,2103,2,159,2025-05-16,Cancelled,,
52,2307,1243,5,27,2025-10-24,Completed,Cash,
53,2910,2903,5,150,2025-11-15,Completed,Cash,5.0
54,753,2344,3,75,2024-06-06,Completed,Cash,
55,163,1692,10,91,2025-01-09,Completed,Debit Card,3.0
56,2772,2083,9,130,2023-06-09,In Progress,Debit Card,
57,2326,2720,3,85,2025-07-03,Completed,Insurance,4.0
58,612,1113,6,31,2024-01-04,Completed,Financing,3.0
59,1222,3018,10,121,2024-05-23,Completed,Credit Card,3.0
60,1979,1356,6,80,2024-08-05,Completed,Insurance,3.0
61,110,2948,2,51,2025-06-12,Completed,Cash,4.0
62,194,481,3,57,2024-11-06,Completed,Credit Card,4.0
63,536,1766,8,6,2024-06-23,Completed,Credit Card,2.0
64,470,2011,3,51,2025-09-15,Completed,Cash,1.0
65,18,2841,11,128,2024-02-18,Completed,Credit Card,
66,2863,1159,6,75,2024-11-19,Completed,Financing,3.0
67,2728,1783,3,143,2023-09-09,Completed,Debit Card,
68,220,3254,11,107,2025-09-17,Cancelled,,
69,2879,222,9,78,2024-12-30,Cancelled,,
70,1877,3047,10,107,2023-07-07,Completed,Credit Card,
71,72,326,8,85,2023-07-01,Completed,Financing,
72,1039,650,2,58,2025-07-24,Completed,Insurance,5.0
73,923,2793,4,108,2023-05-21,Cancelled,,
74,362,2359,9,166,2025-11-02,Completed,Credit Card,
75,2634,1523,9,24,2024-02-08,Completed,Debit Card,
76,1242,663,7,157,2024-08-06,Completed,Debit Card,5.0
77,2878,1776,4,48,2025-10-20,Completed,Debit Card,4.0
78,1320,2125,3,158,2023-05-09,Completed,Cash,
79,1580,1843,9,106,2023-07-23,Cancelled,,
80,754,1771,7,70,2024-05-23,Cancelled,,
81,2489,3295,3,77,2023-01-17,Completed,Credit Card,
82,1666,764,12,124,2025-04-08,Completed,Insurance,
83,2102,123,5,50,2025-08-06,Completed,Debit Card,5.0
84,617,3361,7,153,2025-04-12,Completed,Cash,5.0
85,205,1944,8,146,2024-09-11,Completed,Insurance,1.0
86,2072,1254,5,56,2025-02-25,Cancelled,,
87,804,2331,10,84,2024-11-16,Completed,Insurance,2.0
88,1563,803,10,40,2024-07-25,Completed,Financing,5.0
89,423,2316,7,151,2024-07-03,Cancelled,,
90,2389,1714,11,32,2025-11-29,Completed,Financing,
91,282,570,10,167,2023-10-26,Completed,Debit Card,
92,1686,2295,8,14,2023-10-09,Completed,Debit Card,
93,56,2896,9,100,2024-07-06,Completed,Credit Card,
94,614,1695,8,134,2024-09-08,Cancelled,,
95,2029,2031,9,68,2024-05-15,Completed,Cash,3.0
96,559,2768,8,171,2025-03-28,Completed,Cash,4.0
97,1577,2058,7,91,2023-01-05,Completed,Debit Card,4.0
98,1961,2670,7,155,2024-06-18,Completed,Insurance,2.0
99,904,1913,1,66,2025-01-22,Completed,Cash,
100,806,1030,5,75,2023-12-30,Completed,Financing,3.0
101,2622,1868,12,36,2023-07-24,In Progress,Cash,
102,811,340,11,136,2023-07-09,Completed,Credit Card,4.0
103,984,1533,11,82,2023-07-27,Completed,Financing,
104,1230,2226,2,48,2024-06-22,In Progress,Financing,
105,74,2051,8,53,2025-05-16,Completed,Insurance,1.0
106,1763,3193,5,141,2023-09-21,Completed,Insurance,
107,1953,3048,9,126,2023-06-08,Cancelled,,
108,2880,1490,3,136,2023-09-17,Completed,Insurance,3.0
109,1883,2378,7,6,2025-01-11,Completed,Debit Card,2.0
110,2659,1440,10,29,2025-05-29,Completed,Debit Card,
111,2646,2064,4,2,2023-04-02,Completed,Insurance,3.0
112,717,506,4,3,2023-03-24,Completed,Debit Card,2.0
113,1394,446,7,52,2025-07-22,Completed,Credit Card,
114,1853,1831,4,63,2023-11-14,Completed,Debit Card,2.0
115,1222,3277,2,106,2024-01-03,Completed,Credit Card,
116,1806,825,7,92,2023-06-27,In Progress,Credit Card,
117,1741,1715,3,85,2024-05-28,Completed,Insurance,2.0
118,2879,222,11,122,2024-05-10,Completed,Debit Card,3.0
119,2595,462,1,92,2023-01-16,In Progress,Insurance,
120,337,2253,8,1,2023-03-27,Completed,Credit Card,2.0
121,2343,341,12,99,2025-12-06,Completed,Financing,
122,1481,739,4,49,2025-01-17,Cancelled,,
123,1182,941,12,95,2024-04-18,Completed,Cash,3.0
124,220,336,7,15,2024-11-08,Completed,Financing,
125,2955,596,2,38,2025-12-17,Completed,Insurance,4.0
126,2291,3072,9,176,2024-11-15,Completed,Credit Card,2.0
127,505,2953,1,168,2024-09-15,Completed,Cash,5.0
128,2076,2067,1,156,2024-10-09,Completed,Cash,3.0
129,2034,2964,4,52,2024-04-04,In Progress,Credit Card,
130,2129,1294,8,50,2025-01-24,Cancelled,,
131,1070,217,1,68,2024-07-31,Completed,Insurance,
132,88,2650,3,3,2023-07-16,Cancelled,,
133,1004,3059,5,48,2025-06-21,Completed,Financing,
134,1299,2786,4,161,2024-03-10,In Progress,Insurance,
135,1790,380,8,28,2025-02-05,Completed,Financing,1.0
136,2021,1453,10,61,2023-07-13,Completed,Financing,
137,1624,3128,12,176,2023-05-22,In Progress,Cash,
138,875,3381,10,156,2023-06-21,Cancelled,,
139,2507,775,4,55,2023-05-31,Completed,Insurance,
140,1756,2047,1,66,2025-11-29,Completed,Credit Card,3.0
141,528,1454,3,95,2024-11-15,Completed,Insurance,4.0
142,1557,1511,1,4,2024-06-18,Completed,Cash,2.0
143,1904,1844,2,33,2023-11-24,Completed,Insurance,1.0
144,1073,497,9,6,2025-06-12,Completed,Credit Card,2.0
145,2022,1786,1,147,05/20/2023,Completed,Financing,
146,1808,1915,1,35,2023-04-11,In Progress,Insurance,
147,1344,2732,3,172,2025-12-16,Completed,Financing,4.0
148,2029,2031,1,151,2023-06-23,Completed,Insurance,1.0
149,838,431,10,168,2024-11-18,Completed,Financing,3.0
150,2794,1778,1,163,2025-10-02,Completed,Financing,5.0
151,932,2810,2,91,2023-12-09,Completed,Credit Card,3.0
152,486,1644,4,136,2025-07-30,Cancelled,,
153,1052,2498,3,127,2024-12-21,Completed,Insurance,3.0
154,267,3320,12,122,2025-12-11,Completed,Financing,
155,1768,536,12,128,2023-08-20,Completed,Insurance,3.0
156,2418,2045,8,158,2024-05-03,Completed,Cash,3.0
157,2497,886,9,155,2024-04-26,Completed,Insurance,2.0
158,228,1437,3,157,2023-03-15,In Progress,Insurance,
159,81,1042,7,126,2023-09-10,Completed,Credit Card,5.0
160,1095,2357,4,174,2024-03-07,Completed,Credit Card,
161,1587,2274,8,165,2024-03-19,Completed,Debit Card,4.0
162,1062,1532,4,85,2024-04-27,Completed,Debit Card,
163,1192,2451,11,126,2024-07-20,Cancelled,,
164,2198,2066,2,41,2023-08-21,Completed,Financing,
165,2387,3056,6,147,2023-09-08,Completed,Debit Card,
166,1823,906,2,131,2025-06-21,Completed,Credit Card,5.0
167,1938,2667,5,165,2025-06-18,Completed,Cash,
168,2617,1976,12,145,2025-10-10,Cancelled,,
169,2527,1232,4,172,2023-06-01,In Progress,Cash,
170,681,2625,6,129,2024-02-27,Completed,Credit Card,
171,1383,1354,8,151,2024-12-21,Completed,Insurance,
172,1257,2536,5,49,2025-11-21,Completed,Cash,3.0
173,1465,1711,3,148,2024-06-09,Completed,Financing,4.0
174,694,20,9,103,2024-10-07,Completed,Cash,
175,1566,2373,11,28,2024-07-12,Completed,Credit Card,
176,187,598,8,50,2025-08-28,Completed,Financing,
177,2175,6,2,130,2025-12-10,Cancelled,,
178,2652,2623,10,160,2025-05-01,Completed,Debit Card,5.0
179,1802,1006,6,83,2025-07-07,In Progress,Cash,
180,2106,3263,9,84,2023-06-08,Completed,Credit Card,3.0
181,2178,1877,6,24,2025-03-21,Completed,Insurance,
182,895,2815,3,86,2025-02-26,Completed,Cash,2.0
183,1278,14,3,88,2023-09-10,Cancelled,,
184,992,3249,7,64,2023-12-14,Completed,Credit Card,1.0
185,1227,3076,8,59,2024-05-19,Completed,Insurance,5.0
186,1717,1395,5,170,2025-08-25,Cancelled,,
187,2743,208,4,20,2025-12-12,In Progress,Financing,
188,2798,3170,6,87,2023-08-10,Completed,Cash,1.0
189,1772,3032,3,43,2023-01-01,In Progress,Credit Card,
190,2449,1998,6,132,2025-03-28,Completed,Financing,
191,791,1037,11,86,2023-06-25,Completed,Debit Card,
192,1380,808,7,4,2025-03-13,Completed,Cash,5.0
193,725,3278,2,179,2024-11-04,In Progress,Cash,
194,1406,2261,2,26,2025-06-18,Completed,Insurance,5.0
195,2115,244,12,78,2024-11-05,Completed,Debit Card,
196,1739,2396,2,41,2023-07-30,Completed,Financing,
197,445,463,5,22,2023-08-14,Completed,Financing,4.0
198,2941,2365,10,73,2024-01-24,Completed,Insurance,
199,1104,24,2,8,2023-11-29,Cancelled,,
200,1101,1237,1,130,2023-11-08,Completed,Cash,5.0
201,83,2104,9,160,2025-03-11,Completed,Credit Card,2.0
202,555,1898,3,99,2023-09-13,Completed,Cash,1.0
203,2799,1706,5,148,2024-07-13,Cancelled,,
204,2384,1284,4,144,2023-11-03,Cancelled,,
205,1618,390,2,81,2024-01-26,Completed,Debit Card,
206,2829,1650,9,61,2023-12-16,In Progress,Financing,
207,1861,1027,12,38,2023-01-26,Cancelled,,
208,1207,3010,5,101,2025-03-19,Completed,Credit Card,2.0
209,961,42,3,65,2024-10-03,Completed,Financing,1.0
210,1664,3333,8,80,2025-08-28,Completed,Financing,2.0
211,1961,2670,11,110,2025-10-07,Completed,Insurance,
212,2304,2209,12,35,2025-10-19,Completed,Insurance,2.0
213,824,3251,5,56,2023-04-17,Completed,Cash,1.0
214,1630,2818,11,38,2025-10-06,In Progress,Insurance,
215,2489,3295,3,111,2024-12-06,Completed,Credit Card,5.0
216,1115,2428,11,125,2024-02-29,Completed,Insurance,2.0
217,1675,2380,9,57,2024-10-15,Cancelled,,
218,584,424,9,131,2023-12-13,Cancelled,,
219,1056,1562,11,161,2024-01-28,In Progress,Insurance,
220,1777,2250,11,123,2025-05-23,Completed,Credit Card,
221,1581,2666,4,117,2024-12-22,In Progress,Debit Card,
222,2840,324,9,19,2025-01-22,Completed,Insurance,5.0
223,2601,767,11,82,2023-06-15,Completed,Insurance,3.0
224,462,29,8,96,01/07/2023,Completed,Financing,3.0
225,1239,2320,5,89,2025-03-29,Completed,Financing,4.0
226,2772,514,2,3,2024-05-01,Completed,Financing,5.0
227,673,3200,5,72,2024-07-26,Cancelled,,
228,1778,668,6,51,2024-11-12,Completed,Debit Card,3.0
229,2900,2509,2,149,2024-12-19,Completed,Cash,
230,1500,3063,12,106,2023-07-23,Completed,Cash,
231,1178,944,7,92,2024-04-14,Completed,Credit Card,3.0
232,1364,3007,1,61,2024-05-30,Completed,Debit Card,
233,582,1069,3,125,2025-05-09,In Progress,Insurance,
234,2166,162,12,174,2024-02-11,In Progress,Financing,
235,120,459,3,17,2025-11-22,Completed,Financing,5.0
236,2715,3073,4,79,2024-12-24,In Progress,Cash,
237,282,570,2,113,2023-05-25,In Progress,Financing,
238,2724,1734,4,56,2025-10-16,In Progress,Cash,
239,2102,2484,4,27,2024-05-03,In Progress,Financing,
240,2646,2064,7,14,2023-11-28,In Progress,Cash,
241,2338,3201,10,7,2024-06-15,Cancelled,,
242,570,3335,9,5,2023-07-15,Completed,Insurance,
243,505,1525,12,12,2023-07-09,Cancelled,,
244,262,2052,3,65,2024-09-15,Completed,Credit Card,2.0
245,1597,2121,5,163,2025-05-15,Completed,Financing,2.0
246,2658,753,2,147,2024-07-30,Completed,Credit Card,
247,7,526,1,80,2024-07-27,Completed,Cash,
248,788,840,5,12,2024-09-17,Completed,Credit Card,1.0
249,1900,1206,7,162,2023-01-04,Completed,Debit Card,
250,2527,1378,6,117,2024-11-14,In Progress,Debit Card,
251,1857,194,12,38,2025-08-25,Cancelled,,
252,1101,524,11,92,2024-04-20,Completed,Insurance,
253,2845,349,8,20,2025-02-12,Cancelled,,
254,2237,3280,10,117,2025-10-14,Cancelled,,
255,2140,1951,12,17,2025-06-15,In Progress,Insurance,
256,2313,1904,11,55,2023-06-06,Completed,Credit Card,5.0
257,41,915,10,42,2025-07-23,Completed,Financing,1.0
258,1332,1127,6,82,2023-08-28,Completed,Financing,5.0
259,2271,3312,2,58,2025-07-23,Cancelled,,
260,1927,2206,9,149,2023-03-04,Completed,Cash,1.0
261,2135,1016,11,125,2023-08-08,Completed,Financing,
262,559,790,10,139,2023-08-06,Cancelled,,
263,671,977,11,9,2025-03-12,Cancelled,,
264,1260,1143,5,150,2024-01-27,Cancelled,,
265,381,333,11,106,2024-10-09,Completed,Cash,4.0
266,2007,35,3,163,2023-04-22,Cancelled,,
267,1694,1455,4,72,2025-07-28,Completed,Cash,3.0
268,628,2945,6,69,2024-03-24,Cancelled,,
269,2632,3111,1,133,2025-07-10,Cancelled,,
270,1349,2776,7,129,2025-07-22,Completed,Financing,5.0
271,2950,675,11,28,2023-10-05,In Progress,Credit Card,
272,1969,3033,1,174,2025-07-21,Cancelled,,
273,2087,1136,1,18,2024-09-27,Completed,Debit Card,
274,1316,433,12,126,2025-06-27,Completed,Credit Card,3.0
275,156,389,1,105,2024-09-28,Completed,Financing,3.0
276,299,611,7,77,2023-09-16,Cancelled,,
277,1303,2039,1,107,2024-06-13,Completed,Credit Card,1.0
278,2618,2057,8,60,2025-08-12,Cancelled,,
279,811,1337,8,169,2023-04-07,Cancelled,,
280,796,3219,1,79,2025-08-07,Completed,Insurance,5.0
281,1276,2514,8,174,2024-06-09,Completed,Debit Card,1.0
282,582,1069,4,119,2025-11-17,In Progress,Financing,
283,1931,3034,9,147,2023-10-20,Completed,Insurance,
284,1562,2161,2,175,2023-08-04,In Progress,Credit Card,
285,1465,2096,7,64,2024-08-13,Completed,Cash,4.0
286,2665,3341,6,32,2023-07-18,Completed,Cash,4.0
287,67,233,1,118,2024-05-18,Completed,Debit Card,4.0
288,343,3302,11,177,2025-08-18,Completed,Insurance,
289,102,375,11,19,2023-11-14,Completed,Cash,
290,1958,273,2,8,2023-02-25,Completed,Insurance,
291,257,3019,7,9,2024-02-22,Completed,Debit Card,
292,1804,2765,5,109,2024-06-26,Completed,Insurance,2.0
293,2012,3065,6,172,2024-02-14,Completed,Insurance,
294,2899,3410,7,81,2023-08-11,In Progress,Financing,
295,1259,2339,12,37,2024-09-29,Completed,Credit Card,3.0
296,1240,1289,4,82,2025-06-17,Cancelled,,
297,2194,632,7,165,2025-12-21,Completed,Credit Card,3.0
298,704,2507,10,47,2024-09-28,In Progress,Debit Card,
299,1086,799,6,90,2025-01-28,Completed,Debit Card,3.0
300,226,2642,3,87,2025-11-06,Completed,Insurance,
301,1331,2037,12,176,2025-11-07,Completed,Insurance,3.0
302,310,1062,5,72,2023-09-27,Completed,Insurance,4.0
303,791,1037,5,68,2024-07-14,Completed,Debit Card,
304,1706,1750,5,3,2023-04-19,Completed,Financing,2.0
305,1103,1599,5,172,2025-06-08,Completed,Cash,4.0
306,639,1895,10,144,2024-04-11,Cancelled,,
307,1369,2669,5,26,2025-02-16,Completed,Credit Card,3.0
308,1555,100,8,65,2023-11-18,In Progress,Cash,
309,264,2995,4,112,2025-06-10,Completed,Financing,2.0
310,1492,579,11,113,2024-06-01,Completed,Insurance,3.0
311,1748,2738,2,32,2025-09-03,Completed,Credit Card,
312,2634,1523,1,178,2024-04-18,Cancelled,,
313,2752,1218,4,67,2025-11-07,In Progress,Debit Card,
314,2979,1884,9,63,2025-01-02,Completed,Insurance,3.0
315,2110,2335,7,79,2024-06-21,Completed,Cash,3.0
316,1607,1870,12,45,2025-11-04,In Progress,Debit Card,
317,1165,2973,2,74,2025-10-06,Cancelled,,
318,1287,2699,3,136,2025-06-18,Cancelled,,
319,1609,595,11,42,2024-07-27,In Progress,Debit Card,
320,826,1615,11,27,2023-09-22,Completed,Cash,3.0
321,2388,166,5,94,2025-03-08,Completed,Debit Card,2.0
322,2709,2068,2,90,09/09/2023,In Progress,Debit Card,
323,357,2898,3,42,2025-12-25,Cancelled,,
324,2622,3175,11,87,2024-08-20,Cancelled,,
325,1509,696,9,108,2023-10-04,Completed,Cash,
326,1049,2560,4,56,2024-10-13,Cancelled,,
327,2602,939,11,35,2025-07-24,Completed,Financing,5.0
328,2389,1714,12,89,2024-01-19,Completed,Credit Card,
329,2175,6,8,18,2025-06-22,Cancelled,,
330,749,2573,11,179,2024-05-29,In Progress,Financing,
331,872,2730,7,128,2024-12-04,Completed,Cash,1.0
332,1885,108,6,146,2024-01-07,Completed,Credit Card,2.0
333,2125,125,11,160,2025-01-10,Completed,Debit Card,2.0
334,2,432,3,71,2025-09-02,In Progress,Cash,
335,1982,2119,6,41,2023-04-16,In Progress,Insurance,
336,2421,2744,6,106,2023-02-24,Completed,Credit Card,
337,2947,241,8,144,2023-11-05,Completed,Insurance,
338,243,642,2,72,2025-12-05,Completed,Debit Card,3.0
339,357,2336,7,54,2023-03-19,Completed,Cash,5.0
340,1482,2114,12,30,2025-08-09,In Progress,Insurance,
341,845,3235,10,51,03/02/2023,Completed,Financing,1.0
342,220,3254,7,73,2023-01-07,In Progress,Insurance,
343,2527,1378,1,72,2023-12-13,In Progress,Debit Card,
344,720,99,1,140,2025-06-27,Completed,Cash,4.0
345,1228,1330,6,2,2024-11-23,In Progress,Financing,
346,2943,3085,2,76,2024-09-13,Completed,Insurance,
347,2887,1017,7,174,2025-04-24,Completed,Insurance,
348,871,1759,6,32,2023-08-02,Completed,Debit Card,
349,2444,3250,4,83,2024-07-07,Cancelled,,
350,2698,2794,12,38,2024-06-14,In Progress,Insurance,
351,582,1069,11,155,2024-02-01,In Progress,Financing,
352,1388,1174,2,97,2025-05-21,Cancelled,,
353,2401,138,8,179,2025-05-09,Completed,Cash,4.0
354,1809,1109,10,23,2023-06-04,In Progress,Insurance,
355,907,1875,11,75,2023-11-06,In Progress,Financing,
356,2635,1834,10,116,2024-04-28,Completed,Cash,
357,839,1937,1,72,2023-05-29,In Progress,Credit Card,
358,391,1767,12,172,2024-06-28,Completed,Debit Card,3.0
359,415,1012,8,1,2023-01-30,Completed,Insurance,2.0
360,2991,1594,6,115,2023-05-20,Cancelled,,
361,2129,3221,10,179,2024-01-01,In Progress,Debit Card,
362,221,3101,1,41,2024-03-27,Cancelled,,
363,1786,854,6,94,2025-10-13,Completed,Insurance,1.0
364,2331,633,4,88,2023-01-10,Completed,Financing,3.0
365,2590,3227,10,37,2023-08-24,Completed,Debit Card,
366,282,1591,7,139,2023-02-10,Completed,Credit Card,3.0
367,961,2012,9,156,2024-03-11,Completed,Debit Card,
368,1780,1101,2,104,2024-05-18,Cancelled,,
369,2507,775,3,138,2025-11-21,Completed,Financing,4.0
370,2985,2950,8,12,2023-02-26,Cancelled,,
371,1548,102,8,26,2024-07-11,In Progress,Debit Card,
372,649,1014,8,72,2023-03-06,In Progress,Credit Card,
373,483,2989,11,73,2025-09-26,In Progress,Financing,
374,859,1793,2,180,2025-02-20,Completed,Debit Card,3.0
375,438,1958,12,2,2025-09-30,Cancelled,,
376,2599,1045,6,32,2025-10-24,Completed,Cash,4.0
377,789,1260,2,130,2024-07-15,Completed,Debit Card,3.0
378,1394,446,12,45,2025-10-27,Completed,Cash,2.0
379,475,337,11,57,2023-11-26,Completed,Financing,5.0
380,2855,3444,3,7,09/09/2023,Completed,Credit Card,
381,2972,568,11,70,2023-01-14,Completed,Cash,3.0
382,2247,1720,8,171,2025-09-16,Completed,Insurance,4.0
383,2488,1600,1,141,2024-08-30,Completed,Debit Card,1.0
384,2489,1647,11,168,2024-09-27,Completed,Insurance,4.0
385,2570,1526,8,65,2025-06-05,Completed,Insurance,
386,2706,1446,3,88,2023-01-18,Completed,Debit Card,3.0
387,2495,1350,6,94,2024-01-14,Completed,Financing,5.0
388,574,2028,9,129,2023-10-03,Completed,Debit Card,3.0
389,1969,3033,5,111,2023-10-18,Completed,Financing,1.0
390,1436,1697,10,138,2023-12-15,Completed,Debit Card,4.0
391,501,3216,11,98,2024-07-18,Completed,Debit Card,
392,2351,1769,4,23,2023-03-18,Completed,Credit Card,
393,2368,2229,12,62,2024-01-24,In Progress,Credit Card,
394,2840,324,2,131,2023-08-18,Cancelled,,
395,2863,88,7,137,2024-12-25,Completed,Financing,3.0
396,1783,547,12,146,2024-08-15,Completed,Cash,
397,559,790,7,89,2025-07-25,In Progress,Financing,
398,1267,865,6,147,2023-05-30,In Progress,Debit Card,
399,1989,2664,9,23,2025-07-23,Cancelled,,
400,870,1345,6,159,2025-03-24,In Progress,Debit Card,
401,2728,2692,4,138,2024-12-28,Cancelled,,
402,2334,1026,2,37,2025-08-08,Completed,Insurance,1.0
403,1281,2458,10,111,2023-08-16,Cancelled,,
404,1366,1740,10,108,2024-09-19,Completed,Debit Card,4.0
405,333,3284,11,135,2024-08-04,Completed,Credit Card,5.0
406,907,1875,4,156,2025-06-08,Completed,Credit Card,
407,438,17,3,156,2025-10-09,Cancelled,,
408,252,2784,10,174,2024-10-02,In Progress,Credit Card,
409,1694,770,9,33,2025-07-19,Completed,Cash,5.0
410,2609,170,11,98,2024-07-15,In Progress,Cash,
411,2665,3341,12,47,2024-07-08,Completed,Credit Card,4.0
412,929,1672,4,174,2024-04-27,Completed,Financing,
413,2693,773,12,83,2023-09-27,Completed,Financing,
414,1433,1133,1,127,2024-04-26,Completed,Financing,3.0
415,1300,269,11,16,2024-07-14,In Progress,Cash,
416,13,2168,5,89,2024-01-24,Cancelled,,
417,507,1147,6,154,2023-01-30,Cancelled,,
418,2396,1011,3,150,2025-11-21,Completed,Financing,4.0
419,181,101,3,78,2024-06-26,Completed,Debit Card,
420,2077,2539,1,172,2025-08-16,Completed,Debit Card,2.0
421,653,530,8,57,2025-08-30,Completed,Cash,
422,1427,1806,7,114,2023-05-13,Completed,Debit Card,
423,2452,1270,9,25,2023-08-07,Completed,Insurance,1.0
424,2254,1391,11,148,2024-05-20,Completed,Debit Card,2.0
425,1960,1896,12,18,2023-04-15,Cancelled,,
426,1234,2629,2,57,2024-03-01,In Progress,Financing,
427,2743,208,7,139,2023-11-19,Completed,Cash,3.0
428,1395,3328,8,145,2025-08-27,Completed,Debit Card,5.0
429,2664,178,4,177,2025-07-10,In Progress,Debit Card,
430,685,1809,6,93,2024-05-11,Completed,Credit Card,2.0
431,552,346,12,173,2023-07-03,Completed,Debit Card,
432,1296,2893,7,12,10/28/2024,Completed,Cash,2.0
433,2104,1614,5,75,2024-03-17,Completed,Debit Card,5.0
434,2271,3312,7,41,2023-07-10,Completed,Credit Card,4.0
435,1632,2578,3,114,2023-12-05,In Progress,Financing,
436,1597,979,6,13,2023-11-18,Completed,Financing,4.0
437,2678,2234,6,155,2025-09-14,Completed,Debit Card,3.0
438,1664,894,1,12,2023-01-30,Completed,Insurance,
439,2584,576,6,109,2025-11-19,Cancelled,,
440,1393,1950,8,95,2024-11-08,Completed,Credit Card,5.0
441,123,2696,5,62,2025-08-05,Completed,Insurance,2.0
442,2658,753,12,91,2024-08-10,Cancelled,,
443,894,3116,11,136,2025-04-26,In Progress,Credit Card,
444,786,1369,5,86,2025-04-21,Cancelled,,
445,1292,1281,8,18,2024-02-22,Completed,Financing,4.0
446,1522,1622,10,145,2025-03-02,Completed,Financing,4.0
447,394,52,1,115,2024-04-13,Cancelled,,
448,277,629,3,133,2025-03-20,Cancelled,,
449,1784,573,2,48,2023-01-18,Completed,Debit Card,
450,2193,3000,5,151,2024-11-24,Completed,Debit Card,2.0
451,1337,942,8,70,2025-03-23,Completed,Debit Card,3.0
452,2251,877,1,121,2024-01-14,Completed,Credit Card,
453,339,1994,3,37,2024-01-02,Completed,Financing,3.0
454,905,2615,3,172,2024-09-29,In Progress,Debit Card,
455,817,681,10,173,2025-01-26,Completed,Cash,2.0
456,1283,2282,5,111,2023-02-22,Completed,Financing,2.0
457,2742,2472,1,55,2025-08-16,Completed,Cash,4.0
458,497,1876,11,113,2023-02-19,Completed,Cash,
459,536,1766,7,177,2025-02-11,Completed,Insurance,1.0
460,1299,2786,10,105,2024-09-25,Completed,Cash,1.0
461,1645,2169,6,86,2024-11-17,Completed,Insurance,
462,173,1953,3,38,2025-02-11,Completed,Debit Card,
463,455,3009,3,78,2025-09-26,Completed,Insurance,5.0
464,2047,2915,3,175,2025-08-27,In Progress,Debit Card,
465,113,789,11,65,2024-05-08,Completed,Insurance,1.0
466,2460,189,6,77,2023-07-25,In Progress,Insurance,
467,533,357,9,132,2023-04-09,In Progress,Financing,
468,184,3334,9,134,2025-03-01,Cancelled,,
469,1199,1929,10,65,2023-12-13,Completed,Cash,2.0
470,2173,2787,11,110,2025-01-07,Completed,Cash,1.0
471,1182,941,11,144,2024-09-05,Completed,Debit Card,2.0
472,363,416,9,32,2024-05-22,Completed,Debit Card,
473,2956,1724,10,166,2023-05-20,Cancelled,,
474,2451,834,8,64,2025-10-08,Completed,Financing,1.0
475,196,373,11,8,2023-11-20,Completed,Debit Card,
476,1121,3131,6,161,2024-01-05,Completed,Financing,
477,2749,623,4,63,2023-05-30,In Progress,Insurance,
478,514,2610,11,75,2024-03-20,Cancelled,,
479,1929,2432,9,125,2023-12-30,Completed,Debit Card,
480,1864,2437,7,29,2025-09-18,Completed,Cash,2.0
481,390,401,11,82,2025-07-23,Completed,Financing,1.0
482,1684,32,12,168,2023-01-12,Cancelled,,
483,233,3080,12,97,2023-06-12,In Progress,Debit Card,
484,1482,3363,3,136,2024-08-25,In Progress,Debit Card,
485,704,3212,9,19,2025-09-12,Completed,Insurance,
486,441,2535,2,161,2023-08-21,Completed,Financing,2.0
487,1947,1977,3,9,2025-12-27,In Progress,Credit Card,
488,2507,191,10,134,05/01/2024,Completed,Financing,2.0
489,367,1160,11,53,2023-08-22,Completed,Insurance,1.0
490,1127,103,6,179,2024-03-15,Completed,Debit Card,
491,538,3015,6,99,2024-01-18,Cancelled,,
492,302,605,11,23,2023-03-29,In Progress,Credit Card,
493,2170,1789,8,43,2024-12-10,Cancelled,,
494,2046,3052,4,127,2023-12-09,In Progress,Credit Card,
495,549,3070,2,29,2025-04-01,Completed,Insurance,4.0
496,1916,3255,12,154,04/22/2025,Cancelled,,
497,1007,1311,2,102,2024-11-13,Completed,Debit Card,2.0
498,881,3194,1,158,2023-12-16,Completed,Credit Card,3.0
499,706,855,11,173,02/17/2023,Completed,Debit Card,
500,1285,2138,5,88,2023-06-02,Completed,Cash,1.0
501,1216,2162,5,141,2025-10-24,Completed,Insurance,2.0
502,2755,3202,8,116,2025-10-29,Completed,Credit Card,5.0
503,1432,2684,12,167,2024-04-10,In Progress,Cash,
504,1024,2703,5,131,2023-03-24,Completed,Cash,1.0
505,2562,345,8,117,2023-12-01,Completed,Insurance,
506,1317,2970,3,31,2024-01-19,Completed,Financing,2.0
507,258,45,6,41,2023-08-10,Completed,Debit Card,
508,1706,1750,4,19,2025-02-24,Completed,Financing,
509,2227,121,3,81,2024-09-12,Completed,Insurance,3.0
510,444,1945,2,172,2023-07-01,Completed,Financing,4.0
511,1532,2322,7,50,2025-11-10,Completed,Credit Card,
512,860,3218,5,170,2023-04-25,Completed,Cash,5.0
513,2922,2805,2,169,2024-05-19,Completed,Financing,
514,869,510,2,86,2024-07-15,Cancelled,,
515,18,2048,12,107,2025-04-03,Completed,Financing,2.0
516,2226,1098,10,25,2025-03-28,Cancelled,,
517,1544,2328,3,79,2023-07-13,Completed,Insurance,4.0
518,1049,3107,1,171,2023-09-22,In Progress,Credit Card,
519,1572,1031,12,79,2024-12-17,In Progress,Debit Card,
520,2610,1804,8,49,2023-10-06,Completed,Credit Card,3.0
521,2126,2606,10,135,2024-01-09,Completed,Insurance,3.0
522,610,2904,9,118,2025-10-18,Completed,Financing,2.0
523,1107,881,11,176,2024-11-26,Cancelled,,
524,2682,670,12,157,2024-06-06,Completed,Financing,4.0
525,2840,801,12,99,2025-12-18,Completed,Cash,
526,1320,2775,8,60,2024-05-23,Completed,Insurance,3.0
527,766,537,12,142,2024-05-06,Completed,Insurance,4.0
528,817,681,3,58,2025-08-27,Completed,Cash,4.0
529,55,2584,3,106,2023-04-26,In Progress,Debit Card,
530,1692,1107,1,35,2023-08-27,Completed,Insurance,3.0
531,1191,2823,6,107,2023-12-29,In Progress,Debit Card,
532,1611,3276,9,56,2025-05-09,Completed,Insurance,
533,29,1131,5,31,2025-01-15,Completed,Cash,
534,604,1190,3,120,2023-06-22,Completed,Financing,
535,2365,2326,6,43,2025-09-06,Completed,Credit Card,5.0
536,354,2944,5,77,2024-01-03,In Progress,Financing,
537,931,450,6,29,2023-06-02,Completed,Insurance,
538,961,2012,11,170,2023-12-22,In Progress,Debit Card,
539,881,2403,10,45,2025-10-23,In Progress,Debit Card,
540,806,1324,4,96,2025-12-17,In Progress,Financing,
541,123,3326,2,1,2025-01-07,Completed,Cash,3.0
542,506,1510,11,57,2023-06-04,Cancelled,,
543,1918,1967,10,61,2023-12-30,In Progress,Insurance,
544,2492,3330,9,51,2023-12-18,Completed,Credit Card,1.0
545,2242,575,5,62,2025-04-08,In Progress,Financing,
546,1255,2622,11,79,2025-02-25,In Progress,Credit Card,
547,1350,3351,11,162,2023-05-26,In Progress,Insurance,
548,2956,1724,12,7,2025-03-08,Completed,Financing,2.0
549,2291,3072,8,38,2024-09-25,Completed,Credit Card,4.0
550,2429,2449,12,3,2023-03-17,Completed,Cash,3.0
551,1048,2382,1,43,2023-07-29,Completed,Debit Card,2.0
552,2594,334,7,66,2023-04-01,Completed,Debit Card,4.0
553,143,677,9,131,2025-05-01,Cancelled,,
554,2781,2617,3,16,2023-08-20,In Progress,Credit Card,
555,352,1083,12,10,2024-08-27,Completed,Financing,4.0
556,177,2531,10,67,2025-07-16,Completed,Credit Card,3.0
557,271,348,5,101,07/06/2024,Completed,Insurance,
558,1934,2001,3,137,2024-05-20,Cancelled,,
559,2019,278,12,44,2024-12-25,Completed,Cash,5.0
560,1175,1120,8,179,2024-10-24,Completed,Insurance,5.0
561,2646,2064,3,81,2024-04-15,Completed,Financing,5.0
562,587,2627,9,112,03/03/2024,Completed,Cash,1.0
563,2388,166,6,173,2024-03-23,Completed,Cash,
564,2774,1150,4,88,2023-04-25,In Progress,Insurance,
565,2664,3040,1,142,2023-10-01,Completed,Financing,4.0
566,713,1743,12,108,2023-01-31,In Progress,Cash,
567,64,2771,8,125,2025-03-15,Completed,Credit Card,1.0
568,2479,234,2,100,2025-10-21,Completed,Debit Card,3.0
569,2190,426,9,34,2023-02-17,In Progress,Cash,
570,859,2386,5,156,2023-05-05,Completed,Cash,2.0
571,2527,1378,3,121,2024-07-20,Completed,Financing,
572,1937,3371,8,93,2025-05-04,In Progress,Cash,
573,2473,1880,4,65,2025-09-22,In Progress,Cash,
574,2115,2980,12,44,2023-11-13,Completed,Cash,5.0
575,2938,3398,5,152,2025-05-08,Completed,Credit Card,
576,2438,2015,6,123,2023-12-14,In Progress,Debit Card,
577,2333,2545,5,42,2025-05-26,Completed,Financing,3.0
578,360,2780,10,58,2023-04-19,Completed,Cash,
579,859,1793,1,23,2023-05-01,Completed,Credit Card,3.0
580,2318,588,7,82,2024-10-17,Completed,Financing,
581,2271,2897,4,64,2025-09-14,Completed,Financing,
582,591,289,5,43,2023-09-25,Cancelled,,
583,2115,244,9,102,2024-12-26,Completed,Debit Card,
584,854,1670,2,128,2023-05-22,Completed,Debit Card,5.0
585,1579,736,11,155,2025-02-22,In Progress,Debit Card,
586,2537,2700,4,27,2025-11-05,Completed,Financing,
587,2845,349,7,52,2023-04-09,In Progress,Debit Card,
588,2615,251,9,23,2025-02-04,Completed,Cash,
589,2186,2674,7,174,04/22/2023,Completed,Financing,1.0
590,2126,912,8,176,2023-04-09,Cancelled,,
591,2156,129,10,125,2024-05-07,In Progress,Insurance,
592,512,2043,8,107,2025-08-07,Completed,Insurance,3.0
593,2456,1428,5,15,2024-11-08,Completed,Financing,
594,1979,1356,12,29,2024-05-27,Completed,Credit Card,
595,136,2557,4,61,2024-10-07,Completed,Financing,2.0
596,1563,788,12,22,2024-05-25,Completed,Credit Card,
597,859,2683,9,8,2024-10-06,Completed,Debit Card,1.0
598,754,1771,3,113,2025-05-15,Completed,Credit Card,
599,717,506,12,130,2024-08-31,Completed,Debit Card,
600,2585,1721,5,66,2024-05-16,Cancelled,,
601,2623,1857,12,45,2025-07-17,Completed,Credit Card,3.0
602,1253,3380,8,171,2023-12-12,Completed,Debit Card,3.0
603,1876,2078,10,29,2024-02-27,Completed,Financing,
604,826,1084,9,151,2023-06-23,Completed,Cash,3.0
605,2962,339,7,18,2024-11-14,Completed,Financing,
606,1029,3426,7,111,2024-08-23,In Progress,Cash,
607,2017,592,4,19,2023-01-13,Completed,Debit Card,
608,222,640,12,138,2025-12-13,Completed,Cash,1.0
609,810,3226,2,125,2025-10-25,Completed,Cash,1.0
610,477,2806,5,12,2025-02-08,Completed,Financing,2.0
611,392,1735,8,88,2023-10-21,Cancelled,,
612,516,3043,3,15,2025-10-28,Cancelled,,
613,371,1269,11,9,2023-06-07,Completed,Insurance,
614,2993,2872,7,28,2023-03-29,Cancelled,,
615,89,908,11,125,2024-09-02,Completed,Debit Card,1.0
616,1755,1579,5,46,2024-12-17,Completed,Cash,5.0
617,2047,2915,11,144,2024-02-17,In Progress,Insurance,
618,1766,2816,9,91,2024-11-24,In Progress,Insurance,
619,1302,1603,9,92,2025-11-06,Completed,Credit Card,3.0
620,336,3424,7,108,2025-05-02,Completed,Financing,1.0
621,2958,2317,4,62,2025-05-11,In Progress,Insurance,
622,1060,2619,1,95,2024-11-30,Completed,Insurance,
623,258,294,4,107,2024-02-29,Completed,Debit Card,
624,2391,1522,2,102,2025-11-12,Completed,Credit Card,1.0
625,2955,596,11,116,2025-05-29,In Progress,Cash,
626,113,2286,12,142,2025-03-05,Completed,Insurance,5.0
627,2361,2571,10,22,2025-04-16,Cancelled,,
628,779,920,1,161,2024-12-12,Completed,Debit Card,2.0
629,1509,740,6,35,2023-06-10,Completed,Credit Card,
630,1520,1154,7,100,2023-01-21,Completed,Credit Card,1.0
631,222,2338,9,175,2025-05-20,Completed,Financing,3.0
632,398,927,7,39,2023-01-10,Completed,Credit Card,3.0
633,1131,1709,8,91,2024-02-27,Completed,Cash,3.0
634,817,681,10,17,12/02/2025,Completed,Cash,1.0
635,778,890,12,5,2023-11-23,Completed,Debit Card,
636,531,2146,3,178,2025-06-29,Completed,Debit Card,3.0
637,2410,522,11,106,2024-04-14,Cancelled,,
638,557,2281,9,63,2023-11-06,Completed,Financing,
639,871,1759,11,106,2024-11-05,Completed,Credit Card,2.0
640,2810,2661,11,25,2023-05-12,Cancelled,,
641,2782,671,9,155,2023-06-10,Completed,Debit Card,4.0
642,2358,1577,7,158,2024-04-13,Completed,Debit Card,2.0
643,536,649,7,72,2024-10-30,Completed,Debit Card,
644,349,2802,8,171,2023-04-11,Cancelled,,
645,2369,1140,1,56,2024-04-05,Completed,Debit Card,1.0
646,1566,2704,4,88,2023-11-15,Cancelled,,
647,548,2824,8,26,2024-11-06,Completed,Cash,
648,305,3303,12,104,2024-05-26,Completed,Financing,
649,845,3235,2,102,2023-09-15,Cancelled,,
650,1454,1164,10,155,2024-08-21,Cancelled,,
651,368,1457,3,129,2025-10-31,Completed,Credit Card,1.0
652,1203,1344,2,114,2024-07-20,Completed,Cash,2.0
653,739,1639,12,91,2023-06-23,Completed,Cash,
654,1566,683,3,146,2025-03-03,Completed,Cash,5.0
655,872,2730,1,144,2023-09-26,Completed,Financing,2.0
656,1812,2749,12,82,2024-06-08,Cancelled,,
657,855,3415,7,61,2025-03-20,Completed,Financing,3.0
658,541,2562,6,9,2023-02-03,Cancelled,,
659,1750,2387,2,103,2025-01-22,Completed,Financing,
660,1786,854,10,152,2025-01-16,In Progress,Insurance,
661,2770,3306,1,73,2023-08-28,Completed,Insurance,
662,1031,1569,2,105,2024-11-01,Cancelled,,
663,2671,2176,8,113,2025-12-31,Completed,Debit Card,
664,1633,916,11,141,2024-03-15,Completed,Credit Card,
665,1049,3107,10,123,2025-05-24,Completed,Debit Card,1.0
666,963,817,11,65,2025-06-27,Completed,Insurance,4.0
667,437,4,8,179,07/26/2023,Completed,Insurance,3.0
668,2731,2009,5,126,2024-02-01,Completed,Cash,
669,927,3354,8,20,2024-02-17,Completed,Financing,
670,516,3043,6,141,2024-07-08,In Progress,Insurance,
671,1125,3057,4,133,2023-04-13,Cancelled,,
672,642,1757,9,42,2023-09-13,Completed,Credit Card,
673,700,2416,3,108,2025-05-15,In Progress,Cash,
674,1459,2029,9,145,2023-04-10,Cancelled,,
675,1129,212,5,76,2023-01-29,In Progress,Cash,
676,1546,2492,8,19,2023-01-27,Completed,Credit Card,1.0
677,2264,1847,4,82,2025-11-29,Completed,Insurance,2.0
678,55,2584,5,103,2025-10-13,Completed,Debit Card,1.0
679,1511,2272,10,28,2024-07-19,Completed,Cash,4.0
680,2550,2040,2,28,2025-12-08,Completed,Credit Card,2.0
681,1473,2705,9,45,2024-06-02,Completed,Credit Card,
682,1678,2388,11,91,2023-03-27,Completed,Credit Card,2.0
683,794,2711,10,47,2024-08-01,Completed,Insurance,5.0
684,150,149,12,36,2024-04-12,Cancelled,,
685,484,2222,12,120,2025-07-05,Cancelled,,
686,1701,1763,1,135,2025-03-04,Cancelled,,
687,551,1312,2,80,02/18/2024,Cancelled,,
688,734,871,10,137,2025-08-21,Completed,Cash,2.0
689,2863,88,9,105,2023-07-24,Completed,Financing,5.0
690,2862,2803,8,98,2023-01-18,Completed,Debit Card,4.0
691,2549,502,6,142,2024-09-24,Completed,Debit Card,
692,2,432,2,15,2025-08-20,Completed,Insurance,4.0
693,698,2021,2,171,2023-10-07,In Progress,Financing,
694,2671,553,1,40,2024-04-11,Completed,Insurance,
695,2317,1794,5,160,2023-03-10,Completed,Debit Card,
696,1,3425,1,97,2024-03-04,Completed,Financing,5.0
697,1871,2636,3,121,2024-06-29,Cancelled,,
698,924,717,7,120,2024-10-24,Completed,Insurance,
699,1081,3447,7,179,2025-09-03,In Progress,Cash,
700,2866,1296,4,46,2025-07-15,Completed,Cash,3.0
701,30,2777,9,83,2025-12-25,Completed,Insurance,5.0
702,506,2349,1,94,2023-08-19,Cancelled,,
703,2841,3121,2,111,2023-08-18,Completed,Debit Card,5.0
704,1141,1411,2,74,2024-10-16,Completed,Insurance,3.0
705,1561,247,11,137,04/27/2025,Cancelled,,
706,1725,2493,9,54,2024-02-19,Completed,Financing,
707,2794,1778,6,125,2023-05-04,Completed,Insurance,
708,1738,2563,5,177,2024-12-05,Completed,Debit Card,5.0
709,363,618,4,93,2024-09-07,Completed,Cash,3.0
710,228,316,6,136,2024-11-21,Cancelled,,
711,2845,2614,3,140,04/04/2025,Completed,Debit Card,3.0
712,1619,2774,12,97,2023-10-25,Completed,Financing,4.0
713,2397,3166,3,97,2025-11-13,In Progress,Insurance,
714,124,3014,5,47,2025-09-12,Completed,Debit Card,1.0
715,111,857,11,72,2024-12-06,Completed,Insurance,2.0
716,2269,1693,9,49,2023-07-16,Completed,Financing,
717,670,2966,10,45,2024-07-28,Completed,Debit Card,
718,1331,3088,12,101,2023-01-02,In Progress,Debit Card,
719,2969,2807,10,25,2024-05-28,In Progress,Cash,
720,1438,1125,6,139,2025-01-23,Completed,Cash,5.0
721,2537,980,2,14,2024-06-19,Cancelled,,
722,2409,1422,7,41,2024-04-05,Completed,Insurance,3.0
723,1611,2736,5,115,2023-01-19,Completed,Financing,3.0
724,1773,1815,2,129,2025-05-23,Cancelled,,
725,2170,1789,11,38,2023-10-13,Completed,Cash,
726,2155,1712,3,81,2025-04-15,In Progress,Debit Card,
727,2474,1221,8,175,2025-03-02,Completed,Financing,
728,208,84,10,140,2023-12-15,In Progress,Financing,
729,2743,2450,11,171,2024-08-15,Completed,Debit Card,
730,1849,829,4,76,2023-02-03,In Progress,Credit Card,
731,2394,1922,3,39,2025-03-18,In Progress,Credit Card,
732,754,966,4,13,2025-04-09,Completed,Cash,4.0
733,403,1153,10,111,2023-06-15,Completed,Debit Card,
734,2927,2671,12,175,2024-03-31,In Progress,Credit Card,
735,2615,251,12,61,2023-07-20,Completed,Insurance,
736,233,3080,3,82,2025-12-09,Completed,Cash,5.0
737,1967,2604,6,97,2025-07-18,Completed,Financing,1.0
738,1759,2597,1,110,2025-11-13,Completed,Insurance,4.0
739,2246,3062,1,100,2023-05-04,Completed,Cash,1.0
740,514,2610,2,169,2025-06-24,Completed,Financing,5.0
741,679,434,12,35,2025-02-16,In Progress,Cash,
742,1655,298,1,126,2025-05-02,Completed,Cash,
743,834,1928,4,111,2023-10-30,In Progress,Debit Card,
744,2882,2799,5,135,2023-11-10,In Progress,Cash,
745,60,1090,12,4,2024-06-04,In Progress,Credit Card,
746,2627,2631,1,158,2025-08-08,Cancelled,,
747,720,99,3,7,2024-05-14,Completed,Credit Card,4.0
748,456,1821,2,60,2024-06-01,Completed,Debit Card,4.0
749,1046,3130,2,82,2024-06-05,Completed,Credit Card,
750,1611,3276,9,149,2023-12-06,Completed,Credit Card,2.0
751,582,2080,11,168,2023-05-28,Completed,Financing,3.0
752,1441,569,2,141,06/21/2025,In Progress,Debit Card,
753,1131,1709,10,12,2025-05-30,Completed,Credit Card,2.0
754,2317,2919,3,154,2024-07-24,Cancelled,,
755,984,2461,5,177,2024-05-03,Completed,Cash,
756,2233,3096,3,102,2025-09-23,Completed,Debit Card,5.0
757,1520,1154,5,174,2023-04-07,Cancelled,,
758,437,1974,11,54,2025-03-15,Completed,Financing,
759,1148,2996,9,5,2024-12-30,Cancelled,,
760,1885,108,9,25,2025-04-21,Completed,Insurance,2.0
761,1957,2420,11,6,2023-04-06,Completed,Credit Card,3.0
762,1812,2749,9,86,2025-10-11,Completed,Cash,
763,2772,514,4,27,2025-08-13,Completed,Credit Card,3.0
764,2436,1054,8,178,2024-04-19,Completed,Credit Card,3.0
765,470,2926,1,66,2023-03-02,Completed,Financing,5.0
766,1630,2818,5,173,2025-12-21,Completed,Debit Card,3.0
767,2925,2453,7,2,2025-04-09,Completed,Debit Card,1.0
768,1852,3144,5,38,08/20/2025,Completed,Credit Card,2.0
769,195,1788,9,40,2024-03-07,Completed,Debit Card,5.0
770,27,2561,5,149,2023-01-10,Completed,Cash,
771,2924,75,3,85,2025-03-21,Completed,Insurance,4.0
772,212,1716,9,14,2024-08-16,In Progress,Credit Card,
773,1021,1751,4,18,2025-03-30,Completed,Debit Card,
774,497,2653,9,63,2023-05-18,Completed,Cash,
775,1702,3400,9,57,04/16/2024,Cancelled,,
776,136,2557,6,35,2024-05-07,Completed,Insurance,
777,1891,2677,9,154,2024-12-09,Completed,Insurance,3.0
778,2074,2887,1,159,2023-07-10,Completed,Insurance,3.0
779,1137,1865,6,52,2024-07-11,Cancelled,,
780,345,2680,8,151,2025-08-06,Completed,Credit Card,4.0
781,2473,1880,9,94,2023-05-19,Completed,Insurance,3.0
782,202,2356,8,99,2025-07-12,Completed,Credit Card,3.0
783,1752,87,6,103,2025-08-20,Completed,Financing,
784,1084,210,9,29,2023-02-11,Completed,Insurance,3.0
785,871,1759,10,9,2024-07-23,In Progress,Debit Card,
786,2361,3298,2,130,2025-10-26,Completed,Insurance,4.0
787,2894,2361,10,130,2023-07-26,Completed,Debit Card,3.0
788,2031,3127,2,138,2023-09-01,Completed,Insurance,4.0
789,1179,1841,2,123,2023-10-25,Completed,Financing,5.0
790,1711,589,10,126,2023-08-29,Completed,Financing,5.0
791,860,2085,6,173,2023-12-04,Completed,Financing,1.0
792,2845,2614,9,179,2024-08-21,Completed,Financing,3.0
793,1355,792,8,72,2024-04-09,Completed,Insurance,
794,594,2170,6,127,2025-01-24,Completed,Credit Card,5.0
795,1989,3419,5,25,2024-06-06,Completed,Cash,
796,2072,243,12,114,2024-07-10,Completed,Credit Card,
797,2320,3172,2,80,2023-04-15,Cancelled,,
798,2388,166,8,106,2025-09-22,Completed,Debit Card,
799,1838,2302,9,79,2024-11-07,Cancelled,,
800,293,845,12,151,2024-07-01,Completed,Financing,5.0
801,533,612,6,165,2023-08-24,Cancelled,,
802,2210,1968,12,105,2024-02-04,Cancelled,,
803,61,1318,5,94,2025-07-01,Cancelled,,
804,336,3424,8,124,2024-05-13,In Progress,Credit Card,
805,2777,3439,12,151,2024-10-22,Completed,Debit Card,5.0
806,740,226,7,143,2025-10-11,Completed,Insurance,
807,2235,2602,2,58,2025-08-31,Completed,Cash,
808,898,647,6,16,2025-02-11,In Progress,Credit Card,
809,205,824,2,127,2025-04-17,Cancelled,,
810,302,605,8,40,2023-01-02,Completed,Financing,4.0
811,2498,421,8,84,05/30/2025,Completed,Cash,
812,2075,2853,8,156,2023-11-19,Completed,Cash,
813,2332,2244,11,105,2023-07-26,Completed,Debit Card,2.0
814,406,1796,1,80,2023-10-22,Cancelled,,
815,2557,295,7,82,2024-04-20,Completed,Insurance,
816,1947,1977,3,73,2024-11-18,Completed,Insurance,5.0
817,148,646,11,112,2023-04-02,Cancelled,,
818,553,1601,12,180,2023-08-09,Completed,Debit Card,1.0
819,1074,974,5,121,2023-03-02,Cancelled,,
820,985,554,3,111,2023-04-24,Cancelled,,
821,2186,1784,7,2,2024-10-23,Completed,Debit Card,
822,646,2570,11,106,2023-08-22,Cancelled,,
823,2863,1137,4,43,2024-11-16,Completed,Financing,1.0
824,754,1911,9,18,2023-01-25,Completed,Financing,
825,90,1364,8,58,2024-04-04,Completed,Insurance,5.0
826,2358,1577,5,96,2024-12-31,Completed,Credit Card,
827,926,124,8,90,2023-01-23,In Progress,Insurance,
828,2007,35,6,96,2023-11-17,Completed,Insurance,3.0
829,810,1185,2,88,2023-09-17,Cancelled,,
830,1563,2404,10,82,2025-06-07,Completed,Financing,
831,2089,1635,4,9,2024-10-04,Completed,Debit Card,
832,2323,1417,2,151,2025-01-19,Completed,Insurance,3.0
833,833,310,10,134,2024-02-16,Completed,Cash,
834,734,3421,3,69,2025-07-19,Cancelled,,
835,1859,1029,6,172,2025-12-21,Completed,Insurance,2.0
836,120,459,4,23,2024-07-04,Completed,Insurance,
837,1344,610,12,64,2025-06-02,Cancelled,,
838,1492,579,3,116,2024-06-19,In Progress,Financing,
839,156,389,1,177,2023-08-08,Completed,Financing,1.0
840,2348,2521,9,143,2024-07-12,Completed,Cash,
841,1385,3146,5,103,2023-09-02,Cancelled,,
842,2343,1997,10,4,2024-05-26,Completed,Credit Card,
843,645,2220,10,168,2023-01-25,Completed,Financing,
844,2070,495,5,73,2023-02-02,Completed,Credit Card,
845,35,137,9,13,2023-08-19,Cancelled,,
846,1331,2909,4,133,2024-11-29,In Progress,Insurance,
847,267,3320,10,28,2023-03-19,Completed,Credit Card,
848,903,2874,7,36,2024-09-13,Completed,Credit Card,
849,2948,1191,7,67,2025-07-06,Cancelled,,
850,1944,471,3,49,2024-12-11,Completed,Debit Card,
851,2720,3352,5,68,2025-11-08,Cancelled,,
852,1360,2828,12,45,2024-10-19,Completed,Financing,
853,2938,1003,4,67,2023-06-11,Cancelled,,
854,1664,1514,7,31,2024-12-25,Completed,Insurance,5.0
855,310,2588,2,148,2024-03-08,Completed,Credit Card,
856,2710,2054,10,26,2025-03-22,Completed,Cash,
857,2779,1580,3,34,2024-10-23,Completed,Debit Card,
858,181,606,5,25,2025-09-28,Completed,Insurance,
859,2995,892,11,93,2025-01-15,Cancelled,,
860,88,1314,9,4,2025-03-23,Completed,Financing,
861,1802,1006,5,95,2023-03-16,Completed,Cash,4.0
862,158,2110,9,131,2024-12-23,Completed,Debit Card,
863,704,2507,7,51,2025-02-02,Completed,Financing,2.0
864,391,1878,7,107,2023-12-01,Completed,Credit Card,4.0
865,1717,1395,4,53,2024-06-04,Completed,Financing,3.0
866,1861,1390,11,9,2025-08-21,In Progress,Debit Card,
867,2918,2106,1,128,2023-06-30,In Progress,Credit Card,
868,585,1723,3,5,2024-08-29,Completed,Insurance,5.0
869,1030,1173,5,94,2025-07-20,Completed,Cash,
870,1483,3437,11,160,2024-07-31,Cancelled,,
871,698,3044,4,180,2024-01-17,In Progress,Financing,
872,391,1767,11,147,2025-05-24,In Progress,Insurance,
873,1675,1729,11,66,2025-09-23,In Progress,Debit Card,
874,611,3077,1,16,2023-07-19,Completed,Financing,
875,2334,1026,4,45,2025-08-17,In Progress,Credit Card,
876,2966,2632,9,122,2025-07-04,Completed,Cash,2.0
877,2955,3060,5,55,2023-10-19,Completed,Financing,
878,946,1081,3,127,2025-01-07,In Progress,Debit Card,
879,2622,1868,8,173,2024-05-31,Completed,Debit Card,5.0
880,1858,2153,6,73,2024-01-18,Completed,Insurance,2.0
881,1520,2913,7,150,2024-01-24,Completed,Financing,5.0
882,964,1220,3,171,2023-02-02,Cancelled,,
883,1930,1357,12,129,2024-05-20,Completed,Cash,4.0
884,298,230,7,46,2024-05-15,Cancelled,,
885,1603,989,3,82,2023-04-22,Completed,Credit Card,4.0
886,2754,2426,5,114,2025-04-22,Cancelled,,
887,2527,2152,11,146,2023-05-20,Completed,Insurance,
888,1436,1697,12,147,2023-06-10,In Progress,Cash,
889,548,3196,11,150,2024-11-02,In Progress,Credit Card,
890,1944,471,12,45,2024-11-17,Cancelled,,
891,2496,2591,6,72,2023-04-16,Completed,Insurance,4.0
892,1919,564,7,150,2024-02-07,Completed,Cash,
893,604,2305,10,146,2025-10-07,Cancelled,,
894,2720,1961,9,35,2023-11-11,Cancelled,,
895,1068,2254,12,8,2023-09-10,Completed,Cash,
896,2459,3347,7,102,2025-05-02,Completed,Credit Card,
897,1483,1325,10,150,2024-11-27,Completed,Credit Card,4.0
898,2218,1824,2,3,01/29/2023,Completed,Cash,3.0
899,1149,2109,12,70,2025-09-17,In Progress,Debit Card,
900,2777,1982,11,178,2024-08-23,In Progress,Insurance,
901,392,1735,6,133,2023-09-21,Completed,Credit Card,3.0
902,1944,471,8,40,2023-09-12,Completed,Credit Card,
903,778,890,5,61,2024-02-26,Cancelled,,
904,805,1770,8,175,2025-02-03,Cancelled,,
905,2718,1820,4,34,2024-05-28,In Progress,Cash,
906,2009,2180,8,171,2024-10-22,Completed,Cash,5.0
907,859,1793,10,121,2023-07-08,Completed,Credit Card,2.0
908,1126,2089,1,170,2025-04-25,Completed,Financing,
909,352,1083,7,106,2025-03-15,In Progress,Insurance,
910,1542,3411,11,24,2024-07-13,Completed,Debit Card,
911,1178,944,6,169,2025-03-09,Completed,Credit Card,
912,392,1427,4,147,2025-03-03,In Progress,Debit Card,
913,2976,1485,6,98,2025-12-25,Completed,Cash,4.0
914,1686,2295,2,46,2023-04-24,Completed,Debit Card,3.0
915,1119,3325,8,107,2025-03-01,Completed,Credit Card,
916,1247,1552,2,164,2024-06-17,Completed,Debit Card,2.0
917,1642,440,10,113,2025-03-19,Completed,Cash,
918,1262,2377,1,155,2024-10-14,Completed,Insurance,4.0
919,2995,892,1,52,2023-05-07,Completed,Credit Card,1.0
920,2704,1470,11,15,2023-06-08,Completed,Insurance,1.0
921,437,1231,9,168,2023-08-10,Completed,Debit Card,4.0
922,1896,3067,11,94,2024-05-19,Completed,Insurance,2.0
923,1104,3136,10,140,2024-10-11,Completed,Insurance,1.0
924,2302,1371,6,150,2024-09-02,Completed,Credit Card,2.0
925,18,2841,10,154,2025-02-25,Completed,Cash,
926,1777,2250,3,169,2025-09-06,Completed,Debit Card,
927,2654,2849,2,101,2024-03-10,In Progress,Debit Card,
928,791,1930,5,17,2025-05-11,Completed,Financing,3.0
929,501,311,6,178,2025-10-20,Completed,Financing,5.0
930,60,1090,3,152,2025-02-05,Completed,Insurance,4.0
931,2832,1785,11,154,2025-01-16,Completed,Debit Card,3.0
932,1936,532,12,172,2024-10-23,Completed,Insurance,
933,888,3211,11,141,2023-11-06,Cancelled,,
934,98,2923,3,92,2024-04-01,Cancelled,,
935,1915,2225,8,27,2025-12-15,Completed,Debit Card,5.0
936,1786,2658,7,41,2024-09-07,Completed,Cash,4.0
937,60,1090,7,83,2024-07-21,Cancelled,,
938,704,2804,3,3,2025-11-30,Completed,Credit Card,3.0
939,1195,2974,11,13,2023-04-11,Completed,Insurance,
940,1772,3032,5,174,2024-12-19,Cancelled,,
941,2513,456,11,3,2023-01-25,Completed,Financing,5.0
942,874,2788,7,67,2025-09-23,Completed,Insurance,
943,487,869,8,141,2025-12-24,Cancelled,,
944,2329,1544,4,76,2025-02-25,Cancelled,,
945,1383,1354,4,114,2024-03-25,Completed,Financing,2.0
946,1292,814,8,178,2023-10-30,Completed,Debit Card,5.0
947,813,305,6,125,2023-01-02,Completed,Financing,4.0
948,1227,1004,5,43,2024-10-03,Completed,Cash,
949,2399,2595,1,107,2024-06-01,Completed,Insurance,5.0
950,1706,1750,3,151,2023-06-05,Completed,Debit Card,4.0
951,526,1547,1,82,2025-12-26,Cancelled,,
952,329,2485,9,77,2023-07-10,Completed,Debit Card,3.0
953,788,840,10,135,2025-06-22,Completed,Insurance,5.0
954,2246,3062,10,93,2024-12-10,In Progress,Debit Card,
955,938,464,11,68,2024-06-02,In Progress,Financing,
956,1103,1599,2,145,2025-06-10,Completed,Cash,4.0
957,173,1953,8,164,2024-07-22,Completed,Debit Card,
958,993,1123,9,99,2025-07-21,Completed,Credit Card,5.0
959,2594,334,9,96,2025-11-29,Completed,Financing,2.0
960,2771,520,12,11,2024-01-19,Cancelled,,
961,1509,117,1,82,2024-10-24,Completed,Credit Card,4.0
962,914,1320,9,83,2025-01-16,Completed,Credit Card,3.0
963,757,1241,3,169,2024-08-17,Completed,Insurance,
964,2954,552,4,15,2024-04-24,Completed,Insurance,
965,1849,829,6,95,2024-02-03,In Progress,Insurance,
966,1910,1286,10,41,2023-02-11,Completed,Credit Card,1.0
967,2527,2152,8,84,2025-09-28,Cancelled,,
968,2198,2066,11,122,2023-10-27,Cancelled,,
969,849,1905,7,121,2024-05-21,Completed,Financing,5.0
970,2763,2969,4,106,2025-06-14,In Progress,Insurance,
971,1645,2693,10,84,2025-10-18,Completed,Credit Card,1.0
972,2465,2811,11,94,2024-08-21,Completed,Insurance,5.0
973,1633,1638,3,5,2023-02-25,Cancelled,,
974,1735,2508,4,38,2024-01-08,Cancelled,,
975,181,606,8,75,2025-11-24,Completed,Credit Card,
976,1893,1247,11,109,2023-06-10,Cancelled,,
977,2019,278,8,150,2025-06-24,Completed,Insurance,
978,333,3284,11,152,2024-10-08,Completed,Financing,1.0
979,895,2073,11,127,2025-10-22,Completed,Cash,5.0
980,173,3304,1,101,2025-01-16,Completed,Insurance,
981,2251,2137,4,117,2025-01-29,Completed,Credit Card,
982,1012,3267,4,107,2023-04-04,Completed,Credit Card,5.0
983,1984,438,6,142,2025-03-05,Completed,Credit Card,2.0
984,577,1981,9,146,2024-11-14,Completed,Financing,1.0
985,367,1183,12,58,2023-12-16,Completed,Insurance,
986,2548,1746,12,136,2024-01-29,Completed,Debit Card,
987,2636,2291,5,109,2025-10-24,Completed,Financing,4.0
988,1773,1815,3,109,2024-02-12,Completed,Insurance,
989,2089,1635,8,90,2025-09-11,Completed,Insurance,3.0
990,2948,1191,2,164,2023-01-07,Completed,Insurance,2.0
991,2420,1450,1,85,2024-08-24,Completed,Financing,5.0
992,1345,2246,2,82,2023-02-22,Completed,Financing,2.0
993,2694,1404,8,93,2025-10-28,Completed,Debit Card,
994,2863,88,3,5,2024-08-13,In Progress,Credit Card,
995,2065,1515,1,78,2025-08-14,Cancelled,,
996,1085,479,7,172,2025-02-15,Completed,Credit Card,
997,2235,2602,6,23,2025-02-22,In Progress,Cash,
998,2711,69,12,168,2024-07-18,Completed,Credit Card,
999,1447,3397,5,9,2024-11-18,Completed,Financing,2.0
1000,692,2565,8,147,2023-02-17,Completed,Credit Card,4.0
1001,232,1271,10,86,2024-09-22,Completed,Cash,5.0
1002,2558,167,11,101,2024-04-06,Cancelled,,
1003,2995,892,7,43,2024-08-22,Completed,Cash,1.0
1004,1541,1985,1,61,2025-12-09,Cancelled,,
1005,1298,3205,5,166,2024-01-12,Completed,Financing,4.0
1006,602,1645,12,10,2024-05-22,Cancelled,,
1007,483,2989,1,152,2024-06-16,Completed,Financing,
1008,903,2874,12,43,2025-05-04,Completed,Credit Card,
1009,1766,2816,10,113,2025-02-10,Completed,Financing,4.0
1010,2175,864,2,152,2025-10-16,Cancelled,,
1011,2943,474,7,144,2025-04-12,In Progress,Credit Card,
1012,1337,942,11,28,2024-08-25,Completed,Financing,
1013,2034,224,2,67,2025-02-19,Completed,Insurance,3.0
1014,2276,1799,4,90,2023-08-17,Completed,Credit Card,
1015,2125,1649,10,45,2025-10-22,Completed,Debit Card,5.0
1016,2021,1453,8,94,2024-09-24,Completed,Credit Card,5.0
1017,2771,2527,8,60,2023-09-03,Completed,Credit Card,4.0
1018,2228,386,7,45,2023-03-17,In Progress,Credit Card,
1019,1791,1086,5,107,2025-07-06,Completed,Cash,
1020,2403,430,6,73,2024-01-15,Completed,Financing,2.0
1021,1796,2456,7,95,2024-08-08,Cancelled,,
1022,1024,2703,11,119,2023-08-23,In Progress,Cash,
1023,1864,2437,9,35,2025-09-20,Cancelled,,
1024,2489,776,9,153,2024-01-29,Completed,Cash,3.0
1025,2462,712,8,125,2025-05-03,Completed,Credit Card,
1026,387,1072,5,112,2023-01-07,Cancelled,,
1027,1721,780,6,84,2024-01-27,Completed,Insurance,
1028,39,809,3,23,2025-05-31,Cancelled,,
1029,2032,1048,2,3,2025-01-07,Completed,Cash,
1030,565,543,11,124,2025-01-11,Cancelled,,
1031,2284,1507,7,131,2025-10-27,Completed,Financing,1.0
1032,2890,1797,3,101,2025-08-22,Completed,Cash,
1033,2326,2720,3,27,2024-03-09,Completed,Debit Card,
1034,2254,1925,3,40,2025-07-13,Completed,Debit Card,4.0
1035,2276,1799,5,86,2025-06-08,In Progress,Financing,
1036,667,507,10,138,2024-08-22,Cancelled,,
1037,2652,2623,12,150,2025-07-26,Cancelled,,
1038,202,2356,5,50,2024-07-03,Completed,Debit Card,3.0
1039,514,2610,8,104,2023-11-18,In Progress,Cash,
1040,2309,2906,10,85,2023-01-10,In Progress,Insurance,
1041,2276,1799,11,48,2025-10-23,Completed,Credit Card,2.0
1042,1642,440,8,88,2025-07-10,Completed,Credit Card,5.0
1043,874,2788,9,27,2024-03-29,Completed,Credit Card,1.0
1044,2034,1631,7,3,2024-07-26,Completed,Insurance,
1045,1600,239,2,178,2024-03-30,Completed,Financing,3.0
1046,1625,795,2,172,2023-08-14,Completed,Financing,1.0
1047,1404,1473,8,23,2024-05-18,Completed,Financing,1.0
1048,1752,2760,7,108,2025-05-23,Completed,Debit Card,3.0
1049,1304,245,5,37,2025-03-24,Completed,Debit Card,3.0
1050,2511,2026,9,87,2023-09-27,Completed,Financing,2.0
1051,2548,1746,11,63,2023-07-23,In Progress,Insurance,
1052,2772,514,2,9,2023-05-04,Completed,Insurance,5.0
1053,1645,2034,11,158,2023-02-06,Completed,Credit Card,
1054,2451,2506,8,109,2024-12-25,Completed,Insurance,1.0
1055,730,2185,4,101,2025-05-07,Completed,Debit Card,
1056,718,172,8,51,2024-04-07,Completed,Insurance,
1057,2774,1150,4,3,2023-02-06,Completed,Debit Card,
1058,444,214,6,11,2025-03-12,Completed,Debit Card,3.0
1059,265,2018,5,168,2025-11-17,Cancelled,,
1060,1006,2144,12,158,2025-12-30,In Progress,Debit Card,
1061,502,690,8,85,2024-04-12,Completed,Debit Card,2.0
1062,1631,709,3,45,2025-07-17,Cancelled,,
1063,1203,1344,5,152,2023-03-18,Completed,Debit Card,3.0
1064,600,2005,6,22,2024-08-20,Completed,Insurance,3.0
1065,1496,2459,5,15,2025-07-19,Completed,Financing,
1066,75,1105,7,154,2024-03-19,Completed,Debit Card,3.0
1067,1404,1473,11,72,2025-01-18,Completed,Cash,5.0
1068,2547,2019,6,128,2023-03-21,Completed,Credit Card,1.0
1069,1033,2998,4,38,2023-08-25,Completed,Credit Card,3.0
1070,2268,2407,12,50,2025-10-21,Completed,Credit Card,3.0
1071,879,2758,7,30,2025-05-11,Completed,Cash,1.0
1072,480,2532,11,54,2024-02-14,In Progress,Credit Card,
1073,2326,1781,3,99,2023-12-23,Cancelled,,
1074,322,2323,4,71,2023-06-08,In Progress,Insurance,
1075,1896,1633,4,25,2024-04-18,Completed,Financing,2.0
1076,2,432,1,177,2023-05-11,Completed,Financing,3.0
1077,705,1297,8,29,2024-05-27,Completed,Financing,5.0
1078,2744,302,10,86,2023-01-24,Completed,Insurance,2.0
1079,2464,2612,6,58,2023-11-19,Cancelled,,
1080,1721,1512,2,62,2025-08-24,Cancelled,,
1081,946,1081,2,8,2024-05-06,Completed,Debit Card,5.0
1082,1259,3209,7,14,2025-09-07,In Progress,Cash,
1083,2174,3042,7,149,2023-02-14,Completed,Debit Card,4.0
1084,2610,1804,8,78,2024-08-11,Completed,Cash,4.0
1085,223,1381,4,127,2023-11-06,Completed,Financing,4.0
1086,2113,2844,11,32,2024-12-13,Completed,Insurance,5.0
1087,2277,2558,12,30,2025-12-09,Completed,Financing,1.0
1088,1895,1956,2,30,2024-10-11,In Progress,Cash,
1089,1409,666,12,75,2024-06-22,Completed,Financing,
1090,886,1493,5,20,2025-05-02,Completed,Debit Card,4.0
1091,1578,3448,12,1,2024-06-24,Completed,Insurance,3.0
1092,1436,1301,11,122,2023-04-20,Completed,Credit Card,
1093,2967,31,2,104,2023-07-05,In Progress,Credit Card,
1094,2044,1891,1,167,2025-03-03,Completed,Credit Card,
1095,343,515,8,24,2024-03-12,Completed,Financing,1.0
1096,714,1864,3,82,2023-03-02,In Progress,Insurance,
1097,1307,1465,7,17,2024-06-15,Completed,Cash,
1098,1936,532,7,113,2023-04-28,Cancelled,,
1099,2011,609,5,72,2023-06-03,Completed,Debit Card,
1100,2077,2707,12,65,2023-05-23,In Progress,Insurance,
1101,888,1299,5,37,2025-03-21,In Progress,Financing,
1102,187,598,3,16,2024-04-13,In Progress,Cash,
1103,1132,518,12,109,2023-05-31,Cancelled,,
1104,387,1072,7,153,2023-04-23,Completed,Credit Card,3.0
1105,1838,2513,3,177,2024-05-02,Completed,Cash,
1106,363,3087,8,84,2024-08-10,Completed,Debit Card,
1107,2724,1775,5,9,2024-10-06,Completed,Cash,
1108,53,2831,4,168,2025-09-01,In Progress,Debit Card,
1109,1303,2630,11,62,2024-08-18,Completed,Credit Card,5.0
1110,171,2452,11,138,2023-04-04,Completed,Cash,4.0
1111,2111,220,2,4,2025-12-15,Completed,Cash,3.0
1112,2781,2617,5,128,2025-09-27,Completed,Cash,3.0
1113,2740,2681,11,155,2025-08-18,Completed,Credit Card,5.0
1114,2849,3162,6,93,2023-11-16,In Progress,Credit Card,
1115,2406,2727,12,82,2025-09-17,Cancelled,,
1116,438,17,10,22,2024-03-14,Completed,Credit Card,5.0
1117,2881,1630,9,5,2025-07-05,Completed,Cash,
1118,2863,88,6,90,2024-12-26,Completed,Financing,
1119,1843,277,9,40,2024-06-30,Completed,Financing,
1120,2058,842,12,110,2023-12-19,Completed,Credit Card,
1121,680,1419,5,163,2023-03-14,Cancelled,,
1122,2982,3233,7,132,2023-12-30,Cancelled,,
1123,1136,2505,1,168,2025-11-11,In Progress,Financing,
1124,1082,3273,4,39,2023-07-02,Cancelled,,
1125,526,3366,2,86,2025-07-31,In Progress,Financing,
1126,2011,609,3,21,2024-03-05,Completed,Insurance,2.0
1127,680,1419,1,89,2024-03-14,Completed,Insurance,
1128,924,717,12,67,2025-08-01,Cancelled,,
1129,625,1144,3,127,2025-10-14,Completed,Debit Card,
1130,2438,2015,4,47,2025-09-30,In Progress,Credit Card,
1131,1239,2770,5,65,2023-11-06,Completed,Insurance,4.0
1132,582,1069,2,117,2025-01-26,Completed,Financing,
1133,1210,1403,1,35,2024-11-05,In Progress,Cash,
1134,398,927,11,148,2023-01-05,In Progress,Financing,
1135,367,2014,8,172,2024-04-03,Completed,Insurance,
1136,1304,2397,6,134,2025-07-18,Completed,Credit Card,1.0
1137,2823,523,10,83,2023-11-01,Completed,Credit Card,
1138,1714,850,1,85,2023-08-07,Completed,Credit Card,
1139,593,1066,7,74,2024-07-25,In Progress,Credit Card,
1140,200,699,4,33,2023-10-13,Cancelled,,
1141,641,697,1,135,2025-09-18,Cancelled,,
1142,1397,2884,8,148,2023-05-02,In Progress,Financing,
1143,2704,3404,2,135,2024-05-24,Completed,Financing,5.0
1144,1188,841,8,29,2023-12-14,Completed,Financing,
1145,2027,1540,11,159,2023-04-21,Completed,Financing,
1146,1843,277,6,20,2023-08-07,Completed,Financing,
1147,2811,2927,10,51,2024-05-19,Completed,Cash,4.0
1148,1969,3033,4,54,2023-09-10,Completed,Cash,4.0
1149,2321,693,5,8,2025-01-20,Completed,Insurance,1.0
1150,2388,64,6,83,2024-04-21,In Progress,Financing,
1151,1320,2125,3,142,2024-02-23,In Progress,Credit Card,
1152,2728,3192,9,46,2023-02-26,Cancelled,,
1153,2387,3056,4,15,2025-11-25,In Progress,Debit Card,
1154,2189,2987,9,152,2024-07-28,Completed,Debit Card,5.0
1155,88,1992,12,18,2024-12-26,Completed,Insurance,1.0
1156,225,1316,4,115,2024-03-19,Cancelled,,
1157,1056,1562,7,127,2025-05-02,Cancelled,,
1158,612,2714,12,60,2025-04-02,Completed,Financing,1.0
1159,354,2944,7,152,2023-07-11,In Progress,Debit Card,
1160,1514,105,10,30,2024-05-16,Completed,Cash,2.0
1161,2449,1998,8,3,2023-06-08,In Progress,Debit Card,
1162,2557,1990,10,25,2024-03-08,Completed,Financing,
1163,497,209,1,95,2024-08-10,In Progress,Credit Card,
1164,1302,1954,3,70,2023-07-17,Completed,Cash,
1165,2915,1768,9,63,2024-07-06,In Progress,Cash,
1166,1535,249,7,148,2024-11-03,In Progress,Credit Card,
1167,124,1374,12,113,2024-03-24,Completed,Credit Card,
1168,1203,3336,8,9,2023-11-22,In Progress,Insurance,
1169,2255,2248,11,81,2023-02-16,In Progress,Cash,
1170,1033,46,9,107,2023-07-22,Completed,Cash,
1171,2186,1784,6,179,2025-07-03,In Progress,Credit Card,
1172,1211,3377,12,48,2025-07-04,Completed,Cash,
1173,2603,2605,6,95,2023-06-23,In Progress,Cash,
1174,2247,1720,8,45,2024-07-28,Completed,Insurance,3.0
1175,945,2464,12,7,2024-05-12,Completed,Cash,1.0
1176,1544,1242,1,138,2024-12-15,Cancelled,,
1177,2790,2581,8,66,2023-02-09,Completed,Cash,3.0
1178,2643,1268,9,13,06/11/2024,Completed,Cash,
1179,2076,1200,12,92,2025-04-24,Completed,Insurance,2.0
1180,1650,1212,12,93,2025-06-21,Completed,Cash,5.0
1181,1675,2380,10,102,2023-10-18,In Progress,Cash,
1182,1837,1817,7,50,2023-05-04,Completed,Insurance,1.0
1183,159,366,9,28,2023-08-18,Completed,Insurance,3.0
1184,1511,246,9,85,2023-08-29,Completed,Cash,
1185,2679,1386,1,19,2025-06-18,In Progress,Cash,
1186,1511,292,11,124,2025-06-05,Cancelled,,
1187,493,1984,12,26,2025-03-04,In Progress,Debit Card,
1188,1564,3183,3,118,2024-05-21,Completed,Credit Card,
1189,2345,1259,7,66,2023-07-24,Completed,Cash,4.0
1190,2863,1159,6,47,2025-10-31,Completed,Cash,
1191,1292,2721,9,18,2024-04-11,Completed,Debit Card,2.0
1192,287,1114,12,153,2024-07-25,Cancelled,,
1193,271,644,10,84,2025-07-26,Cancelled,,
1194,642,379,12,77,2024-06-29,In Progress,Financing,
1195,2554,1253,1,80,2023-01-11,Completed,Financing,
1196,2572,1660,4,75,2023-11-13,Completed,Financing,1.0
1197,1395,2638,8,171,2024-05-14,Completed,Insurance,3.0
1198,753,2344,8,12,2024-02-26,Completed,Cash,3.0
1199,1786,457,10,117,2023-07-24,In Progress,Debit Card,
1200,1596,2205,10,112,2025-07-03,Completed,Insurance,4.0
1201,363,3087,1,154,2023-06-17,Completed,Cash,
1202,1585,3435,5,169,2023-09-16,Completed,Debit Card,
1203,2728,1783,10,4,2025-10-13,In Progress,Cash,
1204,585,1723,8,7,2024-10-14,Completed,Insurance,2.0
1205,2106,3263,12,170,2025-05-01,Completed,Cash,4.0
1206,1045,1972,2,116,2024-07-10,Completed,Insurance,1.0
1207,2671,553,6,93,2023-02-07,Cancelled,,
1208,209,1156,5,159,2024-07-31,Completed,Financing,
1209,2055,3327,6,162,2023-09-28,Completed,Cash,3.0
1210,1125,3057,9,87,2024-07-05,Completed,Insurance,4.0
1211,2046,863,4,48,11/23/2024,Cancelled,,
1212,1648,1368,1,3,2024-11-30,In Progress,Debit Card,
1213,2129,1927,12,161,2025-08-20,Completed,Debit Card,5.0
1214,715,1340,11,128,2025-11-05,In Progress,Financing,
1215,517,2381,5,166,2023-11-19,Cancelled,,
1216,2459,3347,7,109,2023-02-16,Completed,Financing,
1217,2126,2606,3,79,2025-08-09,Completed,Debit Card,5.0
1218,2936,3375,5,12,2024-02-07,Cancelled,,
1219,32,1975,10,111,2025-03-26,Cancelled,,
1220,1731,1959,8,66,2025-08-14,Cancelled,,
1221,961,2012,2,145,2025-05-10,In Progress,Financing,
1222,1736,458,7,110,2024-01-31,In Progress,Credit Card,
1223,1029,3426,11,88,2025-08-22,Cancelled,,
1224,1141,1411,1,19,2023-07-22,Completed,Financing,1.0
1225,2210,1968,10,14,2025-11-09,Completed,Credit Card,
1226,2499,260,4,79,2024-03-17,Cancelled,,
1227,327,2374,1,123,2023-10-17,Completed,Debit Card,4.0
1228,599,2352,12,72,2023-12-26,Cancelled,,
1229,390,401,9,98,2023-01-08,Completed,Cash,5.0
1230,807,483,2,77,2023-12-24,Completed,Cash,
1231,1300,280,2,154,2023-11-15,Completed,Cash,3.0
1232,1394,2418,6,168,2023-07-16,In Progress,Debit Card,
1233,927,3385,4,155,2023-05-02,In Progress,Insurance,
1234,1299,2786,7,147,2024-06-03,Completed,Cash,5.0
1235,559,2768,4,174,2025-09-13,Completed,Cash,5.0
1236,262,2052,5,123,2025-02-27,Completed,Financing,3.0
1237,2111,220,12,46,2024-05-13,Completed,Insurance,1.0
1238,714,1860,10,103,2024-02-23,Cancelled,,
1239,2507,191,6,109,2024-12-22,Completed,Financing,
1240,1813,3449,11,180,2024-09-17,Cancelled,,
1241,53,2831,8,143,2023-10-22,Completed,Insurance,2.0
1242,14,3006,9,69,2025-12-14,Completed,Credit Card,5.0
1243,374,1787,8,123,2023-12-06,Completed,Financing,5.0
1244,55,342,1,98,2024-08-26,Completed,Debit Card,5.0
1245,220,3254,7,73,2024-10-04,Completed,Cash,1.0
1246,2406,2727,9,74,2023-04-13,Completed,Credit Card,1.0
1247,2,1885,2,72,2023-05-22,Completed,Debit Card,2.0
1248,1310,1730,6,26,2025-06-15,Completed,Insurance,
1249,1307,1465,6,54,2023-03-03,Completed,Credit Card,1.0
1250,551,467,12,95,2024-10-24,Completed,Debit Card,1.0
1251,1427,3329,4,12,2025-09-04,Completed,Credit Card,4.0
1252,1279,1128,10,116,2024-01-26,Completed,Credit Card,2.0
1253,191,28,3,180,2023-08-01,Cancelled,,
1254,2218,1824,4,153,2025-07-17,Completed,Credit Card,
1255,1104,24,2,106,2024-08-15,Completed,Financing,2.0
1256,919,653,12,1,2024-06-18,Completed,Debit Card,3.0
1257,281,1106,12,14,2025-05-23,In Progress,Cash,
1258,2845,349,5,11,2024-05-26,Completed,Insurance,
1259,1702,3400,9,9,2023-03-05,In Progress,Cash,
1260,2014,216,2,18,2024-10-08,Cancelled,,
1261,753,2344,6,39,2025-04-12,Completed,Financing,3.0
1262,1984,3264,8,107,2025-09-19,Completed,Cash,
1263,1577,2058,6,121,2025-02-09,Completed,Cash,
1264,371,1269,7,100,2024-06-18,Cancelled,,
1265,2153,1080,11,29,2025-10-21,Completed,Insurance,
1266,2478,1057,2,128,2025-11-27,Completed,Credit Card,
1267,113,2286,2,143,2025-02-22,Completed,Credit Card,3.0
1268,166,1451,8,103,2023-03-28,Completed,Financing,3.0
1269,272,192,5,24,2024-07-08,Cancelled,,
1270,1260,1143,12,67,2023-10-09,Completed,Insurance,1.0
1271,179,2172,9,12,2023-05-05,Cancelled,,
1272,2846,3356,2,132,2024-04-10,Completed,Debit Card,3.0
1273,2960,2529,8,66,2023-03-30,Completed,Financing,1.0
1274,401,1208,3,98,2023-01-12,Completed,Credit Card,1.0
1275,604,181,7,68,2025-12-31,Completed,Cash,2.0
1276,2425,2752,4,27,2025-08-15,Completed,Cash,
1277,2903,1881,2,127,2024-10-22,Completed,Credit Card,4.0
1278,1525,1425,2,115,2023-01-13,Completed,Financing,
1279,1103,2077,5,112,2025-01-23,Completed,Insurance,4.0
1280,1307,3274,1,34,2025-06-06,Completed,Financing,2.0
1281,2650,2267,4,31,2024-09-05,Completed,Credit Card,5.0
1282,21,3259,3,116,2023-08-15,Completed,Cash,5.0
1283,1662,910,4,119,2025-05-15,In Progress,Cash,
1284,501,3216,12,174,2023-04-22,In Progress,Debit Card,
1285,1964,2814,1,69,2024-12-08,Completed,Insurance,4.0
1286,1827,2421,12,139,2025-12-28,In Progress,Debit Card,
1287,150,2750,3,34,2024-12-01,Cancelled,,
1288,2497,886,7,144,2023-07-16,Cancelled,,
1289,1344,610,6,10,2025-10-02,Cancelled,,
1290,2770,1653,11,168,2023-12-11,Cancelled,,
1291,1226,987,8,96,2023-05-08,Completed,Financing,5.0
1292,1316,433,6,97,2023-09-10,Completed,Insurance,2.0
1293,94,2346,7,102,2024-12-12,Completed,Debit Card,1.0
1294,1370,544,6,97,2024-05-13,In Progress,Debit Card,
1295,2017,592,1,71,2023-10-31,Completed,Financing,1.0
1296,29,1587,10,113,2024-07-03,Completed,Insurance,5.0
1297,2550,2040,2,74,2024-02-14,Completed,Credit Card,1.0
1298,1010,1791,7,132,2024-10-22,Completed,Debit Card,5.0
1299,1744,948,1,16,2023-01-12,Completed,Cash,4.0
1300,2175,6,12,161,2025-12-28,Completed,Credit Card,5.0
1301,2882,2799,4,2,2025-08-21,Completed,Insurance,1.0
1302,2981,2603,6,121,05/11/2024,Completed,Insurance,5.0
1303,349,97,3,95,2025-07-21,Completed,Debit Card,
1304,1385,3146,1,13,2024-10-18,In Progress,Credit Card,
1305,1548,2553,9,85,2024-11-02,In Progress,Debit Card,
1306,2858,2221,9,47,2023-01-01,Completed,Credit Card,5.0
1307,2950,675,9,114,2024-10-28,Cancelled,,
1308,2598,1290,4,178,2024-01-12,Completed,Financing,3.0
1309,2065,1515,1,41,2023-08-28,Completed,Credit Card,
1310,859,1793,9,89,11/10/2025,Completed,Cash,
1311,827,2550,12,163,2023-09-04,In Progress,Financing,
1312,181,101,6,27,2023-07-09,Cancelled,,
1313,427,2922,1,11,2025-10-05,Completed,Cash,
1314,2948,1753,10,40,2024-03-11,Completed,Financing,
1315,2320,3172,7,131,2024-06-27,Completed,Financing,
1316,1494,2324,3,53,2025-01-27,Completed,Insurance,3.0
1317,548,1691,4,113,2025-04-22,Cancelled,,
1318,57,1236,2,157,2024-02-21,Completed,Financing,
1319,1638,2643,6,111,2023-05-23,Completed,Cash,4.0
1320,2423,1219,4,178,2025-05-25,Completed,Cash,3.0
1321,846,2839,10,108,2024-07-27,Completed,Credit Card,5.0
1322,2606,2391,6,98,2023-08-11,In Progress,Credit Card,
1323,1606,2188,8,59,2025-09-07,In Progress,Credit Card,
1324,2301,528,4,54,2023-01-17,Completed,Debit Card,5.0
1325,1825,2587,4,99,08/01/2023,Completed,Debit Card,
1326,2643,2501,12,67,11/11/2023,Completed,Cash,
1327,734,3421,9,110,2025-06-10,In Progress,Insurance,
1328,1186,165,8,42,2023-11-09,Completed,Insurance,5.0
1329,1741,1715,7,8,2024-02-19,Completed,Insurance,
1330,376,238,9,38,2025-12-12,In Progress,Credit Card,
1331,2179,2312,8,149,2023-03-02,Completed,Cash,1.0
1332,975,2585,11,135,2025-08-13,Completed,Insurance,
1333,1278,14,10,168,2025-11-04,Completed,Insurance,4.0
1334,960,1886,9,167,2023-12-23,Completed,Insurance,5.0
1335,29,1587,1,103,2023-01-29,Completed,Financing,5.0
1336,2499,260,3,80,2025-09-23,Completed,Debit Card,5.0
1337,2727,2753,5,6,2025-02-11,Completed,Credit Card,5.0
1338,1127,550,3,157,2024-08-07,Completed,Insurance,4.0
1339,2007,35,4,16,2023-09-10,Completed,Cash,1.0
1340,177,2531,9,67,2024-12-09,In Progress,Financing,
1341,2622,1868,9,70,2023-04-02,In Progress,Financing,
1342,2396,1011,4,82,2024-06-06,Completed,Insurance,2.0
1343,1321,1585,1,18,2024-01-10,Completed,Financing,4.0
1344,2382,2881,7,82,2025-04-29,Completed,Financing,4.0
1345,2981,2603,11,7,2024-09-13,Completed,Financing,
1346,1134,2879,4,165,2025-06-30,Completed,Debit Card,2.0
1347,2389,1714,12,6,2025-12-13,Completed,Credit Card,
1348,1007,1311,8,113,2023-07-21,Completed,Credit Card,
1349,2533,685,2,100,2025-09-05,Cancelled,,
1350,1692,1107,8,65,2024-07-18,In Progress,Credit Card,
1351,1782,2035,9,10,2023-11-22,Completed,Financing,4.0
1352,2671,553,1,4,2025-12-17,Completed,Insurance,4.0
1353,791,1037,1,115,2023-08-24,Completed,Insurance,
1354,1281,2458,10,82,2025-09-21,Completed,Cash,3.0
1355,1203,1408,11,86,2024-09-07,Completed,Insurance,2.0
1356,1585,2500,3,42,2023-04-23,In Progress,Insurance,
1357,201,1935,10,171,2024-07-09,Completed,Cash,3.0
1358,1786,427,4,60,2025-11-24,Completed,Financing,2.0
1359,1061,2524,3,171,2024-02-20,In Progress,Financing,
1360,1103,1599,3,65,2023-11-14,Completed,Financing,2.0
1361,2158,2307,7,16,2025-06-01,In Progress,Insurance,
1362,1942,1528,8,14,2024-07-04,Completed,Cash,
1363,1961,2670,2,149,2024-09-17,Cancelled,,
1364,1137,597,8,2,2024-04-19,Completed,Credit Card,
1365,2039,317,3,74,2025-05-26,Completed,Credit Card,4.0
1366,833,310,5,22,03/16/2023,Completed,Financing,
1367,575,1607,6,80,2024-10-23,Completed,Debit Card,
1368,1987,394,8,103,2025-11-28,In Progress,Insurance,
1369,2453,2979,5,2,2023-11-17,Cancelled,,
1370,2598,1290,3,173,2023-09-25,Completed,Financing,4.0
1371,1419,2812,4,51,2023-04-26,Completed,Insurance,3.0
1372,1482,3363,7,115,2023-08-06,Completed,Financing,4.0
1373,611,3077,2,24,2023-08-30,Cancelled,,
1374,2939,1036,1,6,2023-10-28,Completed,Debit Card,
1375,391,1878,7,148,2024-06-10,Completed,Insurance,
1376,536,1766,11,82,2024-12-30,Completed,Cash,4.0
1377,2727,2753,5,106,06/12/2023,Completed,Financing,5.0
1378,28,1444,4,154,2025-10-17,Completed,Financing,3.0
1379,2787,2310,12,18,2024-01-19,Completed,Cash,
1380,2543,3234,9,13,2023-12-04,Cancelled,,
1381,2239,406,7,6,2024-07-14,Cancelled,,
1382,1503,1009,11,127,2023-10-02,Completed,Cash,
1383,2563,3173,5,38,2024-04-10,Completed,Cash,
1384,1813,1871,9,128,2025-05-27,In Progress,Cash,
1385,357,2898,1,121,2024-08-27,In Progress,Debit Card,
1386,2669,1073,11,159,2025-03-16,Cancelled,,
1387,29,3224,12,76,2025-11-10,Completed,Credit Card,1.0
1388,675,90,1,75,2025-06-24,Completed,Financing,5.0
1389,2110,2335,4,67,2023-05-16,Completed,Debit Card,4.0
1390,368,1457,9,121,2024-12-15,In Progress,Credit Card,
1391,312,3140,3,19,08/05/2024,Completed,Cash,5.0
1392,2270,2327,2,136,2025-01-10,Cancelled,,
1393,1957,937,5,90,2024-12-19,In Progress,Debit Card,
1394,2302,3157,4,68,2024-08-10,Completed,Insurance,5.0
1395,691,3163,1,56,2025-04-28,In Progress,Debit Card,
1396,1827,2421,6,116,2024-08-21,Completed,Cash,5.0
1397,2208,85,12,177,2025-08-25,Completed,Credit Card,
1398,2682,670,2,47,2023-07-26,Cancelled,,
1399,2567,2611,3,131,2023-07-13,In Progress,Cash,
1400,2200,1076,8,119,2025-10-31,Completed,Insurance,
1401,1600,239,6,160,2023-02-27,Completed,Credit Card,2.0
1402,2358,1577,11,104,2024-03-21,Completed,Cash,2.0
1403,2517,533,7,1,2024-11-16,Completed,Insurance,1.0
1404,2406,1046,12,132,2025-10-02,Completed,Debit Card,5.0
1405,512,2043,8,167,2024-11-04,Completed,Financing,2.0
1406,2100,1593,10,77,2023-08-11,Cancelled,,
1407,1591,1097,2,93,2024-04-04,In Progress,Financing,
1408,2347,630,9,38,2023-12-06,Completed,Credit Card,
1409,686,3291,6,148,2023-08-03,Completed,Insurance,4.0
1410,2548,3281,9,93,2025-10-08,In Progress,Debit Card,
1411,1612,791,4,115,2023-05-25,In Progress,Debit Card,
1412,1511,292,11,127,2024-03-12,Completed,Insurance,5.0
1413,402,3408,7,98,2023-07-14,In Progress,Credit Card,
1414,1346,584,2,12,2023-02-11,Cancelled,,
1415,2179,2165,7,145,2024-09-22,Completed,Financing,4.0
1416,964,232,1,33,2024-12-19,Completed,Debit Card,1.0
1417,173,2662,7,180,01/31/2024,Completed,Debit Card,4.0
1418,2743,2450,4,120,2023-12-16,Cancelled,,
1419,657,3392,11,128,2023-12-10,Cancelled,,
1420,2444,3250,7,132,2024-01-19,Completed,Insurance,
1421,561,364,2,67,2024-12-13,Completed,Debit Card,2.0
1422,424,2689,1,155,2025-06-29,Completed,Credit Card,
1423,1938,2667,5,69,2024-05-29,Completed,Credit Card,5.0
1424,718,1539,11,174,2024-07-07,Completed,Insurance,
1425,2214,1077,11,2,2024-02-19,Completed,Debit Card,4.0
1426,1151,2724,2,59,2024-12-27,Completed,Insurance,1.0
1427,281,2651,8,29,2023-05-01,Completed,Debit Card,
1428,1525,2648,2,23,2023-03-04,In Progress,Insurance,
1429,2098,1856,3,149,2023-02-08,Completed,Cash,3.0
1430,1436,1697,7,104,2023-06-08,Completed,Insurance,1.0
1431,2644,2949,6,61,2023-04-22,Cancelled,,
1432,94,7,2,101,2023-01-03,In Progress,Cash,
1433,1884,1858,7,108,2024-09-14,Completed,Insurance,4.0
1434,113,789,12,123,2023-10-13,Completed,Cash,
1435,2947,241,6,84,2023-01-06,Completed,Debit Card,
1436,2034,224,10,110,2024-08-31,In Progress,Debit Card,
1437,194,481,5,108,2025-09-20,Completed,Insurance,3.0
1438,567,903,8,4,2024-03-26,In Progress,Cash,
1439,1494,676,9,136,2023-01-01,In Progress,Insurance,
1440,299,611,10,148,2024-02-19,Completed,Insurance,
1441,2434,231,8,13,2023-08-17,In Progress,Credit Card,
1442,148,1628,10,118,2023-04-22,Completed,Financing,
1443,1631,486,2,147,2025-07-31,Completed,Insurance,4.0
1444,1121,2764,4,73,2023-08-01,Completed,Credit Card,5.0
1445,29,1587,11,70,2023-04-10,Completed,Credit Card,2.0
1446,1525,2479,9,172,2024-03-24,Completed,Financing,4.0
1447,1819,1853,10,40,2025-11-07,In Progress,Debit Card,
1448,1137,1865,6,101,2025-04-05,In Progress,Insurance,
1449,1058,725,8,48,2024-06-03,In Progress,Debit Card,
1450,2576,51,1,84,2025-06-20,Completed,Cash,3.0
1451,2851,66,2,56,2024-02-03,In Progress,Debit Card,
1452,1312,2978,11,84,2023-06-29,Completed,Financing,3.0
1453,445,73,9,47,2023-11-23,In Progress,Insurance,
1454,1659,1264,10,116,2023-09-01,Completed,Cash,
1455,1691,1141,11,56,2023-12-10,Completed,Cash,4.0
1456,2781,2617,4,22,2025-08-18,In Progress,Credit Card,
1457,1781,2678,10,132,2023-05-09,Completed,Debit Card,5.0
1458,686,3291,1,113,2023-02-23,Completed,Cash,3.0
1459,403,1153,10,89,2024-06-20,Completed,Financing,
1460,2440,403,10,40,2024-04-01,Completed,Financing,1.0
1461,2707,2549,11,137,2023-11-25,Completed,Credit Card,4.0
1462,341,2778,1,134,2025-05-15,Cancelled,,
1463,1542,3411,5,110,2024-09-23,In Progress,Insurance,
1464,239,2960,7,120,2023-07-16,Completed,Financing,
1465,465,9,7,8,2025-08-18,Completed,Financing,3.0
1466,345,2271,3,3,2024-07-27,In Progress,Insurance,
1467,1541,1985,12,46,2024-10-22,Cancelled,,
1468,191,28,1,22,2024-04-17,Completed,Financing,1.0
1469,796,1833,6,39,2025-06-10,Completed,Financing,
1470,2370,1918,7,26,2024-06-24,Completed,Financing,3.0
1471,895,2073,4,20,2024-01-06,In Progress,Credit Card,
1472,2962,339,1,104,2023-10-07,In Progress,Cash,
1473,587,2551,3,125,2023-10-24,Completed,Insurance,
1474,2417,1341,10,43,2024-09-18,In Progress,Debit Card,
1475,2820,962,10,68,2025-01-08,Cancelled,,
1476,2369,1140,5,134,2024-01-08,Completed,Credit Card,
1477,72,2655,6,71,2025-09-04,Completed,Cash,1.0
1478,2175,864,10,64,2025-01-12,In Progress,Debit Card,
1479,834,1928,6,56,2023-01-29,Completed,Debit Card,
1480,77,1310,3,57,2024-10-16,Completed,Debit Card,
1481,1900,593,2,124,2024-02-23,Completed,Insurance,
1482,1010,1791,3,58,2023-01-14,Completed,Credit Card,3.0
1483,1049,2830,6,12,2024-10-29,Cancelled,,
1484,1426,1249,9,75,2023-12-16,Completed,Financing,
1485,2901,1553,3,134,2025-01-18,Cancelled,,
1486,939,737,10,116,2024-01-23,In Progress,Insurance,
1487,1187,3083,3,119,2025-01-09,In Progress,Insurance,
1488,2382,80,9,138,2023-05-04,Completed,Debit Card,2.0
1489,782,2895,11,118,2023-06-19,In Progress,Credit Card,
1490,1072,261,2,35,2025-01-27,Completed,Insurance,2.0
1491,471,3423,5,74,2023-07-15,Cancelled,,
1492,1656,1818,8,179,2024-11-22,Cancelled,,
1493,2262,2854,11,125,2025-05-13,Completed,Insurance,5.0
1494,1725,2201,8,177,2023-01-17,Completed,Cash,
1495,1265,755,9,39,2023-06-04,Cancelled,,
1496,299,3181,4,85,2025-03-10,Cancelled,,
1497,1500,3063,6,125,2024-02-04,Cancelled,,
1498,2991,1594,5,41,2024-08-13,Completed,Insurance,
1499,2321,693,3,169,2023-01-25,Completed,Cash,3.0
1500,1478,2772,5,176,2023-09-27,Completed,Credit Card,
1501,67,233,8,97,2023-06-03,Completed,Insurance,2.0
1502,1525,2479,10,10,2024-06-22,Completed,Financing,
1503,2827,2951,3,38,2023-10-16,Completed,Financing,4.0
1504,2577,61,5,96,2024-01-15,Completed,Credit Card,2.0
1505,2766,1727,11,93,2024-01-26,Completed,Cash,4.0
1506,1451,722,6,99,2023-03-12,Cancelled,,
1507,2340,301,3,141,2024-03-14,Completed,Financing,1.0
1508,1320,2775,9,133,2025-11-19,Cancelled,,
1509,2255,3124,1,1,2025-12-11,Completed,Cash,2.0
1510,1024,837,12,106,2025-03-30,Completed,Financing,5.0
1511,1241,2713,9,70,2024-08-09,Completed,Insurance,
1512,445,463,4,127,2023-12-22,Completed,Insurance,
1513,851,2290,4,20,2023-05-29,Cancelled,,
1514,2198,2066,1,77,2024-09-15,Completed,Credit Card,4.0
1515,2110,2335,8,97,2024-11-05,In Progress,Cash,
1516,2729,724,2,9,2023-09-06,Completed,Financing,4.0
1517,625,1144,8,178,2023-12-07,Completed,Credit Card,
1518,1715,1583,6,2,2025-06-21,Completed,Debit Card,1.0
1519,2954,545,2,115,2025-09-29,Completed,Credit Card,
1520,2382,2881,4,81,2023-10-15,Completed,Financing,
1521,72,326,9,43,2024-10-12,Completed,Debit Card,
1522,387,1072,2,117,2025-02-19,Completed,Insurance,
1523,2071,2321,2,58,2023-01-20,Completed,Credit Card,
1524,502,3382,2,47,2025-07-30,Completed,Credit Card,
1525,2567,2611,3,167,11/16/2023,Completed,Debit Card,1.0
1526,2729,724,1,80,07/06/2023,Cancelled,,
1527,2426,3095,5,22,2025-03-05,Completed,Debit Card,1.0
1528,2011,1907,8,41,2023-10-20,In Progress,Cash,
1529,886,1493,1,53,2023-01-15,Completed,Cash,
1530,1697,848,6,103,2023-02-25,Completed,Insurance,
1531,1300,280,1,148,2024-10-01,In Progress,Credit Card,
1532,2520,1988,4,93,2023-03-14,In Progress,Cash,
1533,2655,412,4,8,2024-03-29,Completed,Insurance,
1534,881,2403,3,123,2024-08-23,In Progress,Debit Card,
1535,1555,1385,10,62,2025-05-09,Completed,Credit Card,
1536,2103,1573,4,93,2025-11-25,In Progress,Debit Card,
1537,2418,907,10,130,07/27/2023,Completed,Credit Card,
1538,229,2264,5,175,2023-07-28,Completed,Cash,
1539,427,2922,5,166,2025-05-31,Completed,Insurance,1.0
1540,612,923,10,95,2024-06-07,Cancelled,,
1541,377,1478,9,74,2024-08-17,Completed,Credit Card,
1542,1316,433,11,44,02/13/2023,Completed,Insurance,1.0
1543,1281,2458,9,5,2023-01-15,Completed,Credit Card,3.0
1544,2018,133,8,149,2024-12-04,Completed,Insurance,4.0
1545,2043,1939,11,72,2024-12-26,Cancelled,,
1546,1226,1604,11,173,2023-11-23,Completed,Financing,3.0
1547,1795,804,12,138,2025-06-02,Completed,Financing,4.0
1548,1561,3214,3,1,2023-01-21,Completed,Financing,1.0
1549,2102,123,4,87,2025-02-24,Cancelled,,
1550,1306,1999,7,75,2024-08-27,Completed,Insurance,
1551,7,2385,8,17,2024-08-28,Completed,Cash,3.0
1552,887,63,9,161,2023-04-15,Completed,Credit Card,5.0
1553,2604,1434,5,81,2025-08-21,Completed,Cash,
1554,392,1840,12,53,2023-10-12,Completed,Credit Card,
1555,1259,3209,10,41,2023-02-20,Completed,Credit Card,1.0
1556,2343,1082,12,114,2025-05-31,Completed,Debit Card,4.0
1557,2305,1211,2,110,10/04/2025,Completed,Debit Card,3.0
1558,806,1324,4,24,2023-06-14,Completed,Debit Card,5.0
1559,1670,116,10,18,2024-12-10,Completed,Cash,1.0
1560,282,1591,4,90,2025-07-08,Completed,Cash,5.0
1561,1754,466,8,55,2024-01-20,Completed,Financing,5.0
1562,2190,2583,2,140,2023-02-23,Cancelled,,
1563,1304,2397,7,28,2024-12-25,Completed,Credit Card,4.0
1564,844,1167,7,123,2024-07-22,Cancelled,,
1565,1458,1899,9,85,2024-12-29,Completed,Financing,
1566,2706,1446,1,79,2023-06-09,Completed,Financing,2.0
1567,1048,1459,8,149,2023-02-01,In Progress,Financing,
1568,805,1770,2,89,2023-01-17,Completed,Credit Card,
1569,112,2166,11,86,2023-11-10,Completed,Debit Card,
1570,1967,2755,12,145,2025-04-18,Completed,Credit Card,5.0
1571,1659,3243,9,48,2023-03-14,Cancelled,,
1572,1188,841,10,87,2023-03-29,In Progress,Insurance,
1573,2781,2003,4,139,2023-01-31,Cancelled,,
1574,1394,218,4,27,2025-12-15,Completed,Insurance,4.0
1575,2757,2427,3,166,2023-05-14,Completed,Credit Card,
1576,2426,2006,2,91,2025-07-27,Completed,Cash,3.0
1577,392,1427,12,112,2024-07-22,Completed,Credit Card,2.0
1578,1126,2089,8,142,2025-06-07,Completed,Debit Card,
1579,2621,2834,11,96,2024-10-12,Cancelled,,
1580,1366,1740,10,119,2024-10-06,Completed,Financing,4.0
1581,2333,929,3,68,2025-09-01,Completed,Insurance,2.0
1582,64,2771,11,11,2023-06-11,Completed,Insurance,1.0
1583,1769,1088,2,6,2024-04-23,Completed,Insurance,2.0
1584,1459,616,10,178,2025-11-04,Completed,Insurance,
1585,166,1451,12,121,2023-06-27,Completed,Debit Card,2.0
1586,1074,974,7,170,2024-05-07,Completed,Debit Card,1.0
1587,2165,893,2,50,2025-12-12,In Progress,Debit Card,
1588,1141,1411,11,112,2025-09-13,Cancelled,,
1589,958,586,7,74,2023-09-12,Completed,Debit Card,
1590,788,840,5,59,2025-08-02,Completed,Cash,
1591,1173,3379,6,107,2024-12-15,Cancelled,,
1592,1883,1852,4,102,2023-05-12,Completed,Cash,4.0
1593,2125,1649,4,5,08/27/2025,Completed,Financing,3.0
1594,1633,916,9,77,2024-02-03,Completed,Cash,1.0
1595,625,1658,6,136,2025-06-06,Completed,Cash,5.0
1596,2479,2801,10,172,2023-03-19,Cancelled,,
1597,1059,1165,7,44,2024-01-14,Completed,Insurance,
1598,906,2837,7,140,2023-03-11,In Progress,Insurance,
1599,1989,3419,4,50,2023-06-10,Completed,Financing,
1600,2825,1850,3,52,2023-11-07,Completed,Credit Card,
1601,191,28,11,165,2024-04-14,Completed,Debit Card,
1602,120,459,11,126,2023-06-15,Completed,Financing,
1603,2249,1955,4,25,2025-04-13,Completed,Debit Card,4.0
1604,1288,2659,3,179,2023-11-27,Completed,Credit Card,3.0
1605,1562,1415,4,129,2024-01-15,Completed,Credit Card,1.0
1606,214,820,7,14,2025-09-23,Completed,Debit Card,1.0
1607,1195,2974,8,4,2025-12-03,Completed,Insurance,
1608,493,59,8,177,2023-11-24,Completed,Financing,1.0
1609,190,1387,12,23,2023-03-04,Completed,Financing,
1610,2671,2176,9,163,2024-05-13,Completed,Financing,
1611,1157,2598,10,15,2024-04-02,In Progress,Debit Card,
1612,1562,3248,3,133,2025-07-06,Completed,Insurance,2.0
1613,1929,2432,6,108,2024-05-16,Cancelled,,
1614,2189,2987,3,45,2024-05-12,In Progress,Debit Card,
1615,2496,2591,5,174,2025-11-13,Completed,Insurance,2.0
1616,971,947,1,8,2025-03-07,Completed,Financing,
1617,1563,2013,1,20,2023-06-23,Completed,Financing,1.0
1618,2406,1046,5,41,2025-06-15,Completed,Financing,
1619,2247,1720,3,79,2024-08-06,Completed,Insurance,
1620,356,3344,8,123,2025-05-21,Cancelled,,
1621,412,3290,3,105,2025-07-14,Completed,Insurance,2.0
1622,2232,2504,11,62,2024-11-10,Completed,Financing,1.0
1623,2305,1748,6,179,2025-08-29,Completed,Financing,
1624,2431,899,7,63,2025-04-08,In Progress,Insurance,
1625,1666,3037,6,130,2025-05-02,Cancelled,,
1626,2418,907,6,127,2025-09-13,Completed,Cash,5.0
1627,1433,1133,6,19,2025-10-31,Completed,Financing,2.0
1628,1952,1802,5,145,2024-10-01,Completed,Debit Card,4.0
1629,1600,154,5,84,09/25/2023,Completed,Cash,4.0
1630,1645,2034,11,123,2023-05-08,Completed,Debit Card,5.0
1631,884,2275,9,28,2023-05-27,In Progress,Debit Card,
1632,842,1795,12,42,2025-04-21,Completed,Credit Card,
1633,2292,3246,9,126,2023-03-05,Completed,Debit Card,5.0
1634,1841,40,9,31,02/07/2025,Completed,Insurance,1.0
1635,2320,2518,10,1,2025-08-05,In Progress,Financing,
1636,1697,848,10,61,2024-02-28,Cancelled,,
1637,2863,1246,1,94,2023-12-07,Cancelled,,
1638,758,744,6,104,2023-03-29,Completed,Cash,4.0
1639,767,1235,9,39,2025-02-13,Completed,Credit Card,4.0
1640,2135,2743,12,101,2023-01-07,Cancelled,,
1641,1909,1382,6,161,2025-09-07,Completed,Cash,
1642,753,2344,7,111,2023-01-14,Cancelled,,
1643,657,3392,2,173,2025-04-15,In Progress,Cash,
1644,1070,794,2,6,2025-06-21,Completed,Debit Card,
1645,2263,2842,6,180,2025-02-10,Completed,Financing,
1646,1153,873,4,116,2025-03-03,In Progress,Cash,
1647,2328,3245,6,5,2024-06-22,Completed,Debit Card,
1648,1509,740,7,61,2023-02-13,Completed,Financing,
1649,2664,2580,5,97,2025-06-10,Completed,Financing,1.0
1650,1786,2105,8,10,2024-10-17,Completed,Cash,2.0
1651,997,1717,4,67,2024-09-18,Completed,Debit Card,4.0
1652,706,496,10,157,2024-05-08,In Progress,Debit Card,
1653,521,648,11,154,2024-03-02,In Progress,Cash,
1654,1900,1206,4,22,2023-05-24,Cancelled,,
1655,2930,1126,12,113,2024-10-24,Completed,Financing,
1656,2264,168,8,100,2024-01-15,Completed,Financing,2.0
1657,2268,236,7,90,2024-03-05,In Progress,Financing,
1658,2746,812,8,95,2023-05-31,Completed,Credit Card,
1659,1342,968,7,98,2025-09-21,Completed,Financing,5.0
1660,424,2689,12,34,2024-02-18,Cancelled,,
1661,945,2464,7,21,2025-09-08,Completed,Insurance,
1662,1763,3193,8,8,2023-08-31,Cancelled,,
1663,2554,1253,6,42,2024-06-24,Cancelled,,
1664,437,2559,12,53,2024-07-22,In Progress,Financing,
1665,579,567,7,72,2025-07-04,Completed,Debit Card,4.0
1666,284,1995,5,130,2025-12-02,Completed,Financing,1.0
1667,1529,2128,8,145,2025-11-27,Completed,Cash,
1668,2287,2838,4,160,2024-10-24,Completed,Credit Card,3.0
1669,1477,1067,8,14,2024-07-25,Completed,Cash,
1670,1203,1408,12,106,2023-11-05,Completed,Financing,
1671,2,1885,11,71,2023-12-01,Completed,Insurance,
1672,346,371,10,65,2024-05-18,Completed,Credit Card,
1673,1055,2237,3,106,2023-03-05,Completed,Financing,1.0
1674,2509,2769,1,123,2025-02-01,Completed,Insurance,1.0
1675,1962,784,10,154,2024-03-17,In Progress,Cash,
1676,1486,1613,8,78,2025-09-06,Cancelled,,
1677,2387,3318,7,123,2024-05-16,Completed,Credit Card,2.0
1678,1734,1665,7,136,2025-06-19,Cancelled,,
1679,1960,1654,4,101,2024-04-08,Cancelled,,
1680,1606,2188,2,51,2024-05-10,Completed,Insurance,
1681,477,2806,10,7,2025-11-22,Completed,Insurance,3.0
1682,322,2323,8,81,2025-07-15,Completed,Cash,
1683,1528,3289,4,167,2024-06-09,In Progress,Credit Card,
1684,396,541,2,13,2025-08-10,Completed,Credit Card,2.0
1685,2671,2176,10,130,2024-05-26,In Progress,Credit Card,
1686,349,97,11,91,2023-11-30,Cancelled,,
1687,1755,1579,6,91,2023-02-23,Completed,Insurance,5.0
1688,2166,162,1,56,2023-06-13,Completed,Cash,
1689,437,1231,1,32,2024-07-11,In Progress,Insurance,
1690,715,1340,9,38,2024-06-30,Cancelled,,
1691,1982,2119,7,45,2023-07-10,Completed,Financing,2.0
1692,2489,3295,4,85,2024-04-08,Completed,Financing,
1693,1564,634,1,66,2023-07-11,Completed,Insurance,4.0
1694,412,344,7,94,2023-12-25,In Progress,Insurance,
1695,403,1153,2,137,2023-01-29,Completed,Insurance,2.0
1696,2941,2616,7,55,2025-01-24,Cancelled,,
1697,2378,1754,6,17,2025-01-11,Completed,Credit Card,
1698,2632,3111,9,106,2024-07-28,Cancelled,,
1699,1438,711,7,14,2024-06-17,Completed,Financing,5.0
1700,1394,2530,3,30,2025-11-10,In Progress,Debit Card,
1701,1501,3389,6,164,2024-03-10,Completed,Debit Card,
1702,11,2929,7,137,2023-09-14,Cancelled,,
1703,528,1732,12,131,2023-01-05,Completed,Debit Card,5.0
1704,1700,1163,12,19,2025-07-20,Cancelled,,
1705,1640,3133,5,70,2023-03-30,Completed,Financing,3.0
1706,1856,76,6,14,2023-10-11,Cancelled,,
1707,1174,2751,6,90,2024-07-05,Completed,Credit Card,1.0
1708,2505,2712,11,160,2025-06-01,Completed,Cash,4.0
1709,2141,896,11,62,2025-06-19,Completed,Debit Card,
1710,494,2192,5,153,2025-02-14,Completed,Cash,2.0
1711,86,2241,1,5,2024-10-18,Completed,Debit Card,2.0
1712,327,441,10,13,2024-12-27,In Progress,Financing,
1713,1645,2034,4,88,2023-01-31,In Progress,Financing,
1714,1072,111,1,163,2024-05-06,Cancelled,,
1715,2496,2591,4,41,2024-01-17,Cancelled,,
1716,1589,583,1,95,2024-11-08,Cancelled,,
1717,2763,2969,7,78,2023-10-30,In Progress,Cash,
1718,2139,1576,6,57,2025-06-25,Completed,Debit Card,5.0
1719,1883,2378,5,149,2024-03-01,Completed,Credit Card,5.0
1720,2772,2083,6,136,2025-06-30,Completed,Financing,1.0
1721,2098,2781,10,131,2024-11-27,Completed,Insurance,1.0
1722,2698,2794,2,162,2025-06-04,Cancelled,,
1723,1437,3142,11,163,2025-12-06,Completed,Credit Card,3.0
1724,2604,1399,7,174,2023-11-19,Cancelled,,
1725,2652,2623,8,41,2023-01-08,In Progress,Financing,
1726,2139,3307,11,134,2025-11-05,Completed,Cash,
1727,1349,2375,9,9,2023-03-07,Completed,Debit Card,
1728,2589,1640,10,74,2023-04-07,In Progress,Credit Card,
1729,302,2592,7,65,2024-06-15,In Progress,Insurance,
1730,702,779,10,77,2023-12-10,Completed,Cash,3.0
1731,1366,54,11,26,2025-09-05,Completed,Credit Card,5.0
1732,1396,3068,11,47,2023-01-01,Completed,Debit Card,4.0
1733,939,737,10,159,2023-05-28,Cancelled,,
1734,1946,1035,3,164,2025-06-06,Completed,Insurance,4.0
1735,1438,1125,8,126,2023-05-16,In Progress,Debit Card,
1736,1708,1420,3,94,2025-06-26,Completed,Credit Card,1.0
1737,2922,2805,4,20,2023-01-24,Completed,Credit Card,5.0
1738,2418,907,3,146,2023-07-05,Completed,Credit Card,4.0
1739,1329,1210,2,179,2025-02-23,In Progress,Credit Card,
1740,337,2253,7,38,2023-02-19,Cancelled,,
1741,1080,2718,4,36,2023-07-17,Completed,Cash,3.0
1742,2966,1151,8,13,2023-08-25,Completed,Credit Card,2.0
1743,1563,2013,8,159,2025-12-18,Completed,Cash,
1744,807,483,1,156,2023-05-03,Completed,Cash,5.0
1745,2985,2950,1,117,2023-08-03,Completed,Cash,3.0
1746,849,1905,11,139,2025-05-27,Cancelled,,
1747,1401,1862,6,58,2025-07-10,Completed,Debit Card,4.0
1748,1047,2983,6,155,2024-07-26,Cancelled,,
1749,301,3414,1,124,2024-03-21,Cancelled,,
1750,2547,2212,12,56,2025-04-03,Completed,Financing,
1751,2129,1294,4,55,2024-02-01,Completed,Financing,2.0
1752,1666,107,8,40,2023-03-08,Completed,Insurance,
1753,2669,1073,8,158,2024-12-12,Completed,Cash,1.0
1754,997,1739,4,21,2025-12-19,Completed,Debit Card,2.0
1755,2014,216,4,23,2024-12-15,Completed,Debit Card,2.0
1756,2969,2807,4,14,2023-03-01,Completed,Cash,1.0
1757,1097,2193,12,178,2025-11-21,Cancelled,,
1758,1110,682,6,78,2025-10-25,Completed,Debit Card,
1759,1121,1305,11,33,2025-08-09,In Progress,Debit Card,
1760,2218,1824,2,1,2025-04-08,Completed,Credit Card,4.0
1761,2490,1703,7,33,2024-04-22,In Progress,Debit Card,
1762,2389,1714,8,116,2024-02-18,Cancelled,,
1763,394,52,8,137,2023-01-14,In Progress,Insurance,
1764,993,1123,7,122,2024-09-21,Completed,Cash,3.0
1765,1182,1752,9,120,2024-11-18,Completed,Debit Card,
1766,1436,1301,8,138,2025-06-28,In Progress,Financing,
1767,1255,2622,12,57,2025-10-03,Cancelled,,
1768,94,2346,6,99,2023-07-01,Completed,Debit Card,2.0
1769,1189,2690,8,174,2023-03-03,Completed,Financing,1.0
1770,2098,2781,8,25,2023-06-07,Completed,Insurance,2.0
1771,1369,577,4,125,2023-04-29,Completed,Debit Card,
1772,1827,2421,7,93,2023-06-04,Cancelled,,
1773,2966,2632,10,162,2024-12-06,Cancelled,,
1774,923,943,9,33,2024-08-19,Completed,Financing,1.0
1775,2340,1780,3,179,2025-11-08,Completed,Insurance,
1776,1082,3393,4,148,2023-02-24,In Progress,Cash,
1777,412,344,11,52,2025-12-05,Completed,Financing,
1778,1857,1023,6,178,2025-06-10,Completed,Financing,5.0
1779,337,2577,4,76,2024-08-05,Completed,Cash,
1780,997,1739,8,138,2025-03-04,Completed,Cash,
1781,2960,2529,7,34,2024-08-08,Completed,Debit Card,
1782,1535,2164,4,7,2024-09-10,Completed,Debit Card,3.0
1783,1786,427,7,151,2023-12-12,Completed,Cash,
1784,437,2156,3,123,2025-02-12,Completed,Debit Card,
1785,2601,767,6,172,2025-12-03,Completed,Financing,4.0
1786,2125,1649,4,27,2024-06-28,Completed,Cash,
1787,1142,1916,7,34,2024-11-29,Cancelled,,
1788,284,2503,7,30,2025-11-22,Cancelled,,
1789,1449,730,2,119,2025-09-03,Completed,Cash,2.0
1790,337,2577,9,165,2024-08-31,Completed,Cash,
1791,2946,95,6,86,2025-06-19,Completed,Credit Card,4.0
1792,2340,1280,9,30,2025-07-30,Completed,Debit Card,
1793,189,1869,7,61,2023-04-06,Completed,Financing,
1794,2287,723,11,93,2023-09-19,In Progress,Financing,
1795,1116,2199,2,170,2025-03-03,In Progress,Cash,
1796,2770,3306,4,109,2024-09-25,Completed,Cash,
1797,116,437,5,149,2023-07-22,Completed,Credit Card,3.0
1798,2653,2759,8,170,2024-03-31,Completed,Credit Card,5.0
1799,130,2075,11,81,2024-04-26,In Progress,Cash,
1800,1497,2294,12,35,2023-01-17,Cancelled,,
1801,2340,301,3,179,2025-06-25,In Progress,Cash,
1802,1111,1578,11,50,2025-10-24,In Progress,Financing,
1803,2584,19,10,73,2023-07-16,Cancelled,,
1804,2110,2335,5,1,2023-01-29,In Progress,Credit Card,
1805,2444,3250,9,163,2023-11-24,Completed,Insurance,
1806,2501,397,10,76,2025-03-07,Completed,Financing,
1807,2956,1724,5,107,2024-10-21,Completed,Financing,2.0
1808,452,2150,1,99,2023-12-12,Completed,Debit Card,1.0
1809,423,55,9,140,2023-01-17,Completed,Credit Card,5.0
1810,1328,2095,1,1,01/15/2023,Cancelled,,
1811,951,800,8,102,2023-11-11,Completed,Insurance,2.0
1812,1084,210,4,16,2023-01-21,Completed,Financing,
1813,1624,3128,7,53,2023-12-15,In Progress,Financing,
1814,1808,1915,7,94,2025-03-12,Completed,Cash,1.0
1815,2856,2370,9,174,2023-05-02,Completed,Insurance,5.0
1816,2184,2717,3,40,2024-09-23,In Progress,Insurance,
1817,1649,888,6,43,2024-05-01,Completed,Insurance,
1818,1750,2387,11,69,2025-09-25,Completed,Cash,1.0
1819,2750,2497,3,93,2024-04-15,In Progress,Financing,
1820,2198,2066,6,39,2025-07-21,In Progress,Debit Card,
1821,2200,1076,7,156,2024-03-17,Completed,Insurance,
1822,1281,2458,1,143,2024-12-18,Completed,Debit Card,
1823,1952,2607,3,150,2025-04-18,Completed,Credit Card,5.0
1824,964,1220,2,84,2025-05-27,Completed,Debit Card,2.0
1825,624,1902,10,177,2025-11-06,Completed,Cash,5.0
1826,2362,332,2,42,2023-09-05,Completed,Cash,3.0
1827,922,2196,12,66,2025-09-17,Completed,Credit Card,2.0
1828,2956,1724,3,89,2025-11-24,In Progress,Credit Card,
1829,698,2021,11,15,2024-01-15,In Progress,Credit Card,
1830,368,1457,8,128,2023-02-12,Completed,Debit Card,3.0
1831,1339,1829,6,158,2023-10-28,Completed,Cash,3.0
1832,1952,2607,7,177,2025-10-21,Completed,Insurance,1.0
1833,2175,6,2,144,2024-11-26,Cancelled,,
1834,2798,3197,4,70,2025-02-17,In Progress,Cash,
1835,2245,2543,11,174,2024-08-07,Cancelled,,
1836,2222,555,6,11,2023-08-26,Completed,Insurance,3.0
1837,1470,2845,5,93,2025-05-20,Completed,Insurance,2.0
1838,1861,3431,5,74,2025-12-26,Completed,Debit Card,1.0
1839,2465,2811,9,34,2024-03-11,Completed,Financing,
1840,480,2532,2,177,2023-04-27,Completed,Debit Card,
1841,2,1885,5,68,2023-06-14,Completed,Debit Card,
1842,1777,631,3,145,2024-02-03,Completed,Cash,2.0
1843,2362,3184,7,123,2024-01-19,In Progress,Insurance,
1844,1770,1475,12,85,2025-01-01,Completed,Financing,
1845,2154,1574,9,110,2025-01-07,Completed,Cash,5.0
1846,1302,1954,9,80,2023-12-10,Completed,Financing,2.0
1847,2165,185,1,91,2023-04-21,Completed,Cash,
1848,551,1022,4,131,2024-08-08,Completed,Financing,
1849,856,2567,9,2,2024-08-09,Completed,Credit Card,3.0
1850,1231,1524,1,99,2024-11-04,Completed,Debit Card,4.0
1851,2742,2472,6,134,2023-08-05,In Progress,Insurance,
1852,2750,2656,2,113,2024-02-10,Completed,Cash,3.0
1853,1515,1335,10,148,2024-07-26,Completed,Credit Card,2.0
1854,497,2653,3,171,2024-08-14,Completed,Insurance,1.0
1855,2133,2130,1,97,2023-08-10,Cancelled,,
1856,888,3211,8,50,2024-08-26,In Progress,Cash,
1857,1740,2235,10,134,2023-01-06,In Progress,Debit Card,
1858,2890,1797,2,107,2024-06-12,Completed,Cash,5.0
1859,2058,842,11,100,2024-09-18,Cancelled,,
1860,1019,2117,9,107,2024-03-10,Cancelled,,
1861,2883,2589,12,135,2023-07-05,Cancelled,,
1862,2361,3298,8,81,2025-02-23,Completed,Credit Card,2.0
1863,381,333,10,42,2025-04-28,Completed,Insurance,1.0
1864,2652,2623,1,17,2024-10-19,Completed,Insurance,
1865,1121,1305,12,36,2025-09-30,Completed,Financing,3.0
1866,1842,1377,10,114,2025-01-22,Completed,Cash,1.0
1867,1953,2624,3,59,2025-05-01,Completed,Financing,
1868,1117,859,2,62,2025-12-01,Cancelled,,
1869,1226,1258,2,67,2023-12-17,Cancelled,,
1870,2062,2937,3,95,2024-02-18,Completed,Credit Card,2.0
1871,595,1184,6,20,2024-10-15,In Progress,Insurance,
1872,26,734,12,54,2025-08-10,Completed,Cash,5.0
1873,526,3366,7,180,2024-02-16,Completed,Debit Card,
1874,1252,1051,11,20,2023-03-10,Completed,Insurance,
1875,1746,2586,8,76,2025-03-05,Completed,Debit Card,
1876,2509,1701,1,97,2024-01-07,Completed,Debit Card,
1877,1608,1502,7,104,2024-07-22,Completed,Financing,4.0
1878,631,155,3,93,2024-11-08,Completed,Credit Card,
1879,891,2621,12,25,2024-04-11,In Progress,Debit Card,
1880,2003,2739,7,68,2025-11-05,Completed,Cash,2.0
1881,589,1592,1,63,2023-10-18,Cancelled,,
1882,1432,2684,8,66,2023-11-11,In Progress,Cash,
1883,135,2967,6,104,2024-04-30,Completed,Credit Card,5.0
1884,2973,70,1,136,2024-06-29,Completed,Debit Card,2.0
1885,1238,805,5,10,2023-04-16,Completed,Insurance,2.0
1886,308,897,6,103,2025-01-19,In Progress,Cash,
1887,2282,2417,9,40,2023-05-10,Completed,Debit Card,4.0
1888,1767,1217,9,11,2025-03-08,Completed,Cash,4.0
1889,2047,2915,4,1,2024-02-19,In Progress,Debit Card,
1890,1688,1664,11,173,2025-03-06,Completed,Cash,
1891,1734,1517,1,81,07/30/2023,Completed,Insurance,4.0
1892,2409,1422,6,157,2025-11-22,Completed,Credit Card,3.0
1893,471,2191,7,35,2025-10-14,In Progress,Debit Card,
1894,1057,1186,3,5,2023-03-28,Completed,Debit Card,5.0
1895,838,431,1,121,2025-05-29,In Progress,Credit Card,
1896,1295,3027,4,88,2025-02-20,Cancelled,,
1897,2841,3121,11,38,2023-07-06,In Progress,Debit Card,
1898,2494,2243,7,37,2023-08-11,Completed,Financing,1.0
1899,75,1105,1,85,2023-09-27,Completed,Debit Card,
1900,450,2436,3,6,2023-12-16,Completed,Debit Card,1.0
1901,685,62,1,115,2023-07-17,Completed,Financing,
1902,2481,2701,11,61,2023-11-26,Completed,Financing,5.0
1903,1565,393,12,42,2024-04-22,Completed,Insurance,
1904,1650,1986,7,179,2024-01-12,Completed,Insurance,4.0
1905,113,1171,1,93,2025-07-19,Completed,Credit Card,1.0
1906,1406,2261,4,11,2023-01-01,Completed,Insurance,
1907,560,973,7,49,2023-04-23,Completed,Cash,2.0
1908,2766,1727,2,51,2025-09-30,Cancelled,,
1909,1797,2408,3,154,2024-08-19,Completed,Financing,4.0
1910,714,1864,4,50,2024-01-09,Cancelled,,
1911,222,640,2,153,2024-07-26,Completed,Debit Card,5.0
1912,41,914,4,22,2025-12-05,Cancelled,,
1913,805,1333,3,154,2023-12-01,Completed,Insurance,
1914,1696,2792,1,11,2024-08-19,In Progress,Credit Card,
1915,1105,1139,5,87,2023-06-02,Completed,Debit Card,2.0
1916,1572,1031,6,7,2025-03-05,Completed,Financing,
1917,1296,2893,4,107,2024-12-14,Completed,Financing,2.0
1918,2339,2633,8,51,2024-07-24,Completed,Financing,2.0
1919,1307,849,12,165,2025-12-05,Completed,Cash,1.0
1920,1148,2996,10,9,2023-02-14,Completed,Cash,
1921,2617,1976,6,180,2024-12-08,Completed,Cash,4.0
1922,2270,529,4,175,2024-01-08,Cancelled,,
1923,1104,24,8,18,2023-01-10,Completed,Financing,5.0
1924,1134,3383,5,73,2025-03-17,Cancelled,,
1925,2790,2581,6,26,2023-12-11,Cancelled,,
1926,1857,1023,12,98,2025-01-21,In Progress,Credit Card,
1927,1519,2278,11,171,2025-02-19,Completed,Insurance,1.0
1928,1125,3057,3,174,2024-11-12,Cancelled,,
1929,1528,3289,11,27,2024-06-25,In Progress,Credit Card,
1930,2643,3074,6,46,2024-12-28,Cancelled,,
1931,258,294,3,115,2025-05-15,Completed,Financing,
1932,2835,2652,10,81,2024-06-27,In Progress,Cash,
1933,2777,1982,1,69,2024-05-23,Completed,Cash,3.0
1934,2827,3112,4,82,2023-11-16,Completed,Debit Card,
1935,929,1672,11,57,2023-05-18,Completed,Credit Card,2.0
1936,1797,1960,2,69,2024-12-08,Completed,Credit Card,
1937,2986,267,6,167,2025-04-22,Completed,Financing,3.0
1938,1226,987,12,48,2023-06-09,Cancelled,,
1939,1672,1489,3,114,2025-04-02,Completed,Financing,4.0
1940,406,1796,11,42,2025-02-19,Completed,Debit Card,
1941,2537,2700,12,21,2023-03-03,Completed,Credit Card,1.0
1942,985,554,5,3,2024-08-16,Completed,Financing,2.0
1943,2403,430,2,151,2025-11-08,Completed,Credit Card,
1944,2202,2393,2,16,2023-04-22,Completed,Debit Card,3.0
1945,2110,2335,3,154,2023-03-05,Completed,Insurance,
1946,1791,1086,2,118,2023-09-24,Completed,Cash,2.0
1947,2623,308,1,3,2024-12-13,Completed,Cash,5.0
1948,1470,1867,9,107,10/10/2024,Completed,Insurance,3.0
1949,497,2653,2,134,2024-07-01,Completed,Credit Card,
1950,1752,87,10,34,2024-12-20,Completed,Insurance,
1951,222,640,2,139,2024-12-02,Cancelled,,
1952,2553,429,6,112,2023-09-08,Completed,Insurance,3.0
1953,2427,852,6,10,2024-01-30,Completed,Insurance,1.0
1954,310,2588,5,82,2025-10-18,Completed,Credit Card,1.0
1955,1782,2035,4,48,2025-10-19,In Progress,Insurance,
1956,1609,595,6,79,2023-03-07,Completed,Debit Card,
1957,2661,82,9,9,2025-11-25,Completed,Insurance,2.0
1958,1436,1301,4,26,2024-04-25,Completed,Financing,5.0
1959,202,2356,4,152,2023-06-02,Cancelled,,
1960,2915,3167,12,7,2024-07-04,Cancelled,,
1961,2232,2504,11,160,2025-10-31,Completed,Credit Card,5.0
1962,2304,556,11,115,2024-01-14,Completed,Cash,3.0
1963,1331,2909,10,92,2024-06-10,Completed,Debit Card,
1964,1741,1355,1,67,2023-11-01,Completed,Insurance,
1965,1957,2908,7,72,2025-03-17,In Progress,Credit Card,
1966,1600,154,6,44,2023-05-24,In Progress,Debit Card,
1967,2903,2863,8,49,10/31/2023,Cancelled,,
1968,2548,1746,8,133,2025-08-22,Completed,Insurance,5.0
1969,1958,273,1,177,2025-10-07,Completed,Cash,5.0
1970,1052,2498,4,178,2025-01-04,Completed,Debit Card,
1971,997,3122,2,46,2024-12-28,Completed,Debit Card,4.0
1972,1755,1579,2,5,2025-03-04,Completed,Debit Card,3.0
1973,18,3005,2,103,2023-10-15,Completed,Financing,4.0
1974,881,2403,7,6,2023-08-15,In Progress,Credit Card,
1975,2653,2759,4,47,2023-02-25,Cancelled,,
1976,1174,2751,8,56,2025-03-11,In Progress,Credit Card,
1977,2563,3173,9,53,2025-05-04,Completed,Financing,3.0
1978,604,181,7,165,2025-03-11,Cancelled,,
1979,2378,1754,1,135,2024-11-28,Completed,Credit Card,
1980,378,200,11,12,2023-04-20,Completed,Financing,
1981,2029,197,12,90,2025-10-31,Cancelled,,
1982,735,1519,7,20,2024-08-27,Completed,Cash,2.0
1983,2763,1071,4,13,2025-05-05,Completed,Debit Card,5.0
1984,1644,2499,1,149,2025-06-20,Completed,Financing,
1985,309,1272,10,134,2024-03-07,Completed,Credit Card,
1986,1861,3431,2,145,2025-07-10,Completed,Credit Card,4.0
1987,2186,1784,8,178,2024-11-12,Completed,Credit Card,
1988,1134,3383,8,51,2024-11-25,Completed,Credit Card,
1989,788,1826,6,159,2023-09-28,In Progress,Financing,
1990,1679,1015,9,51,2025-03-17,Completed,Credit Card,
1991,2029,2031,5,93,2025-05-29,Completed,Insurance,2.0
1992,691,3163,6,64,2023-06-03,In Progress,Insurance,
1993,1347,1166,4,133,2023-10-07,Completed,Credit Card,1.0
1994,2255,3124,12,139,2023-02-22,Completed,Credit Card,
1995,34,1021,11,2,2023-10-21,Cancelled,,
1996,700,981,5,104,07/18/2023,Cancelled,,
1997,1217,2808,10,89,2023-02-20,Completed,Financing,3.0
1998,551,467,7,5,2025-03-27,Completed,Insurance,
1999,271,1089,10,152,2023-04-09,Completed,Insurance,4.0
2000,88,2650,3,120,2023-09-14,Cancelled,,
2001,107,1819,3,88,2025-06-02,Completed,Credit Card,
2002,2414,1563,1,78,2024-01-04,Completed,Insurance,3.0
2003,1739,2396,3,151,2023-07-06,Cancelled,,
2004,252,2216,9,160,2025-03-31,In Progress,Debit Card,
2005,1002,787,11,91,2025-07-10,In Progress,Financing,
2006,2499,260,9,139,2023-03-29,Completed,Insurance,3.0
2007,22,1244,5,58,2024-04-03,Cancelled,,
2008,37,3147,8,165,2024-04-19,Completed,Financing,1.0
2009,1867,2098,6,120,2025-06-16,Completed,Insurance,2.0
2010,2553,429,9,47,2024-03-22,Completed,Credit Card,
2011,2929,1170,10,138,2023-12-06,Completed,Cash,
2012,1876,831,5,169,2025-03-29,Cancelled,,
2013,1300,285,3,110,2023-08-17,Cancelled,,
2014,2889,3012,1,105,2025-12-07,In Progress,Credit Card,
2015,1632,1549,7,160,2024-10-11,Completed,Debit Card,2.0
2016,487,3011,6,34,2025-05-13,Completed,Debit Card,3.0
2017,1861,1027,12,77,2023-03-27,Completed,Cash,
2018,2519,953,10,51,2025-03-28,Completed,Insurance,4.0
2019,2882,2469,1,66,2025-12-07,Completed,Financing,1.0
2020,2302,563,10,58,2025-04-08,Cancelled,,
2021,430,2277,12,89,2024-04-01,In Progress,Debit Card,
2022,136,91,8,154,2023-02-04,Completed,Credit Card,3.0
2023,2774,2890,9,6,2025-10-13,Completed,Credit Card,2.0
2024,2718,978,5,156,2024-10-14,Completed,Financing,3.0
2025,2409,1422,5,52,2023-06-28,Completed,Financing,3.0
2026,2433,2665,8,90,2024-09-21,Completed,Cash,
2027,2954,545,1,173,2024-02-14,Completed,Credit Card,4.0
2028,2886,1832,8,9,2024-11-12,Completed,Debit Card,3.0
2029,493,1984,11,167,2025-02-24,Cancelled,,
2030,1819,1853,4,18,2024-03-20,In Progress,Cash,
2031,2749,1933,5,24,2023-06-23,In Progress,Debit Card,
2032,897,614,10,17,2024-10-09,Completed,Financing,2.0
2033,360,2865,5,140,2024-05-10,Completed,Insurance,4.0
2034,2489,2791,6,16,2025-10-11,Completed,Credit Card,
2035,860,1602,1,66,2023-06-13,Completed,Financing,1.0
2036,1165,2973,1,151,2023-05-06,Cancelled,,
2037,7,1689,11,174,2025-11-12,Cancelled,,
2038,1646,2460,11,115,2025-05-23,Cancelled,,
2039,2781,2564,9,98,2025-08-28,Completed,Credit Card,
2040,964,1220,8,30,2023-09-06,Completed,Insurance,
2041,2749,27,3,42,2025-12-24,Completed,Cash,4.0
2042,2582,1401,3,97,2024-04-01,In Progress,Insurance,
2043,1626,733,8,88,2025-01-27,Cancelled,,
2044,1890,1059,1,150,2024-04-24,Cancelled,,
2045,611,2090,10,93,2024-05-20,Completed,Cash,
2046,1189,2690,5,13,2023-12-14,Completed,Cash,3.0
2047,2845,1053,5,92,2025-10-10,In Progress,Debit Card,
2048,1585,2500,11,144,2023-01-23,Completed,Insurance,5.0
2049,1080,674,8,62,2023-05-08,Completed,Cash,2.0
2050,1529,2128,8,91,2023-05-09,In Progress,Financing,
2051,2616,956,5,34,2024-06-29,Completed,Financing,4.0
2052,2062,2937,4,46,2024-10-13,Completed,Credit Card,
2053,2380,3152,5,109,2023-01-16,Completed,Insurance,5.0
2054,517,2914,9,116,2023-04-06,Completed,Cash,2.0
2055,2449,1998,3,120,2024-09-21,Completed,Cash,4.0
2056,2275,793,8,105,2023-06-24,Completed,Insurance,
2057,1931,3034,8,122,2024-03-09,Completed,Debit Card,4.0
2058,39,809,2,164,2024-08-20,Completed,Credit Card,1.0
2059,2881,1630,7,31,2025-04-30,In Progress,Cash,
2060,1004,3059,11,140,2025-03-24,Completed,Financing,4.0
2061,1494,1965,7,20,2023-12-19,In Progress,Debit Card,
2062,494,1279,8,127,2024-01-07,Completed,Financing,1.0
2063,1964,2814,8,114,2023-07-29,Completed,Cash,5.0
2064,1158,1472,8,138,2023-10-16,Completed,Debit Card,
2065,1914,1293,3,7,2025-10-26,Completed,Debit Card,
2066,2150,288,4,88,2025-06-23,Completed,Cash,1.0
2067,1300,269,6,48,2024-10-06,Completed,Credit Card,5.0
2068,484,1365,2,155,2025-06-29,Completed,Insurance,4.0
2069,189,1869,8,156,2025-05-25,In Progress,Credit Card,
2070,1117,859,2,77,2025-03-12,In Progress,Financing,
2071,1238,805,4,42,2025-03-30,In Progress,Credit Card,
2072,41,914,6,45,2024-05-16,Completed,Credit Card,
2073,665,658,6,116,2024-09-06,Cancelled,,
2074,2655,2441,2,172,2024-08-21,Completed,Financing,4.0
2075,1298,1931,1,123,04/21/2024,Completed,Insurance,2.0
2076,2065,1515,9,18,2024-02-06,Completed,Debit Card,
2077,1260,1520,7,121,2024-01-31,Cancelled,,
2078,1220,2112,11,111,2024-04-16,Completed,Cash,3.0
2079,2898,2947,5,8,2025-11-05,In Progress,Debit Card,
2080,106,3079,3,50,2025-04-24,In Progress,Credit Card,
2081,121,1545,12,149,2023-02-17,Completed,Financing,2.0
2082,2102,3098,2,45,2023-07-03,Completed,Cash,3.0
2083,840,206,7,44,2025-09-16,Completed,Financing,5.0
2084,1918,1967,3,5,2023-09-01,Completed,Debit Card,5.0
2085,1283,2070,4,1,2023-03-25,Completed,Cash,3.0
2086,86,2008,7,16,2023-06-11,Completed,Insurance,2.0
2087,1761,157,5,84,2023-03-05,Completed,Cash,5.0
2088,2973,70,2,71,2024-02-15,Completed,Debit Card,3.0
2089,562,2022,5,28,2024-02-06,Completed,Cash,
2090,1248,1362,10,175,2023-09-24,Completed,Credit Card,5.0
2091,1325,3275,11,18,2023-04-07,Completed,Cash,
2092,1871,2636,7,146,2024-10-11,In Progress,Cash,
2093,699,2351,5,7,2024-02-22,Cancelled,,
2094,2243,112,2,4,2025-05-11,Cancelled,,
2095,475,337,6,107,03/19/2024,In Progress,Insurance,
2096,2398,1196,4,51,2024-09-05,Completed,Financing,2.0
2097,2947,241,1,30,2025-04-27,Completed,Cash,
2098,55,2584,1,89,2025-01-04,Completed,Debit Card,5.0
2099,1572,2240,12,77,2023-02-05,In Progress,Insurance,
2100,2486,177,5,180,2025-04-23,Completed,Cash,1.0
2101,2882,2799,7,73,2024-03-06,Completed,Cash,4.0
2102,1812,3100,11,164,2024-08-15,Completed,Cash,
2103,2440,403,11,165,2023-01-04,Completed,Credit Card,4.0
2104,1303,2039,8,174,2023-02-24,Completed,Debit Card,
2105,2324,2079,6,97,2025-10-29,In Progress,Credit Card,
2106,1828,1070,12,37,2024-01-23,Completed,Credit Card,5.0
2107,1027,2773,11,37,2025-12-23,Completed,Financing,3.0
2108,1924,1983,9,140,2024-02-14,Completed,Insurance,
2109,1819,1853,8,40,2024-02-27,Cancelled,,
2110,1406,2261,9,177,2025-04-18,Completed,Cash,
2111,1659,253,8,142,2024-05-31,Completed,Debit Card,
2112,2962,92,12,31,2024-12-15,Cancelled,,
2113,493,59,6,142,2023-04-28,Cancelled,,
2114,692,2910,12,9,03/02/2025,Completed,Cash,3.0
2115,1893,1247,12,35,2023-08-12,Cancelled,,
2116,2857,2726,5,3,2025-11-02,In Progress,Financing,
2117,1059,1165,11,84,2024-10-28,Completed,Financing,3.0
2118,1813,3449,6,69,2025-06-02,Completed,Debit Card,5.0
2119,2858,2221,8,15,2023-05-06,Completed,Debit Card,
2120,1137,597,10,111,2024-06-07,Completed,Credit Card,3.0
2121,158,2110,4,10,2023-11-19,Completed,Cash,2.0
2122,1027,2773,7,100,2023-06-06,Completed,Insurance,5.0
2123,1288,1223,9,164,2023-06-30,In Progress,Credit Card,
2124,2384,264,3,179,2024-02-29,Completed,Insurance,4.0
2125,1909,1382,6,63,2025-03-10,Completed,Financing,2.0
2126,282,1591,9,62,2024-09-21,Completed,Insurance,2.0
2127,974,3285,9,68,2023-02-16,Cancelled,,
2128,2822,2635,1,132,2024-10-04,In Progress,Financing,
2129,2662,3190,11,158,2023-01-28,Completed,Financing,3.0
2130,1242,663,9,60,2023-05-21,Completed,Cash,4.0
2131,26,734,2,126,2023-02-23,Cancelled,,
2132,746,1175,2,96,2023-04-14,Cancelled,,
2133,837,1433,12,147,2025-08-01,In Progress,Credit Card,
2134,2309,1529,6,80,2024-11-19,Completed,Cash,
2135,744,1738,5,36,2024-05-20,Completed,Insurance,
2136,2645,2260,5,135,2023-10-17,Completed,Debit Card,1.0
2137,2184,2717,3,159,2023-02-16,In Progress,Insurance,
2138,623,706,7,168,2024-10-05,Cancelled,,
2139,628,2945,5,161,2023-10-26,Completed,Insurance,1.0
2140,2648,1001,2,98,2024-08-18,Completed,Cash,
2141,2141,896,1,17,2023-10-11,Completed,Credit Card,
2142,2175,864,2,79,2024-07-30,Completed,Cash,
2143,2627,2631,8,174,2025-10-25,Cancelled,,
2144,2998,1521,6,123,2023-10-10,Cancelled,,
2145,349,97,11,79,2023-09-17,Completed,Insurance,4.0
2146,43,2510,10,179,2025-11-27,In Progress,Insurance,
2147,2425,2752,10,79,2025-06-12,Completed,Debit Card,
2148,1185,1835,12,159,2025-06-08,Cancelled,,
2149,1546,1851,3,49,2025-07-04,Cancelled,,
2150,1843,1683,9,114,2023-02-23,In Progress,Credit Card,
2151,2420,2523,5,169,2025-10-19,Completed,Cash,2.0
2152,2085,187,2,124,2023-05-16,Completed,Credit Card,2.0
2153,2534,527,12,58,2025-01-26,In Progress,Debit Card,
2154,2205,862,9,60,2023-06-25,Cancelled,,
2155,1734,1665,2,160,2025-06-02,In Progress,Insurance,
2156,789,1260,11,106,2024-09-21,In Progress,Credit Card,
2157,2449,1998,2,135,2023-08-18,Completed,Financing,
2158,2218,279,2,140,2023-08-30,Completed,Debit Card,
2159,1511,246,4,166,2025-10-10,Completed,Financing,2.0
2160,1724,1648,5,46,2023-09-24,Completed,Cash,
2161,917,2087,9,149,2024-08-07,Cancelled,,
2162,574,1827,2,142,2024-07-29,Completed,Credit Card,1.0
2163,193,1463,11,18,2025-07-30,Completed,Insurance,3.0
2164,625,1144,1,125,2023-05-04,Completed,Financing,2.0
2165,2998,1132,5,53,2024-04-18,Completed,Insurance,3.0
2166,2643,1268,9,118,2025-03-24,Cancelled,,
2167,1927,2206,9,135,2023-06-05,Completed,Insurance,2.0
2168,1650,1212,8,107,2025-08-07,Completed,Financing,3.0
2169,2106,2869,3,178,2025-08-05,In Progress,Credit Card,
2170,1953,2624,9,107,2025-11-30,Completed,Cash,
2171,2409,875,6,163,2024-07-21,Completed,Insurance,1.0
2172,670,2966,8,114,2023-05-05,Completed,Cash,3.0
2173,1909,1382,4,19,2023-02-24,In Progress,Credit Card,
2174,1920,3180,5,45,2023-08-02,Completed,Financing,
2175,905,2615,3,177,2025-01-01,Completed,Credit Card,3.0
2176,1475,3229,11,27,2023-11-29,Completed,Cash,3.0
2177,536,1766,6,104,2023-11-16,In Progress,Debit Card,
2178,2632,3111,12,79,2024-07-06,Completed,Debit Card,1.0
2179,1549,758,3,1,2023-04-16,Completed,Financing,4.0
2180,2688,664,7,16,2024-11-28,Completed,Credit Card,5.0
2181,2776,1890,7,116,2023-04-07,Completed,Insurance,
2182,2401,138,1,31,2024-05-03,In Progress,Cash,
2183,2996,1597,12,16,2024-02-04,Cancelled,,
2184,1555,5,7,146,2024-12-12,Completed,Credit Card,3.0
2185,252,2216,9,90,2024-06-03,Completed,Insurance,
2186,352,1083,2,7,2023-07-31,In Progress,Debit Card,
2187,1892,136,9,9,2025-02-07,Completed,Insurance,
2188,1666,764,2,120,2025-01-12,Completed,Financing,5.0
2189,947,3247,3,134,2025-04-15,Completed,Debit Card,
2190,1809,1109,11,46,2024-03-09,Completed,Insurance,3.0
2191,2262,889,2,118,2023-04-03,In Progress,Debit Card,
2192,356,2300,8,153,2024-06-03,Completed,Financing,4.0
2193,339,1994,5,102,2023-12-03,Completed,Insurance,4.0
2194,16,2735,9,129,2025-07-11,In Progress,Financing,
2195,2079,235,2,53,2023-08-01,Completed,Cash,
2196,1883,2378,3,94,2024-03-01,Completed,Debit Card,
2197,2011,1907,8,74,2024-11-17,Completed,Credit Card,2.0
2198,1632,2578,3,175,2024-06-24,Completed,Financing,
2199,1605,142,5,44,2023-08-13,In Progress,Insurance,
2200,670,2966,12,80,2025-01-20,Completed,Financing,
2201,2833,2698,10,31,2025-08-18,Completed,Cash,1.0
2202,1666,3037,7,172,2023-03-13,Completed,Credit Card,
2203,2889,2502,7,22,2025-01-21,Completed,Credit Card,3.0
2204,1749,813,8,43,2025-08-10,In Progress,Insurance,
2205,391,1878,1,83,2024-11-07,Completed,Debit Card,
2206,2859,1848,3,69,2024-07-15,Completed,Insurance,
2207,1725,2201,6,152,2023-06-26,Completed,Insurance,
2208,2133,1610,12,48,2024-04-26,Completed,Insurance,1.0
2209,228,316,8,47,2025-11-07,Completed,Debit Card,2.0
2210,2106,3263,10,75,2023-06-08,Completed,Debit Card,
2211,306,2486,3,66,2024-12-14,Completed,Insurance,
2212,1797,1960,7,96,2023-06-27,Completed,Debit Card,
2213,1890,1059,6,134,2025-12-02,In Progress,Debit Card,
2214,2022,1786,7,144,2023-01-29,Completed,Cash,
2215,205,824,12,56,2024-02-03,Completed,Credit Card,5.0
2216,2541,748,7,98,2025-04-29,Completed,Credit Card,1.0
2217,1045,1972,10,62,2025-01-26,Completed,Credit Card,
2218,3,587,8,52,2025-01-16,Completed,Credit Card,
2219,1104,24,10,61,2023-11-15,Completed,Insurance,3.0
2220,957,582,11,121,2023-08-17,Completed,Debit Card,5.0
2221,539,933,10,176,2023-12-26,Completed,Financing,5.0
2222,1249,1343,5,107,2023-11-20,Completed,Debit Card,2.0
2223,1544,1619,12,80,2025-11-12,Completed,Insurance,
2224,158,2110,2,27,2024-12-08,Completed,Insurance,5.0
2225,1514,105,10,8,2025-11-02,Cancelled,,
2226,356,2300,12,160,2023-05-08,Completed,Insurance,4.0
2227,1472,601,5,33,2024-09-10,Completed,Cash,2.0
2228,2996,1597,8,177,2024-04-21,Cancelled,,
2229,1296,2893,8,38,2024-01-03,Completed,Cash,2.0
2230,295,599,6,101,2023-04-13,Cancelled,,
2231,2856,2370,4,114,2024-01-16,Completed,Credit Card,
2232,2304,2725,7,18,2024-11-23,Cancelled,,
2233,1572,2240,7,76,2023-12-22,Cancelled,,
2234,1259,3209,6,149,2023-08-06,Completed,Credit Card,3.0
2235,657,3392,8,165,2024-10-24,In Progress,Insurance,
2236,1877,3047,5,175,2025-09-07,Completed,Credit Card,
2237,2954,552,11,50,2023-01-08,Completed,Credit Card,1.0
2238,1725,2201,5,94,2025-03-29,Completed,Insurance,4.0
2239,1262,2377,12,17,2025-11-07,Completed,Insurance,4.0
2240,1786,2658,6,149,2024-12-28,Completed,Financing,4.0
2241,1273,2398,8,48,2025-04-11,Completed,Insurance,
2242,2029,1255,10,75,2024-12-12,Cancelled,,
2243,1597,2731,1,175,2024-07-04,Completed,Debit Card,
2244,1128,425,7,31,2023-11-15,Completed,Insurance,3.0
2245,181,606,3,48,2023-10-25,Completed,Debit Card,1.0
2246,199,3319,12,132,2025-09-09,Completed,Financing,
2247,2519,953,5,117,2025-06-27,Completed,Credit Card,5.0
2248,2408,1497,9,84,04/29/2024,Cancelled,,
2249,116,3013,4,26,2024-04-26,Completed,Cash,
2250,1160,1322,2,110,2024-03-21,Completed,Cash,1.0
2251,2262,2854,8,162,2023-06-09,Completed,Insurance,
2252,173,3304,4,161,2024-12-14,Completed,Cash,2.0
2253,1531,996,11,43,2025-11-02,In Progress,Credit Card,
2254,1650,1986,7,38,2023-10-16,Cancelled,,
2255,1981,2210,3,142,2024-06-05,Completed,Debit Card,3.0
2256,1708,1420,8,107,2023-08-31,Cancelled,,
2257,2949,2813,2,110,2025-11-19,In Progress,Cash,
2258,659,1202,10,78,2024-02-05,Completed,Insurance,
2259,1061,821,4,29,2025-11-25,In Progress,Insurance,
2260,572,1909,12,21,2024-08-18,In Progress,Insurance,
2261,117,3384,1,58,2024-10-14,Completed,Credit Card,2.0
2262,643,1567,8,180,2023-06-10,Completed,Credit Card,3.0
2263,700,981,2,136,2023-12-23,Completed,Financing,
2264,491,2,11,116,2025-03-05,Completed,Financing,2.0
2265,2014,216,5,44,2023-07-02,Completed,Credit Card,1.0
2266,226,2642,7,162,2025-06-27,Completed,Financing,3.0
2267,1563,2013,5,30,2023-01-30,In Progress,Debit Card,
2268,905,2615,6,31,2024-12-06,Completed,Cash,
2269,1555,5,5,112,2025-03-11,In Progress,Debit Card,
2270,410,2218,12,155,2024-07-10,Completed,Debit Card,4.0
2271,2527,1378,5,151,2024-12-08,Completed,Financing,
2272,2478,1057,3,16,2024-12-29,In Progress,Insurance,
2273,2198,806,7,85,2023-04-26,Completed,Debit Card,5.0
2274,1748,763,4,39,2023-08-26,In Progress,Insurance,
2275,88,1992,9,80,2024-03-18,In Progress,Cash,
2276,2464,2195,12,28,2025-01-17,Completed,Insurance,4.0
2277,1161,1677,4,101,2025-11-15,Completed,Financing,
2278,786,1369,12,178,2024-07-06,Completed,Insurance,5.0
2279,2496,2038,2,30,2023-06-07,Completed,Insurance,2.0
2280,928,2609,6,50,2024-11-12,Completed,Cash,4.0
2281,2857,2726,10,129,2025-12-03,Completed,Debit Card,5.0
2282,163,1692,4,119,2023-05-06,Completed,Financing,
2283,1470,2845,11,149,2024-07-20,Completed,Financing,
2284,2431,899,2,31,2024-10-01,In Progress,Credit Card,
2285,6,1460,5,9,2024-09-26,Cancelled,,
2286,639,1895,7,37,2023-10-29,Completed,Cash,1.0
2287,542,1267,1,172,2025-01-27,Completed,Insurance,1.0
2288,205,824,6,111,2024-05-30,In Progress,Debit Card,
2289,1644,205,8,156,2025-06-23,Completed,Credit Card,1.0
2290,1678,2388,1,91,2025-03-20,Cancelled,,
2291,601,404,10,44,2024-08-02,Completed,Debit Card,
2292,2358,3297,7,11,2023-07-30,Completed,Credit Card,5.0
2293,2924,627,10,151,2023-11-07,Completed,Cash,
2294,1553,2868,4,150,2023-02-28,Completed,Credit Card,
2295,217,3016,2,173,2024-09-14,Completed,Insurance,
2296,753,2344,1,83,2024-12-12,In Progress,Insurance,
2297,1353,2065,4,127,2023-02-27,Completed,Cash,
2298,2368,2229,5,98,2024-08-03,Completed,Debit Card,2.0
2299,1707,3182,11,107,2024-09-21,In Progress,Financing,
2300,579,173,4,14,2024-08-18,Completed,Cash,
2301,368,169,2,104,2025-05-14,Cancelled,,
2302,2140,3236,5,11,2024-06-22,Cancelled,,
2303,2781,2617,12,75,2024-05-12,In Progress,Credit Card,
2304,2520,1988,11,161,2025-09-18,Cancelled,,
2305,418,836,5,162,2024-04-23,In Progress,Insurance,
2306,193,455,9,26,2023-11-08,Cancelled,,
2307,2154,2177,3,172,07/08/2023,Cancelled,,
2308,2542,1777,11,57,2024-01-21,Completed,Insurance,5.0
2309,765,465,11,7,2023-06-23,Completed,Credit Card,
2310,1947,965,9,148,2024-05-08,In Progress,Credit Card,
2311,79,3156,11,172,2023-10-15,Cancelled,,
2312,1580,1843,10,92,2024-10-10,Completed,Cash,1.0
2313,592,2482,11,116,2024-01-23,Completed,Financing,5.0
2314,2958,2317,12,5,2025-03-14,Completed,Debit Card,3.0
2315,1553,2552,3,122,2023-04-28,Completed,Financing,
2316,88,1314,1,7,2023-04-01,Completed,Financing,4.0
2317,2972,568,9,158,2025-02-09,Completed,Financing,1.0
2318,181,101,7,55,2025-09-11,Completed,Debit Card,3.0
2319,380,3359,4,14,2024-08-28,Completed,Cash,4.0
2320,2562,2135,10,143,2023-12-17,Completed,Cash,2.0
2321,2243,112,2,29,2023-01-04,Cancelled,,
2322,360,2865,12,78,2025-01-15,Cancelled,,
2323,2224,2256,5,2,2025-10-03,Completed,Credit Card,5.0
2324,1589,1910,1,44,2024-01-22,Cancelled,,
2325,1961,2670,8,157,2025-07-23,Completed,Cash,5.0
2326,594,2170,4,54,2023-06-02,Completed,Cash,
2327,444,214,4,18,2025-09-23,Completed,Debit Card,5.0
2328,714,1860,3,115,2024-11-30,Cancelled,,
2329,1168,1464,2,119,2023-11-15,Completed,Credit Card,5.0
2330,1371,1747,11,6,2024-03-09,Completed,Debit Card,
2331,904,1913,7,137,2025-05-29,Completed,Debit Card,
2332,605,673,8,26,2024-08-08,Completed,Debit Card,
2333,1080,2364,12,164,2024-12-12,Completed,Cash,3.0
2334,2881,1630,3,44,2023-05-11,Completed,Cash,1.0
2335,2355,2390,12,20,2024-09-14,In Progress,Insurance,
2336,886,1493,4,51,2025-06-18,Completed,Financing,2.0
2337,121,1429,7,91,2024-08-21,Cancelled,,
2338,1735,1277,8,92,2025-06-13,Completed,Cash,4.0
2339,341,2962,1,105,2024-10-20,Completed,Credit Card,5.0
2340,483,2989,10,87,2025-04-26,In Progress,Cash,
2341,2066,2400,11,36,2023-01-11,Completed,Cash,4.0
2342,327,12,5,97,2023-12-06,Completed,Insurance,1.0
2343,680,2988,9,77,2023-04-07,Cancelled,,
2344,2714,1669,1,47,2025-03-09,Completed,Credit Card,1.0
2345,1465,1711,3,162,2025-08-09,Completed,Credit Card,2.0
2346,1509,740,6,58,2023-12-24,Completed,Debit Card,3.0
2347,1769,1088,12,35,2025-02-21,In Progress,Insurance,
2348,800,998,6,76,2023-07-16,In Progress,Cash,
2349,1394,2418,8,25,2023-07-07,Completed,Financing,3.0
2350,2065,1515,9,140,2024-05-07,Cancelled,,
2351,2883,2589,4,170,2024-11-09,Completed,Financing,5.0
2352,2389,2796,10,89,2023-05-17,Completed,Cash,5.0
2353,120,2918,6,122,2023-10-21,Completed,Cash,
2354,462,29,10,23,2023-04-01,Completed,Cash,4.0
2355,551,1022,2,156,2023-09-08,Completed,Debit Card,1.0
2356,1848,2313,9,14,2023-07-17,In Progress,Credit Card,
2357,2975,1155,11,100,2024-10-21,Completed,Credit Card,4.0
2358,1786,2658,5,93,2023-05-07,Completed,Cash,2.0
2359,2669,1073,11,70,2024-08-18,Completed,Credit Card,2.0
2360,2711,69,11,23,2025-11-08,In Progress,Debit Card,
2361,2678,2234,11,146,2025-04-13,Completed,Insurance,2.0
2362,355,1329,6,80,2023-03-13,Cancelled,,
2363,2070,495,10,118,2023-04-09,Completed,Insurance,1.0
2364,1,3425,8,8,2025-02-15,Completed,Insurance,
2365,1992,2747,7,94,2024-07-18,Completed,Debit Card,3.0
2366,1475,3229,9,154,2024-02-24,Completed,Cash,3.0
2367,1596,2205,3,16,2025-09-19,Completed,Financing,2.0
2368,179,559,7,100,2023-08-15,Cancelled,,
2369,1174,2751,5,6,2023-02-28,Completed,Debit Card,1.0
2370,2382,80,1,91,2023-12-14,Cancelled,,
2371,123,2696,3,67,2023-02-25,In Progress,Financing,
2372,1197,2902,7,121,2023-08-13,Completed,Cash,2.0
2373,1638,2304,6,123,2025-05-16,Completed,Financing,3.0
2374,2754,2426,12,139,2023-06-24,Completed,Financing,1.0
2375,445,463,9,170,2025-11-22,Completed,Credit Card,
2376,2874,945,4,172,2025-08-27,Completed,Debit Card,
2377,60,1090,4,162,2023-12-07,Completed,Credit Card,1.0
2378,1900,593,8,155,2025-10-27,Completed,Debit Card,4.0
2379,2632,3111,10,18,2023-03-25,In Progress,Debit Card,
2380,1743,708,12,37,2023-04-14,Cancelled,,
2381,2879,222,5,169,2024-07-31,Completed,Debit Card,1.0
2382,2899,2473,8,144,2025-11-20,Cancelled,,
2383,2353,1047,10,9,2024-12-24,Completed,Debit Card,3.0
2384,2707,2549,10,162,2023-02-04,Completed,Cash,
2385,1332,1127,2,32,2025-10-18,Completed,Debit Card,1.0
2386,2718,978,8,54,2025-10-05,Cancelled,,
2387,428,919,1,122,2024-11-30,Cancelled,,
2388,1587,1361,12,58,2023-07-06,Completed,Cash,2.0
2389,1014,1674,9,13,2023-12-01,Cancelled,,
2390,2302,1371,3,142,2025-09-23,Completed,Cash,1.0
2391,642,379,7,14,2025-07-14,Completed,Credit Card,1.0
2392,2895,3373,3,169,2024-07-02,Completed,Cash,3.0
2393,1611,2736,4,148,2025-03-07,Completed,Debit Card,3.0
2394,584,180,11,70,2023-07-25,Completed,Financing,5.0
2395,811,1337,1,22,2023-09-29,Cancelled,,
2396,850,2158,5,152,2025-11-07,In Progress,Cash,
2397,2003,2739,12,113,2024-07-23,Cancelled,,
2398,401,1208,8,15,2023-10-28,Completed,Cash,3.0
2399,343,515,11,93,2023-08-09,Completed,Financing,
2400,563,8,5,73,2025-02-25,Completed,Cash,3.0
2401,961,1987,5,75,2025-11-24,Completed,Debit Card,
2402,2382,2881,9,101,2025-11-12,Completed,Cash,5.0
2403,2643,2501,4,22,2023-02-20,Completed,Financing,
2404,740,314,4,112,2023-07-20,Completed,Financing,3.0
2405,1403,1068,9,125,2024-03-24,Completed,Debit Card,4.0
2406,1358,3023,2,39,2025-01-11,Completed,Credit Card,
2407,2399,1300,1,174,2024-02-21,In Progress,Credit Card,
2408,1748,763,5,59,2025-08-30,Completed,Insurance,1.0
2409,456,1821,5,89,2023-05-21,Completed,Insurance,
2410,1121,2764,1,61,2025-05-29,Completed,Financing,5.0
2411,2426,2006,8,96,2024-03-05,Completed,Credit Card,5.0
2412,2507,775,11,175,2025-07-31,Completed,Debit Card,2.0
2413,1883,652,2,95,2025-12-16,Completed,Credit Card,3.0
2414,1468,3135,9,172,2025-11-22,In Progress,Credit Card,
2415,106,409,10,31,2024-07-07,Completed,Financing,
2416,2671,553,11,49,2023-01-05,Completed,Financing,3.0
2417,2254,1391,4,73,2024-09-24,Completed,Insurance,5.0
2418,2656,1822,3,145,2023-01-26,Completed,Debit Card,
2419,2380,608,5,9,2024-02-06,Cancelled,,
2420,1508,2511,11,118,2023-06-15,Cancelled,,
2421,2491,1541,4,166,2024-03-29,Completed,Financing,4.0
2422,2356,3134,3,129,2024-09-18,Completed,Financing,4.0
2423,696,487,3,43,2023-06-21,In Progress,Financing,
2424,175,3323,9,20,2025-06-03,In Progress,Cash,
2425,1786,457,10,169,2025-10-27,In Progress,Debit Card,
2426,2966,1151,5,10,2025-01-07,Completed,Financing,1.0
2427,368,1457,3,145,2024-03-07,Completed,Financing,1.0
2428,2548,1746,7,15,2025-01-03,In Progress,Financing,
2429,239,198,1,6,2025-02-01,Completed,Insurance,1.0
2430,2846,480,11,100,2023-09-16,Completed,Insurance,1.0
2431,2401,138,1,106,2024-03-17,Completed,Cash,3.0
2432,2537,980,10,61,2025-08-30,In Progress,Insurance,
2433,2781,2617,2,94,2024-07-05,Cancelled,,
2434,282,1591,4,28,2023-04-08,In Progress,Credit Card,
2435,922,2196,3,122,2024-01-29,Completed,Cash,1.0
2436,1049,571,10,53,2025-12-03,In Progress,Credit Card,
2437,2014,216,3,113,2025-02-18,Completed,Credit Card,4.0
2438,2653,2759,5,41,2023-12-24,Cancelled,,
2439,1898,625,10,101,2023-11-24,Completed,Cash,2.0
2440,1119,3325,2,77,2025-06-04,Completed,Financing,1.0
2441,2036,846,7,73,2024-11-23,Completed,Debit Card,3.0
2442,1656,1790,7,33,2025-07-14,In Progress,Insurance,
2443,2996,1597,2,113,2025-10-06,Completed,Cash,3.0
2444,817,681,3,44,2024-08-25,Cancelled,,
2445,1770,1475,10,38,2025-05-24,Completed,Financing,1.0
2446,2822,1538,5,159,2024-04-14,Completed,Insurance,
2447,88,2650,4,131,2024-08-17,In Progress,Debit Card,
2448,298,284,2,90,2025-05-26,Completed,Cash,
2449,1695,2319,10,24,2025-01-28,Completed,Cash,
2450,1886,752,5,6,2023-01-10,Completed,Cash,
2451,1060,2619,8,107,2023-05-05,Cancelled,,
2452,1036,110,9,135,2025-11-14,Completed,Cash,5.0
2453,226,2642,4,68,2025-05-24,Completed,Insurance,5.0
2454,994,1839,10,90,2025-09-16,Completed,Debit Card,1.0
2455,1148,2996,5,43,2024-03-12,Completed,Cash,3.0
2456,1304,2397,8,178,2025-12-17,Completed,Insurance,4.0
2457,2258,3286,8,60,2024-01-07,Cancelled,,
2458,1465,2096,2,140,2024-11-14,Completed,Insurance,5.0
2459,387,1072,6,155,2023-08-10,Completed,Debit Card,4.0
2460,2617,1976,2,44,2023-11-13,Completed,Credit Card,
2461,2007,35,12,160,2023-10-28,Cancelled,,
2462,2578,1508,10,19,2025-02-28,Completed,Financing,3.0
2463,1698,1854,1,47,2025-01-20,Completed,Debit Card,2.0
2464,349,2802,11,80,2023-02-11,Completed,Cash,1.0
2465,2745,2547,8,169,2023-11-19,Cancelled,,
2466,829,2695,1,84,2024-03-08,Completed,Credit Card,2.0
2467,2347,630,12,69,2025-12-09,In Progress,Credit Card,
2468,189,1869,2,64,2024-01-24,In Progress,Insurance,
2469,2974,115,10,68,2025-07-30,Completed,Insurance,5.0
2470,2510,1906,8,164,2024-04-24,Completed,Insurance,2.0
2471,796,1833,6,106,2023-12-13,Completed,Credit Card,
2472,1633,1638,11,14,06/25/2025,Completed,Insurance,
2473,83,2104,4,173,2023-09-28,Completed,Insurance,1.0
2474,2368,2229,1,135,2025-02-12,Completed,Debit Card,1.0
2475,2749,27,8,26,05/08/2023,Cancelled,,
2476,897,614,3,44,2023-09-29,Cancelled,,
2477,1190,2293,4,10,2023-03-27,Completed,Credit Card,5.0
2478,1300,280,12,69,2025-02-14,Completed,Credit Card,
2479,1708,1565,8,123,2025-06-12,Completed,Credit Card,1.0
2480,1520,1154,10,109,2024-09-16,Completed,Debit Card,2.0
2481,1600,1487,2,35,2025-02-19,Completed,Financing,5.0
2482,1746,2586,7,38,2023-09-06,Completed,Insurance,
2483,2057,3207,3,78,2024-10-31,Completed,Financing,3.0
2484,1127,148,3,41,2024-07-18,In Progress,Credit Card,
2485,2995,2123,11,68,2023-10-18,In Progress,Credit Card,
2486,1723,1358,12,159,2025-08-13,In Progress,Cash,
2487,465,9,3,65,2024-08-25,Completed,Debit Card,2.0
2488,2953,1536,3,119,2024-04-10,Completed,Cash,4.0
2489,2834,512,11,40,02/02/2024,Completed,Credit Card,5.0
2490,974,3285,11,28,2023-09-24,Completed,Insurance,4.0
2491,2240,1148,5,46,2025-11-26,In Progress,Insurance,
2492,1511,2272,1,158,2025-10-18,In Progress,Cash,
2493,1735,2508,7,149,2024-04-16,Completed,Insurance,4.0
2494,147,3104,7,9,2023-12-24,Completed,Financing,3.0
2495,1644,2499,10,164,2023-05-24,In Progress,Insurance,
2496,1964,504,7,153,2024-09-01,Cancelled,,
2497,2845,1053,6,78,2025-10-25,In Progress,Cash,
2498,1257,1917,8,163,2023-08-30,Completed,Cash,
2499,1635,686,8,55,2025-10-25,Cancelled,,
2500,930,715,9,38,2025-08-08,Cancelled,,
2501,1707,3182,3,110,2025-08-17,Cancelled,,
2502,2845,1053,12,33,2025-12-30,Completed,Cash,3.0
2503,1389,1755,12,71,2024-09-17,Completed,Debit Card,1.0
2504,2985,2950,1,77,2023-11-15,Completed,Insurance,
2505,2834,2308,5,52,2025-01-05,In Progress,Financing,
2506,623,706,4,79,2023-10-07,In Progress,Cash,
2507,2338,2963,4,107,2024-03-23,Completed,Debit Card,5.0
2508,2925,2453,12,124,2025-04-30,Cancelled,,
2509,2307,1243,10,57,2023-11-01,Completed,Financing,1.0
2510,1579,827,4,19,2025-08-13,Completed,Credit Card,4.0
2511,437,1974,1,23,2023-07-23,In Progress,Credit Card,
2512,1048,1459,12,98,2025-12-18,Completed,Debit Card,
2513,2206,997,10,19,2024-07-13,Completed,Financing,4.0
2514,1408,1384,1,154,2023-05-12,Completed,Cash,
2515,2276,1799,12,95,2023-10-08,Completed,Financing,1.0
2516,1407,255,1,4,2024-06-26,Completed,Insurance,2.0
2517,2715,3073,1,145,2025-02-07,Completed,Insurance,2.0
2518,2291,2268,1,51,2025-12-13,Completed,Insurance,4.0
2519,1222,3018,4,64,2023-07-25,Completed,Credit Card,2.0
2520,2449,2445,9,71,2025-09-01,In Progress,Debit Card,
2521,2351,1769,12,57,2024-08-20,Completed,Insurance,3.0
2522,1372,2993,7,51,2023-08-18,Completed,Debit Card,5.0
2523,2387,3056,2,35,2025-04-25,Completed,Financing,3.0
2524,1084,210,6,122,2025-12-26,Completed,Financing,3.0
2525,2912,2002,6,151,2023-10-01,Cancelled,,
2526,228,3374,3,156,2024-09-17,Completed,Financing,5.0
2527,1915,2225,3,74,2024-01-19,In Progress,Cash,
2528,265,109,12,6,07/26/2024,Completed,Cash,5.0
2529,842,1637,2,122,2023-08-13,Cancelled,,
2530,61,1318,5,167,2025-01-31,Completed,Cash,5.0
2531,1180,2239,7,111,2025-02-26,In Progress,Debit Card,
2532,359,971,10,3,2024-11-24,Cancelled,,
2533,2425,2752,11,90,2023-09-19,Completed,Financing,
2534,1287,2699,3,53,2025-01-26,Completed,Insurance,2.0
2535,1316,433,3,93,2025-01-04,Completed,Insurance,1.0
2536,1821,905,2,90,2023-08-28,Completed,Debit Card,3.0
2537,2032,2283,4,76,2025-04-22,Completed,Debit Card,
2538,248,355,6,80,2025-05-28,Completed,Insurance,4.0
2539,747,287,8,176,2023-05-21,Completed,Debit Card,
2540,2075,2853,11,22,2025-11-17,Cancelled,,
2541,837,1433,5,41,2023-12-23,Completed,Insurance,
2542,997,1739,5,52,2024-02-12,Cancelled,,
2543,1613,1764,2,154,2023-11-12,Completed,Financing,5.0
2544,2373,2709,12,40,2025-09-01,Completed,Insurance,1.0
2545,1240,1289,4,36,2025-03-24,Completed,Financing,3.0
2546,1127,148,7,27,2025-02-08,Completed,Debit Card,5.0
2547,1910,1286,12,145,2025-03-21,Completed,Cash,
2548,2929,1170,10,22,2024-04-29,Completed,Insurance,5.0
2549,2988,1302,5,33,2023-02-28,Completed,Credit Card,1.0
2550,1860,2932,4,60,2025-04-17,Completed,Credit Card,2.0
2551,1900,593,10,91,2023-07-02,Completed,Debit Card,1.0
2552,2397,3427,8,132,2024-05-07,Cancelled,,
2553,2003,322,11,175,2024-08-18,Completed,Cash,
2554,2629,815,1,75,2023-01-09,Completed,Insurance,4.0
2555,2861,1192,2,89,2024-08-24,In Progress,Financing,
2556,709,861,2,45,2025-04-02,Completed,Debit Card,2.0
2557,1814,2891,7,117,2024-02-08,Completed,Insurance,4.0
2558,1122,1655,1,48,2025-07-17,In Progress,Cash,
2559,2065,96,8,12,2025-02-20,Completed,Financing,3.0
2560,1663,79,9,110,2025-01-09,Cancelled,,
2561,1857,194,7,96,2025-11-16,Completed,Debit Card,
2562,2031,3127,5,28,2025-10-13,Completed,Cash,
2563,1967,2755,5,67,2023-01-29,Cancelled,,
2564,2022,1786,9,54,2024-08-03,Completed,Insurance,
2565,2243,22,2,132,2023-11-15,Completed,Insurance,5.0
2566,1343,2259,2,149,2024-03-17,Cancelled,,
2567,1609,595,8,130,2023-06-16,Completed,Debit Card,1.0
2568,2643,2501,9,33,2025-09-05,In Progress,Cash,
2569,327,12,2,120,2025-12-10,In Progress,Insurance,
2570,51,1725,12,9,2023-01-17,Completed,Insurance,3.0
2571,549,3070,3,79,2023-09-16,Completed,Credit Card,
2572,2465,2811,9,28,2024-04-05,Completed,Insurance,3.0
2573,824,3251,12,126,2023-06-14,Completed,Debit Card,
2574,356,2517,8,30,2024-08-16,Completed,Debit Card,4.0
2575,64,2771,7,89,2024-01-09,Cancelled,,
2576,415,1012,8,17,2025-05-16,Completed,Financing,3.0
2577,2056,1792,7,55,2024-11-22,Completed,Insurance,
2578,1566,392,6,50,2024-05-30,Completed,Financing,
2579,1336,3024,4,86,2024-08-11,Completed,Debit Card,
2580,2576,51,12,152,2025-08-27,Completed,Financing,4.0
2581,57,1236,11,81,2024-08-28,Completed,Cash,1.0
2582,2664,2111,8,143,2024-03-21,Completed,Credit Card,3.0
2583,2292,1336,9,72,2025-09-29,In Progress,Cash,
2584,376,238,4,54,2023-05-14,Completed,Insurance,5.0
2585,2074,2887,11,108,2025-05-01,Completed,Insurance,2.0
2586,1740,2235,8,126,2024-06-29,Completed,Cash,
2587,2254,1391,12,133,2024-05-03,Completed,Debit Card,
2588,388,3405,2,118,2023-02-22,Completed,Debit Card,5.0
2589,556,1825,7,41,2025-02-22,Completed,Credit Card,4.0
2590,310,2588,1,60,2024-04-28,In Progress,Insurance,
2591,2366,1805,11,80,2025-09-24,Completed,Credit Card,5.0
2592,1250,1032,4,29,2025-08-18,In Progress,Credit Card,
2593,2576,51,4,63,2024-07-17,Completed,Financing,
2594,538,3015,11,125,2023-08-21,In Progress,Debit Card,
2595,2665,3341,1,3,2024-03-08,Completed,Insurance,
2596,2832,1785,12,129,2025-01-06,Completed,Insurance,5.0
2597,1513,2042,12,132,2025-08-14,Completed,Cash,4.0
2598,1714,2537,12,149,2024-12-29,Completed,Credit Card,
2599,2925,2453,2,155,2025-07-27,In Progress,Insurance,
2600,561,275,11,151,2023-04-21,In Progress,Debit Card,
2601,1222,3277,4,138,2024-12-26,Completed,Debit Card,4.0
2602,1992,2747,9,109,2025-03-25,Completed,Financing,3.0
2603,295,599,1,99,2023-02-12,Completed,Cash,
2604,479,936,1,67,2024-10-10,In Progress,Cash,
2605,478,3093,3,105,2023-03-22,Cancelled,,
2606,1618,390,4,145,2024-03-18,Completed,Cash,1.0
2607,1088,1019,12,19,2025-05-05,In Progress,Financing,
2608,1161,1108,11,152,2023-12-04,Cancelled,,
2609,1656,1233,6,109,2024-02-26,Completed,Insurance,
2610,405,2846,10,97,2025-07-07,Completed,Debit Card,
2611,975,2585,6,72,2025-04-07,Cancelled,,
2612,2109,494,6,132,2024-02-09,In Progress,Cash,
2613,1967,2288,11,17,2025-01-12,Completed,Credit Card,
2614,281,3138,6,8,2023-03-29,Completed,Cash,
2615,1320,2775,8,65,2023-03-07,Completed,Debit Card,2.0
2616,2995,892,2,163,2024-02-23,Completed,Credit Card,
2617,382,2566,8,147,2023-09-11,Cancelled,,
2618,927,3385,7,123,2023-11-29,In Progress,Insurance,
2619,876,2481,11,165,2024-08-25,Cancelled,,
2620,601,404,1,127,2023-08-01,Completed,Financing,1.0
2621,2910,2903,6,87,2023-06-27,In Progress,Insurance,
2622,349,2802,10,58,2025-05-13,Completed,Credit Card,3.0
2623,1563,2404,7,108,2023-06-14,Completed,Cash,
2624,1482,1624,7,71,2023-12-18,Completed,Credit Card,3.0
2625,2578,2827,9,112,2025-06-06,Cancelled,,
2626,465,3155,4,179,2025-06-23,Completed,Insurance,
2627,2578,1897,2,152,2023-12-31,Completed,Debit Card,5.0
2628,2590,3227,2,123,10/05/2025,Completed,Insurance,1.0
2629,1656,521,3,109,2025-06-17,Completed,Cash,
2630,304,750,8,75,2025-11-01,In Progress,Credit Card,
2631,360,2865,1,128,2024-03-25,Completed,Credit Card,3.0
2632,467,1736,6,23,2024-09-21,Cancelled,,
2633,46,2214,7,131,2024-09-14,Completed,Cash,2.0
2634,2903,2863,3,149,2023-01-16,Completed,Insurance,4.0
2635,2021,2053,8,53,2023-02-22,Completed,Cash,4.0
2636,2154,2177,6,178,2024-08-10,Completed,Cash,
2637,2404,2376,3,108,2024-06-17,Cancelled,,
2638,1701,74,9,39,2023-08-17,Completed,Insurance,3.0
2639,662,312,3,79,2023-12-02,Completed,Cash,1.0
2640,1252,2343,5,166,2024-10-07,Completed,Debit Card,
2641,465,3155,10,109,2023-11-05,Completed,Debit Card,3.0
2642,1563,2013,8,143,2025-05-27,Completed,Financing,
2643,2150,288,1,81,2023-04-11,Completed,Financing,4.0
2644,2873,1118,2,62,2025-07-30,Completed,Insurance,5.0
2645,2351,1002,11,157,2024-04-03,Cancelled,,
2646,857,1007,9,135,2024-02-05,Cancelled,,
2647,1758,1760,9,103,2025-11-15,Completed,Financing,
2648,1738,2101,2,112,2025-07-05,Completed,Credit Card,4.0
2649,2456,1428,3,10,2023-10-18,Completed,Financing,5.0
2650,754,966,8,162,2025-10-01,Completed,Credit Card,5.0
2651,1127,103,7,153,2025-11-23,Completed,Debit Card,3.0
2652,2287,723,10,102,2024-12-19,Completed,Debit Card,4.0
2653,1164,759,9,116,2023-06-30,In Progress,Insurance,
2654,2299,3036,8,172,2025-04-26,In Progress,Financing,
2655,32,1975,2,156,2025-12-27,In Progress,Financing,
2656,2317,1794,5,147,2025-05-31,Completed,Debit Card,
2657,2696,1481,4,172,2025-09-22,Completed,Cash,
2658,194,481,1,72,2024-04-27,Completed,Insurance,4.0
2659,2750,1435,2,156,2025-12-17,Completed,Financing,4.0
2660,381,333,4,6,2023-10-17,Completed,Cash,2.0
2661,826,1084,8,154,2025-04-05,In Progress,Insurance,
2662,1104,3136,3,134,2025-03-23,Completed,Credit Card,5.0
2663,1027,2773,12,131,2024-09-04,In Progress,Cash,
2664,452,2150,1,151,2023-02-25,Completed,Insurance,5.0
2665,2283,660,12,81,2024-07-02,Completed,Cash,
2666,1575,1095,10,120,2023-02-28,Completed,Cash,4.0
2667,1940,1535,5,83,2024-04-07,In Progress,Insurance,
2668,2033,3445,5,16,2025-03-13,Completed,Financing,4.0
2669,1607,1870,3,179,2023-11-03,Completed,Insurance,1.0
2670,2102,3098,6,9,05/10/2024,Completed,Insurance,
2671,960,1886,6,122,2023-05-03,In Progress,Financing,
2672,2129,1927,12,63,2025-06-13,Cancelled,,
2673,2621,2834,1,92,2024-10-15,Completed,Financing,5.0
2674,1349,2776,1,133,2023-08-28,In Progress,Credit Card,
2675,969,635,1,2,2025-10-16,Completed,Insurance,5.0
2676,349,2802,2,89,2024-12-13,Completed,Debit Card,2.0
2677,1711,589,5,112,2024-06-08,Completed,Debit Card,
2678,1565,393,5,22,2024-09-25,Completed,Financing,1.0
2679,2886,1832,7,14,2024-02-12,Completed,Credit Card,
2680,2801,2392,6,90,2023-03-27,Completed,Insurance,1.0
2681,1366,54,7,29,2024-03-03,Completed,Credit Card,5.0
2682,1650,1986,5,129,2023-03-26,Cancelled,,
2683,2364,262,8,176,2024-01-26,In Progress,Financing,
2684,2602,939,9,81,2023-10-25,Completed,Insurance,5.0
2685,1678,2388,10,148,2025-03-23,Completed,Debit Card,
2686,1234,2629,3,37,2024-08-10,Completed,Cash,
2687,1230,1571,1,147,2024-01-24,Cancelled,,
2688,2186,2674,7,140,2023-04-20,Completed,Financing,3.0
2689,2153,1080,10,70,2023-05-20,Completed,Credit Card,2.0
2690,2084,2227,7,118,2024-12-24,In Progress,Debit Card,
2691,1756,2047,11,96,2023-04-16,Cancelled,,
2692,1567,1874,5,87,2025-12-20,Completed,Debit Card,
2693,796,3219,12,101,2023-04-07,In Progress,Financing,
2694,1786,2658,5,28,2024-07-11,Completed,Credit Card,
2695,548,3196,11,14,2024-03-28,In Progress,Cash,
2696,2491,1541,7,93,2023-04-24,In Progress,Cash,
2697,1394,2530,1,165,2025-11-13,In Progress,Insurance,
2698,2378,1754,6,148,2025-09-19,Completed,Insurance,2.0
2699,2606,2391,2,58,2024-09-23,Completed,Financing,1.0
2700,1352,2888,4,22,2024-10-28,In Progress,Financing,
2701,1033,2998,7,7,2023-02-07,Completed,Insurance,3.0
2702,1331,2037,2,173,2024-09-23,Completed,Debit Card,
2703,813,305,11,166,2023-04-11,Completed,Debit Card,
2704,1904,1844,4,64,08/12/2023,Cancelled,,
2705,1725,2201,4,95,2023-07-20,In Progress,Debit Card,
2706,470,2011,9,99,2023-01-27,Completed,Debit Card,2.0
2707,158,2110,8,94,2024-06-25,Completed,Insurance,5.0
2708,369,1609,7,169,2025-12-24,Completed,Financing,
2709,544,204,12,148,2025-01-07,In Progress,Debit Card,
2710,688,2231,2,96,2024-11-01,Completed,Credit Card,3.0
2711,75,1105,4,28,2024-11-13,Completed,Credit Card,4.0
2712,1869,2544,12,28,2024-07-14,Completed,Financing,1.0
2713,2278,1424,11,70,2023-08-22,In Progress,Credit Card,
2714,73,2444,11,117,2024-11-29,Completed,Credit Card,4.0
2715,1672,1489,7,101,2023-10-17,In Progress,Financing,
2716,75,1483,5,61,2024-10-04,Cancelled,,
2717,1759,2597,11,128,2025-03-28,Completed,Cash,3.0
2718,1397,2533,10,59,2023-04-04,Completed,Debit Card,
2719,2258,3286,9,47,2023-07-29,In Progress,Insurance,
2720,2054,1104,9,28,2024-09-26,Completed,Insurance,
2721,2358,1577,3,56,2025-11-24,Completed,Financing,3.0
2722,233,3080,4,93,2024-02-16,Completed,Debit Card,
2723,2497,807,6,28,2025-06-01,Completed,Credit Card,
2724,245,2076,5,79,2025-08-30,Completed,Financing,4.0
2725,2833,700,12,159,2023-12-26,Completed,Credit Card,4.0
2726,662,312,10,44,2025-04-14,Completed,Financing,
2727,712,2141,5,163,2024-02-08,Completed,Cash,4.0
2728,1893,1247,1,115,2025-12-16,Completed,Insurance,
2729,173,1953,3,125,2025-05-09,Completed,Cash,5.0
2730,1871,2342,1,63,2025-02-27,Completed,Cash,
2731,869,510,2,81,2025-11-02,Completed,Cash,
2732,612,2714,3,34,2024-08-15,Completed,Insurance,
2733,669,2242,5,110,2023-01-13,Completed,Credit Card,1.0
2734,402,3408,11,31,2025-02-18,Completed,Cash,
2735,1802,1006,8,6,2024-12-16,In Progress,Cash,
2736,1056,1562,10,173,2023-07-15,Completed,Cash,3.0
2737,2328,1942,4,133,2024-01-20,Completed,Financing,
2738,1575,1095,2,4,2025-10-03,Completed,Insurance,
2739,2529,1534,8,77,2023-07-29,Completed,Credit Card,
2740,2804,1469,2,177,2024-07-26,Completed,Cash,2.0
2741,1707,2223,8,10,2024-03-11,Completed,Insurance,
2742,826,1615,7,133,2023-06-09,In Progress,Cash,
2743,1603,989,9,98,2025-11-28,In Progress,Cash,
2744,1645,2169,3,51,2025-08-17,Cancelled,,
2745,2065,96,10,5,2023-03-06,Completed,Insurance,
2746,1717,1395,1,2,2024-04-28,Completed,Credit Card,
2747,427,2922,12,158,2023-09-12,Cancelled,,
2748,2134,343,9,14,2025-09-08,Completed,Insurance,4.0
2749,2537,980,12,117,2023-10-12,Cancelled,,
2750,2600,847,8,157,2024-03-30,Cancelled,,
2751,2072,243,5,167,2024-03-01,Completed,Credit Card,
2752,2029,197,5,54,2025-08-08,Completed,Debit Card,
2753,147,3104,11,53,2025-01-19,Completed,Cash,5.0
2754,2370,1918,4,25,2024-09-17,In Progress,Cash,
2755,2715,3316,10,108,2025-06-08,Completed,Insurance,1.0
2756,1644,2499,9,66,2025-07-27,Completed,Cash,
2757,1244,2682,12,100,2024-05-11,Completed,Credit Card,1.0
2758,1911,2873,4,80,2025-06-08,Completed,Debit Card,3.0
2759,2915,3386,3,106,2025-05-26,Completed,Financing,2.0
2760,2489,776,9,119,2024-06-15,Completed,Financing,
2761,1525,2648,10,77,2024-10-15,In Progress,Financing,
2762,423,2316,3,165,2023-11-15,Completed,Insurance,
2763,73,2444,5,102,2025-06-30,Completed,Credit Card,
2764,1564,3183,9,52,2024-11-13,In Progress,Insurance,
2765,2731,2009,7,117,2025-05-17,Completed,Credit Card,1.0
2766,1627,687,3,165,2023-05-27,Completed,Financing,2.0
2767,2985,2626,11,78,2024-06-20,Completed,Financing,
2768,1562,3248,6,85,2024-08-13,Cancelled,,
2769,714,1860,5,161,2025-11-03,Completed,Insurance,2.0
2770,1838,2302,12,96,2023-09-18,Completed,Debit Card,
2771,1563,788,6,87,2024-05-24,In Progress,Credit Card,
2772,2522,1442,2,74,2025-09-30,Completed,Insurance,1.0
2773,2129,3221,7,164,2025-12-26,Cancelled,,
2774,2306,2920,12,66,2023-11-07,In Progress,Cash,
2775,1114,1949,6,5,2025-04-30,In Progress,Credit Card,
2776,166,160,4,27,2023-02-11,Completed,Debit Card,3.0
2777,116,437,3,107,2023-07-17,In Progress,Debit Card,
2778,179,559,4,67,2023-11-10,Completed,Debit Card,4.0
2779,927,3354,4,33,2023-09-30,Completed,Cash,
2780,444,1945,2,69,2024-11-19,Completed,Financing,5.0
2781,2366,1805,8,21,2025-10-21,Cancelled,,
2782,2781,2617,6,109,2023-07-25,Completed,Debit Card,
2783,924,717,12,91,2025-03-16,Completed,Insurance,1.0
2784,2477,851,4,145,2025-03-03,Cancelled,,
2785,248,355,1,146,2024-11-29,Completed,Debit Card,
2786,1345,2246,2,87,2024-12-26,Completed,Financing,4.0
2787,2781,2617,3,47,2025-02-19,Completed,Cash,1.0
2788,2509,2769,10,157,2024-04-21,Completed,Financing,5.0
2789,772,321,10,179,2025-02-03,Completed,Insurance,4.0
2790,644,2333,10,28,2024-03-21,Cancelled,,
2791,1397,2647,2,175,2024-08-17,Completed,Insurance,
2792,800,961,11,170,06/20/2023,Completed,Debit Card,
2793,1956,1484,6,84,2023-08-20,Completed,Insurance,4.0
2794,2175,864,6,122,2024-02-23,Completed,Financing,5.0
2795,2630,2477,7,129,2025-04-16,In Progress,Financing,
2796,1721,1512,9,23,2024-07-04,Completed,Credit Card,
2797,150,2750,12,22,2025-04-09,Completed,Financing,
2798,2044,1891,4,176,2025-04-04,Cancelled,,
2799,105,3069,4,91,2023-06-10,Completed,Credit Card,2.0
2800,2173,2787,1,147,2023-10-22,Completed,Financing,5.0
2801,2084,2369,6,156,2025-02-23,Completed,Cash,3.0
2802,2845,835,5,68,2023-11-26,Completed,Cash,
2803,363,416,3,141,2024-12-08,Cancelled,,
2804,744,1738,3,132,2023-01-11,Cancelled,,
2805,1412,183,11,148,2024-07-12,Completed,Financing,3.0
2806,644,509,5,92,2023-08-01,Completed,Financing,
2807,2304,2725,2,123,2024-05-10,Cancelled,,
2808,710,2930,3,107,2025-04-02,In Progress,Debit Card,
2809,625,704,7,82,2024-09-12,Completed,Debit Card,2.0
2810,2141,1169,6,102,03/09/2024,Completed,Cash,
2811,1885,108,9,162,2023-06-21,Completed,Cash,5.0
2812,360,2865,12,87,2025-03-30,Completed,Debit Card,4.0
2813,2630,2061,3,141,2023-02-09,Completed,Credit Card,
2814,2438,1257,7,67,2025-03-09,Completed,Financing,
2815,2489,3295,8,156,2023-01-04,Completed,Insurance,1.0
2816,1815,2488,7,26,2024-05-20,Completed,Cash,1.0
2817,2394,1922,6,113,2024-03-12,Completed,Cash,2.0
2818,1978,2044,10,100,2025-08-28,Completed,Debit Card,4.0
2819,1671,1416,9,95,2025-08-01,Completed,Credit Card,1.0
2820,2922,2805,2,59,2024-10-24,Completed,Debit Card,2.0
2821,1507,1379,7,65,2025-05-01,Completed,Credit Card,
2822,1824,967,2,153,2023-07-25,Completed,Debit Card,5.0
2823,2663,3075,12,106,2024-09-08,Completed,Debit Card,
2824,2807,1240,4,158,2023-02-06,Completed,Debit Card,3.0
2825,946,2833,10,92,2023-08-29,Completed,Cash,
2826,609,3358,12,23,2025-02-15,Completed,Cash,2.0
2827,1051,1347,2,48,2024-09-09,Completed,Debit Card,
2828,2033,1332,11,131,2024-03-19,Cancelled,,
2829,685,2971,3,146,2025-07-04,Cancelled,,
2830,2032,1048,10,113,2025-04-12,Completed,Financing,
2831,587,2627,4,172,2024-12-10,Completed,Credit Card,4.0
2832,1900,1206,1,37,2025-06-06,Completed,Credit Card,
2833,2264,168,3,118,2024-09-23,Completed,Credit Card,4.0
2834,786,1369,1,37,2023-08-08,Completed,Credit Card,3.0
2835,195,2340,2,5,2024-06-01,Completed,Debit Card,5.0
2836,1998,2575,7,106,2024-02-16,Cancelled,,
2837,2533,685,8,48,2023-11-09,Cancelled,,
2838,1688,1664,5,52,2024-10-03,In Progress,Insurance,
2839,323,2088,11,111,2025-09-12,Completed,Cash,2.0
2840,1715,1583,10,50,11/18/2025,Completed,Credit Card,2.0
2841,1336,904,3,144,2025-09-26,Completed,Financing,1.0
2842,1702,3400,8,107,2023-01-03,Completed,Insurance,
2843,1532,2322,7,155,2023-05-25,Completed,Credit Card,3.0
2844,1012,490,5,32,2025-07-30,Completed,Credit Card,5.0
2845,367,1160,10,39,2024-10-30,In Progress,Insurance,
2846,1220,2112,3,118,2023-11-19,In Progress,Insurance,
2847,258,294,5,145,2023-06-23,Cancelled,,
2848,643,1567,2,159,2025-01-24,Completed,Debit Card,4.0
2849,1216,2162,10,130,2023-04-05,In Progress,Credit Card,
2850,392,1735,10,57,2023-01-31,Completed,Insurance,1.0
2851,772,321,3,55,2023-04-11,Completed,Debit Card,5.0
2852,541,2562,6,25,2024-11-07,Cancelled,,
2853,1049,571,10,10,2023-11-12,In Progress,Debit Card,
2854,2497,807,1,142,2024-02-24,Completed,Debit Card,5.0
2855,559,2768,6,31,2023-05-19,Completed,Financing,4.0
2856,2312,3258,4,113,2025-07-26,Completed,Insurance,4.0
2857,893,2186,3,163,2024-05-18,Completed,Cash,
2858,2971,2430,7,78,2025-04-15,Completed,Cash,4.0
2859,2584,1388,8,104,2024-07-08,Completed,Credit Card,1.0
2860,2643,1268,11,158,2024-09-03,Cancelled,,
2861,2268,2407,9,45,2025-06-18,Completed,Financing,
2862,1786,854,1,61,2023-01-10,Completed,Debit Card,3.0
2863,2562,345,10,20,2023-08-26,Cancelled,,
2864,2965,2593,8,50,2025-04-20,Completed,Cash,4.0
2865,2943,3085,5,73,2024-11-26,Completed,Debit Card,5.0
2866,817,681,10,134,2023-01-13,Completed,Cash,1.0
2867,1268,3262,7,152,2023-06-27,Cancelled,,
2868,349,2802,7,15,2024-01-02,Completed,Financing,1.0
2869,1244,2682,11,62,2025-05-26,Completed,Debit Card,3.0
2870,2054,1978,12,63,2024-08-25,Completed,Debit Card,
2871,680,2988,6,84,2024-07-02,Completed,Financing,
2872,2604,1434,2,127,2025-06-02,Completed,Credit Card,3.0
2873,2811,2927,7,71,2025-04-20,Cancelled,,
2874,2664,436,4,159,2023-12-16,Cancelled,,
2875,2655,412,1,167,2023-12-31,Cancelled,,
2876,190,1387,9,26,2024-11-29,Cancelled,,
2877,2804,2154,2,14,2023-09-05,Cancelled,,
2878,2103,1573,1,95,2023-09-27,Completed,Cash,5.0
2879,621,1627,9,4,2023-11-30,Completed,Cash,5.0
2880,1754,466,3,59,2024-05-11,Completed,Insurance,4.0
2881,1544,1619,1,102,2023-10-20,Completed,Debit Card,5.0
2882,1519,2278,5,176,2025-08-17,Completed,Credit Card,5.0
2883,2629,815,9,172,2024-04-15,Completed,Credit Card,
2884,561,364,1,1,2024-06-07,Completed,Financing,
2885,1982,2119,3,21,2023-07-13,Completed,Financing,
2886,337,2577,2,6,2024-09-08,Cancelled,,
2887,2305,1211,5,137,2025-02-20,Completed,Cash,
2888,1249,1343,10,149,2025-04-25,Completed,Credit Card,1.0
2889,1957,2420,8,156,2025-05-09,Completed,Cash,1.0
2890,1890,1059,2,23,2025-01-15,Completed,Credit Card,
2891,1498,1816,7,2,2025-03-10,Completed,Credit Card,4.0
2892,1838,2279,12,80,2024-07-02,In Progress,Financing,
2893,1857,2763,3,134,2023-03-05,In Progress,Financing,
2894,2643,1268,9,137,2023-05-26,Completed,Insurance,2.0
2895,1831,3198,5,15,2024-06-05,In Progress,Insurance,
2896,1589,583,5,44,2025-10-17,Cancelled,,
2897,2126,912,10,167,2025-04-19,In Progress,Debit Card,
2898,1514,105,12,170,2023-06-02,Completed,Financing,3.0
2899,1439,449,8,18,2023-11-19,In Progress,Credit Card,
2900,2491,257,8,100,2023-04-25,Cancelled,,
2901,2936,3375,9,113,2025-02-08,Completed,Financing,5.0
2902,2773,2360,4,65,2024-12-09,Completed,Credit Card,3.0
2903,1045,1972,1,23,2025-01-19,Cancelled,,
2904,2290,3294,3,89,2025-05-03,Completed,Cash,
2905,1389,1755,6,118,2025-03-20,Completed,Insurance,1.0
2906,2343,341,2,127,10/15/2023,Completed,Financing,1.0
2907,906,2837,6,50,2025-12-14,Cancelled,,
2908,214,2334,7,48,2025-10-01,Completed,Insurance,
2909,2790,2956,6,108,2023-10-09,Completed,Credit Card,2.0
2910,735,769,6,138,2025-11-17,Completed,Financing,5.0
2911,536,1766,11,49,2025-11-23,Cancelled,,
2912,2846,3356,5,38,2024-02-23,Completed,Financing,4.0
2913,1959,2213,6,32,2024-03-20,Completed,Credit Card,
2914,564,985,4,4,2024-03-20,Completed,Credit Card,
2915,1766,3332,7,169,2024-12-06,Completed,Credit Card,
2916,2863,1246,1,1,2024-11-25,Completed,Cash,4.0
2917,173,153,11,157,2023-04-06,Completed,Insurance,5.0
2918,462,29,5,155,2025-03-11,Completed,Financing,1.0
2919,452,2115,4,69,2025-12-04,Completed,Financing,
2920,1420,546,7,180,2025-04-29,Completed,Insurance,4.0
2921,1958,273,8,154,2025-07-26,Completed,Financing,2.0
2922,341,2822,7,70,2023-07-23,Completed,Financing,5.0
2923,1968,2230,12,68,2023-06-30,Cancelled,,
2924,579,567,5,114,2024-11-02,Cancelled,,
2925,201,1935,1,137,2025-01-10,Completed,Insurance,
2926,1555,1385,1,68,2024-10-21,Completed,Financing,
2927,516,3043,12,99,2025-12-27,Completed,Financing,1.0
2928,363,416,4,52,2023-08-20,In Progress,Credit Card,
2929,406,1796,5,44,2023-06-15,Completed,Debit Card,
2930,1634,2554,11,45,2024-09-26,Completed,Credit Card,3.0
2931,2711,69,5,122,2025-03-10,Completed,Debit Card,4.0
2932,1187,3083,3,42,2024-03-17,Completed,Debit Card,
2933,931,2055,11,82,2023-01-24,Completed,Cash,5.0
2934,1945,1161,4,11,2024-01-01,In Progress,Financing,
2935,1112,1319,5,27,2025-03-03,Completed,Debit Card,
2936,201,1935,10,20,2023-01-07,Completed,Financing,5.0
2937,2211,3272,5,18,2025-03-23,Completed,Financing,1.0
2938,1790,380,1,90,2024-03-17,Cancelled,,
2939,1778,668,6,35,2025-09-15,Cancelled,,
2940,381,2975,11,7,2023-03-10,Completed,Financing,3.0
2941,872,1531,1,66,2023-02-19,Cancelled,,
2942,2744,302,6,98,2025-05-23,In Progress,Credit Card,
2943,2529,1534,12,128,2025-07-08,In Progress,Debit Card,
2944,974,3285,3,116,2023-02-14,Completed,Financing,
2945,356,2300,4,118,2023-02-14,Completed,Debit Card,4.0
2946,2643,2878,12,171,2023-03-01,In Progress,Credit Card,
2947,2425,2752,4,72,2023-11-09,In Progress,Financing,
2948,1355,792,3,124,2024-04-10,Completed,Insurance,5.0
2949,566,1110,7,84,2025-03-05,In Progress,Debit Card,
2950,2087,1136,2,40,2024-08-24,Completed,Financing,5.0
2951,1047,2983,1,122,2025-09-23,Completed,Cash,3.0
2952,594,2170,6,101,2025-06-18,Completed,Cash,
2953,2654,2849,10,115,2024-01-03,Completed,Cash,2.0
2954,1721,2673,10,89,2025-01-13,Completed,Financing,2.0
2955,811,1337,2,124,2023-06-27,Completed,Debit Card,
2956,2036,2569,2,123,2024-07-14,Completed,Insurance,
2957,854,1670,4,20,2025-07-01,Completed,Credit Card,
2958,531,2146,9,46,2025-06-17,In Progress,Financing,
2959,261,1713,1,130,2025-04-19,Cancelled,,
2960,2421,2744,7,73,2025-06-16,Cancelled,,
2961,6,716,1,8,2024-11-07,Cancelled,,
2962,1081,3447,6,76,2025-08-21,Completed,Debit Card,4.0
2963,839,858,5,137,2025-04-13,Completed,Cash,3.0
2964,2168,954,2,19,2023-09-29,Completed,Debit Card,2.0
2965,1998,2575,10,124,2025-10-24,Completed,Financing,4.0
2966,178,2708,9,28,2025-05-24,Completed,Cash,4.0
2967,1698,3309,1,90,2023-07-29,Completed,Financing,1.0
2968,2348,439,12,43,2024-11-16,Completed,Cash,
2969,518,548,5,96,2025-03-01,In Progress,Financing,
2970,193,1480,12,51,2025-09-22,Completed,Credit Card,2.0
2971,621,572,1,119,2024-01-04,Completed,Credit Card,
2972,2678,331,9,22,2023-04-13,Completed,Financing,1.0
2973,2644,2949,9,176,2024-06-04,Completed,Cash,4.0
2974,2396,1011,5,47,2024-03-19,Completed,Financing,
2975,2410,522,11,163,2023-05-16,Completed,Insurance,3.0
2976,1793,2555,9,132,2024-05-24,Completed,Financing,
2977,1646,2460,9,148,2025-10-15,Completed,Insurance,5.0
2978,2873,1118,6,28,2025-05-24,Completed,Debit Card,2.0
2979,103,1063,5,135,2025-03-14,In Progress,Financing,
2980,645,2220,10,98,2023-03-01,Completed,Credit Card,4.0
2981,739,2149,4,38,2023-04-22,Cancelled,,
2982,1792,1744,5,85,2025-04-10,Cancelled,,
2983,2558,2179,10,69,2025-10-20,Completed,Cash,2.0
2984,475,337,3,36,2025-12-21,Cancelled,,
2985,713,176,10,150,2023-12-20,Completed,Financing,5.0
2986,720,2113,2,10,2023-06-13,Completed,Credit Card,
2987,1321,395,3,54,2025-11-05,Completed,Cash,
2988,2948,1191,2,43,2025-03-05,Cancelled,,
2989,2912,2002,1,116,2023-01-03,Cancelled,,
2990,2634,1523,2,53,2023-04-21,Cancelled,,
2991,2741,2972,7,74,2023-02-24,Completed,Insurance,3.0
2992,456,983,3,66,2025-05-22,Completed,Cash,2.0
2993,2374,318,1,60,2024-03-03,Completed,Cash,2.0
2994,6,1830,12,124,2025-06-09,In Progress,Cash,
2995,1339,2245,6,109,2023-12-23,Completed,Cash,5.0
2996,43,2510,7,53,2023-11-01,Completed,Debit Card,1.0
2997,533,612,6,129,2025-01-18,In Progress,Debit Card,
2998,116,3013,10,6,2023-12-11,Cancelled,,
2999,1012,490,5,85,2023-08-16,Completed,Insurance,1.0
3000,725,1873,8,77,2024-01-17,In Progress,Cash,
3001,437,1231,12,155,2025-08-18,Completed,Credit Card,
3002,2562,3440,2,178,2025-02-04,Cancelled,,
3003,132,3279,9,173,2025-09-23,Completed,Cash,
3004,2489,3295,5,110,2024-10-11,Completed,Financing,4.0
3005,2179,2165,5,26,2025-01-30,Completed,Financing,
3006,680,1419,9,122,2024-12-07,Completed,Debit Card,4.0
3007,2604,1434,1,19,2024-01-19,Completed,Insurance,
3008,1989,453,12,141,2023-01-14,Completed,Debit Card,5.0
3009,1578,3448,9,112,2023-03-05,Completed,Cash,4.0
3010,718,172,7,159,10/02/2024,Completed,Credit Card,4.0
3011,315,2716,11,170,2024-07-01,Completed,Debit Card,
3012,2318,588,4,45,2024-11-13,Cancelled,,
3013,2039,317,2,176,2025-11-07,Completed,Credit Card,
3014,898,574,3,92,2023-09-19,In Progress,Debit Card,
3015,2623,175,9,92,2024-04-26,Completed,Credit Card,5.0
3016,2125,125,5,115,2025-05-19,Completed,Credit Card,3.0
3017,2019,1926,9,120,2024-01-07,Completed,Financing,1.0
3018,2814,3150,2,12,2025-09-24,Completed,Insurance,
3019,217,3016,7,129,2025-11-20,Completed,Insurance,2.0
3020,849,1905,4,62,2023-09-06,Completed,Cash,
3021,162,2821,5,52,2024-11-27,Completed,Insurance,1.0
3022,1049,2830,12,71,2024-12-16,Completed,Insurance,3.0
3023,2036,3187,11,77,2024-10-04,Completed,Insurance,4.0
3024,1141,3168,11,31,2024-06-04,Completed,Financing,
3025,32,72,1,29,2023-01-28,In Progress,Insurance,
3026,1695,1078,4,126,2025-07-05,Completed,Credit Card,2.0
3027,582,2080,3,38,2024-01-26,In Progress,Financing,
3028,2793,2826,4,43,2024-04-02,Completed,Debit Card,2.0
3029,2605,2952,4,30,2024-07-04,Completed,Credit Card,4.0
3030,1721,1512,8,112,2025-05-13,In Progress,Credit Card,
3031,2485,147,1,32,2024-12-20,Completed,Insurance,
3032,1033,2998,5,62,2025-10-20,Completed,Debit Card,5.0
3033,1186,2723,10,33,2023-06-24,Completed,Financing,4.0
3034,612,923,2,89,2024-10-17,In Progress,Financing,
3035,207,196,11,95,2023-02-08,Completed,Cash,1.0
3036,1209,2825,4,58,2023-08-13,Completed,Financing,
3037,113,789,8,138,2023-04-22,Completed,Cash,3.0
3038,803,68,2,23,2024-02-10,Completed,Cash,3.0
3039,240,448,9,58,2024-09-24,Completed,Insurance,3.0
3040,1884,1858,1,115,2023-05-15,Completed,Insurance,1.0
3041,1857,194,7,12,2025-01-10,Completed,Financing,2.0
3042,2087,1938,10,10,2024-04-22,Completed,Insurance,
3043,72,2655,8,154,2025-08-16,Completed,Financing,4.0
3044,2707,2848,1,112,2024-09-07,Completed,Insurance,
3045,1404,1473,7,26,2025-04-05,In Progress,Financing,
3046,2526,766,9,5,2023-09-23,In Progress,Cash,
3047,1489,2059,7,144,2024-09-15,Completed,Credit Card,3.0
3048,41,915,4,68,2025-02-11,Completed,Debit Card,5.0
3049,929,1672,10,104,2023-07-13,Completed,Insurance,
3050,1133,1617,9,82,2025-06-03,Completed,Financing,3.0
3051,16,2735,11,107,2023-12-14,Completed,Financing,5.0
3052,1245,2722,3,136,2024-11-23,Cancelled,,
3053,2034,224,1,90,2024-02-10,Cancelled,,
3054,2326,2720,12,161,2025-07-31,Completed,Debit Card,
3055,271,1188,10,11,2023-07-18,Cancelled,,
3056,2152,1426,4,140,2024-08-17,In Progress,Credit Card,
3057,2710,2491,3,42,2025-06-21,Cancelled,,
3058,199,3319,8,74,2025-11-02,Cancelled,,
3059,1678,2388,11,129,2024-01-20,Completed,Financing,
3060,1241,2713,8,126,2023-06-26,In Progress,Credit Card,
3061,2684,489,1,45,2024-04-07,Completed,Insurance,4.0
3062,1450,271,8,67,2024-09-28,Completed,Financing,
3063,932,1115,11,16,2025-12-18,Completed,Credit Card,1.0
3064,539,933,4,176,2023-05-01,In Progress,Credit Card,
3065,2998,1132,9,3,2023-02-07,Completed,Debit Card,5.0
3066,1242,663,2,143,2024-12-28,Completed,Credit Card,4.0
3067,1385,3146,8,64,2023-10-29,Completed,Insurance,3.0
3068,875,1546,2,80,2025-11-26,Cancelled,,
3069,506,2349,2,163,2025-02-03,In Progress,Debit Card,
3070,2036,846,7,114,2024-11-03,Completed,Credit Card,5.0
3071,2160,428,5,177,2025-11-21,Completed,Debit Card,5.0
3072,1331,3088,1,58,2025-11-12,Cancelled,,
3073,571,538,12,32,2025-02-08,Completed,Financing,5.0
3074,1551,1551,9,104,2023-05-25,Completed,Financing,4.0
3075,483,2989,10,118,2023-11-20,Cancelled,,
3076,2295,2761,1,109,2025-10-25,Cancelled,,
3077,2329,1544,6,76,2025-07-22,In Progress,Insurance,
3078,2998,1521,10,82,2025-07-10,Completed,Insurance,4.0
3079,2251,877,12,119,2025-11-04,Completed,Insurance,2.0
3080,992,2686,12,61,2024-05-23,Cancelled,,
3081,734,918,10,73,2024-05-04,Completed,Debit Card,5.0
3082,1832,2049,7,115,2024-11-22,Completed,Financing,3.0
3083,387,1072,7,93,2023-01-07,Cancelled,,
3084,2979,1884,4,56,10/05/2023,Completed,Cash,4.0
3085,874,2788,9,131,2023-12-09,Cancelled,,
3086,685,62,3,89,2023-11-17,Completed,Insurance,2.0
3087,740,226,9,128,2025-12-06,Completed,Credit Card,5.0
3088,1165,2973,2,49,2023-01-21,Completed,Credit Card,
3089,209,1156,4,21,2024-09-19,Completed,Insurance,
3090,328,1861,1,102,2024-08-07,Completed,Credit Card,2.0
3091,2620,1201,10,150,2025-12-18,Completed,Cash,
3092,872,1531,12,65,2023-04-07,In Progress,Debit Card,
3093,1746,2586,12,46,2025-03-13,In Progress,Financing,
3094,306,2486,7,127,2023-12-02,Completed,Debit Card,
3095,1898,414,6,16,2025-03-26,Completed,Financing,
3096,2510,1906,2,69,2025-08-09,Completed,Financing,5.0
3097,2930,651,12,21,2023-04-03,Completed,Financing,1.0
3098,897,614,3,143,2023-06-11,Completed,Insurance,
3099,2619,144,4,163,2024-10-01,Completed,Debit Card,
3100,1947,1977,12,72,2024-06-09,In Progress,Cash,
3101,532,1492,5,47,2024-11-02,Completed,Debit Card,3.0
3102,532,1492,10,78,2023-06-03,Completed,Credit Card,
3103,1843,1683,7,51,2024-02-01,Completed,Debit Card,3.0
3104,860,2085,7,115,2024-11-12,Completed,Cash,
3105,2676,735,6,146,2023-01-03,Completed,Cash,
3106,459,1064,8,167,2023-02-10,Cancelled,,
3107,1706,1750,11,161,2025-09-09,Completed,Debit Card,
3108,665,1266,6,71,2023-11-03,Completed,Insurance,
3109,2801,2392,2,7,2024-10-09,Completed,Cash,
3110,2289,1439,12,71,2023-06-05,In Progress,Insurance,
3111,706,855,10,66,2023-11-11,Completed,Insurance,2.0
3112,945,594,8,77,2023-06-25,Completed,Financing,
3113,1631,709,7,61,2024-07-27,In Progress,Cash,
3114,2102,3098,8,144,2023-02-22,Cancelled,,
3115,2548,3281,3,156,2023-02-05,Completed,Insurance,2.0
3116,2071,2321,11,101,2023-11-07,Completed,Financing,2.0
3117,1826,2263,7,31,2025-01-09,Completed,Financing,
3118,2620,1201,10,55,08/10/2023,Completed,Credit Card,2.0
3119,1080,3106,9,168,2023-08-19,Completed,Cash,4.0
3120,2344,2023,10,103,2023-07-02,Completed,Financing,4.0
3121,1429,2541,2,157,2023-07-14,Completed,Debit Card,
3122,2382,2881,6,54,2023-09-09,Completed,Credit Card,2.0
3123,1968,1443,7,140,2023-12-10,Cancelled,,
3124,110,2948,3,179,2024-09-29,In Progress,Credit Card,
3125,743,3160,5,27,2023-02-27,Completed,Insurance,1.0
3126,1238,3097,7,157,2023-12-06,Completed,Credit Card,2.0
3127,2461,1189,5,25,2025-03-01,Completed,Insurance,
3128,2016,2000,1,165,2024-03-10,Completed,Insurance,2.0
3129,218,2936,3,36,2024-03-21,In Progress,Insurance,
3130,214,820,8,21,2024-03-15,Completed,Cash,
3131,1210,1403,3,139,2025-12-03,Cancelled,,
3132,883,1423,10,120,2023-01-16,Completed,Credit Card,3.0
3133,395,880,5,89,2024-07-04,Completed,Cash,1.0
3134,1665,1584,12,90,2024-10-20,Completed,Financing,
3135,7,526,5,170,2024-09-04,In Progress,Debit Card,
3136,314,1138,12,151,2025-02-05,Completed,Credit Card,5.0
3137,2628,1842,8,68,2024-10-13,In Progress,Financing,
3138,2506,3213,2,8,2024-10-21,Cancelled,,
3139,392,1735,3,1,2024-12-10,Cancelled,,
3140,642,1757,3,50,2024-01-19,Completed,Insurance,1.0
3141,310,1062,10,122,2024-08-07,Completed,Financing,
3142,653,530,7,133,2023-08-28,Completed,Debit Card,
3143,106,3079,7,144,2023-10-01,Cancelled,,
3144,1407,2084,3,165,2023-02-13,Cancelled,,
3145,1369,18,10,47,2025-10-24,Completed,Credit Card,2.0
3146,6,1460,3,152,2023-08-24,Completed,Debit Card,
3147,1671,1416,11,21,2024-06-14,Completed,Debit Card,5.0
3148,1768,536,10,23,2023-01-24,Completed,Debit Card,
3149,2429,2449,9,119,2023-10-06,In Progress,Financing,
3150,1082,3393,9,157,2025-12-12,Completed,Cash,2.0
3151,391,1767,1,44,2024-04-20,Completed,Financing,
3152,1786,2658,8,4,2025-08-27,Completed,Financing,
3153,679,434,6,139,2023-04-11,In Progress,Cash,
3154,1056,1562,1,144,2025-11-02,Completed,Cash,2.0
3155,1121,2764,1,92,2024-10-30,Completed,Debit Card,
3156,611,2090,7,6,2025-02-23,In Progress,Financing,
3157,1548,2553,12,75,2025-07-24,In Progress,Credit Card,
3158,105,422,8,150,2023-08-14,Completed,Debit Card,5.0
3159,2605,2952,8,179,2024-05-23,Completed,Credit Card,2.0
3160,2173,1295,10,134,2025-05-22,Completed,Cash,2.0
3161,2179,2312,11,170,2025-06-23,Completed,Insurance,
3162,494,1279,11,146,2024-01-13,Cancelled,,
3163,2157,1392,11,21,2024-10-25,Cancelled,,
3164,104,1238,8,120,2025-10-14,Completed,Financing,1.0
3165,1664,952,6,58,2024-01-22,Completed,Financing,
3166,1738,2563,8,3,2024-01-03,Completed,Credit Card,5.0
3167,2790,2956,9,29,2025-06-07,Completed,Cash,5.0
3168,1589,1910,1,88,2025-02-07,Completed,Credit Card,
3169,1824,2855,9,87,2025-10-21,Completed,Financing,1.0
3170,371,2556,3,149,2025-03-02,Completed,Insurance,
3171,2104,1614,11,141,2025-03-09,Completed,Debit Card,
3172,1212,3232,8,1,2024-06-24,Completed,Financing,1.0
3173,1134,3383,2,64,2023-01-10,In Progress,Debit Card,
3174,1747,1122,5,89,2024-04-26,Completed,Financing,3.0
3175,612,329,11,169,2025-11-18,Completed,Financing,3.0
3176,1515,1335,2,89,2025-07-10,Completed,Debit Card,5.0
3177,906,3238,1,155,2024-03-13,Completed,Financing,2.0
3178,337,118,5,12,2024-07-12,Completed,Credit Card,
3179,1104,24,7,139,2024-10-29,Completed,Financing,2.0
3180,2632,781,2,44,2025-03-25,Completed,Insurance,
3181,764,3123,12,115,2024-05-01,Cancelled,,
3182,951,1380,10,111,2023-02-25,Completed,Financing,
3183,718,1539,8,27,2023-08-14,Completed,Insurance,1.0
3184,2562,3296,6,7,2023-11-29,Cancelled,,
3185,870,1345,4,70,2025-10-18,Completed,Cash,2.0
3186,577,2433,4,112,2023-06-24,Completed,Cash,
3187,1859,2314,4,131,2024-06-07,In Progress,Debit Card,
3188,2814,3150,7,32,11/25/2025,Completed,Financing,2.0
3189,405,721,1,11,2023-06-15,Completed,Debit Card,
3190,2361,2571,9,109,2023-09-05,Completed,Debit Card,
3191,2671,2176,9,160,2023-08-22,Completed,Debit Card,4.0
3192,1741,1715,2,140,2025-01-12,In Progress,Financing,
3193,60,1090,5,120,2023-09-17,Completed,Credit Card,
3194,2833,2698,3,106,2024-12-07,Completed,Credit Card,
3195,206,1052,5,113,2024-12-17,Completed,Cash,
3196,860,1602,2,158,06/04/2024,Completed,Credit Card,3.0
3197,2974,115,12,166,2023-02-13,Completed,Financing,3.0
3198,1900,593,2,142,2025-05-12,Completed,Financing,2.0
3199,306,3253,10,104,2023-04-09,Completed,Insurance,2.0
3200,206,1052,11,62,2024-09-01,Completed,Cash,5.0
3201,2344,2023,1,89,2025-04-08,In Progress,Credit Card,
3202,745,420,3,15,2024-07-22,Completed,Insurance,4.0
3203,1188,917,6,160,2023-03-29,Cancelled,,
3204,1465,2096,1,38,2023-07-30,Completed,Insurance,2.0
3205,1815,2488,11,108,04/13/2024,Completed,Insurance,4.0
3206,1438,711,7,18,2024-12-04,Completed,Debit Card,
3207,2326,1781,2,67,2024-01-24,Completed,Insurance,1.0
3208,475,337,11,166,2023-09-20,Completed,Debit Card,1.0
3209,1129,212,3,176,2024-10-26,In Progress,Cash,
3210,1702,3400,12,80,03/28/2025,Completed,Insurance,
3211,2919,3159,12,29,2025-02-01,Completed,Cash,5.0
3212,2934,901,6,143,2025-04-29,Completed,Cash,
3213,116,437,9,61,2024-06-13,Completed,Cash,1.0
3214,2090,1412,3,134,2025-04-29,Completed,Credit Card,2.0
3215,2810,2661,10,54,2024-03-04,Cancelled,,
3216,2283,660,2,142,2025-06-07,Cancelled,,
3217,83,2104,1,132,2025-08-13,Completed,Credit Card,3.0
3218,2527,1378,8,173,2024-06-22,In Progress,Debit Card,
3219,315,3299,6,140,2023-07-25,Completed,Debit Card,
3220,1369,2669,2,19,2025-08-18,Completed,Cash,
3221,2895,2857,12,122,2024-12-01,Completed,Insurance,4.0
3222,1696,617,6,27,2024-02-17,Completed,Credit Card,1.0
3223,676,935,5,123,2025-01-21,Cancelled,,
3224,2100,501,11,89,2025-06-29,Completed,Financing,2.0
3225,173,853,1,48,2023-04-07,In Progress,Debit Card,
3226,2270,529,4,99,2025-07-10,Completed,Debit Card,2.0
3227,538,3015,12,154,2024-12-29,In Progress,Insurance,
3228,1934,2568,12,17,2023-11-24,In Progress,Debit Card,
3229,1276,2514,3,3,2025-06-24,Cancelled,,
3230,1352,2522,11,108,2024-03-10,Cancelled,,
3231,805,1758,11,163,2024-06-09,Completed,Credit Card,1.0
3232,512,2043,12,20,2024-05-17,Completed,Credit Card,
3233,120,2790,5,85,2025-03-14,Completed,Credit Card,
3234,1717,1395,7,103,2025-05-05,Completed,Credit Card,
3235,1345,2246,10,176,2025-01-03,Completed,Debit Card,5.0
3236,923,943,10,3,2024-01-10,Cancelled,,
3237,2982,3233,4,136,2024-01-07,Completed,Credit Card,4.0
3238,171,2452,12,122,2025-06-11,Completed,Cash,
3239,1252,2343,6,26,2023-12-03,Completed,Debit Card,2.0
3240,442,2688,5,67,2024-12-02,Cancelled,,
3241,2718,2384,12,104,2023-05-15,In Progress,Financing,
3242,918,1087,11,31,2025-08-11,Completed,Debit Card,
3243,2407,2634,12,163,2024-06-29,Cancelled,,
3244,910,1187,5,171,2025-07-18,Cancelled,,
3245,2464,2195,5,171,2025-12-11,Completed,Financing,3.0
3246,425,1234,6,46,2023-06-14,Cancelled,,
3247,2578,1508,8,151,2023-10-15,Completed,Debit Card,1.0
3248,1494,1965,2,149,2024-03-25,Completed,Debit Card,2.0
3249,1427,1806,7,30,2024-07-30,Completed,Debit Card,
3250,545,2463,6,164,2024-10-22,Completed,Cash,1.0
3251,1,3425,4,3,2025-06-23,Completed,Insurance,2.0
3252,1561,247,10,62,2025-08-01,Completed,Financing,3.0
3253,2589,1640,9,123,2025-03-20,Completed,Debit Card,5.0
3254,1403,358,11,41,2024-01-25,Completed,Financing,5.0
3255,1421,3443,12,83,03/07/2024,In Progress,Debit Card,
3256,827,2550,9,83,2024-09-13,Completed,Cash,
3257,917,2087,2,23,2024-12-09,Completed,Debit Card,5.0
3258,1668,1367,7,121,2025-04-13,Completed,Insurance,4.0
3259,2093,2931,3,130,2024-09-26,Completed,Cash,
3260,2624,1486,7,69,2024-12-19,Completed,Insurance,
3261,1989,2664,1,99,2023-05-23,Completed,Debit Card,3.0
3262,355,1329,5,23,2024-11-14,Cancelled,,
3263,1589,583,3,176,2023-05-31,In Progress,Financing,
3264,1767,1217,9,33,2023-07-25,Completed,Cash,2.0
3265,298,230,9,60,2025-12-01,Completed,Financing,2.0
3266,701,621,12,80,2023-03-23,Completed,Insurance,5.0
3267,2890,1797,1,52,2025-04-07,In Progress,Debit Card,
3268,229,2264,3,115,2025-02-13,Cancelled,,
3269,2479,2801,1,170,2023-01-15,Completed,Debit Card,
3270,1199,1203,10,171,2025-04-18,Completed,Cash,1.0
3271,1492,579,2,49,2024-03-21,Completed,Debit Card,
3272,1946,1035,11,67,2024-02-11,Completed,Financing,
3273,1659,253,7,112,2025-08-31,Completed,Credit Card,
3274,2516,354,5,31,2025-11-20,Completed,Cash,3.0
3275,2835,3091,12,89,2025-10-08,Completed,Debit Card,
3276,626,1625,12,91,2024-10-26,In Progress,Debit Card,
3277,1700,1588,10,4,2024-08-06,Cancelled,,
3278,2753,2142,4,41,2025-03-13,Completed,Financing,5.0
3279,1557,2362,4,137,2023-11-03,Cancelled,,
3280,851,2290,12,130,2025-04-12,In Progress,Credit Card,
3281,1513,402,1,88,2025-03-30,Completed,Debit Card,3.0
3282,1735,1277,12,45,2024-02-05,Completed,Insurance,
3283,2315,1043,2,60,2025-06-04,Cancelled,,
3284,1701,74,8,67,2023-11-28,Completed,Credit Card,
3285,1287,2699,11,167,2024-12-16,Completed,Credit Card,4.0
3286,357,2336,10,114,2024-04-09,Completed,Financing,1.0
3287,1857,194,5,26,2025-11-06,Completed,Financing,
3288,2704,1470,5,76,2023-12-16,In Progress,Insurance,
3289,2753,2142,5,79,2023-04-01,Completed,Credit Card,
3290,2770,2785,9,148,2025-11-27,Completed,Credit Card,
3291,634,1641,10,30,2023-11-25,Completed,Debit Card,5.0
3292,524,139,11,135,2023-05-10,Completed,Credit Card,
3293,2646,1957,7,160,2024-04-27,Completed,Financing,
3294,2563,3173,11,81,2023-07-24,Completed,Financing,
3295,2710,2054,5,98,2023-10-11,Completed,Insurance,
3296,2878,1776,6,72,2024-05-10,Cancelled,,
3297,487,3011,7,108,2025-06-21,Completed,Insurance,
3298,2894,1215,4,30,2025-03-24,Completed,Insurance,3.0
3299,1797,2408,6,127,2023-10-11,Completed,Financing,4.0
3300,2332,2244,3,64,2024-10-06,Completed,Debit Card,
3301,2524,360,1,7,2023-09-09,In Progress,Financing,
3302,1006,2144,4,147,2023-08-29,Cancelled,,
3303,1843,277,5,23,2023-06-06,Completed,Credit Card,4.0
3304,2055,3327,5,144,2025-08-15,Completed,Cash,5.0
3305,374,1787,2,49,2024-07-15,In Progress,Credit Card,
3306,1748,763,12,83,2023-05-19,Completed,Financing,
3307,881,3194,8,7,2023-01-18,Completed,Credit Card,4.0
3308,1672,2120,11,50,2025-01-13,Completed,Cash,
3309,1438,1125,3,16,2024-09-26,Cancelled,,
3310,1709,1582,10,170,2023-08-10,Completed,Insurance,2.0
3311,94,7,8,39,2023-12-23,Completed,Debit Card,5.0
3312,72,2655,8,106,2023-02-22,Completed,Debit Card,
3313,2807,1240,12,150,2024-07-20,Completed,Cash,1.0
3314,2989,2249,3,132,2023-02-11,Cancelled,,
3315,914,1320,7,36,2025-10-24,Completed,Cash,
3316,2347,630,8,178,2025-11-25,Completed,Insurance,3.0
3317,480,2532,5,174,2023-08-11,Cancelled,,
3318,1698,3309,8,117,2023-04-24,Completed,Cash,
3319,2292,2010,11,164,12/08/2023,Completed,Insurance,
3320,2547,2212,3,38,05/25/2024,Cancelled,,
3321,1058,2798,1,45,2023-01-29,Cancelled,,
3322,507,2197,1,142,2025-05-12,Completed,Cash,3.0
3323,533,830,1,44,2023-10-29,Completed,Financing,4.0
3324,1634,2554,1,82,2024-02-24,Cancelled,,
3325,2846,3356,4,39,2023-12-24,Cancelled,,
3326,574,2028,3,36,2024-04-06,Completed,Insurance,5.0
3327,86,878,9,171,2025-12-11,In Progress,Financing,
3328,2202,2393,11,172,2024-07-09,Completed,Debit Card,
3329,790,785,3,78,2023-12-28,Completed,Insurance,
3330,2606,2391,10,131,2025-06-29,Completed,Financing,2.0
3331,193,455,4,178,2024-04-09,Completed,Debit Card,
3332,26,1065,6,66,2025-01-01,Cancelled,,
3333,2331,633,8,68,2023-02-27,Cancelled,,
3334,2643,2501,11,66,2025-10-05,Cancelled,,
3335,1434,718,11,116,2024-12-03,Completed,Debit Card,5.0
3336,71,3301,6,113,2023-04-17,Completed,Debit Card,
3337,1556,207,1,166,2025-03-30,Completed,Debit Card,
3338,2190,1863,8,171,2024-05-13,In Progress,Cash,
3339,582,2080,6,125,2025-11-28,Completed,Cash,2.0
3340,398,927,4,129,2024-11-11,In Progress,Financing,
3341,173,153,3,152,2024-05-20,Completed,Cash,1.0
3342,2675,1338,7,118,2024-08-15,Cancelled,,
3343,2403,430,10,135,2023-12-12,Completed,Credit Card,4.0
3344,1564,634,5,158,2023-03-15,In Progress,Debit Card,
3345,1108,1074,11,84,2023-09-30,Cancelled,,
3346,1580,1843,12,115,2024-05-17,In Progress,Credit Card,
3347,1393,1950,12,115,2023-02-16,Completed,Cash,
3348,1226,1604,8,123,2025-07-30,In Progress,Credit Card,
3349,2486,177,7,77,2025-07-17,Cancelled,,
3350,1616,2478,10,11,2025-11-06,Completed,Insurance,4.0
3351,2016,2000,11,132,2025-10-03,Completed,Credit Card,3.0
3352,2584,3078,10,174,2023-10-05,Completed,Credit Card,2.0
3353,2807,1240,2,31,2025-12-28,Completed,Cash,1.0
3354,802,3314,4,59,2024-02-02,Completed,Credit Card,
3355,43,1513,5,64,2024-02-26,Completed,Debit Card,
3356,517,2914,10,8,2025-01-26,Cancelled,,
3357,1809,1109,9,140,2025-11-20,Completed,Financing,3.0
3358,1239,2315,10,178,2025-08-05,Completed,Financing,
3359,855,3415,8,152,2025-12-11,Completed,Financing,
3360,1763,3283,12,148,2025-03-22,Completed,Credit Card,1.0
3361,1433,1133,7,51,2025-07-31,Completed,Debit Card,4.0
3362,1595,2371,2,123,2024-06-11,Completed,Insurance,5.0
3363,2291,3072,7,71,2024-06-09,Completed,Credit Card,1.0
3364,2549,174,2,43,2024-12-03,Completed,Debit Card,
3365,599,1882,4,130,2023-01-31,Cancelled,,
3366,1858,2153,8,78,2023-10-05,Completed,Debit Card,
3367,167,661,11,47,2025-08-31,In Progress,Cash,
3368,536,649,2,44,2024-12-05,In Progress,Debit Card,
3369,1603,989,2,57,2023-09-04,Cancelled,,
3370,1047,2983,7,60,2025-02-24,In Progress,Insurance,
3371,513,1893,8,113,2025-01-18,Cancelled,,
3372,1427,1806,8,131,2023-08-13,Completed,Insurance,
3373,2693,773,12,85,2024-09-08,In Progress,Insurance,
3374,1388,1174,1,60,2025-02-19,Cancelled,,
3375,88,2650,9,153,2025-06-13,Cancelled,,
3376,1034,385,7,103,2024-08-17,Cancelled,,
3377,193,2516,3,123,2023-07-11,Cancelled,,
3378,2100,1596,1,153,10/28/2024,Completed,Financing,1.0
3379,1174,3204,1,180,2023-02-17,Completed,Debit Card,1.0
3380,1029,3426,9,53,2023-11-17,Cancelled,,
3381,2029,1025,2,13,2025-09-19,Cancelled,,
3382,1886,752,3,132,2024-10-12,Completed,Debit Card,
3383,2295,2761,3,67,2023-11-26,Completed,Cash,
3384,18,2841,6,124,2024-08-03,Cancelled,,
3385,1656,1818,9,45,2025-10-09,Cancelled,,
3386,2456,3265,8,20,2025-07-30,In Progress,Credit Card,
3387,929,1672,7,148,2025-03-04,Completed,Debit Card,4.0
3388,2070,495,4,137,2025-08-25,Completed,Debit Card,1.0
3389,104,3368,9,155,2023-09-26,Completed,Debit Card,5.0
3390,2158,2017,9,154,2025-10-08,Completed,Financing,2.0
3391,172,338,3,143,2025-04-11,Completed,Insurance,1.0
3392,1631,709,7,84,2023-12-17,Completed,Credit Card,2.0
3393,888,1299,7,130,2023-09-25,Cancelled,,
3394,2948,1191,4,139,2025-09-24,Cancelled,,
3395,1832,2049,5,26,2023-02-27,Cancelled,,
3396,528,1454,12,68,2023-09-29,Completed,Credit Card,1.0
3397,252,2216,3,31,2025-10-21,Cancelled,,
3398,1311,1973,10,111,2025-03-24,Completed,Insurance,1.0
3399,559,790,2,69,2025-09-30,Completed,Financing,
3400,1171,1948,6,107,2023-06-14,Completed,Financing,3.0
3401,2372,2173,2,27,2024-09-12,Cancelled,,
3402,217,3016,7,26,2025-10-10,Completed,Cash,
3403,277,629,1,70,2025-11-07,Cancelled,,
3404,549,3070,7,132,2024-12-18,Completed,Financing,
3405,2309,1529,7,89,2024-08-16,Cancelled,,
3406,2718,2384,4,26,2024-05-31,Completed,Insurance,2.0
3407,2255,2248,8,87,2025-08-28,Completed,Cash,
3408,6,716,6,31,2024-05-23,In Progress,Debit Card,
3409,2174,1946,3,74,2025-02-02,Completed,Financing,3.0
3410,27,2561,1,116,2024-05-21,Cancelled,,
3411,1680,2236,3,110,2024-11-07,Completed,Insurance,
3412,441,2535,7,134,2025-06-23,Cancelled,,
3413,258,45,8,105,2024-10-16,In Progress,Credit Card,
3414,2686,1642,7,124,2024-01-06,Completed,Cash,
3415,1470,2845,10,120,2023-03-20,Completed,Debit Card,1.0
3416,1756,2047,7,56,2024-07-15,Completed,Cash,3.0
3417,22,1244,5,47,2023-02-21,Cancelled,,
3418,1136,2505,6,171,2025-02-22,Completed,Financing,
3419,2527,1232,2,33,2024-07-09,Completed,Cash,1.0
3420,302,2905,3,60,2023-10-04,In Progress,Credit Card,
3421,220,336,11,131,2025-09-25,Cancelled,,
3422,2489,776,7,12,2024-05-11,In Progress,Cash,
3423,2623,1605,1,68,2025-08-29,Completed,Credit Card,5.0
3424,790,785,2,17,2025-06-15,Completed,Credit Card,3.0
3425,2675,1338,7,20,2024-02-16,In Progress,Cash,
3426,1853,1831,11,46,2025-03-24,Completed,Credit Card,5.0
3427,1174,2480,8,130,2025-01-07,In Progress,Debit Card,
3428,839,1937,10,131,2025-09-03,In Progress,Insurance,
3429,517,2914,7,160,2025-11-20,Completed,Credit Card,
3430,1777,2250,9,78,2025-07-01,Completed,Debit Card,1.0
3431,444,1945,11,83,2025-07-15,In Progress,Insurance,
3432,2141,1169,8,11,2025-08-04,Completed,Cash,5.0
3433,2790,2956,9,96,2024-01-26,Completed,Cash,2.0
3434,1566,683,8,19,2025-01-17,Completed,Cash,2.0
3435,839,1937,8,165,2023-04-15,In Progress,Insurance,
3436,1242,663,7,160,2025-04-01,In Progress,Credit Card,
3437,2547,2212,1,151,2025-01-22,Completed,Credit Card,3.0
3438,2034,1631,4,72,2023-07-28,Completed,Insurance,
3439,2465,2811,7,52,2024-09-24,Completed,Debit Card,3.0
3440,1470,2845,9,52,2024-03-07,Completed,Debit Card,
3441,2274,365,5,92,2024-05-24,Completed,Financing,
3442,1768,2368,11,162,2023-12-04,Completed,Credit Card,4.0
3443,1758,1760,7,128,2024-10-21,Completed,Credit Card,
3444,2863,88,1,22,11/07/2023,In Progress,Credit Card,
3445,1188,841,3,24,2025-05-06,Completed,Credit Card,5.0
3446,1253,3380,7,160,2024-06-09,Completed,Financing,4.0
3447,1711,589,8,89,09/22/2025,Cancelled,,
3448,2193,3000,10,42,2024-08-27,In Progress,Credit Card,
3449,2194,632,3,52,2023-08-27,Completed,Insurance,
3450,2960,2399,3,152,2025-09-12,Completed,Insurance,1.0
3451,2027,1540,3,49,2024-08-14,Completed,Credit Card,
3452,1668,2741,1,12,2025-08-29,In Progress,Insurance,
3453,2835,3091,5,139,2024-09-23,Completed,Financing,3.0
3454,570,2354,2,3,2025-09-25,Cancelled,,
3455,856,3110,4,53,2023-07-14,In Progress,Cash,
3456,2389,2796,4,97,2024-07-12,Completed,Insurance,
3457,905,2615,1,27,2024-03-29,Completed,Insurance,
3458,2124,3002,12,136,2025-04-16,Cancelled,,
3459,1190,2293,3,117,2024-01-24,Completed,Debit Card,2.0
3460,2218,1824,9,135,2025-03-16,Completed,Financing,4.0
3461,2704,883,6,168,2025-01-20,In Progress,Credit Card,
3462,2218,279,3,172,2023-05-16,Completed,Credit Card,
3463,1478,2772,10,49,2024-12-13,Completed,Cash,2.0
3464,2967,31,2,146,2025-03-04,Completed,Credit Card,
3465,1793,2555,5,170,2024-06-08,Completed,Credit Card,
3466,181,606,2,164,2023-01-10,Completed,Financing,4.0
3467,94,7,11,163,2025-07-14,Completed,Cash,1.0
3468,1492,579,2,105,2023-01-13,Completed,Financing,2.0
3469,2362,332,1,142,2023-05-04,Completed,Cash,
3470,1349,2776,6,133,2025-06-06,In Progress,Debit Card,
3471,1663,749,3,165,2023-04-23,In Progress,Cash,
3472,1945,1161,2,89,2025-07-31,Completed,Insurance,5.0
3473,1075,2999,3,166,2024-03-19,Cancelled,,
3474,506,2349,1,98,2025-08-11,In Progress,Financing,
3475,1397,2647,8,86,2023-10-18,Cancelled,,
3476,2005,3185,12,162,2024-01-20,In Progress,Cash,
3477,2962,339,8,14,2025-01-16,Completed,Insurance,
3478,2029,1255,9,176,2024-02-05,Cancelled,,
3479,553,1601,3,44,2025-08-04,In Progress,Debit Card,
3480,2508,2238,3,79,2025-07-31,In Progress,Debit Card,
3481,566,639,12,42,2025-03-19,Cancelled,,
3482,1909,1382,1,54,2025-05-21,In Progress,Debit Card,
3483,908,1866,4,60,2023-10-08,In Progress,Credit Card,
3484,593,1066,7,94,2024-06-09,Completed,Credit Card,
3485,2434,231,10,22,2024-10-31,Cancelled,,
3486,2707,2848,3,127,2023-05-07,Completed,Credit Card,1.0
3487,2295,2836,1,56,2024-07-19,Cancelled,,
3488,2880,1490,1,151,2023-04-20,Cancelled,,
3489,1603,989,5,105,2023-03-26,Completed,Credit Card,4.0
3490,2202,1656,9,101,2024-08-20,Cancelled,,
3491,1737,2136,11,90,2024-09-12,Completed,Insurance,5.0
3492,1941,1441,8,112,2024-11-18,Completed,Cash,
3493,2434,580,10,88,2023-12-26,Completed,Financing,
3494,1206,3293,6,113,2023-09-25,Cancelled,,
3495,2477,1145,3,45,2024-01-19,Cancelled,,
3496,1755,1579,1,131,2024-12-28,Completed,Cash,4.0
3497,501,311,12,6,2024-08-12,Completed,Debit Card,4.0
3498,512,2043,8,65,2024-03-27,Completed,Financing,
3499,1790,1570,12,59,2024-03-12,Completed,Insurance,
3500,2289,1439,4,52,2024-03-22,Cancelled,,
3501,1598,1979,8,112,2025-06-03,Completed,Financing,2.0
3502,714,1860,7,162,2024-12-30,Completed,Financing,1.0
3503,1562,1415,11,8,2025-09-29,Completed,Insurance,3.0
3504,1562,2161,2,174,2024-07-03,Cancelled,,
3505,2966,2632,5,135,2023-09-17,In Progress,Debit Card,
3506,283,1673,9,160,2025-08-15,Completed,Cash,
3507,1522,1622,2,89,2023-07-23,In Progress,Cash,
3508,56,1491,2,77,2023-03-30,Completed,Financing,
3509,2562,2135,7,23,2025-02-19,In Progress,Financing,
3510,1546,2492,1,129,2023-05-12,Completed,Debit Card,1.0
3511,228,3374,2,130,2024-01-17,In Progress,Credit Card,
3512,1048,1459,7,67,2023-12-12,Completed,Insurance,
3513,1885,2618,2,124,2023-07-17,Completed,Credit Card,
3514,2396,1011,6,142,2023-11-08,In Progress,Credit Card,
3515,2630,2477,5,1,2025-07-05,Completed,Debit Card,
3516,1296,2893,2,179,2023-03-07,In Progress,Debit Card,
3517,2627,517,6,36,2025-07-14,Completed,Debit Card,
3518,2485,147,4,145,2024-09-04,Completed,Credit Card,
3519,2306,2920,5,21,2024-02-23,In Progress,Credit Card,
3520,2862,3020,1,102,2024-07-27,In Progress,Credit Card,
3521,906,3238,2,117,2025-12-11,Cancelled,,
3522,2927,2671,2,54,2025-10-10,Completed,Cash,
3523,1329,1210,6,28,2024-01-24,Completed,Credit Card,
3524,2237,1198,8,148,2023-01-08,In Progress,Debit Card,
3525,1086,1049,2,6,2024-04-28,Completed,Cash,4.0
3526,2285,1687,5,143,2025-09-15,Completed,Insurance,5.0
3527,281,1106,4,29,2025-04-17,Completed,Cash,2.0
3528,1331,3088,10,3,2024-07-30,Completed,Debit Card,4.0
3529,1610,3132,9,89,2024-05-27,Cancelled,,
3530,2086,2122,5,14,2024-11-05,Completed,Debit Card,4.0
3531,1247,1552,11,142,2023-01-12,Completed,Insurance,4.0
3532,799,519,6,50,2023-12-29,Completed,Cash,
3533,2894,1111,6,151,2023-09-09,Cancelled,,
3534,769,1803,8,17,2024-08-31,Completed,Credit Card,5.0
3535,1563,788,1,71,2025-05-01,Completed,Insurance,
3536,1058,2798,11,85,2025-11-28,Completed,Cash,2.0
3537,175,3323,4,87,2025-07-31,In Progress,Cash,
3538,2958,2317,8,134,2023-09-15,In Progress,Financing,
3539,323,2088,11,86,2024-02-01,Completed,Debit Card,
3540,1265,755,3,67,2025-07-05,In Progress,Financing,
3541,2967,31,4,126,2024-04-16,Completed,Debit Card,1.0
3542,2254,1391,9,126,2025-10-08,In Progress,Debit Card,
3543,1859,667,3,161,2023-06-18,In Progress,Credit Card,
3544,2401,138,12,39,2024-09-17,Completed,Cash,
3545,1857,194,4,140,2024-04-08,Cancelled,,
3546,2175,864,9,54,2024-09-09,Completed,Credit Card,2.0
3547,1765,398,6,51,2025-04-22,Completed,Insurance,2.0
3548,2386,1668,6,160,2025-11-05,Completed,Financing,
3549,1080,2364,8,30,2024-10-19,In Progress,Cash,
3550,1732,1204,6,42,2024-10-18,Completed,Insurance,4.0
3551,391,1292,10,40,2024-09-30,In Progress,Credit Card,
3552,2951,2063,11,28,2025-12-11,Completed,Insurance,2.0
3553,1664,3333,5,9,2024-01-14,Cancelled,,
3554,2112,399,6,98,2024-06-15,Cancelled,,
3555,1329,1210,10,92,2025-08-09,Completed,Cash,1.0
3556,1840,290,11,110,2024-06-17,In Progress,Cash,
3557,16,2024,7,47,2024-12-24,Completed,Insurance,3.0
3558,1649,2446,1,58,2025-07-27,Completed,Debit Card,3.0
3559,676,1498,7,56,2023-12-03,Cancelled,,
3560,1597,2731,10,85,2024-10-28,Completed,Financing,
3561,1352,2888,4,77,2023-04-18,Completed,Credit Card,
3562,1515,1749,8,94,2025-04-16,In Progress,Insurance,
3563,412,344,3,141,2024-07-13,Completed,Debit Card,3.0
3564,560,1058,2,149,2024-10-01,Completed,Financing,2.0
3565,2444,2086,10,43,2023-11-03,Completed,Credit Card,5.0
3566,1188,917,8,164,2024-03-12,Cancelled,,
3567,2451,654,10,58,2023-04-08,Completed,Credit Card,5.0
3568,392,1728,8,68,2024-06-24,In Progress,Insurance,
3569,2297,2148,7,52,2025-12-12,In Progress,Insurance,
3570,2499,260,9,104,2023-06-27,In Progress,Cash,
3571,1278,3429,2,155,2023-10-21,Completed,Credit Card,4.0
3572,1419,2812,1,147,2023-08-22,Completed,Insurance,
3573,2477,3353,1,20,2024-12-19,Cancelled,,
3574,1678,2388,10,179,2024-09-04,Cancelled,,
3575,2965,2593,6,124,2023-09-06,In Progress,Insurance,
3576,668,328,5,114,2023-09-26,Completed,Cash,2.0
3577,1989,3419,3,129,2025-12-08,Cancelled,,
3578,2362,3184,4,30,2025-07-31,Completed,Debit Card,
3579,1267,2800,5,143,2024-04-03,In Progress,Credit Card,
3580,2128,152,1,150,2024-09-29,Completed,Cash,1.0
3581,363,618,9,168,2025-01-04,Completed,Insurance,4.0
3582,2924,3174,4,14,2023-07-25,Completed,Credit Card,4.0
3583,2154,1812,1,34,2024-07-03,In Progress,Cash,
3584,502,3382,11,55,2025-07-08,Completed,Credit Card,4.0
3585,566,1110,3,93,2025-12-17,Completed,Financing,
3586,1665,2183,9,160,2025-09-20,Completed,Financing,4.0
3587,1578,1158,9,45,2024-08-01,Completed,Debit Card,
3588,2074,1555,1,165,2024-12-18,Completed,Insurance,
3589,1380,1606,3,86,2025-08-07,Completed,Cash,2.0
3590,2414,1563,2,133,2023-08-16,Completed,Financing,3.0
3591,537,1923,2,159,2025-06-04,Completed,Insurance,3.0
3592,2646,2064,8,14,2023-04-02,Cancelled,,
3593,2599,1045,7,147,2023-08-30,Completed,Financing,
3594,2358,3297,9,12,2024-12-22,Completed,Insurance,5.0
3595,2142,3117,7,113,2025-07-19,In Progress,Cash,
3596,524,946,12,116,2023-10-08,Completed,Debit Card,1.0
3597,2175,930,11,157,2025-03-11,In Progress,Debit Card,
3598,253,516,7,139,2023-02-14,Completed,Insurance,3.0
3599,1634,2955,8,49,2024-08-07,In Progress,Financing,
3600,521,818,8,56,2025-12-10,Completed,Insurance,
3601,2724,1775,6,104,2023-02-13,Completed,Debit Card,
3602,1575,3428,7,97,2024-11-22,Completed,Insurance,
3603,1755,1579,12,142,2024-03-05,Completed,Credit Card,
3604,1257,2536,3,54,2023-10-15,In Progress,Cash,
3605,2426,3095,3,126,2023-07-18,Completed,Financing,2.0
3606,1908,126,5,56,2025-07-02,Completed,Credit Card,1.0
3607,930,715,4,115,2024-02-16,Completed,Financing,2.0
3608,1772,3032,8,89,2025-08-22,Cancelled,,
3609,2678,331,3,175,2023-09-23,Completed,Financing,
3610,720,99,2,4,2024-04-24,Completed,Cash,3.0
3611,98,2923,1,121,2024-10-21,Completed,Financing,1.0
3612,2643,926,10,51,2023-11-15,Completed,Insurance,3.0
3613,1548,2553,4,144,2023-10-30,Cancelled,,
3614,2718,978,9,176,2023-01-29,Cancelled,,
3615,1857,1023,9,112,2024-02-09,Cancelled,,
3616,2230,3061,4,16,2025-04-08,Completed,Insurance,
3617,2539,1182,6,172,2025-05-11,Completed,Financing,
3618,2513,456,11,180,2023-06-03,Completed,Financing,
3619,2225,620,10,61,2024-01-13,Completed,Financing,5.0
3620,327,2374,12,134,2024-12-03,Cancelled,,
3621,2205,862,11,10,2023-10-29,Completed,Financing,5.0
3622,2095,2820,2,59,2023-01-15,Completed,Debit Card,4.0
3623,2636,1229,12,9,2025-06-19,Completed,Cash,
3624,2656,25,9,69,2024-02-21,Completed,Cash,
3625,2043,1195,3,77,2024-06-30,Completed,Insurance,5.0
3626,2214,1077,8,56,2025-10-19,Completed,Financing,2.0
3627,484,335,1,18,2023-05-15,Completed,Credit Card,
3628,587,2627,4,45,2025-06-29,Cancelled,,
3629,456,983,5,40,2023-07-05,Completed,Cash,
3630,2460,189,6,15,2025-03-09,Completed,Debit Card,5.0
3631,659,1202,5,120,2023-05-16,In Progress,Insurance,
3632,810,3226,7,121,2025-04-29,Completed,Financing,2.0
3633,2158,2307,7,6,2023-09-14,Cancelled,,
3634,2462,3148,10,140,2025-10-05,Completed,Credit Card,3.0
3635,2499,260,1,39,2023-03-01,Completed,Financing,2.0
3636,1857,194,7,123,2024-12-06,Completed,Debit Card,3.0
3637,696,487,6,130,2023-11-08,In Progress,Credit Card,
3638,2452,1270,10,94,2025-05-03,In Progress,Financing,
3639,720,99,6,165,2023-03-30,Completed,Cash,1.0
3640,444,1945,12,33,2023-01-30,In Progress,Cash,
3641,1729,1964,4,113,2023-02-14,In Progress,Insurance,
3642,1723,1358,3,43,2025-03-02,Completed,Financing,3.0
3643,2943,474,4,83,2024-04-17,Cancelled,,
3644,2034,224,3,123,2023-06-01,Completed,Credit Card,
3645,2718,978,4,51,2024-10-12,Completed,Credit Card,4.0
3646,232,1271,11,95,2023-06-19,Cancelled,,
3647,958,219,9,130,2025-12-23,Completed,Credit Card,
3648,1291,1559,2,72,2024-09-30,Completed,Cash,1.0
3649,710,2930,11,79,2025-10-27,Completed,Cash,3.0
3650,1938,2667,7,51,2024-08-27,Cancelled,,
3651,964,232,5,12,2023-02-02,Completed,Cash,1.0
3652,262,2052,2,90,2025-01-07,Completed,Credit Card,4.0
3653,2772,514,10,138,2023-11-08,Completed,Financing,3.0
3654,1735,2508,2,114,2024-05-30,Cancelled,,
3655,1394,976,4,158,2023-05-18,Completed,Financing,3.0
3656,2527,1378,7,16,2024-11-29,In Progress,Debit Card,
3657,1841,40,11,49,2025-12-24,Completed,Cash,5.0
3658,2771,2851,3,17,2025-07-10,Completed,Debit Card,3.0
3659,2216,1623,6,175,2023-06-05,Completed,Financing,
3660,2326,1781,2,68,2023-12-09,Completed,Insurance,5.0
3661,418,925,5,114,2023-02-07,Completed,Insurance,1.0
3662,538,3015,1,113,2024-03-27,Cancelled,,
3663,665,1266,10,25,2025-05-31,Completed,Debit Card,2.0
3664,1147,2526,8,127,2024-10-18,Completed,Debit Card,5.0
3665,718,1539,2,41,2024-01-14,In Progress,Credit Card,
3666,2985,2626,11,81,2023-04-07,Completed,Insurance,3.0
3667,1715,2211,2,10,2025-12-27,Completed,Debit Card,
3668,2087,1938,12,172,2024-07-01,Completed,Insurance,4.0
3669,2382,2881,9,59,2024-06-18,In Progress,Financing,
3670,1752,2760,1,80,2023-11-24,Cancelled,,
3671,2603,2605,5,131,2023-10-13,In Progress,Insurance,
3672,1991,2958,4,126,2024-07-24,In Progress,Financing,
3673,2526,766,8,51,2025-05-02,Completed,Debit Card,
3674,1557,1511,2,120,01/21/2025,Cancelled,,
3675,1859,1029,6,60,01/22/2024,Cancelled,,
3676,479,898,5,93,2024-07-11,Completed,Financing,2.0
3677,331,2829,7,75,2025-11-23,Completed,Insurance,2.0
3678,1786,457,5,6,2023-01-24,Completed,Credit Card,
3679,2664,436,11,24,2023-01-16,Completed,Cash,
3680,1141,1411,6,112,2025-08-16,Completed,Insurance,3.0
3681,895,2073,5,16,2024-08-12,Completed,Cash,4.0
3682,1507,1379,6,38,2023-02-13,Cancelled,,
3683,1511,2272,3,143,2025-12-17,Completed,Insurance,
3684,725,1873,11,84,2023-06-24,Completed,Financing,1.0
3685,2292,2010,4,32,2023-10-21,In Progress,Debit Card,
3686,121,1429,6,79,2024-08-25,Completed,Financing,2.0
3687,2142,3117,11,54,2025-06-28,Completed,Debit Card,
3688,41,914,3,80,2023-09-17,Completed,Debit Card,2.0
3689,1302,1954,12,98,2024-08-22,Completed,Financing,
3690,1509,740,5,13,2025-01-21,Completed,Debit Card,
3691,582,2080,2,72,2025-10-29,Completed,Credit Card,1.0
3692,791,1037,4,46,2025-11-23,Completed,Insurance,3.0
3693,2084,2369,1,128,2024-06-14,Completed,Financing,1.0
3694,1991,2958,4,10,2023-10-23,Completed,Credit Card,4.0
3695,156,389,4,113,2024-03-19,Completed,Debit Card,2.0
3696,1189,3145,6,177,2024-10-21,Completed,Cash,1.0
3697,918,1087,2,117,2024-12-24,Completed,Financing,
3698,1904,1844,5,170,2023-10-04,Completed,Debit Card,4.0
3699,1436,1697,6,94,2023-10-07,Completed,Cash,
3700,1940,1,9,115,2024-01-05,Cancelled,,
3701,554,2694,8,90,2024-07-17,Completed,Financing,5.0
3702,1459,616,6,49,2023-02-06,Completed,Insurance,2.0
3703,1991,1702,5,60,2024-02-17,Completed,Debit Card,
3704,826,1615,4,167,2023-04-19,Completed,Financing,5.0
3705,293,845,1,139,2024-06-10,Completed,Insurance,
3706,2602,982,2,92,2023-04-12,Completed,Insurance,
3707,352,1083,11,102,2024-08-19,Completed,Debit Card,
3708,1711,589,2,64,2025-03-30,Completed,Debit Card,5.0
3709,2754,2426,8,159,2024-07-26,Cancelled,,
3710,2542,3436,11,157,2024-02-21,Completed,Insurance,
3711,2361,3298,10,159,2024-02-07,Completed,Cash,2.0
3712,132,3279,2,107,2024-10-26,Completed,Insurance,1.0
3713,1858,2153,9,123,2023-11-20,In Progress,Debit Card,
3714,536,1766,2,113,2023-07-08,Completed,Debit Card,
3715,277,3017,11,115,2025-07-26,Completed,Financing,
3716,561,275,5,46,2024-06-27,Completed,Cash,
3717,1188,917,8,117,2025-03-04,Completed,Insurance,
3718,2024,1634,3,105,2024-07-13,Completed,Credit Card,2.0
3719,2545,159,1,45,2025-08-11,Completed,Debit Card,5.0
3720,2718,2384,2,53,2025-08-28,Completed,Cash,2.0
3721,2707,2549,3,117,2023-06-02,Completed,Credit Card,2.0
3722,1790,1570,11,57,2025-12-13,Completed,Credit Card,3.0
3723,1412,2809,11,77,2025-08-04,Completed,Insurance,1.0
3724,2017,151,10,174,2024-08-25,Completed,Financing,
3725,817,959,11,167,2025-03-27,Cancelled,,
3726,2356,1686,3,147,2023-03-25,Completed,Debit Card,5.0
3727,1790,1570,4,126,2025-05-24,Cancelled,,
3728,1182,1752,4,96,2025-02-07,Completed,Debit Card,1.0
3729,906,3238,8,66,01/09/2025,Completed,Financing,
3730,2309,2906,4,129,2025-11-11,Completed,Credit Card,
3731,2399,1300,3,165,2023-09-26,Completed,Credit Card,4.0
3732,587,2627,10,138,2025-10-26,Cancelled,,
3733,667,507,9,18,2023-12-23,Completed,Cash,
3734,1822,701,9,144,2023-01-08,Completed,Debit Card,2.0
3735,1659,2783,5,111,2024-08-25,In Progress,Insurance,
3736,1515,1335,2,93,2025-08-26,Cancelled,,
3737,2034,1631,7,91,2024-01-11,In Progress,Credit Card,
3738,1845,1224,4,147,2025-12-21,Completed,Financing,
3739,587,2551,10,102,2023-08-31,Completed,Credit Card,3.0
3740,2773,2360,9,76,2025-01-18,Completed,Debit Card,5.0
3741,1753,2265,5,175,2023-04-24,Cancelled,,
3742,537,1872,1,40,2024-10-21,Completed,Financing,
3743,2226,1098,7,151,2024-11-01,Cancelled,,
3744,599,1882,12,29,2024-05-29,In Progress,Credit Card,
3745,903,2874,7,126,2025-04-19,Completed,Credit Card,1.0
3746,337,118,2,121,2025-07-06,Completed,Credit Card,
3747,2385,656,1,64,2023-02-20,Completed,Insurance,
3748,1768,536,4,64,2025-11-13,Completed,Debit Card,
3749,1809,2468,5,67,2023-07-27,Completed,Insurance,
3750,1738,2563,2,6,2023-10-30,Cancelled,,
3751,2478,1057,11,28,2023-02-23,Completed,Debit Card,4.0
3752,2868,1366,5,178,2024-12-13,Completed,Insurance,3.0
3753,2490,1703,12,155,2024-03-27,Completed,Credit Card,2.0
3754,854,1670,3,124,2025-11-13,In Progress,Insurance,
3755,470,626,1,26,2024-01-28,Cancelled,,
3756,1238,805,1,61,2025-04-10,Completed,Financing,3.0
3757,2179,2165,10,154,2024-08-16,Completed,Credit Card,5.0
3758,2189,2987,12,33,2023-08-21,Completed,Insurance,
3759,2478,1057,5,169,2023-05-01,Completed,Insurance,
3760,46,2214,10,99,2023-04-21,In Progress,Financing,
3761,904,1913,9,7,2024-10-05,Completed,Credit Card,
3762,2258,3286,8,10,2025-09-18,Completed,Financing,3.0
3763,501,311,12,160,2025-11-04,Cancelled,,
3764,164,2991,5,148,2024-01-05,In Progress,Credit Card,
3765,1337,942,10,127,2025-08-05,Cancelled,,
3766,1786,2105,1,24,2023-03-04,Completed,Debit Card,
3767,2924,3174,12,166,2025-05-05,Cancelled,,
3768,2340,1280,11,3,2024-09-08,Completed,Debit Card,2.0
3769,895,58,1,97,2025-03-03,Completed,Debit Card,3.0
3770,1838,2302,8,59,2025-12-08,Completed,Debit Card,1.0
3771,844,1167,8,81,2024-08-01,Completed,Insurance,
3772,2103,2875,6,65,2023-06-23,Cancelled,,
3773,2247,1720,2,23,2025-07-23,In Progress,Debit Card,
3774,1044,613,2,40,2025-07-27,Completed,Insurance,4.0
3775,324,468,8,84,2024-07-14,Completed,Debit Card,1.0
3776,2814,3150,6,70,2025-02-24,Completed,Insurance,
3777,2205,862,5,126,2023-04-25,Completed,Cash,
3778,218,3169,3,2,2025-02-25,Completed,Credit Card,3.0
3779,1496,225,9,130,2023-09-27,Completed,Financing,
3780,833,310,4,8,2024-02-28,In Progress,Cash,
3781,2185,3228,12,132,2023-03-27,Completed,Credit Card,5.0
3782,1845,1224,4,129,2023-03-13,Completed,Cash,
3783,579,567,10,158,2025-01-26,Cancelled,,
3784,2862,2803,3,99,2024-11-18,Completed,Debit Card,
3785,2518,163,11,109,2023-11-13,Completed,Cash,4.0
3786,1635,3339,7,25,2025-01-10,Cancelled,,
3787,144,3442,1,90,2025-04-16,Completed,Debit Card,1.0
3788,1669,146,12,102,2024-11-09,Completed,Cash,4.0
3789,822,1934,12,27,2024-11-22,Completed,Credit Card,
3790,1447,3397,3,176,2023-10-29,Completed,Credit Card,
3791,2391,691,4,65,2024-10-26,Completed,Insurance,
3792,2129,3417,6,12,2024-08-16,In Progress,Cash,
3793,806,1324,5,154,2025-11-26,In Progress,Credit Card,
3794,410,1586,10,149,2023-04-14,Completed,Insurance,5.0
3795,411,2483,10,140,2024-08-14,Completed,Cash,1.0
3796,789,1621,1,149,2023-10-27,Cancelled,,
3797,2619,144,10,13,2025-01-19,Completed,Debit Card,
3798,337,2318,9,1,2023-02-07,Completed,Insurance,2.0
3799,1084,210,9,85,2025-10-27,In Progress,Debit Card,
3800,2404,2376,4,100,2024-02-28,Completed,Insurance,3.0
3801,1612,578,10,91,2025-10-07,Completed,Cash,
3802,20,3188,3,27,2025-07-08,Completed,Debit Card,2.0
3803,898,574,12,144,2025-01-02,Completed,Cash,1.0
3804,1332,1245,2,71,2025-05-15,Completed,Credit Card,
3805,2568,3387,2,84,2023-06-30,Cancelled,,
3806,612,1113,5,4,2025-11-19,Cancelled,,
3807,1845,1224,7,177,2023-05-30,Completed,Financing,
3808,561,15,8,124,2023-07-29,Completed,Financing,4.0
3809,2530,949,1,78,2024-11-16,In Progress,Insurance,
3810,1097,43,8,45,2024-01-25,In Progress,Credit Card,
3811,2206,997,11,77,12/31/2023,In Progress,Cash,
3812,208,84,2,143,2023-11-21,Completed,Insurance,2.0
3813,2817,2687,5,71,2024-02-14,Completed,Credit Card,
3814,1281,2458,1,41,2024-05-29,Completed,Insurance,4.0
3815,2948,1753,8,76,2025-06-17,Completed,Financing,5.0
3816,1753,3161,11,53,2024-02-17,Completed,Debit Card,
3817,982,1157,9,91,2023-07-13,Completed,Financing,5.0
3818,94,7,12,9,2025-12-11,Completed,Cash,5.0
3819,763,1924,1,59,2023-12-02,Completed,Debit Card,
3820,125,1598,8,177,2024-04-18,Completed,Cash,
3821,1753,3161,1,45,2025-11-06,Cancelled,,
3822,2798,3170,5,147,2024-02-11,Completed,Cash,4.0
3823,30,2777,8,64,2024-03-12,In Progress,Cash,
3824,2487,2423,12,167,2023-12-04,Completed,Debit Card,
3825,2243,22,7,176,2023-05-28,Completed,Cash,3.0
3826,2216,1623,10,65,2023-11-03,In Progress,Credit Card,
3827,2852,1501,12,171,2025-04-12,Completed,Insurance,
3828,1758,1760,12,57,2023-07-14,Completed,Financing,1.0
3829,222,640,6,101,2023-04-07,Completed,Financing,4.0
3830,2022,1786,1,15,2024-09-05,Cancelled,,
3831,9,1091,2,174,2024-08-14,Completed,Insurance,
3832,591,289,7,77,2023-04-23,Completed,Credit Card,3.0
3833,2578,1897,7,3,2025-03-03,In Progress,Cash,
3834,2921,3176,12,56,2024-03-22,Completed,Insurance,2.0
3835,1953,1894,5,155,2025-09-05,Completed,Insurance,4.0
3836,1475,3229,3,46,2024-09-16,Cancelled,,
3837,1233,692,8,178,2025-11-10,Completed,Financing,4.0
3838,79,3156,2,130,2023-10-01,Cancelled,,
3839,1316,433,3,150,2024-07-26,In Progress,Financing,
3840,2044,1891,8,130,2024-08-09,Completed,Cash,1.0
3841,2386,1668,12,118,2023-09-07,Completed,Credit Card,3.0
3842,2017,151,9,49,2025-05-21,Completed,Financing,5.0
3843,9,1091,9,41,2023-05-27,Completed,Credit Card,4.0
3844,2278,1424,7,179,2024-02-02,Completed,Financing,3.0
3845,1300,285,3,29,2023-02-22,Completed,Debit Card,4.0
3846,2021,2053,7,124,09/05/2024,Completed,Insurance,4.0
3847,2972,568,1,50,2023-11-06,Completed,Insurance,4.0
3848,2998,1521,4,121,2023-05-28,Completed,Cash,2.0
3849,1579,827,6,94,2024-08-26,In Progress,Credit Card,
3850,1859,667,10,140,2023-02-09,Completed,Insurance,
3851,1343,2259,6,13,2025-01-15,Completed,Credit Card,
3852,1182,3391,6,6,2023-06-29,Cancelled,,
3853,2339,2633,7,143,2025-04-14,Completed,Financing,
3854,523,641,11,164,2024-06-18,Completed,Financing,
3855,2228,2157,11,40,2025-11-13,Completed,Insurance,
3856,557,454,2,100,2025-04-23,Completed,Credit Card,
3857,2373,2208,10,24,2024-01-08,Completed,Financing,3.0
3858,2340,1780,11,124,2023-07-13,Cancelled,,
3859,1104,3136,6,142,2024-06-12,Cancelled,,
3860,2103,1573,2,143,2023-05-22,Completed,Insurance,3.0
3861,844,1167,10,180,2024-02-07,Completed,Credit Card,
3862,2407,2634,3,120,2025-05-31,In Progress,Cash,
3863,1395,3328,6,17,2025-03-21,Completed,Cash,4.0
3864,1638,2304,11,1,2023-06-07,In Progress,Insurance,
3865,2345,1259,11,131,2023-04-28,Completed,Insurance,1.0
3866,791,1930,9,160,2023-11-19,Cancelled,,
3867,1565,393,5,116,2025-08-22,Completed,Financing,2.0
3868,1607,1870,10,180,2025-10-16,Cancelled,,
3869,101,2033,4,151,2023-01-26,Completed,Insurance,5.0
3870,1426,1249,7,40,2025-02-02,Cancelled,,
3871,1011,1197,6,149,2025-03-12,Completed,Financing,2.0
3872,412,3290,9,78,2025-05-17,Completed,Financing,
3873,2623,1605,9,78,2024-07-14,Completed,Financing,3.0
3874,277,3017,12,17,2025-07-19,Completed,Insurance,5.0
3875,1380,2440,8,89,2023-09-26,Completed,Credit Card,
3876,2863,88,3,124,2024-04-09,In Progress,Insurance,
3877,1631,884,10,162,2023-07-04,Completed,Cash,4.0
3878,293,845,10,119,2025-07-12,Completed,Insurance,4.0
3879,2305,1211,8,21,2023-08-12,Completed,Insurance,2.0
3880,9,1091,1,163,2025-06-04,Completed,Financing,3.0
3881,765,465,2,56,2025-09-21,Completed,Cash,1.0
3882,1139,1690,1,151,2023-11-09,Completed,Insurance,2.0
3883,2724,1775,10,108,2025-04-30,Completed,Debit Card,4.0
3884,1475,3229,9,46,2024-05-04,Completed,Debit Card,2.0
3885,2986,267,10,45,2025-04-25,Cancelled,,
3886,585,1723,10,33,2025-10-21,In Progress,Credit Card,
3887,1613,1764,8,118,2025-07-08,Completed,Cash,5.0
3888,2516,354,11,120,2024-09-09,Cancelled,,
3889,2577,61,2,140,2023-11-19,Completed,Financing,3.0
3890,1412,2809,6,98,2024-08-22,Completed,Credit Card,1.0
3891,2289,1439,1,178,2023-01-03,Completed,Cash,5.0
3892,2517,1359,4,84,2023-04-13,Completed,Financing,5.0
3893,132,3279,6,33,2024-01-09,Completed,Credit Card,
3894,2358,1577,6,79,2025-09-06,Completed,Cash,
3895,2941,2616,1,1,2023-06-19,Completed,Cash,1.0
3896,1087,2939,7,45,2025-08-14,In Progress,Insurance,
3897,2942,113,5,121,2025-05-28,Completed,Credit Card,5.0
3898,706,496,8,21,2025-03-05,Completed,Insurance,
3899,2281,964,1,88,2024-06-27,Completed,Insurance,5.0
3900,2053,2496,9,173,2023-01-05,Cancelled,,
3901,1987,394,7,176,2025-04-30,Completed,Debit Card,4.0
3902,2643,2878,3,40,2023-12-09,Cancelled,,
3903,1575,3428,1,176,2025-02-09,In Progress,Credit Card,
3904,1074,974,1,147,2025-01-14,Completed,Debit Card,3.0
3905,961,1987,9,136,2024-02-02,In Progress,Cash,
3906,626,1625,1,114,2023-10-25,Completed,Insurance,3.0
3907,2477,851,5,29,2024-09-30,Completed,Insurance,4.0
3908,871,1759,7,154,2023-07-02,Cancelled,,
3909,909,359,4,61,2023-12-15,In Progress,Debit Card,
3910,2663,2542,6,173,2023-01-21,Completed,Financing,4.0
3911,475,337,1,27,2024-02-02,Completed,Financing,5.0
3912,263,1883,3,174,2025-02-14,Cancelled,,
3913,1470,2845,6,159,2023-06-05,Cancelled,,
3914,1942,2147,9,16,2024-03-14,In Progress,Cash,
3915,1150,1400,11,171,2025-11-11,Completed,Debit Card,1.0
3916,984,2461,4,9,2023-01-21,Completed,Financing,1.0
3917,2849,3162,6,29,2023-11-24,Completed,Financing,4.0
3918,2289,1439,7,48,2025-10-03,In Progress,Debit Card,
3919,916,2092,7,180,2024-11-17,Cancelled,,
3920,452,2115,5,174,2023-09-13,Completed,Financing,2.0
3921,2451,654,3,177,2024-06-25,Completed,Cash,3.0
3922,2942,113,12,22,2025-03-30,Completed,Financing,2.0
3923,1127,550,1,180,2025-10-01,Cancelled,,
3924,2846,3356,9,49,2025-03-02,Completed,Financing,
3925,2125,3292,6,46,2023-09-01,Completed,Credit Card,2.0
3926,2477,1145,6,89,2025-02-12,Cancelled,,
3927,924,717,1,142,2025-12-15,Completed,Insurance,1.0
3928,437,2156,8,58,2023-08-16,Completed,Cash,2.0
3929,1044,613,5,177,2023-11-14,In Progress,Insurance,
3930,2072,243,12,146,2024-04-02,Completed,Financing,
3931,1731,1959,1,123,2025-10-05,Cancelled,,
3932,2174,3042,10,180,2023-11-18,Completed,Insurance,5.0
3933,2963,2204,2,37,2023-05-23,Cancelled,,
3934,2810,2661,4,180,2025-09-10,Completed,Credit Card,1.0
3935,1715,1583,12,128,2025-08-30,Completed,Debit Card,1.0
3936,719,156,3,5,2025-05-05,Completed,Credit Card,2.0
3937,1840,77,10,58,2023-06-27,Completed,Financing,
3938,1698,3309,5,64,2023-05-17,Cancelled,,
3939,1320,2775,2,59,2025-11-23,Completed,Debit Card,
3940,1991,2409,8,133,2023-10-20,Completed,Debit Card,4.0
3941,741,299,4,60,2023-03-25,Completed,Insurance,1.0
3942,2613,3038,10,124,2023-01-15,Completed,Insurance,3.0
3943,2758,645,12,9,2025-08-01,In Progress,Insurance,
3944,237,2171,6,151,2023-11-02,Completed,Credit Card,
3945,1755,2145,6,58,2024-09-23,In Progress,Insurance,
3946,2036,2569,11,173,2024-06-18,Completed,Credit Card,3.0
3947,2939,1036,5,53,2023-12-16,Cancelled,,
3948,2609,170,3,168,2025-02-02,Cancelled,,
3949,2624,1486,6,135,2023-05-11,Completed,Credit Card,1.0
3950,1006,2144,11,84,2025-07-16,Completed,Cash,5.0
3951,2878,1776,5,144,2025-03-23,Cancelled,,
3952,874,2788,3,127,2024-11-24,Completed,Cash,
3953,1328,2095,9,112,2023-08-31,Cancelled,,
3954,506,1510,4,135,2023-09-22,Completed,Credit Card,
3955,1570,2719,2,156,2025-05-24,Completed,Insurance,
3956,93,1168,7,144,2024-02-17,Completed,Cash,1.0
3957,282,1591,5,5,2023-08-24,Cancelled,,
3958,1495,2590,5,154,2024-07-23,Completed,Cash,2.0
3959,2718,978,12,109,2023-02-21,Completed,Financing,
3960,2947,1962,11,76,2024-07-10,Cancelled,,
3961,551,1312,3,119,2024-07-04,In Progress,Debit Card,
3962,2414,256,7,125,2024-08-30,Cancelled,,
3963,841,2817,10,123,2023-02-20,Cancelled,,
3964,2628,1394,9,70,2024-02-22,Completed,Cash,3.0
3965,765,465,4,105,2024-01-26,Completed,Cash,2.0
3966,1783,547,4,146,2024-01-11,Completed,Cash,
3967,969,2528,8,169,2025-11-23,Cancelled,,
3968,1395,3328,8,14,2025-09-13,Cancelled,,
3969,604,2305,8,141,2023-09-05,Completed,Debit Card,1.0
3970,2000,3021,7,73,2025-05-21,Completed,Cash,5.0
3971,2806,665,9,53,2024-06-18,Completed,Insurance,5.0
3972,602,1645,5,79,01/29/2025,Cancelled,,
3973,2133,1610,9,56,2024-09-06,Completed,Debit Card,2.0
3974,2162,23,11,166,2023-03-03,Completed,Financing,1.0
3975,1581,2666,4,43,2024-01-23,Cancelled,,
3976,174,120,6,88,2025-05-26,Completed,Debit Card,5.0
3977,642,1757,11,13,2023-09-10,Completed,Insurance,
3978,2237,443,4,16,2025-06-02,Cancelled,,
3979,1115,2428,6,93,2023-03-07,Cancelled,,
3980,683,309,9,165,2024-09-27,Completed,Insurance,
3981,2485,147,4,136,2023-09-05,Completed,Insurance,1.0
3982,293,1589,4,135,2024-01-09,Completed,Insurance,2.0
3983,2024,3365,4,170,05/15/2025,Completed,Debit Card,
3984,601,602,12,147,2023-07-09,Completed,Credit Card,
3985,1947,2287,3,64,2025-12-30,Completed,Cash,
3986,276,636,8,91,2023-06-25,Completed,Financing,
3987,2979,1884,11,86,2025-05-09,Cancelled,,
3988,2206,997,4,118,2023-03-14,Completed,Insurance,5.0
3989,850,2158,6,165,2024-06-28,Completed,Cash,
3990,1359,638,10,53,2024-10-25,Completed,Insurance,
3991,2217,900,1,2,2023-03-27,Completed,Credit Card,4.0
3992,2055,3327,3,167,2024-04-27,Completed,Debit Card,1.0
3993,706,496,3,23,2025-12-13,Cancelled,,
3994,2327,49,1,151,2023-08-11,Completed,Credit Card,5.0
3995,439,419,9,75,2025-10-10,Cancelled,,
3996,1715,1583,6,167,2025-05-02,Cancelled,,
3997,2708,182,8,177,2023-03-18,Completed,Insurance,
3998,2622,1868,12,61,2025-01-22,Completed,Debit Card,3.0
3999,2664,3040,5,33,2025-05-26,Cancelled,,
4000,2824,2194,12,104,2024-09-07,Completed,Credit Card,3.0
4001,1298,3205,10,24,2023-01-03,Completed,Insurance,
4002,2218,928,6,77,2023-07-21,Completed,Cash,3.0
4003,67,233,1,155,2024-09-28,In Progress,Cash,
4004,2326,1781,1,95,2024-05-27,Completed,Cash,3.0
4005,309,1548,12,93,2025-08-14,In Progress,Credit Card,
4006,665,658,4,21,2024-08-20,Completed,Cash,
4007,2900,2509,1,23,2024-08-24,Completed,Insurance,5.0
4008,1809,2942,5,38,2023-12-16,Completed,Insurance,
4009,1724,760,1,45,2024-09-07,Completed,Financing,3.0
4010,2423,347,11,132,2025-01-06,Completed,Cash,
4011,710,2930,4,11,2025-07-02,Completed,Insurance,
4012,1709,2020,2,18,2024-03-10,Completed,Insurance,
4013,2496,2038,9,175,2025-01-06,Completed,Debit Card,
4014,56,1306,4,159,2024-10-14,Completed,Credit Card,
4015,2,432,5,14,2024-05-23,Completed,Financing,3.0
4016,2281,964,1,104,2025-11-15,Completed,Insurance,1.0
4017,1288,1223,5,177,2023-11-12,Completed,Insurance,2.0
4018,673,3200,8,147,2024-11-10,Cancelled,,
4019,1898,414,6,136,2024-12-29,In Progress,Insurance,
4020,2969,828,10,86,2024-11-26,Completed,Credit Card,2.0
4021,104,2471,7,12,2024-12-05,Completed,Cash,5.0
4022,1659,253,10,102,2024-12-26,In Progress,Cash,
4023,2789,223,6,61,2023-07-20,Cancelled,,
4024,926,124,3,68,2025-07-26,Completed,Credit Card,
4025,29,1131,3,162,2024-11-26,Completed,Financing,
4026,2634,2228,4,27,2024-09-04,Completed,Cash,
4027,40,3082,10,161,2025-11-30,Completed,Cash,4.0
4028,1404,1473,4,55,2024-09-19,Completed,Insurance,4.0
4029,39,809,5,14,2023-09-12,Completed,Cash,2.0
4030,2790,2956,10,87,2023-03-23,Completed,Debit Card,2.0
4031,2448,3300,4,161,2024-01-31,Completed,Debit Card,
4032,1359,638,11,143,2023-06-02,Cancelled,,
4033,2698,2794,1,121,2024-03-20,Completed,Financing,
4034,2401,138,8,144,2025-10-19,Cancelled,,
4035,526,3366,9,177,2023-07-12,In Progress,Insurance,
4036,258,45,12,111,2025-05-02,In Progress,Financing,
4037,1288,1223,4,111,2024-02-06,In Progress,Financing,
4038,423,2224,4,17,2024-04-06,In Progress,Insurance,
4039,2242,575,5,69,2023-04-02,Completed,Cash,
4040,2655,2441,4,160,2024-07-26,Completed,Financing,
4041,424,2689,4,64,2025-11-21,In Progress,Debit Card,
4042,126,1996,3,4,2025-01-22,Cancelled,,
4043,2527,1378,4,147,2025-01-25,Completed,Credit Card,
4044,2541,748,4,29,2023-03-14,Completed,Financing,
4045,424,2689,9,29,2025-03-27,Completed,Financing,3.0
4046,1672,1489,6,161,2023-04-12,Completed,Insurance,4.0
4047,2164,376,5,108,2023-11-23,Completed,Cash,
4048,2511,2026,8,162,2023-01-07,Cancelled,,
4049,664,368,2,14,2023-02-02,Completed,Debit Card,4.0
4050,1802,1129,10,83,2023-07-31,Completed,Insurance,
4051,1701,2155,10,69,2025-01-05,In Progress,Debit Card,
4052,367,2014,6,126,2024-03-15,Completed,Credit Card,
4053,340,3179,4,92,2025-06-23,Completed,Insurance,
4054,1786,854,8,50,2024-02-10,In Progress,Financing,
4055,2650,2267,10,7,2023-06-01,Completed,Credit Card,2.0
4056,2896,1028,3,19,2023-02-15,In Progress,Insurance,
4057,1953,1894,7,102,2023-02-27,Completed,Debit Card,5.0
4058,1421,1518,8,29,2025-08-25,Completed,Financing,
4059,1501,1176,3,45,2023-07-11,Completed,Insurance,
4060,1746,2586,3,160,2023-06-09,In Progress,Cash,
4061,839,1937,9,123,2023-06-26,Completed,Credit Card,5.0
4062,2178,1207,10,146,2025-10-28,Completed,Credit Card,4.0
4063,1947,965,12,33,2025-12-23,Cancelled,,
4064,1475,2435,5,166,2023-06-27,Completed,Cash,
4065,1691,1908,4,12,2024-03-08,Completed,Financing,2.0
4066,2918,2106,3,152,2024-07-15,In Progress,Debit Card,
4067,101,2033,1,161,2024-08-21,Completed,Cash,
4068,2554,1253,7,76,2024-03-05,Cancelled,,
4069,838,1970,5,146,2025-06-06,In Progress,Credit Card,
4070,2343,341,1,96,2023-05-25,In Progress,Debit Card,
4071,2898,2947,2,150,2025-12-23,Completed,Financing,2.0
4072,2840,801,7,9,2025-12-14,Completed,Financing,2.0
4073,2936,607,4,64,2025-01-30,Completed,Cash,2.0
4074,1160,1322,12,74,2024-06-25,Completed,Credit Card,
4075,763,1924,7,23,2023-07-30,Completed,Debit Card,3.0
4076,2254,1925,1,131,2025-09-11,Completed,Credit Card,
4077,1200,913,8,71,2025-01-03,Completed,Cash,3.0
4078,1711,2663,2,60,2025-06-23,Cancelled,,
4079,1070,794,1,179,2023-05-18,Completed,Financing,3.0
4080,420,1838,9,96,2023-07-05,In Progress,Credit Card,
4081,2956,1724,7,173,2024-12-24,Completed,Insurance,
4082,2407,2285,7,56,2024-05-28,Completed,Credit Card,1.0
4083,2863,1246,8,45,2023-11-24,In Progress,Debit Card,
4084,1815,2488,12,26,2024-08-04,Completed,Cash,
4085,209,1156,5,4,2023-07-21,Completed,Cash,1.0
4086,467,2126,6,4,2024-04-05,Completed,Financing,
4087,2451,654,1,102,2025-08-12,Cancelled,,
4088,475,2852,10,158,2023-03-18,In Progress,Financing,
4089,824,3251,10,148,2025-05-22,Completed,Debit Card,
4090,1519,2278,8,170,2023-02-15,In Progress,Insurance,
4091,1529,2128,12,67,2023-06-06,Completed,Credit Card,4.0
4092,240,276,7,13,2024-10-18,Completed,Financing,4.0
4093,2158,2017,9,109,2025-12-31,Completed,Credit Card,
4094,557,2281,6,94,2023-10-26,Completed,Cash,1.0
4095,1909,1382,5,5,2023-06-20,Completed,Financing,1.0
4096,1316,433,9,174,2023-07-06,Completed,Insurance,5.0
4097,11,2007,4,15,2024-07-10,Completed,Cash,
4098,2098,1034,10,116,2025-04-06,In Progress,Credit Card,
4099,2771,2851,7,36,2024-10-10,Completed,Debit Card,3.0
4100,745,756,11,157,2025-02-27,Completed,Insurance,3.0
4101,240,1892,2,163,2024-03-26,Cancelled,,
4102,2846,3356,6,28,2025-08-08,Completed,Cash,
4103,1738,2563,3,162,2023-12-11,Cancelled,,
4104,962,714,4,138,2025-11-29,Cancelled,,
4105,2507,775,1,76,2024-02-20,Completed,Insurance,1.0
4106,1332,1127,1,48,2025-03-22,In Progress,Insurance,
4107,2596,591,10,146,2023-11-25,Completed,Cash,
4108,2712,1745,3,145,2023-09-01,In Progress,Cash,
4109,963,817,3,35,2025-06-30,Completed,Credit Card,4.0
4110,506,1510,5,148,2023-01-31,Completed,Credit Card,
4111,2837,1326,11,66,2024-05-10,Completed,Credit Card,5.0
4112,2845,835,1,36,2025-03-31,Completed,Financing,
4113,2952,1811,1,177,2024-07-23,In Progress,Debit Card,
4114,2801,2392,5,159,2023-10-05,Completed,Financing,4.0
4115,2698,870,8,8,2025-12-07,Cancelled,,
4116,2059,3094,8,178,2023-10-27,Completed,Financing,2.0
4117,2409,875,10,125,06/25/2025,Completed,Financing,4.0
4118,2140,1951,1,44,2023-05-22,Completed,Cash,3.0
4119,406,1162,4,33,2023-06-28,Completed,Debit Card,1.0
4120,1730,89,4,68,2025-04-07,Completed,Credit Card,3.0
4121,1937,3371,11,7,2024-06-23,Completed,Financing,
4122,2621,2834,9,16,2023-09-07,In Progress,Cash,
4123,1287,771,1,139,2025-07-24,Completed,Debit Card,3.0
4124,1004,3059,5,141,2024-12-08,Completed,Insurance,5.0
4125,688,2231,12,142,2025-03-23,Completed,Insurance,
4126,2645,2260,11,113,2024-09-04,Completed,Debit Card,
4127,1822,701,9,66,2025-03-27,In Progress,Cash,
4128,2007,35,5,119,2025-04-14,Completed,Insurance,
4129,1321,1585,6,105,2024-09-03,In Progress,Credit Card,
4130,63,615,5,18,2024-12-07,Completed,Credit Card,2.0
4131,132,3279,11,30,2024-07-07,Cancelled,,
4132,838,431,2,102,2025-04-18,Completed,Credit Card,
4133,2039,3342,7,47,2023-11-30,Completed,Financing,
4134,1509,740,12,98,2023-02-08,Completed,Cash,
4135,313,143,10,55,2023-09-25,Completed,Cash,3.0
4136,1369,18,11,136,2024-12-05,Cancelled,,
4137,2141,1169,3,126,2025-03-17,Cancelled,,
4138,1880,1135,8,173,2023-10-09,Cancelled,,
4139,452,2150,9,13,2025-10-02,Completed,Insurance,
4140,2175,864,8,91,2024-07-30,In Progress,Financing,
4141,437,2559,2,52,2025-06-12,Cancelled,,
4142,2936,607,11,24,2023-06-01,Completed,Credit Card,5.0
4143,1141,3168,2,170,2024-04-18,In Progress,Cash,
4144,8,2448,3,50,2023-01-21,Completed,Debit Card,3.0
4145,1631,709,8,57,2023-08-23,In Progress,Debit Card,
4146,964,1220,8,77,2023-04-27,Completed,Financing,
4147,2704,3404,3,25,2024-10-06,Cancelled,,
4148,2861,1192,1,129,2023-02-27,Completed,Financing,2.0
4149,2153,1080,2,72,2024-06-28,Completed,Cash,4.0
4150,1133,1617,4,129,2025-09-12,Completed,Credit Card,
4151,1412,183,7,127,2024-02-29,Completed,Financing,4.0
4152,622,2538,5,104,2025-08-15,Completed,Insurance,
4153,1566,2704,7,113,2025-10-12,Completed,Financing,2.0
4154,2807,1240,12,150,2025-11-11,Completed,Cash,2.0
4155,817,681,5,109,2023-10-18,Completed,Cash,2.0
4156,2103,2875,3,74,2024-08-04,Cancelled,,
4157,1420,546,2,4,09/19/2024,Completed,Financing,3.0
4158,1869,2544,1,129,2023-04-19,Completed,Financing,2.0
4159,1739,1731,6,103,2023-06-04,Cancelled,,
4160,1160,1322,10,59,2023-06-25,Completed,Cash,
4161,1567,1874,10,118,2023-03-09,Completed,Debit Card,1.0
4162,2973,70,9,10,2023-04-12,Completed,Financing,
4163,829,2695,4,96,2024-10-24,Completed,Insurance,1.0
4164,253,516,12,39,2024-09-02,Completed,Credit Card,5.0
4165,1973,1363,10,49,2024-10-20,Completed,Credit Card,
4166,1984,3102,12,147,2023-07-18,Completed,Financing,3.0
4167,344,2337,3,178,2024-07-02,Completed,Insurance,3.0
4168,333,3284,4,31,2025-02-15,Cancelled,,
4169,240,448,11,53,2025-08-21,Cancelled,,
4170,2708,182,11,91,2024-05-24,Completed,Debit Card,3.0
4171,569,1096,12,40,2023-09-06,Completed,Insurance,
4172,1735,1277,9,26,2023-09-05,In Progress,Cash,
4173,283,1673,9,98,2025-10-18,In Progress,Insurance,
4174,800,961,8,96,2023-01-30,Completed,Cash,2.0
4175,2976,1485,6,58,2025-03-24,In Progress,Credit Card,
4176,687,622,2,20,2024-02-20,Cancelled,,
4177,2401,757,5,171,2024-02-10,Completed,Insurance,
4178,2630,2477,2,97,2024-02-17,In Progress,Credit Card,
4179,2302,1371,4,67,07/19/2024,In Progress,Insurance,
4180,507,10,2,29,2024-08-19,Completed,Credit Card,
4181,293,2266,5,116,2024-07-30,Completed,Financing,
4182,1659,253,1,28,2025-09-09,Completed,Debit Card,2.0
4183,2007,2843,4,71,2025-05-27,In Progress,Insurance,
4184,2750,1435,2,1,2025-10-23,Completed,Cash,5.0
4185,957,582,6,62,2024-11-02,Completed,Financing,4.0
4186,1814,362,3,175,2024-02-11,In Progress,Financing,
4187,206,1993,10,2,2023-01-05,In Progress,Debit Card,
4188,718,172,12,33,2023-05-07,Completed,Financing,
4189,697,3257,4,114,2025-03-03,Completed,Debit Card,4.0
4190,1896,3067,3,53,2025-11-29,Completed,Insurance,
4191,600,2005,1,47,2023-08-30,Cancelled,,
4192,2497,807,12,49,2025-01-04,Completed,Debit Card,2.0
4193,1824,1823,3,39,2025-11-14,Cancelled,,
4194,1773,2182,9,107,2023-09-04,Cancelled,,
4195,1049,2560,7,45,2023-01-29,Completed,Insurance,
4196,960,1886,8,139,2023-02-08,Completed,Debit Card,
4197,712,2141,3,73,2023-11-14,Completed,Debit Card,1.0
4198,2571,1663,9,152,2025-11-24,Completed,Debit Card,5.0
4199,187,1595,1,109,2025-03-13,Cancelled,,
4200,1167,2882,3,154,2024-04-16,Completed,Cash,5.0
4201,1766,2816,11,66,2025-08-22,Completed,Insurance,1.0
4202,1002,787,11,139,2023-09-07,Completed,Insurance,2.0
4203,444,1945,10,30,2024-09-28,In Progress,Debit Card,
4204,411,2483,11,73,2025-04-24,Completed,Debit Card,1.0
4205,1695,2319,12,163,2024-12-12,Completed,Financing,
4206,1846,3394,12,80,2024-04-10,Completed,Insurance,
4207,2744,396,2,80,2025-10-26,In Progress,Credit Card,
4208,2616,3266,5,1,2025-07-04,Cancelled,,
4209,2383,816,2,167,2025-02-11,Completed,Financing,2.0
4210,678,2797,11,68,2025-11-23,Completed,Debit Card,1.0
4211,1885,2618,9,84,2023-03-01,Completed,Credit Card,5.0
4212,1920,2490,10,28,2025-02-02,Completed,Insurance,3.0
4213,2823,3322,8,59,2025-02-05,In Progress,Credit Card,
4214,2646,2064,4,118,2025-08-19,Completed,Debit Card,
4215,2623,1857,2,97,2023-11-30,Completed,Debit Card,
4216,2302,563,1,95,2024-03-24,In Progress,Debit Card,
4217,2302,3157,10,159,2025-06-29,In Progress,Credit Card,
4218,827,2550,11,180,2025-06-04,Completed,Debit Card,
4219,2821,1500,6,45,2025-11-03,Completed,Cash,5.0
4220,1597,2731,10,81,2025-11-16,Cancelled,,
4221,2411,1467,3,157,2023-12-14,Completed,Credit Card,
4222,55,2584,10,82,2024-08-03,Completed,Cash,
4223,1081,3447,1,129,2024-10-20,Completed,Insurance,5.0
4224,557,454,3,175,2025-10-29,Completed,Insurance,
4225,2927,2671,6,162,2024-04-27,Completed,Debit Card,
4226,1084,210,1,156,2023-06-02,Completed,Cash,3.0
4227,2938,3398,8,153,2025-05-30,Completed,Credit Card,4.0
4228,1132,518,2,163,2024-12-13,Cancelled,,
4229,839,1937,5,73,2025-02-09,Completed,Credit Card,
4230,789,67,4,133,2025-04-27,Completed,Credit Card,
4231,382,2566,9,175,2025-07-20,Cancelled,,
4232,1489,2059,5,18,2023-02-10,Completed,Financing,5.0
4233,1515,1335,3,164,2024-01-17,Completed,Credit Card,4.0
4234,1207,1117,7,76,2023-04-29,Completed,Cash,5.0
4235,1267,707,9,61,2025-07-12,Completed,Insurance,
4236,1708,2410,5,4,2025-06-30,Completed,Credit Card,1.0
4237,1706,1750,5,178,2024-06-12,Completed,Credit Card,3.0
4238,1957,937,5,84,2025-05-06,Completed,Cash,2.0
4239,1989,3419,5,113,2023-03-03,Cancelled,,
4240,252,2784,12,93,2024-01-13,Completed,Credit Card,
4241,926,124,9,49,2024-04-12,Completed,Insurance,3.0
4242,1967,2604,11,33,2023-09-10,Completed,Debit Card,
4243,2328,3245,1,123,2025-05-15,Completed,Debit Card,4.0
4244,1790,1570,8,144,2023-01-25,Completed,Insurance,4.0
4245,1394,218,6,75,2023-05-03,Cancelled,,
4246,1566,392,2,71,2024-04-14,Completed,Credit Card,3.0
4247,2558,167,8,133,2023-02-11,Completed,Debit Card,
4248,1095,415,8,75,2024-01-25,Cancelled,,
4249,2336,1438,11,75,2025-01-03,Completed,Credit Card,
4250,1403,1068,2,27,2024-08-24,In Progress,Financing,
4251,1239,2320,3,179,2025-02-26,Completed,Debit Card,5.0
4252,1544,839,12,140,2025-04-19,Cancelled,,
4253,1072,111,12,157,2025-04-18,In Progress,Insurance,
4254,916,2092,11,156,2024-07-14,Completed,Credit Card,4.0
4255,2468,2325,11,27,2025-05-28,Completed,Debit Card,3.0
4256,206,1052,11,2,2024-06-06,Completed,Financing,
4257,1401,1862,9,167,2024-06-21,Completed,Debit Card,2.0
4258,108,240,8,80,2025-08-29,Completed,Cash,1.0
4259,1781,2678,11,4,2023-11-03,Completed,Credit Card,4.0
4260,1014,1674,10,19,2023-05-18,Completed,Financing,5.0
4261,2112,399,12,15,2024-03-24,Completed,Credit Card,
4262,1278,14,9,65,2024-07-02,Completed,Debit Card,2.0
4263,2673,1430,7,178,2025-08-20,Completed,Cash,
4264,248,355,1,176,2024-07-12,Completed,Debit Card,5.0
4265,891,2621,3,92,2023-05-26,Completed,Insurance,
4266,258,45,1,132,2023-01-15,Completed,Financing,4.0
4267,2627,2631,7,28,2024-09-03,Cancelled,,
4268,497,1876,8,130,2023-12-06,Completed,Insurance,2.0
4269,772,321,5,138,2024-04-19,Completed,Credit Card,4.0
4270,434,823,3,19,2025-08-07,Completed,Financing,2.0
4271,2635,1834,8,25,07/13/2025,Completed,Debit Card,3.0
4272,1360,2828,4,82,2025-07-20,In Progress,Financing,
4273,2431,899,4,81,2024-11-07,In Progress,Cash,
4274,1864,2733,2,11,2024-08-28,Completed,Insurance,
4275,331,3360,7,151,2025-08-26,Completed,Financing,5.0
4276,596,2198,2,130,2023-08-02,Completed,Credit Card,1.0
4277,1343,1328,11,138,2025-01-14,In Progress,Insurance,
4278,79,3156,1,58,2024-05-30,Completed,Insurance,4.0
4279,1797,1960,12,96,2024-05-26,Completed,Financing,1.0
4280,927,3354,8,163,2023-01-16,Completed,Insurance,2.0
4281,337,2253,1,40,2025-01-08,Completed,Insurance,
4282,2693,1575,11,177,2025-03-01,Completed,Debit Card,
4283,1755,2145,10,68,2023-05-01,Completed,Financing,
4284,2465,2811,5,1,2024-08-18,Completed,Insurance,5.0
4285,2347,2353,6,156,2025-11-03,In Progress,Debit Card,
4286,1137,597,2,59,2023-06-07,Cancelled,,
4287,2984,130,5,123,2024-08-31,Completed,Debit Card,
4288,53,2831,9,90,2024-12-10,Completed,Cash,
4289,502,690,5,80,2023-02-20,In Progress,Cash,
4290,2744,396,7,169,2024-03-17,Completed,Insurance,3.0
4291,814,391,8,57,2023-04-23,Completed,Financing,
4292,1,3425,8,30,2024-06-28,Cancelled,,
4293,1833,161,7,173,2025-03-19,Completed,Credit Card,5.0
4294,2075,3143,6,2,2025-05-07,Completed,Financing,1.0
4295,646,2570,8,130,2023-04-17,Completed,Insurance,3.0
4296,1459,616,1,5,2025-09-04,Completed,Financing,4.0
4297,513,1893,3,154,2023-11-07,Completed,Insurance,2.0
4298,1260,1143,10,134,2024-10-07,In Progress,Insurance,
4299,1407,255,2,12,2024-10-27,Cancelled,,
4300,1956,3231,9,148,2024-10-22,Cancelled,,
4301,2736,1193,12,112,2025-03-07,Completed,Financing,
4302,1989,453,3,155,2025-06-22,Completed,Cash,
4303,1790,380,8,121,2023-09-09,Completed,Financing,2.0
4304,439,2862,12,7,2025-08-29,Completed,Insurance,
4305,1833,2672,6,64,2024-06-15,Completed,Cash,5.0
4306,2074,2887,7,24,2024-03-03,Completed,Credit Card,
4307,468,991,7,165,2023-10-22,In Progress,Financing,
4308,2289,472,11,165,2024-11-13,Completed,Debit Card,
4309,1464,2280,2,43,2025-10-20,Cancelled,,
4310,1278,14,5,8,2025-05-27,Completed,Credit Card,1.0
4311,94,2346,6,97,2025-11-05,In Progress,Financing,
4312,1876,831,12,139,2023-11-01,Completed,Debit Card,4.0
4313,218,3169,2,172,2024-09-04,Completed,Credit Card,5.0
4314,2362,1488,1,78,2024-04-10,Cancelled,,
4315,1876,831,7,17,2023-06-03,Completed,Insurance,5.0
4316,1492,2470,11,17,2023-06-12,Completed,Debit Card,
4317,2678,331,11,55,2024-05-06,Cancelled,,
4318,1697,848,1,10,2023-04-03,Cancelled,,
4319,173,2662,3,155,2025-11-01,Completed,Cash,2.0
4320,2370,1918,12,177,2025-08-03,Completed,Cash,1.0
4321,1068,2254,10,9,2024-09-22,Completed,Cash,3.0
4322,2612,3049,1,68,2024-01-31,Completed,Credit Card,
4323,2809,970,1,66,2025-11-15,In Progress,Cash,
4324,566,639,12,83,2023-10-04,Cancelled,,
4325,2745,2547,12,44,2024-06-07,Cancelled,,
4326,1511,292,5,101,2023-07-06,In Progress,Debit Card,
4327,2289,1439,6,28,2025-12-17,Cancelled,,
4328,455,3009,4,110,2024-03-13,Completed,Debit Card,
4329,462,508,11,53,2024-05-14,Completed,Insurance,5.0
4330,2879,222,9,32,2024-01-05,Cancelled,,
4331,1666,3037,6,39,2023-12-27,Cancelled,,
4332,194,481,2,8,2023-08-01,Completed,Financing,
4333,1984,2994,1,146,2025-11-05,Completed,Debit Card,
4334,545,2463,11,167,2023-05-10,Completed,Financing,4.0
4335,1909,3367,1,131,2023-11-28,Completed,Financing,5.0
4336,2603,2605,2,53,2023-09-02,Completed,Financing,5.0
4337,2887,1017,6,3,2025-11-01,Cancelled,,
4338,423,2224,9,152,2025-07-14,Completed,Credit Card,5.0
4339,574,2028,10,73,2023-04-16,Completed,Cash,
4340,521,818,11,136,2024-12-06,In Progress,Insurance,
4341,287,1114,9,150,2024-07-13,Completed,Insurance,
4342,1609,595,10,96,2023-03-24,Cancelled,,
4343,945,594,3,142,2024-06-23,Completed,Cash,5.0
4344,1557,2362,9,49,2024-02-29,Cancelled,,
4345,306,2486,2,101,2024-11-18,In Progress,Financing,
4346,560,1537,7,28,2025-12-10,Cancelled,,
4347,548,3196,4,65,2024-07-09,Completed,Cash,
4348,758,1726,8,45,2024-01-21,Completed,Debit Card,
4349,2090,1412,11,172,2025-06-30,Completed,Insurance,5.0
4350,309,1548,7,75,2023-06-27,In Progress,Insurance,
4351,2991,1594,6,150,2025-11-29,Cancelled,,
4352,2263,2842,10,13,2024-12-18,Completed,Insurance,
4353,206,1052,1,55,2023-12-27,Completed,Cash,5.0
4354,2155,1712,1,134,2025-02-11,In Progress,Cash,
4355,2462,712,3,172,2025-01-11,Completed,Debit Card,3.0
4356,1606,2188,9,180,2024-08-12,Completed,Insurance,1.0
4357,689,2184,2,113,2025-10-12,Completed,Insurance,2.0
4358,754,1771,11,154,2024-03-13,Cancelled,,
4359,2327,49,11,149,2023-03-16,In Progress,Debit Card,
4360,2750,2656,1,158,2024-03-28,Completed,Credit Card,3.0
4361,467,1736,8,77,2024-05-28,Completed,Financing,4.0
4362,2111,220,6,8,2024-11-23,Completed,Debit Card,
4363,2665,3341,5,121,2024-04-10,Cancelled,,
4364,2862,2803,8,109,2024-08-14,Completed,Credit Card,5.0
4365,1048,1459,4,38,2024-06-11,Completed,Credit Card,1.0
4366,2549,502,6,39,2025-12-02,In Progress,Debit Card,
4367,173,853,2,134,2023-04-05,Completed,Cash,5.0
4368,841,2817,9,9,2024-07-30,Completed,Cash,
4369,1231,3071,12,108,2023-06-29,Completed,Financing,
4370,2950,675,7,12,2024-04-09,Cancelled,,
4371,917,2087,9,113,2023-07-08,Completed,Insurance,1.0
4372,1775,2252,2,33,2025-10-27,Cancelled,,
4373,88,2650,6,29,2023-07-31,Cancelled,,
4374,2804,2154,3,179,2023-10-15,Completed,Debit Card,3.0
4375,754,1771,4,27,2025-01-30,Completed,Financing,5.0
4376,856,3110,4,121,2024-10-11,In Progress,Insurance,
4377,2929,1170,6,178,2025-08-01,Completed,Insurance,
4378,2343,1082,11,52,2025-07-21,Completed,Financing,4.0
4379,496,304,3,114,2024-05-22,Completed,Debit Card,3.0
4380,2021,1453,5,113,2023-11-24,Cancelled,,
4381,1267,2800,10,180,2025-07-14,Completed,Cash,3.0
4382,1593,3409,12,139,2024-11-19,In Progress,Insurance,
4383,412,344,4,39,2025-03-19,Completed,Financing,1.0
4384,1896,1633,4,118,2023-09-19,In Progress,Cash,
4385,593,1066,12,4,2025-10-23,Completed,Credit Card,5.0
4386,1074,2363,8,118,2025-11-30,Completed,Credit Card,
4387,2515,2341,7,100,2025-05-05,In Progress,Financing,
4388,1544,839,10,138,2024-01-19,Completed,Debit Card,1.0
4389,20,3188,12,153,2025-10-08,Completed,Financing,5.0
4390,2523,2455,11,128,2024-01-10,Cancelled,,
4391,371,2986,10,180,2025-11-13,In Progress,Credit Card,
4392,1366,54,2,34,2024-01-23,Completed,Financing,1.0
4393,2750,2497,6,97,2023-11-03,Cancelled,,
4394,1544,1619,8,83,2024-08-08,In Progress,Debit Card,
4395,2115,2980,12,165,2023-12-31,Completed,Cash,
4396,244,1250,11,134,2025-02-21,Completed,Cash,5.0
4397,1278,3429,1,68,2025-02-05,Completed,Debit Card,
4398,2823,523,9,57,2023-11-02,Completed,Credit Card,2.0
4399,1167,2900,5,169,2024-01-30,Cancelled,,
4400,1212,3232,2,119,2024-05-18,In Progress,Debit Card,
4401,1566,2704,5,76,2023-11-18,Completed,Financing,4.0
4402,705,1297,8,87,2024-04-01,Completed,Insurance,
4403,509,447,3,36,2023-11-06,Completed,Cash,5.0
4404,2399,2595,1,46,2024-11-06,Completed,Debit Card,
4405,2927,2671,1,177,2024-04-17,Completed,Debit Card,1.0
4406,2115,244,7,176,2024-09-24,Completed,Debit Card,2.0
4407,151,2296,6,113,2024-10-30,Completed,Debit Card,
4408,1627,3115,1,136,2023-03-19,Cancelled,,
4409,1226,525,5,152,2024-07-01,Cancelled,,
4410,2166,162,11,1,2025-02-24,In Progress,Cash,
4411,424,2689,8,149,2023-04-23,Completed,Cash,
4412,2898,3086,7,96,2024-07-15,In Progress,Credit Card,
4413,2444,2086,3,29,2024-01-08,Completed,Debit Card,5.0
4414,2813,1527,1,63,2023-06-09,Completed,Debit Card,1.0
4415,925,891,10,139,2023-10-06,In Progress,Financing,
4416,2109,494,5,82,2024-01-18,Completed,Debit Card,
4417,1780,1101,10,24,2023-06-23,Completed,Credit Card,5.0
4418,2254,1391,4,1,2023-10-18,In Progress,Insurance,
4419,1577,2058,11,46,2024-08-31,In Progress,Financing,
4420,561,364,5,31,2024-05-20,Completed,Financing,1.0
4421,1049,2560,10,138,2025-08-17,In Progress,Insurance,
4422,1770,1666,4,153,2023-02-14,Completed,Credit Card,
4423,2998,1132,4,177,2023-08-22,Cancelled,,
4424,2794,213,2,1,2024-08-21,Completed,Cash,5.0
4425,1285,2138,3,171,2023-02-26,Completed,Debit Card,1.0
4426,2664,2580,1,127,2024-01-21,Completed,Cash,
4427,1209,2825,11,34,2024-02-23,Completed,Debit Card,
4428,2464,2612,6,177,2025-02-14,Completed,Financing,4.0
4429,2656,1822,2,158,2023-10-19,Completed,Cash,1.0
4430,479,936,1,116,2024-12-14,In Progress,Debit Card,
4431,2887,1017,11,162,2023-12-05,Completed,Credit Card,2.0
4432,789,67,7,131,2025-05-21,In Progress,Financing,
4433,2402,3441,7,16,2023-08-26,Completed,Debit Card,2.0
4434,1915,2225,12,69,12/06/2024,Completed,Insurance,4.0
4435,1103,1599,9,16,2024-06-07,Completed,Insurance,2.0
4436,2046,680,6,160,2024-06-20,Completed,Insurance,
4437,1248,1362,11,141,2024-01-16,Cancelled,,
4438,2456,1941,1,112,2024-11-30,Completed,Insurance,4.0
4439,1137,597,10,145,2023-09-11,Completed,Cash,2.0
4440,1809,1109,6,77,2024-04-06,Completed,Credit Card,2.0
4441,1465,1711,10,167,2025-07-18,Completed,Credit Card,
4442,120,2918,3,177,2023-04-13,Completed,Cash,3.0
4443,356,2517,9,67,2023-01-20,In Progress,Cash,
4444,1725,2201,6,158,2025-06-14,Completed,Credit Card,4.0
4445,2955,3060,5,89,2024-05-14,Cancelled,,
4446,1859,1029,5,180,2024-09-08,In Progress,Debit Card,
4447,478,3093,11,72,2023-02-05,Completed,Cash,1.0
4448,2541,748,9,26,2024-03-07,Completed,Financing,5.0
4449,1732,1204,5,132,2023-09-27,Completed,Financing,3.0
4450,1864,2733,9,76,2025-07-29,In Progress,Financing,
4451,1134,3383,7,72,2024-03-25,Completed,Cash,3.0
4452,2065,96,10,137,2024-09-14,In Progress,Insurance,
4453,1331,2909,5,51,2023-05-18,In Progress,Debit Card,
4454,2986,2074,11,87,2023-05-11,Completed,Financing,3.0
4455,439,419,3,130,2023-08-03,Completed,Cash,2.0
4456,2,432,2,97,2025-06-07,In Progress,Cash,
4457,1103,1599,4,1,2025-05-22,In Progress,Cash,
4458,617,3361,11,149,2024-01-31,Completed,Credit Card,
4459,1482,1624,5,162,2023-01-27,Completed,Cash,5.0
4460,113,1171,2,114,2024-06-25,In Progress,Cash,
4461,1257,2536,3,174,2025-10-30,Completed,Insurance,3.0
4462,761,3092,8,26,2025-07-25,Completed,Credit Card,4.0
4463,927,3354,6,81,2025-05-02,Cancelled,,
4464,2489,1647,5,63,2023-01-28,Completed,Cash,1.0
4465,2635,1834,2,147,2023-06-22,Completed,Insurance,5.0
4466,872,924,10,150,2024-01-12,Completed,Debit Card,
4467,1945,1161,4,45,2025-05-16,Completed,Cash,
4468,2490,1703,3,128,2025-12-14,Completed,Cash,3.0
4469,298,284,8,64,2024-03-17,Completed,Credit Card,
4470,2254,1925,9,175,2025-05-20,Completed,Debit Card,
4471,1900,1372,1,141,2024-02-24,Completed,Credit Card,3.0
4472,2643,1268,10,101,2023-04-24,Completed,Cash,5.0
4473,1104,3230,8,134,2025-02-09,Completed,Cash,4.0
4474,2554,1253,7,97,2023-02-22,Completed,Debit Card,3.0
4475,1487,534,9,37,2025-06-01,Completed,Financing,2.0
4476,1403,358,8,87,2024-04-03,Completed,Insurance,5.0
4477,2333,229,7,41,2023-04-01,In Progress,Insurance,
4478,147,3104,3,115,2024-02-04,Completed,Cash,4.0
4479,621,1685,6,107,2025-08-19,Completed,Debit Card,
4480,849,451,12,66,2023-09-18,Cancelled,,
4481,7,2385,12,87,2024-06-06,Cancelled,,
4482,962,714,5,23,2024-06-21,Completed,Cash,2.0
4483,528,1732,2,163,2024-09-08,Cancelled,,
4484,2084,2369,10,123,2024-11-27,In Progress,Credit Card,
4485,1838,2302,4,5,2024-02-22,Completed,Credit Card,
4486,1597,979,12,107,2023-08-26,Completed,Credit Card,
4487,1173,3379,4,85,2023-03-24,Completed,Financing,
4488,1027,2773,7,104,2023-04-28,Completed,Cash,5.0
4489,1616,2478,6,23,2025-05-03,Cancelled,,
4490,2256,796,1,136,2025-06-21,In Progress,Financing,
4491,2287,2838,11,15,2023-02-27,In Progress,Cash,
4492,390,401,7,163,2023-06-02,Completed,Credit Card,
4493,561,15,7,135,2024-02-16,Completed,Financing,1.0
4494,228,2579,1,6,2024-08-18,Cancelled,,
4495,2656,25,6,175,2025-09-06,In Progress,Insurance,
4496,1979,1476,9,14,2024-06-02,Cancelled,,
4497,2031,3127,10,18,2024-05-14,Completed,Financing,2.0
4498,391,1878,10,73,2024-04-15,Completed,Cash,3.0
4499,810,3226,9,113,2023-02-17,Completed,Debit Card,1.0
4500,2487,2423,12,20,2024-10-22,Completed,Cash,4.0
4501,1255,2622,9,95,2023-12-16,Cancelled,,
4502,1126,1646,7,13,2024-04-12,Completed,Debit Card,1.0
4503,621,1685,4,112,2025-06-15,Completed,Credit Card,2.0
4504,2497,807,4,162,2024-12-22,Completed,Financing,3.0
4505,796,1833,1,85,2023-05-03,Cancelled,,
4506,1081,3447,12,31,2024-05-11,Completed,Insurance,
4507,537,726,4,32,2024-10-20,Completed,Cash,2.0
4508,2065,1515,8,45,07/01/2023,Cancelled,,
4509,1160,1322,8,18,2024-09-27,Completed,Financing,4.0
4510,2198,2066,3,35,2025-12-22,Completed,Financing,2.0
4511,2098,1034,6,177,2025-04-02,Completed,Debit Card,1.0
4512,2129,1927,7,4,2023-04-24,Completed,Financing,5.0
4513,599,2352,7,59,2025-08-10,Completed,Cash,5.0
4514,2462,3148,4,168,2024-07-22,Completed,Credit Card,1.0
4515,2624,1486,11,100,05/21/2025,Completed,Credit Card,
4516,2075,2853,11,176,2023-06-11,In Progress,Credit Card,
4517,939,737,4,103,2023-02-14,Completed,Insurance,4.0
4518,741,938,1,11,2023-06-26,Completed,Credit Card,
4519,1004,3059,5,38,2023-09-20,Completed,Financing,
4520,2733,2160,12,75,2023-01-19,Completed,Financing,
4521,106,409,11,135,2023-06-07,Completed,Debit Card,1.0
4522,1766,3332,2,163,2024-10-01,Cancelled,,
4523,1716,2255,6,50,2025-12-17,Completed,Cash,4.0
4524,2427,1756,12,158,2025-03-28,Completed,Credit Card,2.0
4525,2749,1933,1,116,2024-05-06,In Progress,Cash,
4526,1592,1772,5,88,04/20/2024,Completed,Financing,3.0
4527,1967,2755,8,87,2023-03-04,Completed,Cash,
4528,857,1007,6,123,2025-11-14,Completed,Debit Card,
4529,1048,2382,5,12,2024-04-23,In Progress,Cash,
4530,2465,2811,8,152,2024-06-24,Cancelled,,
4531,191,28,2,109,2025-12-03,Cancelled,,
4532,2464,2195,1,57,2025-08-17,Completed,Debit Card,5.0
4533,1826,2263,6,109,2025-02-08,Completed,Credit Card,3.0
4534,2427,743,8,62,2023-03-23,Completed,Insurance,3.0
4535,2043,1195,12,150,2025-12-12,In Progress,Cash,
4536,2883,2589,4,132,2024-03-18,Cancelled,,
4537,1447,34,12,106,2025-01-21,Completed,Insurance,1.0
4538,341,2822,7,66,2025-10-11,Completed,Insurance,5.0
4539,765,254,6,34,2024-09-26,Completed,Cash,3.0
4540,1883,2378,2,143,2024-08-10,Completed,Cash,1.0
4541,1581,2666,9,11,2024-02-19,Completed,Insurance,5.0
4542,1633,1638,10,17,2024-06-10,Cancelled,,
4543,1638,1146,2,128,2025-02-25,Completed,Credit Card,5.0
4544,559,2768,8,172,2024-10-01,In Progress,Credit Card,
4545,2052,1339,7,34,2025-04-22,Completed,Debit Card,4.0
4546,1664,894,1,88,2024-01-05,In Progress,Insurance,
4547,423,2224,12,60,2025-04-28,Completed,Financing,4.0
4548,960,1886,4,8,2025-05-23,In Progress,Debit Card,
4549,2744,396,2,144,2023-12-07,Completed,Cash,4.0
4550,2232,2504,10,77,2025-11-04,In Progress,Credit Card,
4551,2330,2232,11,153,2024-12-13,Completed,Debit Card,4.0
4552,2664,3040,7,137,2023-10-17,Cancelled,,
4553,1600,239,9,125,2023-10-22,In Progress,Cash,
4554,2754,2426,7,51,2023-01-24,In Progress,Financing,
4555,323,2088,1,63,2024-07-20,Completed,Insurance,2.0
4556,2301,528,5,126,2024-01-25,Cancelled,,
4557,46,2214,12,35,2023-07-20,Completed,Insurance,5.0
4558,2777,3439,12,129,2025-07-02,In Progress,Credit Card,
4559,2445,1100,11,31,2025-06-23,Completed,Credit Card,5.0
4560,1749,813,9,103,2023-04-14,Completed,Insurance,4.0
4561,2587,3199,2,147,2023-07-11,Completed,Debit Card,3.0
4562,2397,3166,12,34,2024-07-03,Completed,Credit Card,2.0
4563,90,1364,11,164,2025-08-09,Completed,Cash,
4564,2915,3167,9,141,2024-10-07,Cancelled,,
4565,2175,6,5,158,2025-01-12,Completed,Insurance,4.0
4566,2421,2744,6,59,2025-06-06,Completed,Insurance,5.0
4567,1040,313,5,55,2024-12-02,In Progress,Debit Card,
4568,1967,2755,5,52,2023-06-28,In Progress,Debit Card,
4569,1934,2001,4,102,2024-01-21,Cancelled,,
4570,2777,3439,1,163,2025-12-01,Completed,Cash,1.0
4571,1385,3146,3,36,2023-02-18,Completed,Debit Card,5.0
4572,240,448,10,122,2023-09-19,Completed,Financing,3.0
4573,2074,2887,5,42,2025-12-23,Cancelled,,
4574,2724,1775,2,81,2023-12-10,Completed,Financing,1.0
4575,1356,493,10,74,2023-04-08,Completed,Cash,
4576,2856,270,11,91,2023-09-16,In Progress,Cash,
4577,604,1190,4,40,2025-08-02,Completed,Debit Card,1.0
4578,2359,1737,7,107,2024-12-18,Completed,Insurance,1.0
4579,2369,777,8,18,2023-04-09,Completed,Financing,3.0
4580,2012,2933,6,91,2025-09-17,Cancelled,,
4581,582,2080,9,180,2023-09-22,In Progress,Cash,
4582,1630,2818,4,27,2025-07-28,Completed,Credit Card,5.0
4583,1216,1436,12,177,2025-04-06,Completed,Insurance,5.0
4584,2362,332,9,130,2025-09-25,Cancelled,,
4585,1404,1473,9,110,2023-09-02,Completed,Financing,
4586,642,2124,5,119,2023-04-27,Completed,Cash,3.0
4587,1724,1648,3,13,2023-08-06,Completed,Cash,1.0
4588,1212,3232,10,168,2024-08-19,Completed,Insurance,5.0
4589,2566,158,1,2,2024-02-01,In Progress,Insurance,
4590,2499,260,5,151,2025-05-16,In Progress,Debit Card,
4591,2156,3237,8,121,2024-08-23,Completed,Financing,
4592,1786,2658,7,29,2023-10-10,In Progress,Cash,
4593,2749,1933,1,101,2023-07-10,In Progress,Cash,
4594,896,1667,12,33,2023-11-18,In Progress,Financing,
4595,1409,666,4,25,2025-03-05,Completed,Debit Card,
4596,2025,417,5,112,2025-11-09,Cancelled,,
4597,1630,604,12,34,2025-10-22,Completed,Credit Card,
4598,1701,74,4,177,2023-09-03,Completed,Cash,
4599,2282,2417,2,130,2024-01-28,Cancelled,,
4600,1389,1755,4,73,2025-10-16,In Progress,Financing,
4601,1553,2868,9,176,2023-10-17,Completed,Credit Card,4.0
4602,2351,2187,2,31,2024-03-19,Completed,Debit Card,
4603,2517,533,9,58,2025-11-28,Completed,Insurance,
4604,1790,380,4,96,2025-12-21,Completed,Cash,1.0
4605,2616,3266,6,91,2024-08-31,Completed,Cash,2.0
4606,51,1725,10,9,2023-03-25,Cancelled,,
4607,521,648,12,31,2024-09-05,Completed,Credit Card,
4608,2254,1925,2,118,2025-08-24,Cancelled,,
4609,2956,1724,8,177,2024-12-30,Cancelled,,
4610,1097,43,1,81,2024-07-19,In Progress,Cash,
4611,2582,1401,8,95,2024-07-31,Completed,Debit Card,2.0
4612,626,1625,12,38,2024-12-08,Completed,Cash,4.0
4613,2034,2964,2,97,2023-12-01,In Progress,Cash,
4614,2303,300,5,42,2024-05-10,Completed,Credit Card,
4615,1321,395,3,131,2024-12-09,Cancelled,,
4616,1570,1278,12,125,2023-04-15,Completed,Financing,3.0
4617,1824,967,9,112,2025-08-24,Completed,Credit Card,
4618,16,2024,5,143,2025-03-13,Cancelled,,
4619,1389,1755,4,33,2025-10-01,Completed,Credit Card,
4620,2985,2950,10,6,2024-05-14,Completed,Cash,5.0
4621,93,1168,1,177,2024-11-01,Completed,Credit Card,
4622,1175,1120,10,16,2023-01-27,Completed,Cash,2.0
4623,2776,1890,1,169,2025-02-27,Completed,Credit Card,5.0
4624,2239,406,8,159,2023-08-03,In Progress,Debit Card,
4625,1427,1806,3,68,07/16/2023,Completed,Financing,3.0
4626,1375,1940,10,55,2025-06-23,Completed,Credit Card,3.0
4627,470,1321,12,55,2023-05-12,Completed,Financing,5.0
4628,2023,2190,4,119,2025-03-01,In Progress,Credit Card,
4629,2971,2430,8,142,2024-05-31,In Progress,Financing,
4630,501,3216,3,126,2025-10-02,Cancelled,,
4631,2268,2407,11,163,2025-07-30,Cancelled,,
4632,2275,793,1,89,2025-06-18,Completed,Financing,1.0
4633,2074,1555,6,51,2024-05-31,Completed,Credit Card,5.0
4634,1024,837,3,75,2023-12-03,Completed,Credit Card,4.0
4635,2016,2000,3,22,2025-10-23,Completed,Cash,1.0
4636,758,744,9,52,2023-12-30,Completed,Financing,2.0
4637,2832,1785,5,144,2023-11-11,Cancelled,,
4638,120,306,6,42,2023-08-08,Completed,Insurance,
4639,1953,3208,9,114,2023-06-24,Cancelled,,
4640,1557,2383,11,136,2024-01-13,Completed,Debit Card,5.0
4641,2348,439,3,177,2024-03-31,Completed,Cash,
4642,378,200,1,139,2023-05-21,Completed,Debit Card,2.0
4643,803,68,8,144,2024-03-11,Completed,Credit Card,2.0
4644,1403,358,3,175,2024-06-24,Completed,Insurance,2.0
4645,1522,3376,2,114,2023-05-04,Completed,Cash,
4646,329,193,12,9,2024-12-13,Cancelled,,
4647,1557,2362,2,119,2023-05-17,Completed,Financing,
4648,2125,3292,6,178,2023-09-10,Completed,Cash,
4649,1553,2868,5,42,2023-08-08,Completed,Cash,
4650,501,311,2,117,2023-12-08,In Progress,Cash,
4651,1511,246,9,11,2024-01-08,Completed,Credit Card,2.0
4652,2407,2285,1,25,2025-06-17,Completed,Debit Card,1.0
4653,1496,2459,2,29,2023-03-06,Completed,Cash,5.0
4654,931,2055,2,105,2025-10-10,Completed,Financing,
4655,195,932,5,153,2024-05-05,Completed,Debit Card,2.0
4656,1131,1709,12,122,2024-01-14,Completed,Financing,3.0
4657,2466,751,4,170,2024-01-31,In Progress,Insurance,
4658,2597,1383,1,141,2023-05-24,In Progress,Insurance,
4659,790,785,11,70,2025-02-11,In Progress,Cash,
4660,1562,2161,6,26,2025-11-02,Completed,Cash,1.0
4661,1199,1929,1,93,2025-06-25,In Progress,Insurance,
4662,2749,540,8,100,2023-05-27,Completed,Credit Card,
4663,20,3188,1,53,2024-05-26,Completed,Cash,
4664,2488,1600,9,17,2023-10-22,In Progress,Insurance,
4665,507,2197,1,167,2023-01-20,Cancelled,,
4666,2154,1574,2,16,2025-05-28,Completed,Cash,
4667,470,2926,8,113,2024-11-01,Completed,Financing,
4668,2404,1226,5,68,2024-04-30,Cancelled,,
4669,2826,3053,10,45,2023-12-11,Completed,Debit Card,3.0
4670,1565,393,10,59,2025-12-05,Completed,Debit Card,
4671,2751,2870,10,82,2024-09-15,In Progress,Debit Card,
4672,699,2351,12,121,2023-11-23,Completed,Insurance,
4673,1664,1514,9,101,2025-04-22,Completed,Credit Card,
4674,2181,478,4,18,2025-10-05,Completed,Financing,5.0
4675,2593,3217,8,149,2025-12-10,Completed,Debit Card,
4676,2268,236,8,82,2025-08-24,Completed,Credit Card,1.0
4677,411,2483,11,48,2023-01-11,In Progress,Credit Card,
4678,2960,2399,5,171,2025-04-16,Cancelled,,
4679,2757,1370,1,7,2025-05-02,Completed,Debit Card,3.0
4680,1029,3008,3,153,2025-11-01,Completed,Insurance,3.0
4681,1514,105,8,30,2023-01-23,Completed,Debit Card,1.0
4682,934,1681,11,35,2023-08-02,Completed,Insurance,4.0
4683,748,3119,4,4,2023-03-07,Completed,Debit Card,2.0
4684,56,3114,1,42,2023-08-26,Cancelled,,
4685,1174,2159,7,67,2024-07-31,Completed,Cash,
4686,1024,837,2,76,2024-05-23,Cancelled,,
4687,2542,3436,8,97,2023-09-04,In Progress,Debit Card,
4688,1482,3363,8,8,07/22/2023,Completed,Cash,2.0
4689,916,2092,3,15,2025-06-12,Completed,Credit Card,
4690,1956,3231,2,104,2024-10-14,Cancelled,,
4691,1438,711,1,174,2025-09-17,Completed,Insurance,4.0
4692,41,1283,11,130,2025-08-05,Completed,Financing,4.0
4693,1369,577,6,112,2023-02-02,Cancelled,,
4694,1589,1910,4,132,2025-05-17,Completed,Financing,
4695,2075,2853,3,89,2024-03-07,Completed,Credit Card,5.0
4696,2003,322,8,59,2025-11-15,Completed,Insurance,
4697,441,2535,1,105,2024-02-08,Cancelled,,
4698,1989,453,8,130,2025-04-18,Completed,Financing,2.0
4699,686,3291,8,108,2025-02-12,In Progress,Insurance,
4700,2039,317,3,15,2024-12-28,Completed,Cash,5.0
4701,2262,802,10,123,2023-08-27,Cancelled,,
4702,2451,654,7,141,2024-06-28,In Progress,Cash,
4703,1991,2710,5,16,2024-09-20,Completed,Financing,3.0
4704,1929,2432,10,117,2023-06-23,Completed,Insurance,
4705,2170,1789,7,149,05/20/2024,Completed,Debit Card,5.0
4706,2517,281,9,52,2025-05-18,Cancelled,,
4707,1841,40,8,176,2024-02-22,Completed,Cash,
4708,1278,14,2,101,2023-09-08,Completed,Financing,
4709,2053,2496,8,147,2023-10-07,Completed,Insurance,
4710,2889,2502,11,137,2024-03-24,Completed,Insurance,
4711,1258,909,2,137,2023-02-15,Cancelled,,
4712,2749,540,5,32,2025-01-14,Completed,Insurance,
4713,1049,571,7,117,2024-11-18,Completed,Credit Card,3.0
4714,1161,1677,7,107,2025-06-12,Completed,Cash,
4715,2658,753,11,56,2023-06-21,Completed,Cash,4.0
4716,2275,793,7,127,2024-09-05,Completed,Debit Card,2.0
4717,603,1227,10,78,2025-07-01,Completed,Cash,2.0
4718,1073,497,11,17,2024-05-22,In Progress,Financing,
4719,2343,341,4,62,2025-02-14,Completed,Credit Card,
4720,1325,3275,9,111,2023-11-24,Completed,Debit Card,
4721,789,67,8,165,2023-06-22,Cancelled,,
4722,1495,1499,1,106,2024-04-10,Completed,Financing,
4723,1546,2492,5,53,2023-10-16,Completed,Insurance,
4724,2731,2009,4,85,2023-12-13,In Progress,Financing,
4725,1189,1353,6,112,2024-07-09,Completed,Insurance,
4726,1813,1871,11,18,2025-04-03,Completed,Debit Card,1.0
4727,1731,1959,8,99,2023-08-15,Completed,Financing,3.0
4728,612,1113,5,144,2024-01-15,Completed,Insurance,
4729,1393,3406,3,3,2024-07-11,Completed,Financing,3.0
4730,914,1320,12,121,2024-07-09,In Progress,Debit Card,
4731,544,204,1,23,2025-06-22,Completed,Credit Card,4.0
4732,915,3244,9,63,2024-01-07,Completed,Financing,4.0
4733,2623,1605,12,51,2025-09-13,In Progress,Financing,
4734,2365,2326,10,142,2024-03-30,Completed,Cash,1.0
4735,2624,1486,9,30,2025-12-20,Completed,Cash,3.0
4736,2813,1710,5,136,2023-08-25,Completed,Debit Card,4.0
4737,1546,1851,1,109,2023-02-06,Completed,Financing,4.0
4738,2718,978,9,177,2023-05-30,Completed,Insurance,4.0
4739,1508,689,2,33,2025-02-01,Completed,Credit Card,3.0
4740,2460,189,6,157,2024-07-31,Completed,Cash,5.0
4741,208,84,2,44,2025-09-01,Completed,Credit Card,1.0
4742,2129,296,8,75,2025-01-19,Completed,Debit Card,
4743,1345,2246,2,121,2024-08-13,Completed,Credit Card,
4744,1438,3256,12,134,2025-01-08,Completed,Debit Card,2.0
4745,2855,3444,10,40,2023-12-11,Completed,Financing,1.0
4746,2817,2687,9,168,2025-10-01,Completed,Credit Card,3.0
4747,1633,916,3,162,2025-03-02,Completed,Debit Card,4.0
4748,2693,1575,1,122,2024-03-12,Completed,Financing,
4749,1137,597,5,36,2025-09-12,Completed,Insurance,
4750,2947,1962,3,165,2025-10-24,In Progress,Cash,
4751,1004,3059,4,12,2023-11-21,Completed,Debit Card,
4752,63,615,11,26,2025-07-01,Completed,Cash,3.0
4753,923,2793,5,57,2023-05-27,Cancelled,,
4754,1427,3329,9,132,2023-06-21,Cancelled,,
4755,1707,2943,12,169,2023-10-21,Completed,Credit Card,2.0
4756,1796,2456,7,155,2024-04-08,Completed,Debit Card,
4757,2771,2851,9,159,2024-04-11,Completed,Insurance,5.0
4758,669,2242,1,156,2023-02-24,Cancelled,,
4759,2874,945,7,95,2025-06-25,Completed,Cash,3.0
4760,75,1105,12,79,2024-09-30,Completed,Financing,4.0
4761,2126,912,8,49,2023-10-28,Completed,Debit Card,
4762,869,3282,5,125,2025-12-27,Completed,Cash,4.0
4763,1958,2613,11,88,2024-03-24,Completed,Financing,
4764,1040,313,2,30,2025-03-08,Completed,Insurance,
4765,1056,1562,12,91,2025-02-13,Completed,Credit Card,1.0
4766,1709,3364,8,166,2023-07-11,Completed,Financing,
4767,923,943,4,43,2024-04-20,Completed,Cash,
4768,2549,502,4,79,2024-11-17,Cancelled,,
4769,2924,3174,1,22,2024-05-12,Cancelled,,
4770,1836,955,8,36,2024-01-30,Cancelled,,
4771,794,2711,11,22,2023-09-20,Completed,Insurance,
4772,127,3355,9,162,2023-12-25,In Progress,Credit Card,
4773,1307,3274,7,143,2025-03-17,Completed,Insurance,1.0
4774,2715,3073,8,106,2023-02-03,Completed,Financing,4.0
4775,2616,3287,4,81,2025-11-09,In Progress,Financing,
4776,601,404,10,85,2023-12-13,Completed,Credit Card,
4777,1701,74,3,167,2025-12-12,Completed,Debit Card,
4778,2665,3341,10,114,2024-05-16,Completed,Debit Card,4.0
4779,329,2485,5,49,2025-10-22,Cancelled,,
4780,1075,2706,3,21,2023-04-24,Cancelled,,
4781,1165,2973,1,51,2025-03-22,In Progress,Debit Card,
4782,1646,2460,12,156,2025-03-13,In Progress,Credit Card,
4783,2373,2709,9,175,2025-02-11,Completed,Credit Card,
4784,1896,3067,7,172,2024-08-23,Cancelled,,
4785,163,1692,6,107,2023-10-29,Completed,Financing,2.0
4786,1592,1772,10,4,02/08/2023,Completed,Insurance,
4787,1316,768,3,4,2025-05-02,Completed,Financing,5.0
4788,2072,1254,11,21,2024-01-24,In Progress,Cash,
4789,2077,2539,8,6,2024-05-17,Completed,Debit Card,5.0
4790,393,2644,11,42,2024-03-29,Completed,Credit Card,
4791,538,3015,5,38,2023-11-27,Completed,Insurance,
4792,35,137,2,160,2023-02-12,Completed,Debit Card,5.0
4793,371,2556,11,44,2024-02-28,Cancelled,,
4794,2955,3060,11,93,2023-07-13,Completed,Credit Card,1.0
4795,2701,3055,10,78,2025-09-30,Cancelled,,
4796,64,2771,1,164,2024-07-30,In Progress,Credit Card,
4797,1557,2383,8,104,2025-07-26,In Progress,Insurance,
4798,828,2748,4,13,2023-07-30,In Progress,Cash,
4799,786,1369,4,162,2023-06-07,Completed,Debit Card,4.0
4800,715,1340,12,21,2024-05-03,Completed,Insurance,2.0
4801,907,2637,11,97,2024-12-09,Completed,Debit Card,
4802,2410,522,8,170,2025-02-01,Completed,Cash,3.0
4803,1806,2108,4,171,2023-06-20,Completed,Financing,2.0
4804,2509,1701,1,112,2023-05-31,Completed,Insurance,4.0
4805,1633,916,12,52,2023-03-05,In Progress,Debit Card,
4806,2855,3444,11,140,2024-10-09,Completed,Debit Card,5.0
4807,1555,488,8,55,2023-03-08,Completed,Financing,1.0
4808,2656,25,3,143,2024-10-20,Cancelled,,
4809,674,710,11,60,2024-03-03,In Progress,Cash,
4810,594,2170,7,37,2023-10-07,Completed,Debit Card,2.0
4811,2596,591,7,32,2024-09-10,Completed,Cash,2.0
4812,1563,788,1,100,2025-01-13,Completed,Insurance,1.0
4813,1642,2982,7,39,2023-08-10,Completed,Credit Card,2.0
4814,1101,1237,3,80,2023-09-13,Completed,Financing,5.0
4815,1656,2306,4,26,2023-02-24,Completed,Insurance,
4816,805,1770,9,39,2023-01-22,Cancelled,,
4817,1108,1608,11,144,2025-08-31,Completed,Credit Card,4.0
4818,1080,2718,12,72,2025-05-24,Completed,Insurance,5.0
4819,2292,1336,12,78,2025-07-23,Completed,Financing,
4820,47,1774,6,41,2023-03-24,Completed,Insurance,4.0
4821,2320,2518,5,75,2024-01-11,Completed,Insurance,3.0
4822,401,1208,8,28,2023-12-17,Completed,Insurance,3.0
4823,919,653,12,125,2025-12-05,Completed,Cash,
4824,370,3084,1,94,2024-08-12,Completed,Cash,
4825,877,2685,8,122,2023-05-07,In Progress,Insurance,
4826,1401,1862,10,13,2024-01-31,In Progress,Credit Card,
4827,1563,788,1,13,2024-07-03,Completed,Insurance,1.0
4828,2658,2959,1,23,2023-07-08,Completed,Debit Card,
4829,1489,2059,9,146,2024-09-24,Completed,Cash,
4830,333,3284,7,143,2023-11-27,Completed,Insurance,
4831,2655,2441,9,140,2025-01-20,Completed,Insurance,4.0
4832,566,1110,12,157,2025-06-05,Completed,Credit Card,4.0
4833,1160,1322,2,34,2025-03-28,Completed,Cash,3.0
4834,1271,1952,4,43,2025-09-15,Completed,Credit Card,1.0
4835,1672,1489,3,113,2024-04-27,Completed,Financing,1.0
4836,2075,3143,1,88,2023-01-13,Completed,Cash,
4837,514,2610,10,161,2024-02-25,Cancelled,,
4838,2392,984,11,168,2024-02-28,Completed,Debit Card,3.0
4839,393,2644,4,101,2024-03-14,Completed,Debit Card,4.0
4840,298,230,3,9,2023-03-21,Completed,Insurance,
4841,789,1621,7,112,2023-03-30,Completed,Insurance,4.0
4842,2368,2928,10,99,2023-01-29,Completed,Credit Card,
4843,124,1374,10,150,2024-04-29,Cancelled,,
4844,2815,2350,4,156,2024-07-14,Completed,Insurance,
4845,1394,2530,1,113,2024-01-18,Cancelled,,
4846,356,2300,3,36,2025-05-03,Completed,Cash,4.0
4847,357,1248,2,163,2024-06-18,Cancelled,,
4848,72,179,9,7,2023-03-20,Completed,Debit Card,
4849,7,2385,11,98,2023-06-30,Cancelled,,
4850,772,321,7,51,2024-03-22,Completed,Debit Card,
4851,1484,3252,3,171,2025-12-29,Completed,Debit Card,4.0
4852,2228,1056,5,131,2024-06-30,Cancelled,,
4853,1101,1237,10,25,2024-07-13,Completed,Debit Card,4.0
4854,2645,2260,2,157,2024-11-02,In Progress,Insurance,
4855,754,1911,5,177,2023-02-07,Completed,Cash,4.0
4856,1527,2679,12,172,2023-03-01,Completed,Financing,1.0
4857,1049,571,6,101,2025-06-19,In Progress,Financing,
4858,359,2175,12,68,2023-12-06,In Progress,Financing,
4859,1553,2868,8,14,2023-05-18,Completed,Insurance,
4860,1108,1608,6,5,2023-03-09,In Progress,Credit Card,
4861,2541,748,2,178,2025-07-12,Completed,Insurance,
4862,232,1271,12,22,2025-04-18,Completed,Insurance,
4863,309,1272,7,106,2025-04-23,Completed,Cash,
4864,2634,1523,2,35,2025-05-14,Cancelled,,
4865,2664,2580,1,28,2023-12-25,Completed,Cash,
4866,1516,624,9,99,2024-08-21,Completed,Financing,
4867,2549,502,4,19,2025-05-14,In Progress,Financing,
4868,675,90,11,97,2024-07-17,Completed,Cash,1.0
4869,927,3354,1,116,2023-10-02,In Progress,Debit Card,
4870,2643,2501,2,32,2025-07-03,Completed,Credit Card,5.0
4871,2558,167,6,129,2025-12-05,Completed,Financing,4.0
4872,16,2594,11,179,2023-12-11,Completed,Debit Card,3.0
4873,1304,2397,5,132,2025-05-18,Completed,Financing,
4874,2597,1383,3,170,2023-08-11,In Progress,Cash,
4875,2782,671,3,56,2023-12-07,In Progress,Credit Card,
4876,2401,1275,3,93,2024-04-05,Completed,Cash,5.0
4877,946,2833,8,160,2023-01-18,Completed,Financing,5.0
4878,2728,2692,4,45,06/10/2023,Cancelled,,
4879,178,2708,1,150,2024-10-05,Cancelled,,
4880,824,3251,5,43,2024-05-15,Cancelled,,
4881,1880,1135,6,153,2023-06-06,In Progress,Financing,
4882,111,857,9,131,2025-07-27,Cancelled,,
4883,12,315,1,21,2025-06-16,Completed,Financing,3.0
4884,1003,732,8,2,2024-03-20,Completed,Credit Card,1.0
4885,689,2184,9,108,2025-09-22,Completed,Financing,5.0
4886,1380,808,3,15,2023-10-30,Cancelled,,
4887,875,1546,3,23,2025-11-10,In Progress,Financing,
4888,697,3257,1,44,2025-08-08,Completed,Credit Card,4.0
4889,177,1503,11,39,2023-03-07,Completed,Financing,1.0
4890,120,1765,7,170,2024-12-18,Completed,Cash,2.0
4891,1638,1146,1,112,2023-04-13,Cancelled,,
4892,1709,2020,2,35,2025-04-23,Completed,Insurance,
4893,2626,2766,10,54,2024-11-08,Completed,Insurance,
4894,2744,302,9,29,2025-04-13,Completed,Debit Card,1.0
4895,1103,2077,6,62,2024-01-05,Completed,Credit Card,3.0
4896,2102,2484,3,69,2023-11-18,In Progress,Financing,
4897,1049,2560,8,105,2025-04-01,Completed,Credit Card,
4898,505,1525,8,24,2023-03-16,Cancelled,,
4899,2815,2350,3,122,2023-05-03,In Progress,Financing,
4900,1815,2861,7,172,2025-04-02,Completed,Insurance,5.0
4901,1842,1377,6,11,2025-09-15,Completed,Credit Card,5.0
4902,2389,1714,6,128,2023-05-28,Completed,Debit Card,2.0
4903,2456,3265,8,151,2023-12-15,Completed,Credit Card,2.0
4904,1141,1411,10,31,2024-03-24,Completed,Credit Card,1.0
4905,2125,125,10,151,2023-08-10,Completed,Cash,4.0
4906,1034,385,4,49,2023-06-20,Completed,Financing,
4907,2510,1906,12,152,2023-06-25,Completed,Credit Card,3.0
4908,1923,2941,6,156,2024-04-15,Completed,Insurance,
4909,1645,2693,5,71,2024-10-21,Completed,Financing,5.0
4910,2813,1710,7,174,2023-12-21,Cancelled,,
4911,2632,781,8,120,2024-04-22,Completed,Cash,1.0
4912,2995,2123,2,138,2024-11-09,Completed,Credit Card,4.0
4913,574,2028,9,110,2024-04-08,Completed,Insurance,
4914,2287,2838,12,91,2024-09-12,Completed,Insurance,2.0
4915,1958,273,1,106,2023-03-31,In Progress,Financing,
4916,2145,2495,12,47,2025-06-27,Completed,Insurance,3.0
4917,1006,2144,10,96,2023-05-09,Completed,Financing,
4918,154,1661,6,127,2024-02-20,Cancelled,,
4919,1802,1129,8,171,2024-05-30,Completed,Cash,4.0
4920,127,3355,7,73,2025-12-13,In Progress,Debit Card,
4921,2656,1822,3,44,2025-01-08,Completed,Debit Card,2.0
4922,2964,1124,1,134,2023-10-11,Completed,Credit Card,
4923,2701,3055,10,113,2024-07-31,Completed,Cash,1.0
4924,207,196,3,30,2024-05-20,Completed,Debit Card,5.0
4925,298,230,1,114,2024-09-11,Completed,Cash,1.0
4926,1494,2324,3,76,2025-11-09,Completed,Credit Card,
4927,748,2419,12,116,2025-05-23,In Progress,Debit Card,
4928,1838,1213,10,107,2023-05-11,Completed,Financing,
4929,1288,1223,12,116,2025-07-25,Completed,Debit Card,4.0
4930,2873,1118,12,54,2025-03-08,Completed,Insurance,
4931,281,3138,12,45,2025-09-21,In Progress,Financing,
4932,29,2871,11,8,2023-10-07,Completed,Credit Card,5.0
4933,2433,2665,5,137,2025-03-16,Completed,Debit Card,
4934,2373,2709,8,94,2025-03-03,Completed,Insurance,
4935,1403,358,2,157,2024-03-16,Completed,Financing,3.0
4936,77,1310,7,58,2024-08-18,Completed,Debit Card,1.0
4937,2190,3054,6,108,2025-03-01,Completed,Debit Card,2.0
4938,587,2551,12,111,03/12/2023,Cancelled,,
4939,1672,2120,5,172,2025-03-01,Cancelled,,
4940,2423,1219,1,136,2025-08-20,Completed,Credit Card,1.0
4941,1786,2105,8,125,2025-09-16,Completed,Credit Card,3.0
4942,1283,2282,2,41,2024-10-14,In Progress,Credit Card,
4943,2940,297,6,180,11/29/2023,Completed,Debit Card,4.0
4944,811,340,4,15,2024-01-19,Completed,Insurance,2.0
4945,2562,3440,3,165,2024-02-02,Completed,Credit Card,5.0
4946,173,3304,8,22,2023-06-12,Cancelled,,
4947,444,1945,4,154,2025-05-11,Completed,Insurance,5.0
4948,1985,1801,10,153,2025-06-02,Cancelled,,
4949,240,276,7,126,2023-12-21,Completed,Cash,
4950,697,3257,9,177,2023-12-22,Completed,Insurance,
4951,2218,1824,4,29,2023-11-27,In Progress,Debit Card,
4952,1883,1852,2,91,2023-10-15,Completed,Financing,1.0
4953,306,2486,7,28,2023-11-11,Completed,Insurance,
4954,2939,1036,10,67,2023-11-03,Completed,Insurance,1.0
4955,2604,3378,8,3,2025-10-21,In Progress,Financing,
4956,2456,1428,11,105,2023-08-20,Completed,Insurance,4.0
4957,2742,1020,8,69,2023-01-26,Completed,Financing,1.0
4958,2993,2872,12,156,2025-01-21,Completed,Debit Card,4.0
4959,1435,2273,2,153,2023-10-25,Cancelled,,
4960,1107,881,12,171,2023-06-07,Completed,Insurance,3.0
4961,2930,651,2,35,2024-10-09,Completed,Insurance,
4962,462,29,10,136,2023-05-16,Cancelled,,
4963,777,1963,8,90,2024-10-07,Completed,Financing,2.0
4964,470,2011,7,41,2025-08-14,Completed,Cash,2.0
4965,2832,1785,11,114,2025-04-30,Cancelled,,
4966,533,357,5,88,2023-09-30,Cancelled,,
4967,2557,1990,11,10,2024-07-02,Completed,Insurance,
4968,1968,3039,12,125,2025-04-11,Completed,Cash,3.0
4969,1285,2138,7,99,2023-02-27,Completed,Credit Card,
4970,1197,2902,1,12,2025-03-31,Completed,Financing,4.0
4971,2318,588,10,52,2024-09-13,Completed,Cash,1.0
4972,2435,2462,10,67,2023-04-17,Completed,Credit Card,1.0
4973,108,240,7,94,2024-11-24,In Progress,Debit Card,
4974,1771,2628,7,38,2024-03-21,Cancelled,,
4975,2333,929,8,162,2024-10-22,Completed,Debit Card,4.0
4976,961,42,3,100,2025-09-13,Completed,Debit Card,
4977,2209,228,7,116,2025-11-24,Completed,Financing,3.0
4978,2062,2937,6,179,2025-12-11,Completed,Debit Card,
4979,2924,75,8,85,2023-05-14,Completed,Credit Card,4.0
4980,1904,1844,5,99,2023-08-06,Completed,Cash,3.0
4981,2741,2972,1,26,2025-10-11,Cancelled,,
4982,442,2688,11,5,2025-01-27,In Progress,Insurance,
4983,451,1699,5,161,2024-09-19,Completed,Financing,
4984,2863,1246,9,80,2023-09-03,Completed,Cash,1.0
4985,1578,1158,4,83,2025-03-31,Completed,Credit Card,4.0
4986,1556,207,1,39,2023-12-29,Cancelled,,
4987,1979,1356,12,153,2025-05-14,Completed,Insurance,3.0
4988,2044,940,5,140,2023-07-19,In Progress,Credit Card,
4989,104,1238,9,100,2023-03-28,Completed,Financing,3.0
4990,2714,1669,10,30,2023-11-08,Completed,Financing,
4991,1299,2786,7,123,2025-08-08,Cancelled,,
4992,2949,370,3,122,2023-12-22,Cancelled,,
4993,2327,49,11,122,2024-05-28,Completed,Financing,3.0
4994,2481,2701,2,14,2024-04-10,In Progress,Financing,
4995,698,215,9,134,2025-04-15,Completed,Debit Card,
4996,2751,2870,6,48,2025-09-13,Completed,Financing,
4997,412,344,10,17,2023-06-20,Cancelled,,
4998,796,3219,11,86,2024-11-17,Completed,Debit Card,3.0
4999,2684,489,3,179,2025-05-18,Completed,Credit Card,3.0
5000,1380,1606,7,158,03/30/2023,In Progress,Debit Card,
5001,158,2110,9,18,2024-11-09,Cancelled,,
5002,228,316,12,8,2023-09-01,Completed,Credit Card,
5003,2027,1540,2,66,2024-11-17,Completed,Insurance,4.0
5004,1992,2747,2,14,2024-07-13,Completed,Cash,
5005,1737,2136,9,111,2025-08-24,Completed,Financing,
5006,1397,2533,1,178,2024-05-31,In Progress,Insurance,
5007,993,114,6,129,2023-08-12,In Progress,Cash,
5008,14,3006,12,25,2025-02-26,Completed,Insurance,
5009,1258,3139,9,43,2023-08-08,Completed,Cash,
5010,730,2185,7,130,2024-04-13,Completed,Financing,
5011,2226,1098,9,145,2024-12-04,Cancelled,,
5012,1279,3045,11,48,2025-07-04,Completed,Cash,4.0
5013,719,156,1,135,2024-12-10,Completed,Cash,2.0
5014,2755,3202,3,139,2023-03-08,Cancelled,,
5015,236,382,7,153,2023-03-30,Cancelled,,
5016,1449,730,10,84,2024-05-19,Completed,Insurance,
5017,2419,1566,2,3,2024-10-26,Cancelled,,
5018,1694,30,4,163,2025-10-12,Completed,Debit Card,
5019,1459,616,1,132,2025-05-08,In Progress,Credit Card,
5020,94,202,12,176,2025-10-13,Completed,Credit Card,3.0
5021,2779,1580,3,73,2024-01-21,Completed,Cash,5.0
5022,2294,258,12,117,2024-07-31,In Progress,Cash,
5023,622,2538,12,31,2023-01-15,Completed,Financing,1.0
5024,881,2403,6,5,2023-05-06,Completed,Debit Card,4.0
5025,1121,3131,3,15,2024-11-27,Cancelled,,
5026,532,1492,4,9,2023-02-21,Completed,Credit Card,2.0
5027,2998,1132,7,108,2025-09-18,In Progress,Insurance,
5028,2291,2268,11,109,2025-07-01,Cancelled,,
5029,664,368,1,160,2025-11-06,Completed,Credit Card,
5030,2817,2687,3,46,2025-06-07,Completed,Financing,
5031,1819,473,6,52,2025-07-06,Completed,Cash,1.0
5032,2276,1799,2,168,2023-04-13,Completed,Cash,1.0
5033,2302,1371,9,166,2024-04-09,Completed,Financing,2.0
5034,2781,2564,8,16,2024-08-05,Completed,Insurance,3.0
5035,706,855,10,53,2024-01-12,Completed,Financing,2.0
5036,1250,1032,11,94,2023-06-13,In Progress,Insurance,
5037,338,1102,2,13,2025-03-28,Completed,Cash,
5038,195,932,1,104,2024-12-08,Completed,Cash,
5039,1328,2095,3,143,2025-02-27,In Progress,Debit Card,
5040,2102,1389,7,64,2024-05-19,In Progress,Financing,
5041,2216,3308,11,40,2023-10-30,In Progress,Credit Card,
5042,102,375,8,91,2025-08-28,Completed,Insurance,2.0
5043,2595,462,12,41,2025-09-17,Cancelled,,
5044,1786,427,6,178,2023-09-28,Completed,Financing,2.0
5045,2846,3356,7,148,2024-05-01,Completed,Credit Card,5.0
5046,2376,2540,6,24,2025-01-15,Completed,Debit Card,5.0
5047,1927,2206,7,110,2025-12-01,In Progress,Financing,
5048,1812,1209,2,172,2023-10-16,Completed,Cash,4.0
5049,57,1236,6,126,2024-05-25,Completed,Insurance,
5050,1359,638,3,131,2025-01-21,Completed,Credit Card,2.0
5051,1439,449,3,21,2023-05-11,Cancelled,,
5052,565,543,12,21,2024-01-28,Completed,Cash,
5053,1694,566,8,66,2024-07-10,Completed,Debit Card,
5054,2065,1515,10,128,2023-10-13,In Progress,Financing,
5055,2466,751,11,71,2023-01-20,Completed,Credit Card,
5056,2086,2122,7,172,2023-12-02,Completed,Financing,2.0
5057,2464,2612,9,134,2024-08-08,Completed,Debit Card,1.0
5058,2361,2571,7,69,2025-06-07,Cancelled,,
5059,2368,2819,1,139,2024-04-06,Cancelled,,
5060,718,172,2,95,2025-08-20,Completed,Financing,4.0
5061,478,3093,5,16,2024-06-14,Cancelled,,
5062,684,1039,11,172,2024-05-26,Completed,Debit Card,4.0
5063,2404,1226,10,114,2024-01-16,Completed,Cash,3.0
5064,2442,141,4,54,2025-10-28,Completed,Insurance,5.0
5065,1324,2395,6,49,2024-01-11,Cancelled,,
5066,1075,1308,4,76,2025-08-26,Completed,Debit Card,4.0
5067,1077,259,7,62,2024-08-12,Completed,Credit Card,
5068,1388,1174,12,11,2025-04-08,Completed,Debit Card,3.0
5069,1694,1455,6,147,2025-10-21,Completed,Financing,1.0
5070,2934,901,5,65,2025-08-24,Completed,Financing,5.0
5071,2757,1370,4,18,2023-08-03,Completed,Credit Card,2.0
5072,945,594,12,27,2023-06-17,In Progress,Insurance,
5073,1095,415,11,92,2025-07-15,Completed,Financing,1.0
5074,1060,2619,1,170,2023-10-31,Cancelled,,
5075,2126,2606,4,37,2024-03-23,In Progress,Debit Card,
5076,2452,2675,9,15,2023-07-15,Completed,Cash,5.0
5077,1180,2239,9,3,2025-09-08,Completed,Financing,
5078,993,1123,4,98,2023-04-19,Completed,Cash,1.0
5079,1240,1289,4,97,2024-05-23,In Progress,Debit Card,
5080,2302,3157,4,110,2024-03-07,Completed,Cash,3.0
5081,536,1766,6,77,2023-10-21,Completed,Financing,4.0
5082,2698,870,3,23,2025-01-24,Completed,Financing,4.0
5083,173,1953,3,94,2025-04-30,Completed,Debit Card,
5084,2796,2512,11,116,2025-04-09,Completed,Debit Card,
5085,2401,138,8,10,01/24/2023,Completed,Financing,
5086,1114,1949,6,34,2025-11-28,Completed,Debit Card,5.0
5087,1639,1315,10,127,2024-04-03,In Progress,Cash,
5088,2026,2069,8,124,2025-10-31,Cancelled,,
5089,1394,218,6,123,2024-04-21,Completed,Insurance,1.0
5090,2509,2769,4,49,2025-09-11,In Progress,Insurance,
5091,1171,1948,3,114,2023-03-22,Completed,Financing,5.0
5092,2896,1028,11,9,2025-04-07,Cancelled,,
5093,1355,792,6,45,2025-09-16,Completed,Financing,
5094,2451,2506,12,139,2025-08-02,In Progress,Credit Card,
5095,2326,1781,3,95,2025-02-09,Completed,Insurance,
5096,2303,300,5,113,2025-08-28,Cancelled,,
5097,659,1202,6,138,2024-07-18,Completed,Financing,1.0
5098,1215,2219,10,135,2025-12-12,In Progress,Credit Card,
5099,155,2401,4,154,2023-12-07,Completed,Cash,1.0
5100,1114,1949,6,86,2024-12-27,In Progress,Debit Card,
5101,984,2461,2,90,2024-01-09,Cancelled,,
5102,1639,1315,1,50,2023-02-26,Cancelled,,
5103,362,2359,12,122,2025-08-12,In Progress,Credit Card,
5104,1241,2713,3,122,2025-08-21,In Progress,Debit Card,
5105,866,1024,3,87,2023-08-21,In Progress,Financing,
5106,2915,3167,4,51,2025-04-07,Completed,Financing,
5107,1211,3377,6,110,2025-12-10,Cancelled,,
5108,565,1112,4,129,2025-02-26,Completed,Financing,2.0
5109,575,1607,3,113,2023-08-22,In Progress,Cash,
5110,2749,27,7,76,2023-03-23,Cancelled,,
5111,2313,1904,2,133,12/30/2025,Cancelled,,
5112,2003,2739,7,60,2024-12-08,Completed,Credit Card,3.0
5113,2682,670,10,52,2025-04-12,Completed,Insurance,
5114,725,3278,9,138,2025-03-07,Cancelled,,
5115,2894,1215,7,117,2023-06-06,Completed,Credit Card,
5116,537,1872,10,121,2024-06-10,Completed,Cash,5.0
5117,229,2264,9,154,2023-09-25,Completed,Debit Card,3.0
5118,1049,2560,2,31,2024-08-06,In Progress,Cash,
5119,2985,1705,3,53,2024-05-01,Completed,Debit Card,
5120,512,2043,3,116,2023-04-07,Completed,Cash,1.0
5121,1271,3028,11,157,2024-06-04,Completed,Credit Card,
5122,1934,2001,5,154,2024-11-01,Completed,Credit Card,
5123,193,2516,3,123,2023-02-11,In Progress,Credit Card,
5124,2291,2268,4,40,2023-09-27,Cancelled,,
5125,1012,3267,12,53,2023-01-05,In Progress,Financing,
5126,2898,3086,4,165,2025-10-14,Completed,Cash,
5127,329,2485,5,162,2025-04-04,Completed,Insurance,5.0
5128,1570,2719,11,43,2023-09-09,In Progress,Credit Card,
5129,2922,2805,7,14,2023-03-01,Cancelled,,
5130,1735,2508,10,173,2024-01-14,Cancelled,,
5131,1893,986,11,75,2023-06-13,In Progress,Debit Card,
5132,1312,2978,2,13,2024-12-17,Completed,Credit Card,1.0
5133,665,658,8,126,2025-04-25,Completed,Credit Card,
5134,53,2831,9,57,2024-05-26,Completed,Cash,
5135,1991,2710,3,22,2024-02-25,Cancelled,,
5136,2173,2787,8,100,2025-11-24,Completed,Credit Card,2.0
5137,2088,1947,7,87,2025-01-13,Completed,Credit Card,2.0
5138,1843,277,12,105,2024-06-05,In Progress,Cash,
5139,740,226,11,48,2023-10-12,Completed,Credit Card,1.0
5140,987,500,5,100,2023-05-22,In Progress,Cash,
5141,2597,1383,9,175,2024-01-17,Completed,Credit Card,3.0
5142,684,1039,6,153,2023-09-12,Completed,Insurance,
5143,2057,3207,8,56,2023-01-06,Completed,Insurance,5.0
5144,1909,3367,4,44,2024-01-10,Completed,Debit Card,4.0
5145,1985,1801,1,77,2025-01-29,Completed,Cash,1.0
5146,101,2033,1,82,2023-09-07,Completed,Credit Card,1.0
5147,2003,1530,6,68,2024-12-18,In Progress,Financing,
5148,1857,1023,1,53,10/31/2025,Completed,Credit Card,5.0
5149,2753,2142,1,18,2024-09-24,Cancelled,,
5150,2427,743,2,13,2023-09-25,Completed,Credit Card,1.0
5151,2751,199,12,100,2023-10-08,Cancelled,,
5152,2389,1714,12,7,2025-08-19,Completed,Financing,1.0
5153,2832,1785,4,78,2024-03-16,Cancelled,,
5154,2852,1501,6,8,2025-06-23,Completed,Insurance,
5155,2449,1998,2,82,2025-10-02,Completed,Cash,4.0
5156,2939,1036,4,68,2023-11-09,Completed,Financing,1.0
5157,2387,3318,9,137,2023-07-26,Completed,Insurance,
5158,1147,2526,4,65,2023-11-23,Completed,Financing,
5159,148,646,1,65,08/02/2024,Completed,Cash,
5160,982,1846,4,169,2023-08-14,Completed,Financing,2.0
5161,1968,3039,4,123,2024-01-10,Completed,Debit Card,
5162,1273,2398,10,60,2025-03-27,Cancelled,,
5163,1081,778,2,46,2025-03-05,Completed,Credit Card,5.0
5164,2065,1515,11,118,2025-12-29,Completed,Cash,
5165,1871,2342,1,180,2024-12-27,Completed,Insurance,5.0
5166,2910,2903,7,141,2025-08-02,Completed,Insurance,
5167,1948,1351,12,171,2024-08-10,In Progress,Insurance,
5168,2518,163,10,117,2025-01-23,Completed,Debit Card,
5169,329,193,12,107,2024-10-19,Cancelled,,
5170,199,3319,9,111,2023-04-17,Completed,Cash,2.0
5171,1813,3449,9,139,2023-12-27,Completed,Insurance,1.0
5172,2782,671,10,65,2024-07-04,In Progress,Credit Card,
5173,1734,1517,4,28,2023-01-05,In Progress,Insurance,
5174,1317,2970,1,99,2025-06-29,Completed,Credit Card,4.0
5175,1329,2645,3,72,2025-10-14,Completed,Credit Card,5.0
5176,2031,3127,7,4,2025-08-21,Completed,Insurance,
5177,1827,2421,3,174,2024-12-31,Completed,Cash,
5178,2496,2591,8,105,2024-11-24,In Progress,Financing,
5179,635,503,2,2,2023-11-30,In Progress,Cash,
5180,378,1718,6,63,2024-10-10,Completed,Cash,
5181,1594,3270,12,153,2024-07-23,Completed,Insurance,
5182,794,2711,8,93,2023-01-20,Completed,Debit Card,
5183,1714,2537,11,50,2023-12-27,Completed,Cash,2.0
5184,415,1012,12,4,2023-11-05,Completed,Insurance,
5185,626,1625,4,20,2025-09-23,Completed,Credit Card,5.0
5186,2387,3318,10,150,2024-05-12,Completed,Cash,2.0
5187,1880,1135,11,128,2024-11-13,In Progress,Credit Card,
5188,518,548,9,56,2024-08-06,Completed,Cash,3.0
5189,229,2264,9,65,2025-08-08,Cancelled,,
5190,2889,3012,2,141,2024-02-11,Cancelled,,
5191,479,898,3,84,2024-04-22,Cancelled,,
5192,1051,1347,1,49,2025-04-28,In Progress,Cash,
5193,1175,1120,1,146,2025-01-15,In Progress,Debit Card,
5194,1753,2265,12,51,2024-04-25,Completed,Financing,2.0
5195,2675,1338,12,141,2025-12-09,Completed,Financing,5.0
5196,1049,2830,6,133,2025-10-28,Completed,Cash,3.0
5197,2158,274,6,71,2024-12-01,Completed,Debit Card,2.0
5198,639,1895,4,62,2023-04-18,Completed,Insurance,
5199,2358,3297,9,36,2025-09-07,Completed,Credit Card,5.0
5200,2750,2497,2,162,2023-10-16,Completed,Insurance,
5201,1967,2604,11,155,2025-07-21,Completed,Debit Card,3.0
5202,1679,3195,8,3,2023-03-25,Completed,Insurance,1.0
5203,1161,1108,10,26,2023-08-11,Completed,Financing,1.0
5204,531,3220,6,173,2025-07-21,Completed,Credit Card,
5205,444,214,12,18,2023-12-21,Completed,Insurance,
5206,2551,746,6,73,2025-01-22,Completed,Financing,
5207,2011,609,3,57,2023-10-02,Completed,Financing,5.0
5208,681,2625,12,111,2023-05-20,Completed,Insurance,
5209,1438,3256,5,149,2023-06-13,Cancelled,,
5210,968,2032,3,106,2024-06-01,Completed,Financing,3.0
5211,2750,1435,12,146,2024-03-03,Cancelled,,
5212,178,2708,2,90,2023-03-21,In Progress,Cash,
5213,2170,39,6,74,2024-03-30,Completed,Debit Card,
5214,1715,2211,2,160,2023-04-13,Completed,Debit Card,
5215,1688,1664,6,151,2023-05-27,In Progress,Insurance,
5216,1058,2734,3,77,2025-03-06,Completed,Cash,2.0
5217,410,2519,7,147,2023-09-27,Completed,Credit Card,5.0
5218,2227,121,11,82,2024-01-09,Completed,Debit Card,4.0
5219,1911,2873,3,52,2023-10-13,In Progress,Financing,
5220,1310,1730,2,144,2025-08-16,Completed,Financing,3.0
5221,1858,2153,2,8,2025-10-05,Completed,Debit Card,
5222,88,1314,1,165,2024-01-20,Completed,Cash,
5223,2899,293,2,167,2024-02-14,In Progress,Cash,
5224,1375,1940,10,68,2025-03-19,Completed,Credit Card,
5225,2157,2394,10,78,2025-09-25,Completed,Cash,
5226,2520,1988,12,174,2023-06-22,Completed,Insurance,1.0
5227,2571,1663,6,168,2024-04-29,Completed,Credit Card,
5228,1725,2201,12,167,2025-04-09,Cancelled,,
5229,523,641,1,6,2024-09-13,Completed,Debit Card,
5230,1691,1141,8,134,2023-01-20,Completed,Cash,3.0
5231,2751,199,2,36,2024-02-16,Completed,Credit Card,2.0
5232,1369,577,12,136,2023-04-20,In Progress,Financing,
5233,2770,2785,8,146,2024-10-23,Completed,Insurance,3.0
5234,2373,2709,7,6,2024-09-19,Completed,Credit Card,2.0
5235,1072,111,10,88,2025-09-29,Completed,Debit Card,4.0
5236,324,468,11,109,2025-08-20,In Progress,Financing,
5237,1931,3034,10,148,2023-12-19,Completed,Debit Card,
5238,1153,873,3,127,2024-05-31,Completed,Insurance,1.0
5239,2684,489,8,120,2024-12-22,Completed,Cash,3.0
5240,2018,133,4,162,2023-06-05,In Progress,Financing,
5241,2549,502,6,110,2025-07-26,Completed,Credit Card,5.0
5242,1358,3023,7,7,01/14/2023,Completed,Financing,
5243,179,2172,11,118,2023-09-07,Cancelled,,
5244,1812,2749,5,160,2025-06-26,Completed,Cash,5.0
5245,46,2214,9,3,2025-10-22,Completed,Insurance,
5246,2211,3272,10,24,2024-02-24,Completed,Credit Card,3.0
5247,2803,2284,3,73,2025-04-15,Completed,Credit Card,5.0
5248,2183,2046,4,43,2024-09-16,Completed,Insurance,
5249,2894,1215,4,129,2025-09-22,Completed,Cash,
5250,2182,1000,9,73,2023-07-15,Completed,Debit Card,5.0
5251,1796,2456,6,91,2024-10-28,Cancelled,,
5252,1212,3232,9,112,2024-04-14,Completed,Cash,
5253,2292,3246,10,121,2023-03-03,In Progress,Cash,
5254,806,1030,4,146,2023-09-19,Completed,Credit Card,
5255,1331,3088,3,37,2024-01-16,Completed,Insurance,1.0
5256,1645,2693,4,167,2023-11-16,Completed,Financing,5.0
5257,7,2489,12,174,2025-08-28,Cancelled,,
5258,2626,2766,12,163,2025-06-07,Completed,Credit Card,1.0
5259,2125,125,9,7,2024-08-11,Completed,Insurance,4.0
5260,2328,1942,11,36,2025-08-04,Completed,Insurance,
5261,891,2621,8,104,2025-08-21,Completed,Debit Card,
5262,1180,2239,6,44,2025-08-23,Completed,Credit Card,3.0
5263,1350,2885,12,23,2024-04-02,Completed,Cash,2.0
5264,1358,3023,4,167,2023-04-19,Cancelled,,
5265,2882,2469,2,147,2023-06-19,Completed,Credit Card,3.0
5266,1075,1308,6,82,2023-09-26,Cancelled,,
5267,2029,2031,1,29,2023-02-19,Completed,Debit Card,2.0
5268,1665,1584,3,21,2025-02-13,Completed,Financing,
5269,2990,1932,11,142,2023-04-12,Completed,Credit Card,4.0
5270,2817,2687,5,111,2023-02-12,Cancelled,,
5271,982,1846,2,153,2025-05-17,Completed,Financing,1.0
5272,984,2461,1,22,2023-06-04,Completed,Cash,
5273,2953,1536,8,125,2024-06-15,Completed,Debit Card,1.0
5274,2707,2848,8,69,2023-07-19,Completed,Financing,1.0
5275,1812,3261,8,135,2024-01-09,Completed,Debit Card,2.0
5276,626,1625,3,85,2024-02-12,Completed,Insurance,
5277,1012,3267,12,119,2023-04-13,Cancelled,,
5278,1734,1665,10,137,2024-05-11,Completed,Financing,2.0
5279,2382,2881,11,112,2023-07-27,In Progress,Debit Card,
5280,945,2464,6,68,2025-03-09,Completed,Financing,2.0
5281,518,548,5,150,2024-02-22,Cancelled,,
5282,1542,3411,4,150,2024-06-04,Completed,Insurance,
5283,1226,1258,5,2,2024-09-05,Completed,Credit Card,3.0
5284,1909,1382,11,3,2025-12-21,Completed,Debit Card,4.0
5285,2652,3215,3,82,2025-03-08,In Progress,Insurance,
5286,2202,1656,12,50,2023-02-18,Cancelled,,
5287,2262,2854,12,6,2025-07-29,Cancelled,,
5288,2178,1877,9,91,2023-02-15,Completed,Credit Card,
5289,2307,1243,8,20,2023-10-02,Completed,Insurance,2.0
5290,2460,189,3,102,2023-01-27,In Progress,Insurance,
5291,2815,2350,7,90,2025-03-19,Cancelled,,
5292,1049,2830,4,76,2024-09-05,Completed,Insurance,4.0
5293,1989,3419,12,60,2025-02-17,Cancelled,,
5294,1508,2859,10,64,2025-02-27,Completed,Insurance,
5295,2243,22,5,127,2024-12-24,In Progress,Insurance,
5296,437,1974,12,159,2024-06-01,Completed,Credit Card,5.0
5297,1566,683,6,155,2023-06-24,Cancelled,,
5298,869,510,2,110,2024-12-11,Completed,Debit Card,2.0
5299,1137,1865,11,104,2023-09-12,Completed,Financing,
5300,2271,2897,5,156,2025-06-06,Completed,Debit Card,5.0
5301,2157,1392,12,119,2023-04-21,Completed,Debit Card,4.0
5302,1579,827,11,23,2023-08-10,Completed,Credit Card,
5303,2562,3440,10,81,2025-07-12,Completed,Credit Card,
5304,2158,274,2,125,2023-02-19,Completed,Insurance,2.0
5305,1478,2772,4,165,2025-07-20,In Progress,Insurance,
5306,2490,1703,2,137,2023-08-25,Completed,Financing,4.0
5307,37,3147,4,3,11/04/2025,In Progress,Credit Card,
5308,2623,308,1,24,2024-12-31,In Progress,Credit Card,
5309,1344,2732,8,124,2025-05-16,Cancelled,,
5310,903,2874,2,98,2025-12-24,Completed,Debit Card,
5311,963,817,8,12,2024-04-09,Completed,Cash,1.0
5312,1612,791,2,118,2023-03-23,Completed,Cash,
5313,1768,2368,7,80,2024-06-24,Completed,Insurance,3.0
5314,669,1966,10,36,2023-01-29,Completed,Financing,2.0
5315,1930,1357,3,1,2025-01-16,Completed,Financing,3.0
5316,2946,1396,5,15,03/30/2025,Completed,Insurance,5.0
5317,263,1883,1,133,07/23/2023,In Progress,Financing,
5318,2473,1880,1,31,2024-01-28,Completed,Financing,1.0
5319,196,373,1,27,2025-12-21,Completed,Cash,2.0
5320,29,3224,8,84,2023-02-14,Completed,Credit Card,4.0
5321,559,790,9,99,2024-08-13,Completed,Financing,
5322,679,434,10,73,2024-06-19,Completed,Credit Card,4.0
5323,1566,2373,3,17,2024-05-24,Completed,Debit Card,4.0
5324,1991,1702,12,156,2024-12-06,Completed,Cash,3.0
5325,2595,462,10,143,2024-12-11,Completed,Credit Card,5.0
5326,1579,736,8,144,2025-11-27,Completed,Insurance,5.0
5327,2693,1575,12,120,2025-07-19,Cancelled,,
5328,1789,2984,10,134,2025-01-12,Completed,Financing,
5329,2368,2819,10,37,2025-04-15,Completed,Insurance,2.0
5330,2368,2819,11,142,2024-09-14,Completed,Insurance,5.0
5331,1953,98,2,30,2023-04-16,Completed,Financing,
5332,1441,569,11,32,2025-02-07,In Progress,Debit Card,
5333,2679,600,1,83,2025-01-18,Completed,Cash,5.0
5334,1006,2144,1,35,2025-12-27,Completed,Debit Card,4.0
5335,2648,1001,11,5,2024-01-05,Completed,Insurance,
5336,1609,595,6,21,2023-01-10,In Progress,Insurance,
5337,483,2989,11,26,2023-12-10,In Progress,Financing,
5338,2910,2903,1,180,2024-10-29,In Progress,Insurance,
5339,72,2655,10,63,2024-05-01,Cancelled,,
5340,1625,795,7,62,2025-10-01,Cancelled,,
5341,2628,1394,11,13,2024-06-07,Cancelled,,
5342,1656,2306,12,18,2025-09-03,Completed,Debit Card,
5343,1075,2999,3,30,2025-08-08,Completed,Credit Card,1.0
5344,1397,2533,10,146,2024-04-01,In Progress,Insurance,
5345,432,994,4,5,2024-07-25,In Progress,Cash,
5346,2373,2208,7,112,2024-05-15,Completed,Debit Card,4.0
5347,2587,3199,7,149,2023-10-12,Completed,Insurance,4.0
5348,2424,3357,4,115,2023-02-05,In Progress,Insurance,
5349,2724,1734,4,161,2024-03-07,Completed,Debit Card,
5350,1072,111,1,165,2024-01-15,Cancelled,,
5351,2496,2591,11,176,2025-04-19,Completed,Cash,
5352,1592,2742,4,41,2024-05-24,Completed,Debit Card,
5353,196,373,9,162,2024-06-10,Completed,Financing,3.0
5354,380,3359,2,136,2024-11-20,Completed,Financing,2.0
5355,2152,1426,1,20,2025-02-22,Completed,Debit Card,2.0
5356,982,1846,12,61,2023-02-02,Completed,Cash,3.0
5357,2043,1195,4,85,2023-01-21,Cancelled,,
5358,2175,930,4,49,2024-11-17,Completed,Insurance,5.0
5359,1366,54,2,19,2023-12-24,In Progress,Financing,
5360,2900,2509,4,154,2025-03-04,Completed,Credit Card,
5361,2489,2767,1,148,2023-04-28,Completed,Debit Card,
5362,851,2290,12,8,2023-03-22,Completed,Insurance,
5363,788,460,11,121,2025-10-06,In Progress,Insurance,
5364,961,1987,3,10,2024-03-09,Completed,Financing,4.0
5365,101,2033,3,87,2025-09-12,Cancelled,,
5366,1953,2624,4,153,2025-05-05,Completed,Credit Card,2.0
5367,1253,3380,12,33,2024-09-05,Completed,Credit Card,5.0
5368,1838,2513,11,155,2024-02-23,Completed,Debit Card,5.0
5369,2943,3164,10,78,2025-01-31,Completed,Credit Card,
5370,1688,1664,9,58,2023-02-17,In Progress,Debit Card,
5371,2216,1623,8,91,2024-10-11,In Progress,Financing,
5372,221,3101,11,167,2023-01-16,Completed,Credit Card,4.0
5373,1631,486,1,161,2023-02-03,In Progress,Credit Card,
5374,1134,3383,12,6,2024-11-11,Completed,Financing,3.0
5375,1278,14,1,70,2025-08-19,Completed,Debit Card,4.0
5376,1470,1867,6,93,2023-09-24,In Progress,Cash,
5377,1029,3426,5,128,2023-06-10,Completed,Debit Card,3.0
5378,1164,759,5,39,2025-08-06,In Progress,Financing,
5379,1708,2410,2,126,2024-10-08,Completed,Insurance,1.0
5380,2347,2353,9,96,2024-08-30,Completed,Credit Card,1.0
5381,2444,3250,4,170,2024-01-14,Completed,Financing,5.0
5382,1398,2345,8,127,2024-09-12,Completed,Debit Card,3.0
5383,518,548,9,129,10/09/2023,In Progress,Financing,
5384,1720,659,4,170,2023-07-19,Completed,Credit Card,2.0
5385,1250,1431,3,33,2023-03-23,Completed,Financing,5.0
5386,371,2556,1,107,2024-08-16,Completed,Financing,
5387,1797,1960,9,61,2023-12-21,In Progress,Insurance,
5388,1212,2691,1,130,2025-06-27,In Progress,Credit Card,
5389,2058,3090,7,64,2023-05-25,Completed,Debit Card,4.0
5390,1216,2162,9,173,2025-12-31,Cancelled,,
5391,2516,354,7,104,2024-01-12,Completed,Insurance,
5392,898,574,3,59,2024-04-29,In Progress,Financing,
5393,2387,3318,5,103,2024-09-15,In Progress,Insurance,
5394,2270,2327,12,95,2024-10-11,Completed,Insurance,1.0
5395,1375,1807,1,66,2024-08-26,Completed,Cash,1.0
5396,1672,1489,4,66,2025-03-01,In Progress,Credit Card,
5397,1766,2816,11,59,2024-03-23,Completed,Financing,
5398,121,1545,8,150,2023-03-23,Completed,Cash,1.0
5399,1033,46,1,16,2025-09-23,Completed,Insurance,3.0
5400,1840,290,7,15,2024-08-19,In Progress,Insurance,
5401,1444,1180,1,74,2023-04-16,Completed,Cash,
5402,2616,3287,3,124,2025-10-26,In Progress,Debit Card,
5403,505,2548,5,159,2023-11-24,In Progress,Credit Card,
5404,528,1732,7,153,2024-08-04,Cancelled,,
5405,828,2748,5,40,2025-12-10,Cancelled,,
5406,2435,2462,6,142,2025-10-11,Completed,Credit Card,2.0
5407,293,845,8,51,2024-12-21,Completed,Cash,2.0
5408,1763,3193,4,126,2025-12-27,Completed,Financing,
5409,2190,3054,8,157,2024-12-06,Completed,Debit Card,2.0
5410,2452,1270,11,9,2025-07-23,Completed,Cash,5.0
5411,2336,1813,6,83,2023-05-30,Completed,Insurance,
5412,512,2043,11,27,2025-05-14,In Progress,Insurance,
5413,1394,3345,1,73,2025-06-06,Completed,Financing,
5414,1019,1092,8,35,2024-01-11,Cancelled,,
5415,470,1321,11,151,2025-09-23,Completed,Insurance,
5416,2553,429,10,64,2024-08-07,Completed,Debit Card,2.0
5417,969,2528,10,18,2025-06-02,In Progress,Cash,
5418,265,2018,2,148,2025-01-16,In Progress,Insurance,
5419,2029,2031,11,162,2023-06-04,Completed,Financing,5.0
5420,369,1609,2,158,2024-06-23,Completed,Insurance,3.0
5421,552,346,9,37,2024-07-30,Completed,Cash,3.0
5422,415,1012,6,57,2023-10-04,In Progress,Debit Card,
5423,639,1895,7,169,2025-09-21,Completed,Insurance,
5424,611,2090,7,174,2024-07-25,Completed,Insurance,
5425,2489,1647,10,66,2023-06-06,Completed,Debit Card,5.0
5426,1105,1139,6,152,2023-11-30,Completed,Financing,3.0
5427,629,1287,5,107,2025-10-03,Completed,Financing,2.0
5428,503,3288,12,145,2023-01-10,Completed,Debit Card,
5429,1562,1415,12,60,2025-04-16,Completed,Cash,
5430,1595,2371,8,140,2025-04-15,Completed,Insurance,
5431,1473,2705,3,106,2023-12-27,In Progress,Credit Card,
5432,1075,2999,10,117,2025-04-11,Cancelled,,
5433,1062,1532,5,65,2023-04-06,Completed,Financing,1.0
5434,1991,1702,9,72,2023-11-07,In Progress,Financing,
5435,2164,376,3,29,2025-08-03,Completed,Insurance,
5436,127,3355,3,165,2025-09-12,Completed,Debit Card,5.0
5437,2129,1927,3,90,2024-07-06,Completed,Credit Card,
5438,18,2841,7,85,2024-11-02,Cancelled,,
5439,657,3392,12,110,2025-01-27,Completed,Insurance,
5440,284,2503,11,143,2024-06-23,Completed,Insurance,
5441,2103,2875,5,162,2023-03-15,Completed,Debit Card,
5442,1967,2604,5,140,2024-12-07,Completed,Financing,
5443,2972,568,9,123,2023-05-14,Completed,Credit Card,2.0
5444,742,3399,9,15,2023-09-03,Completed,Cash,4.0
5445,1567,1874,6,114,2024-05-22,Completed,Debit Card,5.0
5446,209,1156,6,173,2024-07-14,Completed,Insurance,5.0
5447,2352,387,4,37,2025-10-28,Cancelled,,
5448,1360,2828,12,26,2023-08-03,In Progress,Insurance,
5449,1564,3183,12,116,2025-03-24,Cancelled,,
5450,2562,2135,12,92,2024-05-25,In Progress,Debit Card,
5451,642,2124,9,43,2023-12-07,In Progress,Credit Card,
5452,2089,1635,11,125,2025-08-24,Completed,Financing,2.0
5453,2424,2372,9,116,2024-10-03,In Progress,Credit Card,
5454,1952,2607,3,23,2024-03-10,Completed,Cash,2.0
5455,410,1586,11,5,2024-05-15,Completed,Cash,4.0
5456,1511,292,3,151,2023-05-29,Completed,Credit Card,2.0
5457,596,2198,11,49,2025-04-29,Cancelled,,
5458,2282,2417,5,168,2023-09-05,In Progress,Cash,
5459,552,3337,10,173,2023-11-02,Completed,Credit Card,
5460,1930,1357,12,46,10/29/2025,Completed,Debit Card,
5461,975,2585,11,180,2023-12-07,Completed,Financing,
5462,1843,1683,2,157,2023-11-16,Completed,Credit Card,3.0
5463,1279,3045,4,153,2024-10-26,Cancelled,,
5464,779,920,1,82,2025-12-02,Completed,Insurance,5.0
5465,207,196,2,142,2025-05-02,Cancelled,,
5466,2696,1481,7,65,2024-02-02,Completed,Cash,3.0
5467,398,927,7,109,2023-01-02,Completed,Cash,
5468,2007,35,10,94,2025-12-02,In Progress,Credit Card,
5469,909,1845,12,145,2025-08-25,Completed,Debit Card,2.0
5470,239,2960,11,106,2024-08-02,Cancelled,,
5471,1981,2210,5,169,2024-07-11,Completed,Debit Card,2.0
5472,1692,104,11,172,2025-06-28,Completed,Insurance,3.0
5473,2190,2583,1,133,2023-01-27,Completed,Cash,4.0
5474,2779,1580,10,147,2025-01-18,Completed,Insurance,2.0
5475,250,1121,1,98,2024-05-29,Cancelled,,
5476,1564,634,1,48,2024-12-11,Completed,Insurance,
5477,2072,243,4,19,2025-11-22,Completed,Cash,2.0
5478,189,1869,2,82,2023-05-04,In Progress,Debit Card,
5479,2332,1556,1,7,2025-04-03,Cancelled,,
5480,391,1292,1,148,2025-07-30,Cancelled,,
5481,2005,3185,3,117,2023-11-26,Cancelled,,
5482,548,1691,7,78,2025-10-08,Completed,Credit Card,2.0
5483,750,47,12,177,2023-05-18,Completed,Insurance,3.0
5484,2772,514,7,112,2024-05-09,In Progress,Financing,
5485,1298,388,4,153,2024-10-10,Completed,Insurance,2.0
5486,2011,1907,3,29,2025-10-05,Cancelled,,
5487,2198,2066,5,119,2023-08-23,Cancelled,,
5488,2139,3307,11,41,2024-04-30,Completed,Insurance,
5489,1475,2435,5,110,2025-04-13,Completed,Insurance,
5490,2174,3042,7,32,2024-07-24,Completed,Insurance,
5491,2505,2712,11,170,2023-06-28,Completed,Insurance,2.0
5492,1670,603,9,170,2023-03-02,In Progress,Insurance,
5493,2435,2462,9,19,2023-01-10,Cancelled,,
5494,2752,1218,8,11,2023-11-06,Cancelled,,
5495,2794,1778,8,109,2024-05-15,Completed,Cash,
5496,536,1766,6,100,2024-03-05,Completed,Credit Card,
5497,136,2557,12,159,2023-12-21,Completed,Credit Card,
5498,688,2231,4,1,2025-06-25,Cancelled,,
5499,2217,900,1,97,2024-01-29,Completed,Credit Card,3.0
5500,871,1759,8,22,2023-08-18,Completed,Financing,5.0
5501,1464,2280,12,14,2024-01-12,In Progress,Debit Card,
5502,1711,1216,12,61,2025-11-01,Completed,Cash,4.0
5503,1591,1097,6,102,2025-01-26,Completed,Debit Card,3.0
5504,445,73,9,34,2023-06-24,Completed,Financing,3.0
5505,610,2904,9,95,2023-11-18,Completed,Insurance,2.0
5506,624,1902,11,152,2023-04-17,Completed,Insurance,5.0
5507,1240,1289,8,122,2025-02-23,Completed,Credit Card,3.0
5508,2795,485,8,117,2023-03-04,In Progress,Insurance,
5509,2384,1284,1,29,2025-12-17,Cancelled,,
5510,2845,835,11,56,2025-06-18,Completed,Cash,
5511,105,422,7,180,2024-07-17,Completed,Cash,
5512,2423,1219,3,70,2025-08-09,Completed,Insurance,
5513,1876,831,10,150,2025-07-05,Completed,Debit Card,1.0
5514,982,1157,9,157,2023-10-31,In Progress,Insurance,
5515,2643,2501,3,173,2025-01-21,Cancelled,,
5516,2351,2187,7,107,2024-10-20,Completed,Credit Card,3.0
5517,1701,2155,7,89,2024-12-25,Completed,Credit Card,
5518,532,1492,6,140,2023-07-30,Cancelled,,
5519,1752,2760,11,168,2023-04-15,Completed,Insurance,4.0
5520,1918,1967,11,49,2024-01-16,Completed,Credit Card,
5521,1916,3255,5,7,2024-03-13,Completed,Insurance,5.0
5522,2882,2469,4,63,2025-10-08,Completed,Credit Card,
5523,1659,2783,10,116,2025-10-19,Completed,Credit Card,4.0
5524,809,811,11,158,2023-01-14,Cancelled,,
5525,805,1770,6,11,2023-07-07,Completed,Insurance,
5526,2675,1338,4,171,2024-11-07,Completed,Financing,
5527,1407,2084,8,16,2023-06-14,Completed,Credit Card,
5528,2453,2979,6,94,11/01/2024,In Progress,Credit Card,
5529,1231,3071,9,149,07/12/2025,In Progress,Credit Card,
5530,1721,2673,6,68,2024-01-19,Completed,Debit Card,3.0
5531,503,3288,4,44,2024-02-08,Completed,Debit Card,
5532,2057,3207,2,51,2023-12-21,Cancelled,,
5533,1612,578,6,52,2025-11-21,Completed,Credit Card,
5534,337,2577,2,126,2024-05-04,Completed,Financing,
5535,2406,1046,11,68,2025-09-17,In Progress,Debit Card,
5536,2327,49,10,8,2025-11-17,Completed,Insurance,5.0
5537,423,55,12,98,2025-09-26,Completed,Cash,
5538,2746,812,5,90,2024-01-27,Cancelled,,
5539,2,1885,9,11,2024-08-31,Completed,Credit Card,1.0
5540,2383,816,4,53,2025-03-27,In Progress,Insurance,
5541,2774,2890,6,81,2023-02-19,Completed,Debit Card,3.0
5542,365,400,2,170,2025-03-20,Completed,Financing,3.0
5543,2420,1450,11,61,2025-07-12,Completed,Debit Card,2.0
5544,188,53,4,33,2024-07-01,Completed,Credit Card,
5545,471,3423,4,103,2024-01-18,In Progress,Financing,
5546,96,535,8,119,2023-10-04,Completed,Debit Card,1.0
5547,789,67,10,18,09/28/2025,Completed,Debit Card,5.0
5548,2190,2583,12,148,2024-06-25,In Progress,Financing,
5549,163,1692,6,143,2025-05-06,Completed,Cash,3.0
5550,1969,3033,6,114,2025-12-09,Completed,Credit Card,
5551,2971,2430,3,43,2024-08-20,Completed,Financing,
5552,418,836,4,63,2023-09-19,Completed,Debit Card,1.0
5553,2118,2649,1,43,2024-08-15,Cancelled,,
5554,2822,1538,1,34,2024-01-24,Completed,Credit Card,5.0
5555,2731,2009,11,7,2024-01-10,Completed,Cash,
5556,2661,82,12,101,2023-12-19,Completed,Credit Card,4.0
5557,462,29,7,164,2023-11-28,Completed,Cash,
5558,669,1966,5,63,09/09/2024,Completed,Debit Card,5.0
5559,2247,1720,3,4,2025-09-26,Completed,Financing,4.0
5560,1708,1565,4,118,2024-01-17,Completed,Financing,4.0
5561,2557,1990,5,149,2023-07-01,Completed,Debit Card,2.0
5562,1978,2044,6,80,2025-03-15,Completed,Cash,
5563,1,3425,5,151,2023-03-01,Completed,Insurance,3.0
5564,1242,663,10,52,2025-01-23,Completed,Insurance,
5565,155,2401,5,73,01/19/2024,Completed,Financing,5.0
5566,2031,3127,9,57,2025-01-21,Completed,Debit Card,3.0
5567,2011,609,2,13,2023-11-08,Cancelled,,
5568,1234,2629,2,142,2025-04-07,Completed,Cash,3.0
5569,2522,1442,10,123,2025-04-10,Completed,Debit Card,2.0
5570,706,496,9,158,2025-08-06,Completed,Credit Card,5.0
5571,2755,3202,9,60,2025-11-24,Completed,Cash,1.0
5572,985,554,12,139,2023-05-22,Completed,Insurance,2.0
5573,1210,1403,11,99,2025-03-08,Completed,Debit Card,
5574,696,1177,7,86,2024-01-12,In Progress,Credit Card,
5575,35,1495,11,33,2025-10-02,Completed,Debit Card,
5576,1141,1411,2,72,2025-09-09,Completed,Financing,
5577,2717,2438,11,91,2024-01-16,Completed,Cash,3.0
5578,309,1548,2,58,2025-07-10,Completed,Insurance,3.0
5579,2948,1191,8,179,2023-01-06,Completed,Credit Card,1.0
5580,2479,2801,3,163,2025-02-28,Completed,Credit Card,
5581,796,1833,2,76,2023-08-09,Completed,Debit Card,2.0
5582,2741,1462,11,160,2025-11-07,Completed,Financing,1.0
5583,218,3169,9,77,2023-07-22,Completed,Financing,
5584,2949,2813,6,18,2024-06-20,Completed,Debit Card,5.0
5585,621,1685,1,22,2025-05-19,Cancelled,,
5586,1838,2279,3,41,2023-09-03,Completed,Financing,
5587,2596,591,12,111,2023-06-08,Completed,Debit Card,
5588,1341,2702,10,111,2025-04-12,Completed,Insurance,5.0
5589,2948,1191,11,143,2025-03-24,Completed,Financing,
5590,700,2416,12,21,2025-06-29,In Progress,Financing,
5591,1045,1972,12,133,2023-09-26,Completed,Financing,1.0
5592,2878,1776,4,138,2024-03-21,Completed,Cash,2.0
5593,2910,2903,7,43,2025-06-25,Cancelled,,
5594,1004,3059,9,17,2023-08-13,Completed,Financing,
5595,1659,1264,1,35,2025-09-16,Cancelled,,
5596,2790,2581,3,8,2023-11-13,In Progress,Financing,
5597,1112,1319,12,72,2025-04-16,Completed,Debit Card,2.0
5598,1638,1146,6,62,2023-08-11,Cancelled,,
5599,741,299,5,21,2023-06-21,Completed,Financing,
5600,2406,1046,6,79,2023-08-29,Completed,Debit Card,
5601,964,232,9,155,2025-02-21,In Progress,Financing,
5602,2771,520,1,50,2024-12-15,Completed,Credit Card,3.0
5603,233,3080,10,140,2023-10-08,Cancelled,,
5604,2404,2376,5,91,2023-11-08,Completed,Debit Card,4.0
5605,258,45,8,167,2025-09-14,Completed,Financing,4.0
5606,372,1194,3,157,2024-04-19,Completed,Credit Card,
5607,2749,540,5,73,2023-12-21,Completed,Insurance,4.0
5608,138,2406,12,21,2023-11-08,Cancelled,,
5609,2,432,8,42,2023-05-02,Completed,Financing,5.0
5610,720,99,2,31,2023-11-23,Cancelled,,
5611,1421,3443,1,41,2024-08-13,In Progress,Credit Card,
5612,2407,2634,10,24,2024-07-09,Completed,Credit Card,
5613,1484,3252,10,134,2025-09-30,Completed,Debit Card,
5614,1721,2673,7,62,2023-07-05,Completed,Financing,3.0
5615,1668,2741,7,73,2024-11-23,Completed,Insurance,1.0
5616,2229,3137,12,41,2025-04-29,In Progress,Debit Card,
5617,1709,1582,11,155,2025-09-26,Cancelled,,
5618,1632,2578,2,121,2025-12-18,In Progress,Credit Card,
5619,523,3340,12,106,2024-02-18,In Progress,Cash,
5620,529,783,2,31,2024-04-21,Completed,Debit Card,4.0
5621,2190,3054,1,74,2025-06-13,Cancelled,,
5622,1918,1967,9,147,2024-02-24,In Progress,Financing,
5623,1585,3435,1,122,2024-07-25,In Progress,Credit Card,
5624,2924,75,4,58,2023-03-23,Cancelled,,
5625,1797,2408,10,132,2023-08-25,Completed,Credit Card,
5626,1960,1896,7,110,2025-06-18,Completed,Credit Card,1.0
5627,1625,2876,6,167,2025-09-12,Completed,Credit Card,2.0
5628,2623,1605,1,40,2023-03-31,Completed,Debit Card,
5629,1934,2001,5,129,2023-03-20,Cancelled,,
5630,1909,1382,2,77,2025-06-26,Completed,Credit Card,
5631,997,3122,9,167,2023-09-23,Completed,Debit Card,3.0
5632,2499,1407,3,53,2025-03-14,Completed,Credit Card,4.0
5633,1121,3131,2,154,2025-10-11,Completed,Credit Card,
5634,1627,3115,4,14,12/30/2025,Cancelled,,
5635,1631,884,2,153,2023-01-06,Completed,Cash,
5636,1174,3204,7,172,2023-09-12,Completed,Insurance,1.0
5637,1566,2704,7,62,2023-05-02,Completed,Debit Card,1.0
5638,2479,234,10,160,2024-01-08,Completed,Cash,5.0
5639,305,2465,3,143,2023-08-28,Cancelled,,
5640,2818,93,10,72,2025-11-13,In Progress,Debit Card,
5641,501,2515,9,66,2024-03-26,Cancelled,,
5642,676,2466,1,4,2025-05-13,Completed,Credit Card,
5643,817,959,9,38,2023-11-14,In Progress,Debit Card,
5644,229,2264,11,96,2023-12-06,Completed,Cash,
5645,1782,2035,3,86,2025-08-10,Cancelled,,
5646,2835,3091,11,17,2024-10-11,Completed,Financing,1.0
5647,1161,1677,10,113,2025-04-02,Completed,Insurance,4.0
5648,1572,2240,9,3,2025-08-23,Completed,Cash,5.0
5649,2175,864,10,11,2025-10-13,Completed,Insurance,
5650,2960,2529,6,139,2025-05-25,Completed,Cash,5.0
5651,2397,3166,10,164,05/11/2024,Completed,Credit Card,4.0
5652,2411,1467,1,20,2023-01-05,Completed,Cash,3.0
5653,788,840,9,53,2023-01-06,Completed,Credit Card,
5654,2216,1477,12,172,2025-12-27,Completed,Financing,
5655,1435,2273,5,102,2024-01-12,Completed,Credit Card,4.0
5656,2657,2133,5,116,2024-03-23,In Progress,Credit Card,
5657,1660,3171,9,92,2024-02-10,Completed,Financing,1.0
5658,2106,2869,7,60,2024-12-28,Cancelled,,
5659,2821,1500,3,105,2024-06-18,Cancelled,,
5660,2971,2430,4,48,2025-05-25,Completed,Financing,
5661,2299,3036,11,62,2023-01-15,Completed,Cash,5.0
5662,570,2354,9,131,2023-06-13,Cancelled,,
5663,1824,967,12,79,2024-01-17,Completed,Cash,3.0
5664,2568,3387,4,81,2024-09-30,Completed,Credit Card,
5665,566,639,9,86,2025-04-05,Cancelled,,
5666,1046,3130,12,162,2024-03-30,In Progress,Credit Card,
5667,94,202,7,142,2023-11-12,Completed,Debit Card,
5668,713,176,1,153,2025-07-25,Completed,Debit Card,
5669,2945,3350,11,119,2024-12-22,In Progress,Cash,
5670,1501,1176,2,39,2024-06-15,Completed,Debit Card,1.0
5671,2466,751,6,143,2024-10-26,Completed,Cash,2.0
5672,1659,2434,4,164,2025-09-27,Completed,Credit Card,3.0
5673,1412,183,3,96,2025-03-16,Completed,Financing,3.0
5674,856,3110,11,82,2024-05-01,In Progress,Financing,
5675,2477,3353,6,32,2024-10-14,Completed,Debit Card,4.0
5676,1659,253,4,159,2025-06-10,Cancelled,,
5677,1561,3214,9,100,2024-02-21,Completed,Credit Card,
5678,1833,2672,3,52,2025-08-24,In Progress,Financing,
5679,2292,3246,2,71,2023-09-09,Completed,Financing,1.0
5680,1168,1464,3,73,2023-07-26,Completed,Financing,
5681,56,688,6,117,2024-10-20,In Progress,Cash,
5682,1458,1899,4,6,2023-08-13,In Progress,Credit Card,
5683,2530,949,8,89,2024-05-18,In Progress,Cash,
5684,1255,2622,4,65,2024-02-16,Cancelled,,
5685,1940,1,2,176,2025-05-05,Completed,Cash,4.0
5686,2156,129,10,18,2024-04-13,Completed,Insurance,3.0
5687,614,291,1,179,2023-09-25,Cancelled,,
5688,2190,3054,2,67,2024-08-14,Completed,Credit Card,2.0
5689,1438,711,3,101,2023-02-15,Cancelled,,
5690,561,275,6,8,2023-12-16,Cancelled,,
5691,25,3321,2,131,2025-06-15,Completed,Financing,
5692,2048,1225,8,103,2023-03-06,Completed,Cash,1.0
5693,662,312,8,20,2025-10-07,Completed,Cash,5.0
5694,173,153,10,145,2023-12-31,Completed,Debit Card,1.0
5695,2751,2870,5,119,2024-07-28,Completed,Credit Card,1.0
5696,2115,2980,6,83,2025-10-06,Completed,Debit Card,5.0
5697,1503,1009,2,84,2023-07-15,Completed,Debit Card,
5698,356,3344,2,138,2025-11-21,Cancelled,,
5699,2007,35,2,175,2025-06-03,In Progress,Cash,
5700,1780,1101,6,106,2023-05-25,Completed,Insurance,
5701,387,1072,1,134,2024-07-30,Completed,Credit Card,
5702,2708,182,3,62,2025-07-21,Completed,Financing,1.0
5703,604,2305,2,81,2025-02-17,Completed,Financing,
5704,2954,552,1,127,2024-10-09,Cancelled,,
5705,204,2050,11,41,2025-03-19,Completed,Financing,
5706,1952,2607,11,6,2024-03-25,Cancelled,,
5707,419,3324,7,4,2024-01-16,Cancelled,,
5708,796,3219,9,42,2024-08-01,Completed,Debit Card,
5709,2187,1919,9,115,2024-10-10,Cancelled,,
5710,897,614,4,22,2023-10-24,Completed,Debit Card,1.0
5711,1555,488,9,82,2025-04-25,Completed,Credit Card,3.0
5712,992,3249,6,145,2023-05-15,Completed,Financing,2.0
5713,2145,2495,5,171,2024-01-04,Cancelled,,
5714,2948,1191,11,5,2025-10-17,Cancelled,,
5715,2141,896,5,19,2024-11-22,Completed,Cash,
5716,1086,1049,3,27,2023-08-14,Completed,Cash,3.0
5717,2999,3349,10,146,2024-09-15,Completed,Cash,
5718,2347,2353,1,128,2025-06-09,Completed,Debit Card,3.0
5719,298,230,11,110,2025-10-24,Completed,Credit Card,4.0
5720,2268,236,1,142,2025-06-16,Completed,Credit Card,
5721,102,375,9,9,2023-03-22,Completed,Credit Card,4.0
5722,2313,1904,8,106,2024-10-11,Completed,Financing,2.0
5723,2781,2564,5,91,2024-07-27,Completed,Credit Card,3.0
5724,183,1256,8,132,2025-12-17,In Progress,Cash,
5725,992,3249,6,150,2024-05-08,Completed,Cash,1.0
5726,789,1260,3,129,2024-10-15,In Progress,Cash,
5727,1609,595,3,50,2023-08-22,Completed,Insurance,4.0
5728,1255,50,1,48,2023-08-06,Completed,Debit Card,
5729,1383,3120,10,35,2023-08-12,Cancelled,,
5730,524,139,5,55,2023-07-25,Completed,Cash,
5731,2043,1195,4,19,2023-01-31,In Progress,Cash,
5732,2864,1682,7,63,2023-01-24,Completed,Credit Card,5.0
5733,497,209,11,60,2024-03-02,Completed,Debit Card,4.0
5734,148,3029,1,38,2024-12-29,Cancelled,,
5735,2014,216,11,19,2025-07-11,Completed,Insurance,4.0
5736,2479,2801,3,110,2024-05-02,Completed,Debit Card,1.0
5737,2185,3228,2,129,2025-02-10,In Progress,Credit Card,
5738,2156,3237,11,149,2024-03-16,Completed,Cash,
5739,1267,865,11,91,2024-08-01,Completed,Insurance,1.0
5740,1973,1363,11,58,2025-04-03,Completed,Debit Card,
5741,104,3368,10,141,2023-05-28,Cancelled,,
5742,1778,668,9,18,2023-01-15,Completed,Financing,4.0
5743,2254,1925,12,177,2023-02-28,Completed,Insurance,1.0
5744,1813,1871,10,133,2024-11-19,Completed,Financing,4.0
5745,1656,1790,2,116,2023-11-13,Completed,Cash,3.0
5746,656,1273,2,93,2024-12-08,In Progress,Debit Card,
5747,2456,3265,8,154,2024-11-18,In Progress,Cash,
5748,1665,2183,2,138,2024-03-17,Completed,Credit Card,1.0
5749,762,3210,2,94,2024-01-06,Completed,Cash,3.0
5750,796,1833,4,68,2024-10-27,Completed,Insurance,
5751,2644,2949,5,11,2023-06-21,Completed,Cash,
5752,2401,1275,1,65,2024-06-21,Completed,Debit Card,
5753,2939,729,10,46,2023-04-26,Completed,Credit Card,
5754,1563,2404,5,150,2025-07-12,Completed,Debit Card,
5755,161,134,11,32,2023-03-10,Completed,Financing,1.0
5756,2347,2782,3,111,2023-10-26,Completed,Financing,
5757,2225,620,6,139,2023-06-22,Completed,Insurance,2.0
5758,2758,645,4,130,2023-09-03,Completed,Credit Card,2.0
5759,2794,702,10,7,2025-09-15,Completed,Credit Card,1.0
5760,680,2988,9,137,2023-07-11,Completed,Debit Card,2.0
5761,2941,2616,8,28,2024-06-30,Completed,Debit Card,
5762,2763,2969,9,123,2024-10-05,Completed,Debit Card,5.0
5763,791,1037,11,32,2025-03-10,Completed,Insurance,
5764,1360,2828,11,103,2024-12-22,Cancelled,,
5765,2011,609,8,157,2024-08-03,Completed,Credit Card,
5766,1012,490,7,132,2023-09-06,Completed,Credit Card,4.0
5767,2401,138,5,128,2023-02-11,Completed,Insurance,
5768,2404,1226,9,31,2023-04-11,Completed,Insurance,2.0
5769,2507,191,8,124,2024-05-10,Completed,Credit Card,4.0
5770,2098,2781,4,149,2023-09-13,Completed,Credit Card,4.0
5771,2720,1961,2,127,2025-03-21,Completed,Cash,
5772,2125,1649,7,141,2023-04-15,Completed,Financing,5.0
5773,252,2216,11,80,2024-08-10,Cancelled,,
5774,448,558,5,70,2024-11-29,Completed,Financing,3.0
5775,166,1451,4,75,2025-10-25,Completed,Debit Card,2.0
5776,562,2022,7,114,2025-05-13,In Progress,Debit Card,
5777,1277,445,6,70,2025-01-25,Completed,Insurance,2.0
5778,2541,748,2,138,2023-06-11,Completed,Financing,3.0
5779,1953,98,7,135,2024-03-15,Completed,Insurance,5.0
5780,367,2014,8,95,2023-05-10,Completed,Insurance,5.0
5781,1886,752,7,78,2024-04-28,Completed,Cash,5.0
5782,2133,2130,11,5,2025-08-29,Completed,Cash,
5783,1117,859,7,46,2024-01-08,Completed,Insurance,
5784,832,754,2,3,2023-05-14,Completed,Cash,5.0
5785,1287,1914,5,89,2023-11-14,Completed,Cash,2.0
5786,2517,281,12,121,2025-02-08,In Progress,Debit Card,
5787,845,988,12,7,2024-01-12,In Progress,Credit Card,
5788,1638,2643,11,157,2024-04-02,Completed,Debit Card,4.0
5789,2036,3187,5,50,2023-01-21,Completed,Cash,
5790,2842,1307,9,153,2024-06-03,Cancelled,,
5791,974,3285,9,168,2024-03-15,In Progress,Insurance,
5792,2414,256,8,19,2024-08-13,Completed,Financing,1.0
5793,514,1298,6,50,2024-10-24,Completed,Insurance,1.0
5794,306,3253,11,83,2024-09-28,Completed,Credit Card,1.0
5795,604,1190,3,83,2024-07-04,Cancelled,,
5796,26,1065,7,152,2025-02-05,Completed,Debit Card,
5797,1307,3274,6,111,2025-09-03,Completed,Cash,
5798,1522,3376,5,70,2024-07-07,Completed,Insurance,4.0
5799,2320,2518,8,159,2023-11-12,Completed,Insurance,1.0
5800,1767,1217,1,176,2023-02-19,In Progress,Insurance,
5801,1252,1051,1,139,2025-12-16,Completed,Insurance,
5802,849,451,9,88,2025-12-11,Completed,Cash,
5803,2062,469,7,167,2024-08-21,In Progress,Credit Card,
5804,193,455,12,44,2025-11-25,Completed,Financing,
5805,2190,2583,9,21,2024-10-14,Completed,Credit Card,3.0
5806,1557,2362,5,64,2025-05-15,Completed,Insurance,5.0
5807,2098,1034,3,152,2025-06-15,In Progress,Credit Card,
5808,904,1913,8,160,2023-02-23,In Progress,Cash,
5809,741,938,4,32,2025-08-15,Completed,Debit Card,5.0
5810,1437,3142,12,177,2025-12-06,Cancelled,,
5811,1861,1390,2,56,2024-06-15,Completed,Insurance,
5812,2353,1561,12,88,2023-04-24,Completed,Financing,
5813,1750,2387,3,48,2025-03-21,Completed,Financing,3.0
5814,750,47,5,15,2025-10-09,Completed,Debit Card,1.0
5815,2317,1794,4,108,2024-11-06,In Progress,Insurance,
5816,517,2381,8,121,2024-06-04,Completed,Insurance,4.0
5817,75,1105,5,87,2023-11-08,Completed,Debit Card,
5818,1711,2181,9,79,2025-02-19,Completed,Credit Card,
5819,537,726,1,100,2025-06-26,Completed,Credit Card,4.0
5820,2304,2725,6,35,2024-11-23,Completed,Insurance,
5821,2604,3378,4,169,2024-04-19,Completed,Debit Card,2.0
5822,553,1178,4,119,2025-08-21,Completed,Insurance,4.0
5823,1734,2100,6,153,2025-09-05,Completed,Financing,
5824,2745,2547,5,156,2025-02-16,Completed,Debit Card,4.0
5825,1394,3345,2,160,2025-02-09,In Progress,Financing,
5826,1786,427,2,39,2025-07-28,Completed,Debit Card,4.0
5827,1426,1249,9,54,2023-08-31,In Progress,Insurance,
5828,1759,2597,1,155,2025-02-11,In Progress,Financing,
5829,1104,24,9,45,2024-11-08,Completed,Insurance,
5830,2036,2569,10,161,2024-05-26,Completed,Credit Card,
5831,2763,1989,9,55,2024-06-12,Completed,Credit Card,4.0
5832,2623,1857,3,35,2024-02-24,In Progress,Cash,
5833,2940,297,2,111,2024-05-05,Completed,Insurance,5.0
5834,994,461,1,36,2024-05-13,Completed,Credit Card,
5835,1239,911,11,82,2023-11-25,Completed,Cash,3.0
5836,111,857,2,105,2023-10-20,Completed,Credit Card,5.0
5837,367,1183,1,141,2024-09-07,Completed,Cash,
5838,2801,2392,6,58,2025-12-18,Completed,Credit Card,4.0
5839,1508,2859,4,21,2024-06-25,Completed,Credit Card,
5840,1960,1896,3,53,2024-04-22,Completed,Financing,
5841,200,699,4,105,2024-03-27,Cancelled,,
5842,1741,1715,3,179,2025-04-30,In Progress,Insurance,
5843,2563,3173,6,24,2024-09-22,Completed,Debit Card,2.0
5844,2217,900,6,81,2023-11-15,Completed,Debit Card,
5845,1759,2597,3,127,2024-09-08,In Progress,Insurance,
5846,1174,2159,8,22,2023-09-29,In Progress,Cash,
5847,1222,3018,2,54,2024-04-15,Completed,Financing,5.0
5848,725,1873,9,130,2023-02-03,Completed,Cash,
5849,1867,2098,7,58,2025-08-23,Completed,Debit Card,2.0
5850,195,2340,5,48,2024-11-05,Cancelled,,
5851,577,211,4,16,2024-10-10,Completed,Credit Card,
5852,927,3354,5,23,2025-05-04,Completed,Financing,5.0
5853,1820,2976,4,135,2024-05-14,Completed,Cash,2.0
5854,2292,3246,6,156,2023-10-03,Cancelled,,
5855,1500,3063,2,26,2023-04-01,In Progress,Debit Card,
5856,71,3301,9,27,2024-11-11,In Progress,Debit Card,
5857,173,2662,1,11,2023-05-25,Completed,Credit Card,
5858,1276,2514,12,169,2025-08-16,Cancelled,,
5859,1819,473,2,6,2025-12-17,In Progress,Credit Card,
5860,1433,1133,4,28,2025-10-28,Completed,Financing,
5861,1725,2493,10,97,2023-08-18,Completed,Cash,1.0
5862,1535,2164,6,107,2023-02-12,Completed,Cash,1.0
5863,604,1393,1,85,2025-01-23,In Progress,Credit Card,
5864,496,304,11,20,2024-04-13,Completed,Debit Card,1.0
5865,310,1062,10,133,2024-04-20,Completed,Debit Card,
5866,1350,2885,10,123,2025-04-02,Completed,Debit Card,4.0
5867,1110,682,12,27,2024-07-07,In Progress,Debit Card,
5868,1871,2342,2,43,2025-05-11,Completed,Insurance,2.0
5869,2162,23,9,173,2025-08-31,Cancelled,,
5870,961,42,4,11,03/22/2025,Completed,Debit Card,3.0
5871,2895,3373,11,69,2024-08-11,Completed,Insurance,4.0
5872,1739,1731,6,124,2023-05-13,Completed,Cash,2.0
5873,1768,2368,2,99,2023-09-27,Completed,Cash,3.0
5874,1277,445,5,19,2024-02-06,Completed,Cash,2.0
5875,1686,2295,3,61,2024-06-04,In Progress,Debit Card,
5876,1694,566,11,80,2025-11-04,Completed,Cash,3.0
5877,1629,1572,7,167,2024-02-15,Completed,Insurance,5.0
5878,1394,218,12,70,08/10/2024,Cancelled,,
5879,1302,1603,7,95,2024-09-09,Completed,Insurance,
5880,315,2716,10,13,11/08/2023,Cancelled,,
5881,1051,562,9,72,2025-10-27,Completed,Debit Card,3.0
5882,343,3302,5,11,2024-11-10,Completed,Debit Card,5.0
5883,175,581,9,125,2023-02-11,Completed,Cash,
5884,698,215,1,85,2023-05-13,Completed,Financing,4.0
5885,793,2447,1,111,2024-04-04,In Progress,Financing,
5886,1594,1543,5,172,2024-09-09,Completed,Credit Card,5.0
5887,1770,1666,11,44,2025-12-07,Completed,Insurance,5.0
5888,2387,3318,8,129,2024-04-24,In Progress,Cash,
5889,2077,2539,7,122,2024-01-20,In Progress,Debit Card,
5890,2763,2969,2,173,2024-10-08,Completed,Cash,4.0
5891,1929,2432,5,82,2023-05-21,Completed,Credit Card,
5892,2246,3062,6,93,2024-09-20,Completed,Cash,4.0
5893,1750,963,8,10,2024-07-03,Completed,Debit Card,2.0
5894,1508,689,9,14,2025-10-09,In Progress,Financing,
5895,2320,3172,10,123,2025-02-26,Cancelled,,
5896,1627,3115,4,35,2023-11-04,Completed,Credit Card,1.0
5897,418,3223,6,41,2025-01-08,Completed,Debit Card,
5898,1134,2879,3,24,2025-04-02,In Progress,Cash,
5899,1030,1173,3,136,2025-03-16,Completed,Debit Card,
5900,501,2515,10,39,2023-06-13,Completed,Financing,
5901,1869,2544,11,21,2023-03-19,Cancelled,,
5902,1809,1109,6,124,2025-04-10,Cancelled,,
5903,168,2094,6,35,2025-09-09,Completed,Debit Card,5.0
5904,1951,3388,5,114,2024-08-19,Completed,Insurance,2.0
5905,226,2642,10,32,2023-04-10,Completed,Insurance,
5906,412,2139,4,3,2023-11-17,Completed,Debit Card,4.0
5907,1394,2418,5,62,2025-09-05,Cancelled,,
5908,1596,2205,9,93,2023-08-14,In Progress,Insurance,
5909,1961,2670,7,96,2025-01-30,In Progress,Debit Card,
5910,2501,397,9,88,2025-04-01,In Progress,Debit Card,
5911,577,353,10,22,2024-09-12,Completed,Debit Card,1.0
5912,1406,2261,11,78,2023-02-25,Completed,Debit Card,2.0
5913,2318,588,6,85,2024-03-30,Completed,Cash,
5914,392,1840,3,179,2023-01-23,Cancelled,,
5915,1124,1696,1,76,2023-01-07,Completed,Credit Card,2.0
5916,2976,1485,10,159,2025-10-04,Cancelled,,
5917,2605,1900,1,23,2025-07-01,Cancelled,,
5918,1296,2893,1,22,2023-07-24,Cancelled,,
5919,1746,2586,1,55,2024-04-03,Completed,Debit Card,
5920,656,2907,5,127,2024-04-03,Completed,Cash,
5921,2477,3353,7,36,2024-11-17,Completed,Cash,2.0
5922,2678,331,7,43,2024-03-27,In Progress,Financing,
5923,2706,1568,3,59,2023-12-10,In Progress,Insurance,
5924,3,587,5,110,2024-06-21,Completed,Credit Card,5.0
5925,164,1557,12,150,2023-04-22,Cancelled,,
5926,2611,325,1,91,2024-12-17,In Progress,Insurance,
5927,139,286,11,136,2023-05-03,In Progress,Insurance,
5928,2307,3103,6,88,2024-02-14,Cancelled,,
5929,2077,2707,9,17,2025-01-11,Cancelled,,
5930,1871,2636,4,158,2023-11-14,Completed,Debit Card,2.0
5931,932,1115,3,85,07/17/2024,Completed,Credit Card,
5932,1774,698,12,14,2025-12-26,In Progress,Insurance,
5933,1695,1078,9,161,2025-04-17,Completed,Insurance,5.0
5934,1341,868,11,160,2024-01-14,Completed,Cash,2.0
5935,1006,2144,10,136,2025-06-06,Completed,Financing,5.0
5936,258,45,2,97,2024-01-14,Cancelled,,
5937,1508,2511,4,80,2023-04-21,Completed,Cash,2.0
5938,148,3029,5,144,2024-07-11,Completed,Financing,
5939,1806,2108,4,22,2023-11-13,Completed,Insurance,5.0
5940,1300,269,8,41,2024-01-08,In Progress,Debit Card,
5941,994,461,4,6,2025-06-07,Completed,Insurance,
5942,2270,529,10,106,2025-04-03,Completed,Credit Card,
5943,1509,740,5,171,05/03/2023,Completed,Debit Card,
5944,2501,397,8,173,2025-05-05,Completed,Credit Card,
5945,18,2048,8,56,2025-09-10,In Progress,Cash,
5946,136,91,5,70,2025-08-11,Cancelled,,
5947,701,621,1,77,2025-05-17,Cancelled,,
5948,2671,2176,7,152,2024-01-22,Completed,Debit Card,
5949,2075,2853,2,155,2023-11-01,Completed,Cash,
5950,1483,1325,5,121,2024-02-10,Completed,Credit Card,3.0
5951,1187,3083,1,17,2023-11-29,In Progress,Debit Card,
5952,2338,2963,6,47,2024-03-30,Completed,Financing,3.0
5953,1225,2600,1,51,2025-10-16,Completed,Cash,4.0
5954,898,574,4,35,2023-10-26,Completed,Cash,
5955,2989,106,3,54,2023-08-19,In Progress,Insurance,
5956,1309,1733,1,47,2024-02-28,Completed,Financing,
5957,1843,1683,6,100,2025-10-22,Cancelled,,
5958,369,874,11,85,2025-11-14,Completed,Debit Card,5.0
5959,744,1738,7,133,2024-04-28,In Progress,Cash,
5960,2772,2083,4,101,2023-01-18,Completed,Cash,2.0
5961,2397,3427,6,60,2023-02-17,Completed,Credit Card,5.0
5962,1408,1384,10,118,2024-04-28,In Progress,Debit Card,
5963,2659,1440,10,146,2024-06-11,Completed,Cash,2.0
5964,2720,3352,4,174,2023-12-14,Completed,Debit Card,2.0
5965,110,2948,6,135,2023-02-09,Completed,Cash,
5966,1148,2996,9,69,2023-02-11,Completed,Credit Card,2.0
5967,2043,1939,9,101,2023-01-10,Cancelled,,
5968,1331,3088,5,105,2025-01-17,In Progress,Financing,
5969,1209,2825,7,102,2025-11-21,Completed,Financing,3.0
5970,2109,452,3,14,2025-09-10,Cancelled,,
5971,1819,423,9,102,2024-02-22,Completed,Debit Card,4.0
5972,1255,50,12,92,2024-10-18,Completed,Cash,
5973,2873,1118,11,46,2023-07-02,In Progress,Financing,
5974,261,1713,2,156,2024-09-18,Completed,Debit Card,5.0
5975,641,697,3,17,2024-12-27,Cancelled,,
5976,524,139,2,172,2023-01-19,In Progress,Credit Card,
5977,1141,1411,1,44,2024-09-11,Cancelled,,
5978,2025,417,7,130,2024-09-16,In Progress,Credit Card,
5979,1786,2658,12,163,2025-12-16,Completed,Debit Card,3.0
5980,1898,414,10,103,2025-10-02,Cancelled,,
5981,610,2904,5,96,2025-01-01,Completed,Debit Card,
5982,1465,1711,9,81,2023-10-06,Cancelled,,
5983,764,1038,6,13,2025-10-18,Completed,Credit Card,4.0
5984,1730,89,1,78,2023-10-14,Completed,Insurance,4.0
5985,47,1774,12,13,2023-09-06,Completed,Insurance,4.0
5986,1339,1829,6,170,2024-12-12,Cancelled,,
5987,1553,2552,5,176,2024-04-20,Completed,Insurance,4.0
5988,815,378,2,92,2025-03-30,Completed,Debit Card,
5989,306,2486,4,148,2025-03-25,Completed,Financing,5.0
5990,205,824,11,64,2025-08-14,Completed,Insurance,4.0
5991,1127,1452,2,84,2024-03-19,Completed,Insurance,
5992,2065,96,8,135,2023-05-29,In Progress,Cash,
5993,1393,1950,11,142,2025-08-12,In Progress,Credit Card,
5994,107,1819,10,64,2024-06-16,In Progress,Cash,
5995,271,348,2,105,2024-01-14,In Progress,Insurance,
5996,846,2839,3,147,2024-10-25,Completed,Debit Card,1.0
5997,148,1628,5,88,2025-08-01,Completed,Credit Card,
5998,1914,1293,1,105,09/12/2023,In Progress,Cash,
5999,600,2005,12,123,2023-03-30,Completed,Insurance,2.0
6000,698,951,8,61,2023-12-28,Completed,Insurance,5.0
6001,2475,1466,7,106,2024-06-02,Completed,Financing,5.0
6002,911,252,10,21,2024-10-02,Completed,Insurance,1.0
6003,528,1732,9,177,2025-05-15,Completed,Financing,1.0
6004,1209,2825,6,111,07/31/2023,Completed,Financing,
6005,1454,1164,4,59,2025-01-14,Cancelled,,
6006,2985,2950,2,172,2023-01-04,Completed,Credit Card,4.0
6007,646,2570,7,176,2023-02-20,Completed,Cash,
6008,2984,130,11,72,2025-07-27,Completed,Debit Card,2.0
6009,1969,3033,2,63,2023-10-17,Completed,Credit Card,3.0
6010,845,988,9,141,2023-04-23,Completed,Financing,3.0
6011,2302,3157,4,28,2025-07-18,In Progress,Debit Card,
6012,685,2971,7,42,2023-02-06,Completed,Insurance,4.0
6013,1019,1092,6,134,2025-11-16,Completed,Cash,
6014,2227,121,7,76,2023-11-05,In Progress,Insurance,
6015,2618,2057,3,144,2023-03-05,In Progress,Debit Card,
6016,20,3188,7,39,2024-12-13,Cancelled,,
6017,1809,1285,4,16,2024-08-10,In Progress,Debit Card,
6018,2706,1446,2,30,2024-12-05,Completed,Credit Card,3.0
6019,2313,1680,8,4,2023-11-07,Completed,Cash,1.0
6020,1180,2239,6,20,2023-03-18,Completed,Debit Card,3.0
6021,2158,274,5,75,2025-06-12,Completed,Insurance,3.0
6022,1116,2199,12,118,2024-10-23,In Progress,Credit Card,
6023,1792,1744,10,73,2024-04-18,Cancelled,,
6024,1103,1599,8,174,2024-03-10,Completed,Financing,1.0
6025,1797,1960,5,108,2024-02-15,Completed,Credit Card,2.0
6026,1770,1475,6,142,2023-09-03,Completed,Financing,
6027,644,509,9,146,2024-01-07,Completed,Financing,
6028,509,447,1,150,2023-12-16,Completed,Credit Card,1.0
6029,676,2466,10,60,2023-03-03,Completed,Cash,5.0
6030,2082,1013,5,154,2023-01-01,In Progress,Credit Card,
6031,1698,1854,11,17,2025-08-30,In Progress,Insurance,
6032,405,721,10,67,2025-09-22,Completed,Cash,5.0
6033,318,3022,3,65,2023-03-30,Completed,Financing,
6034,1447,3397,4,39,2025-08-22,Completed,Insurance,5.0
6035,2418,907,1,34,2024-09-25,In Progress,Cash,
6036,788,840,9,51,2023-11-25,In Progress,Credit Card,
6037,2497,886,12,152,2023-03-16,Completed,Insurance,5.0
6038,2622,3175,3,45,2023-10-07,Completed,Insurance,
6039,793,2447,5,73,2024-01-29,Completed,Cash,5.0
6040,2635,1834,9,87,2023-11-03,Completed,Debit Card,5.0
6041,681,2625,12,79,2024-06-10,Completed,Insurance,3.0
6042,1806,2108,9,52,2024-02-16,Completed,Insurance,
6043,1613,1764,9,121,2025-12-15,Completed,Credit Card,4.0
6044,1659,2434,7,102,2025-01-21,Completed,Credit Card,
6045,39,809,6,22,2025-04-04,Cancelled,,
6046,524,139,8,65,2025-07-17,Completed,Credit Card,1.0
6047,2988,1302,5,22,2024-05-16,Completed,Credit Card,3.0
6048,2899,3410,10,147,2025-10-02,Cancelled,,
6049,277,629,10,140,2023-07-28,Completed,Insurance,3.0
6050,150,2750,9,161,2024-10-24,Completed,Financing,
6051,1619,2413,11,119,2023-11-02,Completed,Financing,1.0
6052,463,931,9,135,2024-04-27,Completed,Insurance,
6053,531,3220,2,167,2025-03-22,Completed,Credit Card,1.0
6054,2597,1383,1,9,2024-04-30,Completed,Financing,
6055,992,2686,8,18,2025-12-30,Cancelled,,
6056,2744,396,12,119,2024-06-06,Completed,Credit Card,
6057,424,2689,8,34,2023-02-12,Completed,Debit Card,3.0
6058,2873,2754,7,35,2024-08-01,Completed,Cash,
6059,2635,1834,5,24,2025-07-25,Completed,Financing,5.0
6060,2299,3036,4,4,2024-10-15,Completed,Financing,5.0
6061,1773,1815,1,151,2025-06-23,Completed,Insurance,
6062,584,424,8,178,2023-06-08,Completed,Debit Card,
6063,1116,2199,8,104,2024-10-15,In Progress,Credit Card,
6064,1372,2993,2,99,2023-04-07,Completed,Debit Card,1.0
6065,1696,2792,3,71,2025-04-28,Completed,Financing,3.0
6066,2686,1642,10,152,2023-06-19,Completed,Cash,1.0
6067,2018,242,4,88,2024-01-27,Completed,Financing,
6068,2235,2602,8,37,2024-09-26,Cancelled,,
6069,75,1483,10,93,2025-10-23,Completed,Insurance,5.0
6070,2426,3095,2,173,2024-02-11,Completed,Financing,3.0
6071,2082,1013,8,16,2023-10-25,In Progress,Debit Card,
6072,480,2532,7,20,2023-10-01,Completed,Debit Card,1.0
6073,2995,892,2,132,2023-07-09,Cancelled,,
6074,1249,1343,1,72,2024-08-20,Cancelled,,
6075,208,384,12,25,2023-08-29,In Progress,Debit Card,
6076,2341,2203,9,67,2023-12-11,Completed,Insurance,
6077,178,2708,6,54,2024-08-01,In Progress,Debit Card,
6078,88,1314,10,76,2025-01-04,Completed,Cash,
6079,2266,882,12,120,2024-01-11,Completed,Credit Card,3.0
6080,1525,2965,1,14,2024-07-06,Cancelled,,
6081,1630,2818,12,119,2023-06-19,Completed,Debit Card,2.0
6082,505,1525,2,132,2023-03-31,Completed,Cash,2.0
6083,367,1183,11,123,2024-03-10,Completed,Financing,
6084,1019,1413,5,78,2023-01-13,In Progress,Insurance,
6085,1880,1135,6,126,2024-10-15,Completed,Credit Card,
6086,1541,1985,2,3,10/29/2024,Completed,Debit Card,
6087,2754,2426,7,166,2023-07-17,Completed,Financing,
6088,2616,3287,3,100,2024-04-11,Cancelled,,
6089,2462,3148,2,120,2025-01-19,Completed,Cash,2.0
6090,1808,1915,9,116,2025-10-24,Completed,Credit Card,3.0
6091,1187,1888,6,3,2024-12-14,Completed,Debit Card,3.0
6092,1495,2590,1,43,2023-08-04,Completed,Credit Card,1.0
6093,1550,2889,3,72,2024-06-29,Completed,Cash,2.0
6094,282,570,2,95,2023-12-08,In Progress,Credit Card,
6095,2645,2260,9,139,2023-01-01,Cancelled,,
6096,94,202,7,154,2025-04-13,Cancelled,,
6097,2218,928,6,70,2025-03-21,Cancelled,,
6098,1555,100,9,90,2023-07-20,Completed,Financing,4.0
6099,2464,2195,10,124,2023-11-16,Cancelled,,
6100,1108,1074,8,65,2023-02-03,In Progress,Cash,
6101,1631,709,3,159,2024-08-30,Completed,Financing,5.0
6102,435,1814,7,97,2024-04-14,Completed,Insurance,3.0
6103,172,338,12,143,2025-05-06,Completed,Credit Card,
6104,2663,2542,6,107,2023-04-18,Cancelled,,
6105,1842,1377,5,111,2023-08-14,Completed,Cash,
6106,2191,1134,5,89,2024-10-04,Completed,Financing,1.0
6107,1435,2273,11,35,2025-04-06,Completed,Debit Card,3.0
6108,13,36,9,30,2024-12-23,Completed,Insurance,
6109,576,2099,11,108,2023-07-24,Completed,Financing,2.0
6110,1548,102,6,2,2025-05-25,Completed,Financing,2.0
6111,2679,600,11,70,2023-05-12,Completed,Insurance,
6112,975,2585,9,154,2023-10-31,Completed,Financing,4.0
6113,2164,376,12,106,2025-06-18,In Progress,Credit Card,
6114,2418,907,9,166,2023-08-27,Completed,Insurance,1.0
6115,1434,718,9,86,2024-04-21,In Progress,Credit Card,
6116,2549,174,12,6,2024-05-25,Completed,Insurance,5.0
6117,1883,652,6,37,2025-12-08,Completed,Financing,4.0
6118,368,1457,3,75,2023-04-19,Completed,Insurance,
6119,185,1449,7,131,2024-04-20,Completed,Credit Card,4.0
6120,168,2411,1,114,2025-06-15,Completed,Financing,4.0
6121,761,3092,8,66,2025-09-01,Completed,Credit Card,2.0
6122,2643,3074,3,154,2025-12-09,Completed,Insurance,
6123,2803,3203,1,112,2025-02-11,Completed,Financing,4.0
6124,834,1928,3,79,2025-12-07,Completed,Financing,4.0
6125,130,2075,1,138,2024-06-22,Completed,Financing,
6126,2489,3295,10,113,2025-12-11,Completed,Cash,
6127,876,2481,6,161,2024-08-14,In Progress,Credit Card,
6128,2088,1947,7,98,2023-12-15,Completed,Debit Card,5.0
6129,1051,562,6,90,2025-09-21,Completed,Cash,3.0
6130,120,1765,6,69,2025-11-01,Completed,Credit Card,5.0
6131,1562,1415,4,148,2023-11-21,Completed,Debit Card,
6132,88,2650,6,171,2024-05-24,Completed,Insurance,3.0
6133,1695,1078,9,172,2024-03-03,Cancelled,,
6134,1412,183,7,27,2025-10-19,Completed,Debit Card,1.0
6135,2339,2103,11,85,2025-05-22,Completed,Insurance,4.0
6136,1095,415,8,33,2025-01-16,In Progress,Credit Card,
6137,1838,2513,8,28,2024-12-19,Completed,Debit Card,5.0
6138,923,943,5,171,2025-08-21,Completed,Credit Card,3.0
6139,2554,1253,2,3,2025-01-03,Completed,Insurance,
6140,2717,33,8,97,2025-11-29,Completed,Cash,1.0
6141,470,1321,12,131,2025-05-27,Completed,Financing,2.0
6142,1011,1197,1,155,2024-06-09,Completed,Debit Card,3.0
6143,2899,293,4,134,2025-08-30,Completed,Debit Card,2.0
6144,2128,3362,1,29,2023-06-29,Completed,Insurance,4.0
6145,78,2840,1,21,2025-03-06,Completed,Insurance,3.0
6146,2361,3416,11,88,2025-03-28,Completed,Cash,1.0
6147,2054,1410,1,3,2023-05-06,Completed,Credit Card,2.0
6148,2389,1714,1,31,2025-03-28,Completed,Financing,
6149,1230,1571,9,156,2025-09-10,In Progress,Credit Card,
6150,2456,3265,5,105,2023-12-01,Completed,Insurance,
6151,2774,1150,6,10,2025-04-01,Completed,Cash,4.0
6152,394,2425,11,165,2024-08-24,Cancelled,,
6153,2429,2449,3,17,2023-09-15,Completed,Financing,3.0
6154,1259,3209,3,106,2023-02-23,Completed,Debit Card,
6155,2497,886,3,32,2025-01-18,Completed,Financing,2.0
6156,162,2821,8,88,2023-03-23,Completed,Insurance,
6157,1859,350,11,109,2025-05-13,In Progress,Cash,
6158,1553,2868,6,168,2025-11-19,Completed,Cash,1.0
6159,1371,1747,11,26,2024-04-02,Completed,Cash,2.0
6160,2727,2753,11,17,2025-03-29,Completed,Cash,3.0
6161,2221,1346,11,163,2023-03-02,In Progress,Insurance,
6162,2790,57,1,25,2024-07-31,Cancelled,,
6163,2369,777,11,150,2024-04-10,Completed,Credit Card,5.0
6164,2781,2564,7,134,2023-06-09,Completed,Financing,
6165,796,1833,1,25,2023-07-05,Completed,Financing,3.0
6166,1933,3370,10,89,2024-08-31,In Progress,Cash,
6167,233,3080,3,4,2025-01-09,Completed,Debit Card,
6168,1167,2900,7,150,2025-01-02,Completed,Cash,3.0
6169,2930,1126,1,149,2023-01-25,Cancelled,,
6170,2102,2484,3,30,2025-11-27,Completed,Cash,5.0
6171,2915,3167,11,3,2025-05-22,Completed,Financing,4.0
6172,1731,1959,3,139,2024-11-25,Completed,Debit Card,
6173,1495,2590,10,151,2024-11-18,Completed,Credit Card,
6174,589,1592,4,57,2025-05-05,Completed,Cash,4.0
6175,1255,50,8,75,2024-11-25,In Progress,Financing,
6176,1180,2239,3,70,2023-11-16,Completed,Credit Card,5.0
6177,2007,2843,10,125,2024-10-18,In Progress,Cash,
6178,734,871,9,136,2023-10-23,Completed,Debit Card,5.0
6179,1529,2128,8,12,2025-02-09,Completed,Financing,1.0
6180,1861,3431,6,28,2023-09-07,Cancelled,,
6181,859,2386,3,161,2024-03-24,Completed,Debit Card,
6182,2198,2066,8,64,2023-12-14,Completed,Debit Card,5.0
6183,553,1178,11,164,2023-06-01,Completed,Cash,5.0
6184,2898,2947,8,105,2024-04-02,In Progress,Financing,
6185,1925,122,6,78,2023-04-10,Cancelled,,
6186,1544,505,6,20,2023-12-31,Completed,Insurance,1.0
6187,1781,2678,1,1,2023-02-19,Cancelled,,
6188,1802,1006,6,122,2023-10-01,In Progress,Credit Card,
6189,2605,1900,11,57,2023-12-20,Completed,Financing,
6190,1421,3443,9,179,2025-10-05,In Progress,Debit Card,
6191,744,1738,1,156,2023-03-27,In Progress,Cash,
6192,393,2644,6,19,2024-01-12,Cancelled,,
6193,1960,1654,11,43,2023-07-26,Completed,Insurance,
6194,1651,2276,10,143,2023-08-28,Completed,Debit Card,
6195,1857,2763,3,112,2024-05-17,Completed,Insurance,5.0
6196,2584,3078,5,150,2024-05-29,Completed,Debit Card,
6197,2275,793,4,105,2023-10-02,Completed,Cash,5.0
6198,1187,127,8,73,2023-11-25,In Progress,Financing,
6199,360,2780,6,33,2025-02-26,Completed,Insurance,3.0
6200,2643,2878,4,14,2024-08-16,Completed,Cash,
6201,1030,1173,1,144,2023-01-11,Completed,Cash,
6202,1563,803,8,156,2024-04-22,Completed,Insurance,5.0
6203,1267,707,6,121,2023-11-28,Completed,Cash,1.0
6204,911,2143,9,46,2023-10-06,In Progress,Financing,
6205,2825,1850,1,56,2023-04-23,Completed,Credit Card,
6206,2856,2370,10,56,2023-12-15,Completed,Financing,3.0
6207,1349,2776,11,42,2024-08-16,Completed,Insurance,1.0
6208,1586,3432,8,2,2025-12-30,Completed,Insurance,
6209,973,2657,11,117,2023-09-18,Cancelled,,
6210,2027,2004,2,95,2024-04-18,In Progress,Financing,
6211,566,639,12,23,2024-04-25,In Progress,Financing,
6212,2355,2390,9,131,2024-10-09,Completed,Credit Card,
6213,2410,522,4,168,2023-06-04,In Progress,Debit Card,
6214,2033,1448,8,153,2024-07-08,In Progress,Cash,
6215,1969,1620,7,84,2025-10-09,Completed,Cash,1.0
6216,2182,2330,5,87,2024-04-20,Completed,Debit Card,1.0
6217,2464,2195,6,79,2023-05-09,Completed,Cash,3.0
6218,1125,3057,1,95,2024-08-29,Completed,Debit Card,
6219,345,2680,3,144,2023-11-05,Cancelled,,
6220,676,935,12,44,2023-11-10,Completed,Cash,1.0
6221,1203,3336,6,178,2025-07-23,Completed,Financing,2.0
6222,1307,849,6,134,2023-11-30,Completed,Insurance,1.0
6223,2845,349,1,52,2025-07-04,In Progress,Debit Card,
6224,2895,3373,9,165,2025-05-15,Completed,Cash,
6225,1134,2879,11,149,2023-06-06,Completed,Cash,4.0
6226,1257,2536,2,68,2025-06-26,Completed,Financing,2.0
6227,1464,2280,12,172,2025-01-01,Completed,Credit Card,5.0
6228,1227,1004,5,61,2025-04-07,Completed,Financing,3.0
6229,423,2224,11,45,2023-01-09,Completed,Debit Card,3.0
6230,1613,1764,1,32,2023-03-26,Completed,Insurance,4.0
6231,1947,965,11,17,2023-09-04,In Progress,Financing,
6232,569,1096,9,180,2025-01-28,Completed,Debit Card,2.0
6233,301,3414,9,65,07/27/2023,In Progress,Cash,
6234,961,2012,7,102,2025-03-01,Completed,Cash,3.0
6235,410,2519,2,82,2023-02-25,Completed,Financing,1.0
6236,1470,1867,11,71,2024-02-20,Cancelled,,
6237,601,404,2,114,2024-01-24,Completed,Credit Card,2.0
6238,741,299,11,27,2023-01-06,Cancelled,,
6239,418,925,6,159,2024-12-07,Completed,Credit Card,4.0
6240,308,1810,3,74,2023-08-21,Completed,Credit Card,2.0
6241,2425,1313,10,66,2024-12-01,Completed,Insurance,4.0
6242,1049,571,9,153,2023-03-05,Completed,Debit Card,3.0
6243,784,2358,6,137,2025-05-28,Completed,Financing,
6244,101,2033,11,79,2024-10-08,Completed,Credit Card,1.0
6245,2321,693,8,62,2023-02-26,Cancelled,,
6246,2191,1134,12,180,2025-04-10,Completed,Credit Card,1.0
6247,1770,1475,3,175,2025-10-18,Completed,Cash,
6248,1238,805,6,143,2024-09-18,Completed,Credit Card,
6249,1334,705,7,137,2023-01-23,Completed,Financing,
6250,586,2107,9,142,2024-01-20,Completed,Insurance,4.0
6251,1633,1638,6,67,2023-06-15,Completed,Debit Card,
6252,1563,803,2,131,2023-11-02,Completed,Financing,3.0
6253,527,3372,3,175,2025-09-27,Completed,Financing,
6254,2593,3217,10,85,2025-02-17,Completed,Financing,
6255,2617,1976,4,6,2025-07-28,Cancelled,,
6256,374,1787,9,69,2024-02-15,Completed,Credit Card,3.0
6257,1701,74,5,16,12/11/2025,Completed,Credit Card,1.0
6258,1858,2153,12,33,2025-10-09,In Progress,Financing,
6259,2823,523,9,56,2024-03-16,In Progress,Credit Card,
6260,1187,127,11,60,2024-01-10,Completed,Debit Card,5.0
6261,144,3442,3,37,2024-10-11,Completed,Insurance,2.0
6262,561,275,9,20,2023-12-10,Completed,Insurance,1.0
6263,1918,1967,6,59,2024-05-07,Cancelled,,
6264,2373,2208,7,30,2023-03-29,Completed,Financing,2.0
6265,501,2515,12,41,2025-04-17,Completed,Financing,2.0
6266,2285,1687,10,113,2023-06-01,Completed,Financing,2.0
6267,1097,43,1,95,2024-02-02,Completed,Cash,
6268,2650,2267,10,176,2025-04-07,Completed,Cash,5.0
6269,1884,1858,6,175,2024-03-03,In Progress,Credit Card,
6270,2508,2238,11,5,2024-05-14,Cancelled,,
6271,1936,532,2,62,2024-10-30,Cancelled,,
6272,2331,633,1,180,2025-12-30,In Progress,Credit Card,
6273,2644,2949,7,121,2024-01-14,Completed,Insurance,
6274,533,357,2,33,2023-02-01,Completed,Cash,1.0
6275,1734,1665,2,110,2023-05-11,Completed,Financing,3.0
6276,1797,1960,11,140,2023-05-08,Completed,Financing,4.0
6277,1589,1936,2,165,2025-05-01,Completed,Debit Card,1.0
6278,1913,679,11,108,2025-04-12,In Progress,Credit Card,
6279,524,3242,4,114,2023-10-11,Completed,Debit Card,5.0
6280,1049,3107,7,148,2025-06-08,Completed,Credit Card,
6281,2975,1155,2,54,2023-11-22,Completed,Credit Card,3.0
6282,1611,2736,7,87,2025-09-21,Completed,Financing,
6283,2263,2842,1,173,2024-07-15,Completed,Debit Card,
6284,2386,2429,3,8,2024-06-23,Completed,Cash,5.0
6285,2729,724,5,55,2023-07-22,In Progress,Debit Card,
6286,494,1445,7,122,2025-08-15,Completed,Credit Card,5.0
6287,1856,76,2,58,2024-07-08,Cancelled,,
6288,2613,3038,3,45,2025-08-15,Completed,Financing,5.0
6289,1419,2812,1,93,2023-02-22,Completed,Credit Card,3.0
6290,1241,2713,9,33,10/30/2025,Completed,Insurance,4.0
6291,18,1969,4,62,2025-04-19,In Progress,Financing,
6292,271,1089,2,92,2025-02-01,Completed,Debit Card,1.0
6293,985,554,10,101,2023-03-27,Completed,Insurance,1.0
6294,1600,1487,2,113,2025-08-06,Completed,Debit Card,
6295,403,1153,4,108,2025-05-31,Completed,Financing,3.0
6296,302,2592,7,2,2024-11-18,Cancelled,,
6297,2105,1468,1,179,2024-06-29,Completed,Credit Card,
6298,1926,551,8,160,2025-04-11,Completed,Credit Card,
6299,1401,1862,6,156,2025-10-23,Completed,Debit Card,5.0
6300,2985,2626,7,34,2024-04-22,In Progress,Debit Card,
6301,1708,2410,10,163,2023-09-09,Completed,Insurance,2.0
6302,973,2657,5,154,2024-03-23,In Progress,Insurance,
6303,1300,285,3,10,2024-05-16,Completed,Financing,
6304,552,3337,8,16,2025-08-14,Completed,Financing,4.0
6305,471,2191,12,165,2023-04-08,In Progress,Insurance,
6306,503,3288,11,99,2023-05-16,Completed,Financing,3.0
6307,173,2662,2,88,2023-04-23,Completed,Debit Card,
6308,982,1846,5,164,2023-09-27,Completed,Financing,2.0
6309,2194,2596,8,172,2023-08-31,Cancelled,,
6310,2276,1799,6,143,2025-03-29,Cancelled,,
6311,1253,3380,8,57,2023-08-19,Completed,Financing,2.0
6312,560,1537,2,154,2025-08-02,Completed,Financing,4.0
6313,1209,2825,1,95,2023-05-02,In Progress,Financing,
6314,430,2277,3,101,2023-08-16,In Progress,Cash,
6315,866,1024,4,30,2024-06-20,Completed,Debit Card,
6316,2744,302,4,7,2023-10-03,Completed,Financing,2.0
6317,1562,2161,10,153,2024-01-23,Completed,Insurance,4.0
6318,2938,1003,4,57,2023-11-01,Completed,Credit Card,1.0
6319,2924,627,4,83,2023-12-15,Completed,Debit Card,
6320,2264,168,7,25,2023-10-10,Completed,Cash,4.0
6321,584,180,1,152,2025-04-01,Completed,Financing,3.0
6322,2623,1857,12,163,2025-06-08,Completed,Debit Card,2.0
6323,1458,1899,7,69,2023-02-14,Cancelled,,
6324,272,192,11,163,2024-01-17,Completed,Insurance,5.0
6325,565,543,8,159,2023-12-05,Cancelled,,
6326,455,3009,6,49,2024-03-13,Completed,Insurance,
6327,418,925,8,48,2024-06-29,Completed,Cash,1.0
6328,507,2197,6,37,2025-05-02,Completed,Insurance,3.0
6329,587,2551,4,68,2023-08-29,Completed,Financing,2.0
6330,1179,1841,10,81,2023-04-12,Completed,Cash,
6331,2825,975,5,56,2024-11-04,Completed,Debit Card,
6332,1056,1562,2,95,2025-05-03,Completed,Credit Card,5.0
6333,1843,277,10,50,2025-08-02,Completed,Cash,3.0
6334,945,594,1,38,2024-05-30,Completed,Credit Card,4.0
6335,678,2797,8,131,2024-02-18,Completed,Credit Card,4.0
6336,135,2967,2,178,2024-05-24,Completed,Insurance,2.0
6337,1566,2704,11,11,2024-11-23,Completed,Debit Card,1.0
6338,782,2895,3,144,2025-06-08,Cancelled,,
6339,2312,3258,7,123,2025-01-06,Completed,Credit Card,4.0
6340,337,118,12,163,2023-11-24,Completed,Debit Card,2.0
6341,2947,241,1,56,2023-01-18,Cancelled,,
6342,1081,3447,2,13,2023-08-13,Completed,Debit Card,2.0
6343,994,461,1,140,2024-02-09,In Progress,Financing,
6344,1574,1971,9,75,2023-08-04,Completed,Financing,2.0
6345,713,1743,6,21,2024-08-07,In Progress,Insurance,
6346,1451,722,12,153,2024-07-30,In Progress,Cash,
6347,1631,1509,4,147,2025-11-10,Completed,Financing,
6348,315,2716,5,45,2023-11-22,In Progress,Credit Card,
6349,1404,1473,9,134,2024-02-13,In Progress,Credit Card,
6350,2262,2854,6,85,2025-12-21,In Progress,Financing,
6351,2572,1660,4,39,2024-01-07,Completed,Insurance,3.0
6352,2520,1988,3,40,2024-06-08,Completed,Credit Card,1.0
6353,1396,60,2,26,2024-08-20,Completed,Credit Card,1.0
6354,2742,2472,8,118,2023-02-22,Cancelled,,
6355,2315,1043,12,70,2024-05-15,Completed,Financing,
6356,392,1427,1,4,2025-10-28,Cancelled,,
6357,2855,3444,3,90,2024-02-24,Completed,Credit Card,5.0
6358,2931,3108,2,65,2024-04-25,In Progress,Financing,
6359,1885,2618,9,169,2023-08-19,Completed,Debit Card,5.0
6360,2170,39,6,168,2024-04-02,Completed,Financing,3.0
6361,2833,2698,6,124,2025-10-09,Completed,Cash,1.0
6362,1285,2138,2,143,2025-05-17,Completed,Credit Card,2.0
6363,2104,1614,3,75,2024-06-17,Completed,Financing,
6364,1992,2747,11,147,2024-02-12,Cancelled,,
6365,2602,939,3,69,2025-01-08,In Progress,Credit Card,
6366,2502,1373,12,162,2024-10-17,Completed,Debit Card,
6367,1260,747,8,101,2023-02-12,Completed,Debit Card,4.0
6368,156,389,1,121,2024-09-04,Completed,Credit Card,4.0
6369,545,2463,9,176,2025-12-15,Completed,Financing,3.0
6370,1664,894,4,159,2024-02-10,Cancelled,,
6371,229,2264,12,40,2025-12-02,Cancelled,,
6372,1984,3264,9,147,2025-11-14,Completed,Debit Card,3.0
6373,670,2966,6,29,2023-03-02,In Progress,Debit Card,
6374,804,2475,12,17,2024-11-17,Cancelled,,
6375,781,797,2,34,2024-03-10,Completed,Financing,
6376,2777,1982,6,61,2023-06-05,Completed,Credit Card,2.0
6377,209,2582,7,151,2023-09-21,Completed,Debit Card,
6378,1672,1489,8,95,2024-01-06,Completed,Cash,4.0
6379,2000,3021,7,146,2023-01-07,Cancelled,,
6380,164,2991,5,27,2025-04-01,In Progress,Credit Card,
6381,1927,2206,2,171,2023-02-07,Completed,Debit Card,5.0
6382,2202,1656,2,136,2024-11-06,Completed,Credit Card,
6383,2965,2593,9,50,02/06/2023,In Progress,Credit Card,
6384,775,1421,5,82,2025-09-06,Completed,Insurance,1.0
6385,2135,1016,11,29,2025-08-03,Completed,Financing,
6386,518,548,12,16,2025-07-22,Completed,Insurance,1.0
6387,135,1779,4,121,2023-11-08,Completed,Financing,
6388,2659,1440,10,172,2024-07-12,Cancelled,,
6389,148,3029,1,87,2025-03-18,Completed,Financing,1.0
6390,1383,1354,3,178,2024-06-29,Completed,Credit Card,1.0
6391,345,1542,11,161,2023-08-02,Completed,Insurance,
6392,2798,3170,4,57,05/16/2023,Completed,Credit Card,1.0
6393,1925,122,5,44,2024-12-19,Cancelled,,
6394,2486,177,9,1,2023-11-22,Completed,Financing,5.0
6395,1896,3067,9,75,2024-04-16,Completed,Debit Card,4.0
6396,1990,2030,7,68,2024-06-07,In Progress,Debit Card,
6397,994,461,10,14,2023-05-17,Completed,Debit Card,4.0
6398,1707,2223,10,106,2024-09-22,Completed,Debit Card,
6399,462,29,12,6,2024-03-09,Completed,Credit Card,
6400,179,559,6,130,2024-09-29,Cancelled,,
6401,1304,2397,12,30,2023-07-28,Completed,Financing,1.0
6402,869,352,3,39,2024-06-18,Cancelled,,
6403,39,809,7,82,2023-01-15,Cancelled,,
6404,2281,964,3,116,2023-12-12,Completed,Debit Card,1.0
6405,2743,2450,12,79,10/24/2024,Cancelled,,
6406,951,800,5,131,2024-04-14,In Progress,Financing,
6407,1921,1708,10,15,2023-08-05,Completed,Insurance,3.0
6408,412,3290,7,7,2024-02-12,Completed,Financing,
6409,1373,2082,11,85,2025-09-12,Completed,Insurance,1.0
6410,1366,960,5,60,2024-01-08,Completed,Cash,3.0
6411,2281,964,1,79,2024-05-29,Completed,Debit Card,1.0
6412,775,1421,2,92,2024-01-31,Completed,Credit Card,
6413,193,455,7,23,2023-08-29,Completed,Financing,
6414,1121,1305,7,102,2023-07-04,In Progress,Debit Card,
6415,1258,3139,3,108,2025-04-04,Cancelled,,
6416,942,367,4,122,2025-08-16,Completed,Financing,
6417,2696,1481,6,73,2023-01-23,In Progress,Debit Card,
6418,327,441,1,80,2024-03-19,In Progress,Cash,
6419,2704,883,1,153,2025-07-11,Completed,Financing,2.0
6420,1857,194,10,166,2025-08-29,Cancelled,,
6421,813,305,3,133,2025-08-17,Completed,Credit Card,1.0
6422,1303,2630,3,160,2023-10-28,Completed,Credit Card,5.0
6423,497,209,7,78,2023-12-14,Completed,Credit Card,1.0
6424,609,3358,4,87,2023-03-18,Completed,Credit Card,5.0
6425,512,2043,6,171,2024-02-29,Completed,Financing,
6426,2798,3170,9,112,2023-02-09,Completed,Cash,3.0
6427,1990,2030,5,46,2023-09-23,Completed,Financing,
6428,493,407,9,118,2023-03-04,Completed,Financing,
6429,1239,2315,7,144,2023-11-17,Completed,Cash,1.0
6430,1574,1971,11,110,2023-11-16,Completed,Financing,3.0
6431,2277,2558,1,68,2024-12-21,Completed,Debit Card,1.0
6432,2339,2633,10,15,2025-08-16,Completed,Financing,1.0
6433,1494,1965,1,74,2023-03-27,Completed,Debit Card,
6434,2449,1998,4,7,2024-10-30,In Progress,Credit Card,
6435,1883,2378,4,134,2024-03-06,In Progress,Financing,
6436,564,985,11,148,2025-12-08,Cancelled,,
6437,2406,1046,12,101,2025-02-24,Completed,Insurance,
6438,561,275,11,31,2023-04-13,Completed,Credit Card,2.0
6439,749,2573,3,161,2023-07-13,Completed,Cash,1.0
6440,1276,2514,8,135,2024-02-24,Completed,Insurance,1.0
6441,2190,1863,12,94,2025-09-23,Completed,Credit Card,3.0
6442,1718,2912,7,141,2025-10-27,Completed,Insurance,5.0
6443,958,219,12,162,2023-04-29,Completed,Financing,4.0
6444,2727,2753,9,149,2025-08-01,In Progress,Credit Card,
6445,866,1024,10,125,2024-01-19,Completed,Cash,3.0
6446,187,1595,7,67,2025-03-09,Completed,Insurance,4.0
6447,1592,2742,10,149,2024-02-12,In Progress,Financing,
6448,2432,1093,9,64,2023-07-09,Completed,Debit Card,3.0
6449,318,3022,5,8,2023-04-29,Completed,Cash,
6450,993,114,5,74,2023-10-02,In Progress,Debit Card,
6451,380,3359,2,90,2025-05-07,Cancelled,,
6452,1929,2432,10,102,2024-06-05,Completed,Cash,
6453,2856,2370,9,125,2023-07-04,Completed,Financing,2.0
6454,816,765,7,6,2023-11-20,Completed,Financing,
6455,356,2517,5,31,2025-09-01,Completed,Cash,
6456,1186,2723,3,50,2023-08-04,Completed,Debit Card,
6457,2382,2881,1,119,2023-06-14,Cancelled,,
6458,2034,1631,1,33,2025-09-12,Completed,Credit Card,
6459,662,312,6,35,2025-03-18,Completed,Credit Card,2.0
6460,1924,1983,11,158,2024-08-24,Completed,Credit Card,1.0
6461,427,2922,9,45,2025-12-03,Completed,Debit Card,5.0
6462,479,936,12,15,2025-02-19,Completed,Insurance,1.0
6463,839,128,3,126,2024-01-02,Completed,Cash,2.0
6464,1708,1420,12,31,2025-02-06,Completed,Credit Card,5.0
6465,367,2014,7,63,2025-08-31,Completed,Financing,1.0
6466,2003,2457,6,136,2024-01-19,Completed,Debit Card,4.0
6467,1824,1823,8,77,2024-06-11,Completed,Insurance,2.0
6468,2807,1240,11,32,2024-09-01,In Progress,Credit Card,
6469,1058,725,9,149,2023-02-27,In Progress,Debit Card,
6470,1846,3394,10,38,2024-06-13,In Progress,Insurance,
6471,2681,1060,9,93,2023-04-27,Completed,Debit Card,
6472,2358,1577,6,21,2023-10-07,Completed,Insurance,1.0
6473,1697,1901,6,147,2023-03-14,Completed,Insurance,
6474,1824,967,4,135,12/02/2025,Completed,Financing,2.0
6475,2563,3173,4,130,2025-12-20,Completed,Financing,5.0
6476,1478,2772,2,87,2025-06-24,Completed,Financing,1.0
6477,2430,1458,2,156,2024-01-25,Completed,Insurance,
6478,2074,2887,1,149,2023-02-18,Completed,Insurance,3.0
6479,1823,906,2,178,2024-03-01,Completed,Insurance,
6480,1738,2101,9,157,2024-05-11,Completed,Insurance,1.0
6481,2558,167,6,177,2025-08-07,Completed,Credit Card,
6482,1608,3099,9,24,2023-01-29,Completed,Credit Card,5.0
6483,214,2334,9,40,2023-08-10,Cancelled,,
6484,1866,1228,8,142,2023-07-21,Completed,Credit Card,
6485,2949,370,6,176,2024-08-03,Completed,Debit Card,
6486,2628,1394,10,15,2025-05-19,In Progress,Insurance,
6487,1833,161,6,159,2024-10-04,Completed,Debit Card,4.0
6488,811,340,9,106,2025-05-08,Completed,Debit Card,
6489,456,1821,8,14,2025-05-14,Completed,Cash,2.0
6490,218,2936,8,121,2024-09-21,Completed,Insurance,4.0
6491,337,2253,3,177,2025-03-22,Cancelled,,
6492,2829,1650,10,5,2023-10-23,Completed,Insurance,3.0
6493,430,2277,9,58,2024-03-23,Completed,Credit Card,4.0
6494,2154,1574,7,133,2023-03-22,Completed,Cash,
6495,1651,2276,5,21,06/18/2025,Cancelled,,
6496,2247,1720,9,20,2025-10-07,Completed,Debit Card,2.0
6497,34,1021,12,173,2023-06-11,Completed,Credit Card,3.0
6498,822,3422,10,27,2025-08-09,Completed,Credit Card,
6499,2418,2045,4,20,2023-02-16,In Progress,Cash,
6500,262,2052,2,87,2023-06-19,Completed,Insurance,3.0
6501,281,2651,8,45,2025-07-24,In Progress,Financing,
6502,2647,1304,9,100,2024-09-25,Cancelled,,
6503,2806,665,8,144,2024-01-25,In Progress,Financing,
6504,2728,2692,3,135,2024-08-17,Completed,Debit Card,1.0
6505,845,3235,9,44,2024-11-10,Completed,Debit Card,2.0
6506,2773,2360,2,64,2025-04-19,Cancelled,,
6507,2102,1389,1,170,2023-10-20,Completed,Cash,3.0
6508,1174,3204,3,132,2024-11-20,In Progress,Credit Card,
6509,2527,2152,9,53,2023-03-24,Completed,Insurance,5.0
6510,2951,2063,11,89,2023-10-29,Completed,Debit Card,2.0
6511,1572,2240,3,22,2023-07-17,Completed,Cash,
6512,1269,2572,7,165,2024-11-15,In Progress,Credit Card,
6513,2757,248,7,176,2025-12-05,Completed,Insurance,
6514,2950,675,11,17,2023-04-22,In Progress,Credit Card,
6515,2102,3098,3,79,2024-12-28,Completed,Insurance,2.0
6516,1755,2145,8,74,2024-09-29,Completed,Debit Card,4.0
6517,344,2337,9,43,2023-02-01,Cancelled,,
6518,479,190,10,170,2023-08-04,Completed,Insurance,5.0
6519,881,3194,2,69,2024-03-16,Completed,Credit Card,
6520,2003,322,6,155,2025-08-21,Completed,Credit Card,
6521,271,1089,7,138,2023-01-10,Completed,Debit Card,1.0
6522,1555,100,11,125,2024-09-02,Cancelled,,
6523,1139,1690,11,74,2023-08-12,Cancelled,,
6524,271,1089,4,16,2024-08-27,Completed,Insurance,1.0
6525,1393,3406,10,170,2024-09-18,In Progress,Cash,
6526,2715,3316,5,81,2025-01-12,Completed,Financing,2.0
6527,1750,2387,6,94,2025-01-17,Completed,Cash,
6528,1278,14,9,23,2025-09-23,Completed,Credit Card,5.0
6529,275,2311,3,176,2023-12-20,Completed,Cash,2.0
6530,2449,2445,8,76,2023-11-23,Completed,Cash,
6531,735,1519,12,111,2024-10-10,Completed,Financing,3.0
6532,1075,2706,1,176,2023-04-09,Completed,Financing,4.0
6533,1039,650,10,138,2025-02-14,Cancelled,,
6534,645,2220,7,130,2025-02-14,Completed,Financing,
6535,1548,102,5,14,2023-03-26,Completed,Cash,2.0
6536,1594,3270,5,39,2023-08-24,Completed,Credit Card,
6537,315,2716,4,18,2023-04-15,Cancelled,,
6538,2991,1594,4,142,2024-05-20,Completed,Cash,4.0
6539,740,1707,9,71,2025-04-08,Completed,Credit Card,2.0
6540,753,2344,2,21,2024-01-10,Completed,Cash,
6541,2302,3157,11,82,2025-03-31,Completed,Credit Card,
6542,1074,974,7,66,2024-09-12,Cancelled,,
6543,2584,3078,11,67,2025-02-18,Cancelled,,
6544,2750,2656,2,114,06/05/2023,Completed,Financing,3.0
6545,1768,856,11,105,2023-03-18,Completed,Credit Card,1.0
6546,1495,2590,9,66,08/02/2025,Completed,Cash,
6547,2378,1754,5,148,2025-03-31,Completed,Debit Card,
6548,2848,1265,1,66,2023-05-15,In Progress,Financing,
6549,2520,1988,10,169,2023-04-04,Cancelled,,
6550,2344,2023,11,16,2024-03-25,Completed,Cash,
6551,2206,997,2,41,2025-11-13,Completed,Insurance,1.0
6552,1046,3130,1,145,2025-04-26,Completed,Debit Card,
6553,2369,777,10,4,2023-02-20,Cancelled,,
6554,349,97,12,124,2025-05-03,In Progress,Cash,
6555,1852,3144,9,115,2023-09-11,Cancelled,,
6556,2835,3091,9,162,2023-04-23,Completed,Credit Card,5.0
6557,1750,963,8,171,2025-01-02,Cancelled,,
6558,1428,2093,2,177,2024-03-16,Cancelled,,
6559,2353,557,2,150,2025-07-29,Completed,Cash,4.0
6560,747,287,9,30,2023-05-14,Completed,Financing,
6561,194,481,7,140,2023-07-21,Cancelled,,
6562,90,1364,4,15,2025-05-01,In Progress,Credit Card,
6563,518,1920,7,2,2025-02-12,Completed,Financing,2.0
6564,444,1945,2,41,2025-08-20,Completed,Cash,4.0
6565,849,2189,2,33,2023-05-04,Cancelled,,
6566,604,1190,2,177,2025-04-18,Cancelled,,
6567,2359,1737,4,92,2023-05-31,In Progress,Cash,
6568,2509,1701,8,139,2025-02-14,Cancelled,,
6569,1473,2705,1,77,2024-10-20,In Progress,Credit Card,
6570,2362,332,7,24,2025-02-18,Completed,Cash,
6571,1064,86,11,78,2024-10-10,Completed,Financing,4.0
6572,794,2711,10,115,2025-06-01,Completed,Insurance,5.0
6573,2039,3342,1,143,2023-04-15,In Progress,Credit Card,
6574,2589,1640,1,63,2024-06-19,Completed,Insurance,
6575,88,171,5,142,2025-09-12,Completed,Credit Card,
6576,2150,288,2,125,2023-05-29,Completed,Insurance,
6577,2547,2207,4,169,2023-01-26,In Progress,Cash,
6578,2900,2509,1,65,2025-10-29,Completed,Insurance,
6579,1585,3435,12,39,2024-08-16,In Progress,Debit Card,
6580,604,181,3,164,2023-09-20,Completed,Cash,
6581,2396,1011,6,51,2025-07-12,Completed,Cash,3.0
6582,88,1992,3,34,2025-08-14,Completed,Financing,3.0
6583,1953,2624,12,95,2025-09-10,Completed,Cash,3.0
6584,322,2323,7,111,2023-04-09,Cancelled,,
6585,1350,2885,7,24,2025-04-19,Completed,Debit Card,
6586,318,3022,7,84,2024-03-27,Completed,Insurance,
6587,2465,2811,6,11,2025-09-29,Completed,Financing,
6588,1310,1730,11,104,2025-08-23,Completed,Debit Card,1.0
6589,591,289,8,24,2025-11-30,Completed,Financing,
6590,631,728,8,60,2024-05-13,In Progress,Cash,
6591,2277,2558,12,59,2025-02-07,Cancelled,,
6592,2647,1304,2,179,2023-06-04,Completed,Credit Card,4.0
6593,2323,1417,2,56,2024-10-04,Completed,Debit Card,
6594,2347,630,10,87,2024-02-08,Completed,Debit Card,5.0
6595,410,2519,7,9,2023-04-08,Completed,Cash,2.0
6596,514,1298,3,120,2025-02-17,Cancelled,,
6597,1040,313,12,129,2024-01-30,Cancelled,,
6598,2021,1453,9,10,2025-04-01,Completed,Financing,4.0
6599,2039,317,9,153,2025-12-23,Cancelled,,
6600,650,2601,8,128,2025-12-29,Completed,Insurance,
6601,2976,1485,5,3,2025-01-02,Cancelled,,
6602,209,2582,7,113,2023-08-04,In Progress,Credit Card,
6603,1107,881,7,48,10/04/2024,Completed,Insurance,
6604,788,1826,7,80,2023-08-04,Completed,Debit Card,3.0
6605,2971,2430,9,70,2024-12-30,Completed,Credit Card,2.0
6606,1867,2098,10,83,2025-12-20,Completed,Credit Card,
6607,2128,152,2,119,2024-05-27,Completed,Insurance,
6608,1344,610,6,24,2023-08-07,Completed,Cash,1.0
6609,2858,2221,1,23,2024-08-19,Completed,Credit Card,
6610,1052,2498,1,76,2024-08-27,Completed,Insurance,1.0
6611,1691,1908,2,83,2024-03-26,Completed,Financing,4.0
6612,1173,3379,10,131,2023-07-31,Completed,Credit Card,
6613,1736,458,10,78,2023-11-07,Completed,Financing,5.0
6614,205,824,4,109,2024-04-24,Completed,Financing,4.0
6615,2919,3159,7,88,2023-05-23,Completed,Debit Card,
6616,1777,631,3,26,2025-06-27,Completed,Insurance,1.0
6617,524,139,2,142,2023-12-19,Completed,Cash,4.0
6618,1039,745,11,153,2024-07-08,Completed,Debit Card,1.0
6619,2033,377,10,141,2025-11-11,Completed,Cash,
6620,579,567,11,66,2024-10-25,Completed,Insurance,
6621,1150,1400,7,36,2024-09-21,In Progress,Credit Card,
6622,276,203,9,148,2024-11-20,In Progress,Insurance,
6623,349,2802,3,1,2025-10-18,In Progress,Insurance,
6624,1269,2880,4,155,2025-04-25,Completed,Debit Card,2.0
6625,1051,1347,1,101,2024-12-08,Completed,Debit Card,
6626,2262,802,6,68,2024-06-28,Completed,Credit Card,1.0
6627,1755,2145,5,111,2024-08-28,Completed,Debit Card,1.0
6628,1591,1097,3,128,2024-09-22,Completed,Financing,4.0
6629,1563,788,2,157,2024-05-11,In Progress,Credit Card,
6630,327,441,11,165,2025-11-09,Completed,Debit Card,2.0
6631,1707,2223,1,136,2025-07-26,Completed,Insurance,5.0
6632,2165,185,4,169,2023-10-06,In Progress,Credit Card,
6633,228,3374,6,117,2025-01-19,Completed,Debit Card,1.0
6634,2751,199,8,120,2023-10-10,Cancelled,,
6635,1283,2282,12,162,2025-09-19,Cancelled,,
6636,1234,2629,12,75,2025-09-28,Completed,Cash,1.0
6637,2995,1432,1,25,2023-10-06,Cancelled,,
6638,1979,1356,1,170,2025-01-27,Completed,Debit Card,5.0
6639,2391,691,6,13,2023-05-14,Completed,Cash,3.0
6640,2817,2687,12,38,2025-01-28,Completed,Insurance,4.0
6641,2468,2325,11,78,2024-04-28,In Progress,Debit Card,
6642,2337,662,9,44,2024-01-29,Completed,Debit Card,
6643,999,2756,8,8,2024-03-06,Completed,Financing,
6644,2966,2632,1,56,2023-01-25,Completed,Cash,2.0
6645,617,3361,3,155,2025-10-20,In Progress,Financing,
6646,2899,293,8,71,2023-11-11,Completed,Debit Card,
6647,2280,1836,3,137,2023-02-13,Completed,Cash,
6648,2936,3375,8,38,2025-02-24,In Progress,Debit Card,
6649,1507,1379,11,79,2025-01-22,Completed,Cash,4.0
6650,1250,1431,10,153,2025-03-03,Completed,Insurance,5.0
6651,2334,1026,2,1,2024-05-02,In Progress,Insurance,
6652,1354,383,1,86,2025-05-14,Completed,Credit Card,2.0
6653,1640,3133,2,68,2025-10-31,Completed,Cash,4.0
6654,1752,2760,5,103,2024-10-21,In Progress,Insurance,
6655,1174,2751,11,107,11/14/2024,Completed,Credit Card,2.0
6656,1638,1146,12,61,2024-10-02,Completed,Financing,2.0
6657,960,1886,12,134,2024-04-07,Completed,Insurance,3.0
6658,1049,2560,5,74,2023-06-03,Cancelled,,
6659,2046,680,7,149,2024-10-18,Cancelled,,
6660,1200,913,8,90,2023-03-24,Completed,Cash,
6661,576,2099,8,32,2024-09-21,Completed,Credit Card,
6662,2683,643,12,140,2024-11-05,Completed,Financing,4.0
6663,158,2110,2,81,2023-06-03,Completed,Financing,3.0
6664,1380,2440,1,155,2025-12-09,Completed,Cash,5.0
6665,478,3093,1,130,2023-05-03,Completed,Insurance,5.0
6666,584,180,9,40,2023-01-28,In Progress,Insurance,
6667,1789,2984,9,147,10/23/2023,Completed,Financing,2.0
6668,232,1271,3,155,2025-10-20,Completed,Financing,
6669,1639,1315,3,17,2023-12-03,Completed,Credit Card,
6670,2726,761,11,60,2024-09-02,Completed,Debit Card,3.0
6671,686,3291,12,53,2023-10-05,Completed,Insurance,
6672,1049,571,7,127,2024-04-16,Cancelled,,
6673,2003,2457,11,47,2025-09-09,Cancelled,,
6674,130,2075,5,93,2025-03-10,Completed,Cash,1.0
6675,1260,1520,1,153,2024-10-21,Completed,Financing,2.0
6676,116,3013,10,173,2023-12-01,Cancelled,,
6677,1665,2183,9,11,2023-08-08,Completed,Financing,3.0
6678,614,1695,12,149,2025-01-03,In Progress,Financing,
6679,1273,2398,4,94,2025-01-09,Completed,Debit Card,
6680,1755,1579,9,1,2023-10-08,Cancelled,,
6681,1859,1029,3,72,2025-03-27,Completed,Credit Card,
6682,725,2940,4,99,2025-10-27,Completed,Insurance,
6683,427,2922,12,79,2025-04-22,Completed,Credit Card,1.0
6684,2602,982,12,45,2024-09-11,Completed,Cash,3.0
6685,183,1256,12,29,2023-02-21,Completed,Insurance,
6686,323,2088,11,30,2023-03-09,Completed,Credit Card,
6687,2596,591,6,130,2025-11-10,In Progress,Credit Card,
6688,2398,1196,10,165,2025-03-15,Completed,Credit Card,1.0
6689,644,509,2,42,2025-10-25,Completed,Insurance,
6690,1564,3183,12,33,2023-10-06,Completed,Credit Card,
6691,275,2311,3,104,2025-06-20,Completed,Cash,
6692,2859,1848,2,55,2025-12-27,In Progress,Credit Card,
6693,1033,46,1,70,2025-11-21,Cancelled,,
6694,301,3414,6,67,2023-10-28,Completed,Credit Card,2.0
6695,886,1493,11,142,2023-08-18,Cancelled,,
6696,548,3196,10,81,2024-03-10,Completed,Cash,4.0
6697,652,2072,11,99,2025-07-18,Completed,Financing,1.0
6698,2572,1660,11,171,2023-06-12,Completed,Insurance,2.0
6699,1265,755,7,21,2025-05-31,Completed,Debit Card,4.0
6700,2951,2063,11,179,2025-07-30,Completed,Cash,3.0
6701,2986,2074,6,47,2023-06-26,Completed,Insurance,
6702,1952,1802,6,76,2024-08-29,Cancelled,,
6703,603,1227,1,29,2024-12-09,In Progress,Financing,
6704,1380,808,4,46,2023-09-04,In Progress,Cash,
6705,1808,1915,3,9,2024-05-01,Cancelled,,
6706,2758,645,8,86,2023-04-12,In Progress,Credit Card,
6707,2321,693,8,24,2024-08-28,In Progress,Debit Card,
6708,2029,1025,4,85,2023-11-16,In Progress,Debit Card,
6709,2227,121,12,4,2025-09-02,Completed,Debit Card,4.0
6710,2744,396,11,120,2024-05-16,Completed,Debit Card,
6711,2251,2137,6,84,2023-09-29,In Progress,Debit Card,
6712,760,2494,6,179,2025-11-17,Completed,Debit Card,
6713,2175,930,12,155,2023-12-11,Cancelled,,
6714,2679,1386,6,41,2025-04-08,Completed,Credit Card,4.0
6715,2827,2951,9,129,2023-02-04,Completed,Credit Card,
6716,2834,2308,4,14,2023-02-13,Cancelled,,
6717,333,3284,12,171,2023-09-09,Completed,Debit Card,3.0
6718,2958,2317,3,132,2023-04-23,Cancelled,,
6719,1569,1130,1,118,2023-07-25,Completed,Cash,2.0
6720,987,500,1,15,2024-11-24,Completed,Credit Card,3.0
6721,2497,807,9,24,2023-10-30,Cancelled,,
6722,1962,784,10,24,2024-07-11,In Progress,Credit Card,
6723,2683,2102,8,45,2023-10-20,Completed,Financing,
6724,2456,3265,2,18,2025-08-10,Completed,Debit Card,1.0
6725,2362,1488,10,90,2025-02-18,Completed,Cash,1.0
6726,455,3009,8,142,2023-05-04,In Progress,Cash,
6727,2344,2023,7,111,2024-04-28,Completed,Debit Card,
6728,1706,1750,5,179,2023-02-28,Completed,Debit Card,1.0
6729,2644,2949,5,178,2025-01-23,Cancelled,,
6730,625,1144,2,143,2023-09-15,Completed,Debit Card,5.0
6731,1238,3097,1,82,2024-11-17,Completed,Credit Card,1.0
6732,653,530,8,45,2025-08-06,In Progress,Insurance,
6733,1344,2732,9,139,2025-10-04,Cancelled,,
6734,2772,2083,3,13,2025-03-05,Completed,Debit Card,
6735,1822,701,4,132,2025-02-03,In Progress,Debit Card,
6736,798,1782,7,159,2023-11-17,Completed,Credit Card,2.0
6737,1670,603,4,38,2024-11-03,Completed,Cash,2.0
6738,222,640,4,87,2024-04-24,In Progress,Credit Card,
6739,2619,144,6,86,2023-07-11,Completed,Insurance,5.0
6740,2617,1976,3,26,2023-12-02,Completed,Financing,5.0
6741,2113,2844,9,133,2025-06-28,Completed,Cash,
6742,94,202,4,162,2025-12-16,Completed,Credit Card,2.0
6743,2534,527,1,145,2024-04-19,Completed,Debit Card,
6744,29,1131,10,44,2025-03-31,In Progress,Credit Card,
6745,982,1846,3,121,2025-10-25,Completed,Cash,4.0
6746,876,2481,7,29,2023-01-05,Completed,Debit Card,
6747,867,3125,4,164,2025-06-25,Completed,Financing,1.0
6748,1809,1109,5,127,2025-04-05,Completed,Credit Card,3.0
6749,707,2402,3,178,2024-03-17,Completed,Debit Card,
6750,2557,1990,4,148,2023-04-22,Cancelled,,
6751,86,2008,9,12,2023-03-11,Completed,Cash,
6752,2440,403,2,110,2023-05-18,Completed,Cash,2.0
6753,932,2810,2,63,2023-04-28,Completed,Debit Card,3.0
6754,1861,2795,3,172,2024-05-19,Completed,Insurance,
6755,1711,2181,5,141,2023-07-16,Completed,Cash,
6756,2468,2325,2,86,2024-07-04,Cancelled,,
6757,1896,1633,2,104,2025-11-04,Completed,Financing,
6758,1736,3001,8,142,2024-04-01,Cancelled,,
6759,327,992,11,110,2023-02-01,Completed,Debit Card,5.0
6760,1589,583,5,132,2024-01-05,Completed,Credit Card,1.0
6761,392,1840,2,33,2025-05-10,Completed,Debit Card,1.0
6762,206,1993,2,119,2023-06-22,Completed,Debit Card,1.0
6763,1240,1289,8,115,2023-04-27,Completed,Credit Card,
6764,2895,3373,11,114,2023-02-15,Completed,Insurance,5.0
6765,554,2694,10,33,2023-09-13,Cancelled,,
6766,1438,1125,1,37,2024-07-28,In Progress,Debit Card,
6767,2534,527,5,11,2023-12-13,In Progress,Cash,
6768,484,335,1,76,2025-11-06,Cancelled,,
6769,171,2452,8,76,2025-04-12,Completed,Debit Card,2.0
6770,635,503,4,47,2023-11-20,Completed,Debit Card,3.0
6771,811,340,12,86,2024-09-28,Completed,Insurance,2.0
6772,243,3058,10,39,2025-08-17,Completed,Insurance,
6773,764,3123,7,72,2024-03-27,In Progress,Insurance,
6774,1403,358,8,141,2024-09-24,Completed,Financing,
6775,1589,1936,11,39,2024-11-08,Cancelled,,
6776,512,2043,6,161,2025-08-25,Completed,Insurance,
6777,1619,2774,4,82,2025-08-04,Completed,Credit Card,
6778,2155,1712,4,72,2023-08-18,Completed,Credit Card,4.0
6779,391,1878,5,38,2024-04-07,Completed,Financing,
6780,2749,623,6,76,2025-05-06,Completed,Cash,1.0
6781,777,1963,9,21,2024-08-25,In Progress,Insurance,
6782,2628,2676,5,87,2025-08-02,In Progress,Credit Card,
6783,2542,3436,10,177,2023-08-10,Completed,Credit Card,5.0
6784,642,1757,2,144,2024-06-18,Cancelled,,
6785,524,946,5,44,2023-10-09,Cancelled,,
6786,859,1793,9,33,2025-10-26,Completed,Debit Card,2.0
6787,2087,1136,12,58,2024-01-03,Completed,Debit Card,4.0
6788,1097,2193,8,84,2025-10-16,Completed,Financing,4.0
6789,1129,212,10,154,2024-05-12,In Progress,Cash,
6790,1572,2240,6,63,2025-11-03,In Progress,Debit Card,
6791,1516,624,12,26,2025-11-21,Completed,Credit Card,3.0
6792,2744,302,8,180,2025-07-18,Completed,Credit Card,
6793,367,1160,9,82,2024-06-20,Completed,Debit Card,4.0
6794,1132,518,4,114,2025-06-02,Cancelled,,
6795,1651,2276,3,73,2025-06-05,Completed,Credit Card,3.0
6796,2110,2335,7,36,2024-05-27,Completed,Credit Card,
6797,1924,1983,3,85,2024-08-13,Completed,Insurance,
6798,2966,1151,7,131,2024-07-30,Completed,Financing,5.0
6799,778,890,1,1,2025-06-22,In Progress,Insurance,
6800,1131,1709,1,35,2025-01-10,Cancelled,,
6801,2864,1682,12,35,2023-07-28,Cancelled,,
6802,2520,1988,2,6,2024-02-05,In Progress,Credit Card,
6803,690,1618,5,145,2023-02-23,In Progress,Financing,
6804,2118,2649,2,4,2025-07-11,Cancelled,,
6805,604,2305,4,131,2024-10-12,Completed,Credit Card,1.0
6806,2549,502,5,23,2023-02-28,In Progress,Financing,
6807,584,424,7,134,2025-09-29,In Progress,Financing,
6808,341,2822,10,75,2025-07-22,Completed,Financing,
6809,854,1670,4,13,2024-01-13,Completed,Credit Card,5.0
6810,1336,904,3,165,2025-10-29,Completed,Cash,3.0
6811,2187,1919,7,169,2025-08-23,Completed,Cash,
6812,2655,2441,11,152,2025-10-14,In Progress,Cash,
6813,1919,564,6,118,2024-09-14,Completed,Financing,1.0
6814,1991,1702,9,179,2024-06-30,Cancelled,,
6815,557,2281,3,80,2025-02-13,Completed,Cash,3.0
6816,258,3343,10,55,2023-03-28,Completed,Cash,3.0
6817,1656,2306,10,162,2023-04-23,Completed,Credit Card,3.0
6818,2595,462,1,158,2023-06-11,Completed,Insurance,2.0
6819,2027,1540,10,159,2023-02-05,Completed,Insurance,
6820,562,2022,4,178,2023-09-17,In Progress,Financing,
6821,1062,1532,11,136,2025-11-08,Completed,Insurance,2.0
6822,327,2374,5,28,2025-10-11,Cancelled,,
6823,1724,760,11,160,2024-11-05,Cancelled,,
6824,1960,188,8,145,2024-12-19,Completed,Insurance,3.0
6825,1511,246,1,125,2023-11-10,Completed,Credit Card,1.0
6826,2623,1857,4,134,2023-07-04,Completed,Cash,4.0
6827,2688,2178,9,93,2023-10-15,In Progress,Insurance,
6828,2403,430,3,77,2023-12-07,Cancelled,,
6829,2061,2132,3,34,2025-07-14,Cancelled,,
6830,748,3119,5,128,2023-03-19,Completed,Credit Card,4.0
6831,2401,138,5,166,2024-08-18,Completed,Credit Card,2.0
6832,32,72,3,93,2025-09-08,Cancelled,,
6833,2335,2036,10,37,2024-06-09,In Progress,Cash,
6834,2507,191,1,153,2023-03-21,Cancelled,,
6835,2432,1093,11,153,2024-03-21,Completed,Credit Card,4.0
6836,1909,1382,5,175,2024-12-07,Completed,Debit Card,
6837,2056,1792,1,180,2025-05-03,In Progress,Debit Card,
6838,299,3181,5,174,2025-06-27,Completed,Debit Card,
6839,1128,425,6,149,2023-09-23,Completed,Insurance,
6840,2548,3281,8,135,2023-03-14,In Progress,Cash,
6841,1230,2226,12,36,2023-08-19,Completed,Financing,1.0
6842,360,2780,10,47,2024-05-28,Completed,Cash,3.0
6843,1081,1742,4,51,2024-03-14,Completed,Financing,3.0
6844,2134,3407,1,130,2024-07-17,Completed,Cash,
6845,2012,3065,7,76,2025-04-21,Completed,Credit Card,
6846,932,2810,8,149,2023-07-19,Cancelled,,
6847,807,483,4,93,2023-04-05,Completed,Credit Card,2.0
6848,1294,78,12,40,2025-10-26,Completed,Financing,3.0
6849,2451,654,8,80,2023-10-01,Cancelled,,
6850,2402,3441,7,95,2024-11-22,Completed,Credit Card,4.0
6851,759,511,2,20,2025-11-09,Completed,Credit Card,2.0
6852,2822,1538,12,166,2023-05-24,Completed,Financing,1.0
6853,2863,88,1,156,2023-08-03,Completed,Cash,5.0
6854,905,2615,12,91,2025-08-28,Completed,Debit Card,
6855,1656,1818,1,115,2025-01-23,Completed,Cash,
6856,367,1160,1,155,2023-12-25,Completed,Debit Card,5.0
6857,612,1113,9,101,2024-08-05,Cancelled,,
6858,680,2988,9,131,2023-04-25,Completed,Debit Card,5.0
6859,1046,3130,5,33,2024-01-31,Completed,Credit Card,1.0
6860,1435,2273,12,180,2024-12-04,In Progress,Debit Card,
6861,35,137,10,176,09/07/2025,Completed,Financing,4.0
6862,1212,3232,9,14,2023-07-20,Completed,Credit Card,
6863,2841,3121,10,107,2023-10-12,Completed,Financing,2.0
6864,2939,729,2,179,2024-06-07,Cancelled,,
6865,2077,2707,11,162,2025-05-09,In Progress,Insurance,
6866,2704,883,2,143,2024-09-25,Completed,Credit Card,
6867,772,321,2,108,2025-01-14,Completed,Cash,
6868,2353,557,2,28,2023-07-22,In Progress,Cash,
6869,2134,3407,7,169,2024-05-28,Completed,Insurance,5.0
6870,2003,2457,10,119,2023-04-13,Completed,Credit Card,2.0
6871,441,2535,3,38,2023-12-30,Completed,Credit Card,
6872,1216,1436,3,135,2024-02-06,Completed,Credit Card,1.0
6873,1239,2320,4,42,2023-09-14,In Progress,Credit Card,
6874,2276,1799,8,11,2023-07-10,Completed,Credit Card,4.0
6875,2771,2851,8,56,2024-04-06,Completed,Insurance,1.0
6876,810,3402,5,53,2025-12-06,Completed,Financing,3.0
6877,872,1531,8,112,2025-04-12,Completed,Credit Card,1.0
6878,1269,2880,4,45,2023-07-25,Cancelled,,
6879,2982,3233,4,59,2024-01-17,Completed,Insurance,5.0
6880,1127,148,1,110,2023-04-12,Completed,Cash,4.0
6881,709,861,7,111,2025-12-26,Cancelled,,
6882,1245,2722,1,162,2023-05-10,Completed,Financing,5.0
6883,2438,2015,4,48,2024-06-23,Completed,Cash,3.0
6884,2158,2017,4,163,2023-09-19,Cancelled,,
6885,2947,241,6,92,2025-05-01,Completed,Insurance,
6886,418,836,8,25,2023-02-19,Completed,Cash,
6887,1989,2664,9,87,2025-11-22,Completed,Debit Card,
6888,704,2804,7,100,2023-01-15,Completed,Credit Card,2.0
6889,1024,837,1,101,2025-10-10,Completed,Financing,
6890,1813,1871,6,92,2023-04-22,In Progress,Debit Card,
6891,2007,2843,9,78,2023-10-15,Cancelled,,
6892,1260,1520,11,36,2025-11-14,In Progress,Insurance,
6893,1264,1657,10,50,2025-02-06,Completed,Insurance,
6894,745,420,1,23,2025-05-12,Completed,Financing,5.0
6895,1160,1322,11,137,2025-01-26,In Progress,Cash,
6896,1891,2677,6,72,2024-04-16,Completed,Cash,
6897,1714,850,9,76,2025-01-18,Completed,Credit Card,
6898,2368,2928,2,95,2023-04-29,In Progress,Insurance,
6899,217,3016,10,64,2024-07-29,Completed,Credit Card,
6900,2072,1254,3,43,2025-04-27,Cancelled,,
6901,1364,3007,9,30,2024-03-10,Completed,Insurance,
6902,2087,1136,6,58,2025-04-14,In Progress,Insurance,
6903,2549,502,10,160,2025-10-06,Completed,Cash,
6904,233,3080,7,2,2024-11-24,Completed,Financing,
6905,1321,395,3,34,2023-01-06,Completed,Financing,4.0
6906,781,797,8,106,2023-03-05,Completed,Financing,5.0
6907,2982,268,3,119,2025-06-10,Completed,Insurance,
6908,448,558,4,126,2024-02-25,Completed,Credit Card,2.0
6909,2965,2593,8,23,2023-05-26,Completed,Debit Card,
6910,2066,2400,1,161,2023-07-09,Completed,Insurance,
6911,560,1537,3,42,2025-09-13,Cancelled,,
6912,1931,3034,7,27,2023-04-09,Completed,Debit Card,1.0
6913,2202,1656,11,166,2024-08-05,In Progress,Insurance,
6914,2657,2133,9,154,2023-11-18,Completed,Debit Card,4.0
6915,1998,2575,5,121,2024-09-09,Cancelled,,
6916,2595,462,6,54,2023-10-21,Cancelled,,
6917,2048,1225,8,174,2025-02-04,In Progress,Financing,
6918,181,101,7,121,2023-06-24,In Progress,Debit Card,
6919,1806,2108,4,160,2025-03-19,Cancelled,,
6920,2595,462,9,72,2024-03-04,In Progress,Financing,
6921,213,1447,7,91,2024-08-25,Completed,Insurance,
6922,1707,2943,11,2,2025-01-24,Completed,Financing,2.0
6923,2072,826,9,108,2023-10-11,Completed,Financing,
6924,539,933,12,58,2023-02-21,Completed,Debit Card,5.0
6925,2694,1404,1,22,2024-05-03,Completed,Cash,4.0
6926,2387,3056,1,92,2025-03-11,Completed,Debit Card,5.0
6927,2124,3002,7,126,2024-01-08,Completed,Credit Card,
6928,2394,1922,9,45,2023-05-19,Completed,Credit Card,
6929,931,450,2,46,2025-12-31,In Progress,Insurance,
6930,592,2482,9,166,2024-09-14,Completed,Debit Card,3.0
6931,1124,3118,6,160,2025-12-07,Completed,Financing,5.0
6932,2939,729,11,135,2023-04-29,Completed,Cash,3.0
6933,1012,3267,6,161,2023-01-30,In Progress,Debit Card,
6934,1182,3391,1,61,2025-09-18,In Progress,Financing,
6935,2162,3050,10,161,2024-10-24,Completed,Credit Card,
6936,1707,2943,12,90,2023-12-28,Cancelled,,
6937,149,2025,7,37,2025-11-22,Completed,Financing,
6938,1403,1068,2,34,05/07/2023,Cancelled,,
6939,1853,1831,2,161,2023-03-22,Completed,Debit Card,
6940,2063,405,9,122,2023-03-26,Completed,Insurance,3.0
6941,1601,1179,10,38,2024-02-23,Completed,Debit Card,
6942,2857,2726,8,49,2024-09-25,Completed,Financing,
6943,1141,3168,12,144,2023-03-22,Completed,Insurance,3.0
6944,2128,152,7,36,2024-02-17,In Progress,Debit Card,
6945,754,1771,7,156,2023-08-29,Cancelled,,
6946,1638,2304,3,111,2024-01-06,Completed,Debit Card,4.0
6947,1281,2458,8,156,2023-07-14,Completed,Cash,3.0
6948,1635,3339,2,132,2024-05-11,Completed,Credit Card,
6949,1124,934,1,86,2023-03-20,Completed,Financing,1.0
6950,1338,442,5,77,2024-06-07,Cancelled,,
6951,2652,2623,12,170,2023-10-09,Completed,Cash,1.0
6952,1355,792,6,97,2024-09-23,Cancelled,,
6953,789,67,8,118,2024-02-04,Cancelled,,
6954,1809,1285,11,145,2025-05-07,Completed,Credit Card,5.0
6955,2178,1207,11,11,2023-01-11,Completed,Insurance,
6956,2554,1253,11,127,2023-08-18,Completed,Debit Card,4.0
6957,2746,812,4,90,2023-05-15,Completed,Financing,3.0
6958,385,1694,3,122,2025-08-17,Completed,Insurance,2.0
6959,1508,689,2,116,2025-12-15,Cancelled,,
6960,788,840,12,81,2025-06-28,Completed,Financing,
6961,1509,696,1,17,2023-05-05,Completed,Cash,5.0
6962,676,263,6,174,2023-05-22,Completed,Debit Card,2.0
6963,53,2831,6,79,2023-04-20,Completed,Insurance,
6964,1147,2526,10,134,2025-12-05,In Progress,Insurance,
6965,1763,561,3,37,2024-06-08,Completed,Cash,
6966,2361,3298,3,31,2023-04-27,In Progress,Debit Card,
6967,635,2992,4,87,2023-03-04,Completed,Credit Card,4.0
6968,1898,625,4,140,2023-10-29,Completed,Cash,
6969,2228,1056,5,26,2023-05-04,In Progress,Insurance,
6970,403,1153,11,87,2025-07-06,Completed,Financing,
6971,1307,1465,8,40,2024-01-04,In Progress,Cash,
6972,2029,1255,10,147,2024-04-15,Completed,Financing,2.0
6973,2497,807,12,90,2023-10-15,In Progress,Debit Card,
6974,2086,2122,3,13,2024-03-18,Completed,Insurance,4.0
6975,625,704,7,99,2024-08-10,Completed,Financing,
6976,1737,2136,8,17,2023-09-17,Completed,Financing,4.0
6977,1883,2599,1,43,2024-09-20,Completed,Financing,
6978,349,2802,1,42,2024-04-14,Completed,Financing,3.0
6979,2578,1508,4,21,2025-02-20,Completed,Insurance,2.0
6980,2622,1868,1,138,2024-03-31,Completed,Insurance,
6981,2985,1705,1,97,2024-02-23,Completed,Credit Card,3.0
6982,837,2367,10,113,2023-02-26,Cancelled,,
6983,493,59,3,118,2024-03-27,Cancelled,,
6984,2165,185,9,63,2023-07-22,Completed,Credit Card,2.0
6985,1226,525,10,41,2025-04-15,Completed,Credit Card,5.0
6986,1525,2965,7,122,2024-10-01,Cancelled,,
6987,479,936,5,41,2023-06-23,Completed,Insurance,4.0
6988,497,209,7,55,2024-01-06,Completed,Credit Card,5.0
6989,1565,393,9,135,2024-07-07,Completed,Insurance,4.0
6990,2313,1904,2,149,2023-06-02,Completed,Financing,
6991,1292,814,11,116,2023-11-28,Completed,Debit Card,4.0
6992,1153,873,2,111,2025-03-01,Completed,Debit Card,5.0
6993,1473,2705,12,157,2023-06-21,In Progress,Financing,
6994,859,2683,3,5,2023-02-24,Completed,Debit Card,4.0
6995,805,1770,8,11,2024-11-01,In Progress,Debit Card,
6996,438,1958,4,153,2024-03-26,Completed,Insurance,5.0
6997,1753,3161,12,89,2024-02-23,Completed,Financing,4.0
6998,355,1329,8,87,2024-08-06,Completed,Financing,
6999,791,1930,12,94,2024-04-12,Completed,Cash,
7000,1663,2202,8,49,2023-11-14,In Progress,Credit Card,
7001,1049,3107,5,148,2023-10-29,Completed,Credit Card,
7002,2811,2927,7,108,2025-10-24,In Progress,Credit Card,
7003,2744,396,4,110,2025-09-29,Completed,Financing,2.0
7004,524,139,7,120,2025-10-13,Completed,Debit Card,2.0
7005,576,2099,2,176,2025-11-17,Completed,Cash,5.0
7006,2382,80,1,8,2023-06-02,In Progress,Debit Card,
7007,2297,2148,1,145,2023-07-24,Completed,Cash,3.0
7008,2770,1653,12,44,2024-03-03,Completed,Debit Card,5.0
7009,1935,1397,10,79,2023-11-11,Cancelled,,
7010,205,824,4,60,2023-11-22,Cancelled,,
7011,173,853,10,137,2023-03-28,Completed,Credit Card,3.0
7012,102,375,6,57,2025-02-27,Completed,Debit Card,2.0
7013,1546,2492,10,36,2024-09-19,Cancelled,,
7014,2106,2869,2,49,2024-01-24,In Progress,Debit Card,
7015,1812,3261,5,147,2023-11-03,Completed,Credit Card,2.0
7016,1522,3376,5,99,2024-04-04,Completed,Financing,
7017,1777,2250,5,76,2025-04-18,Cancelled,,
7018,1437,3142,6,152,2025-01-08,Completed,Debit Card,4.0
7019,2336,1438,5,164,2024-10-12,Completed,Cash,
7020,2187,1919,10,76,2025-09-09,Completed,Debit Card,2.0
7021,2194,632,10,62,2025-02-15,Completed,Insurance,
7022,346,371,3,117,2023-09-04,In Progress,Cash,
7023,997,3122,4,90,2025-08-28,Completed,Financing,
7024,2507,775,8,28,2023-09-27,Completed,Insurance,
7025,584,180,10,124,2025-06-22,Completed,Financing,
7026,838,1970,11,74,2023-08-17,Completed,Insurance,
7027,2643,926,8,172,2024-10-08,Cancelled,,
7028,2823,3322,8,79,2025-10-02,Completed,Debit Card,1.0
7029,2701,2867,9,167,2023-07-01,Completed,Insurance,1.0
7030,240,276,10,123,2025-03-17,In Progress,Insurance,
7031,714,1860,6,99,2024-03-19,In Progress,Insurance,
7032,1838,2513,8,98,2023-03-29,Completed,Financing,3.0
7033,2336,1438,2,16,2024-11-21,Cancelled,,
7034,2225,620,9,39,2023-11-02,In Progress,Cash,
7035,1226,987,7,144,2025-04-20,Cancelled,,
7036,2717,33,3,178,2024-09-20,Completed,Cash,
7037,2998,1521,2,125,2023-08-18,Cancelled,,
7038,1832,1303,10,147,2025-01-23,Completed,Financing,
7039,121,1429,8,93,2023-02-02,Completed,Cash,2.0
7040,2774,2890,10,113,2024-12-27,In Progress,Credit Card,
7041,245,2076,6,76,2024-10-20,Completed,Insurance,3.0
7042,2774,1150,10,124,2024-04-07,Completed,Financing,4.0
7043,1279,3045,12,53,2025-05-29,Completed,Cash,1.0
7044,805,1758,10,94,2025-09-21,Completed,Insurance,2.0
7045,2326,2299,10,102,2024-09-11,Completed,Debit Card,
7046,1419,2812,2,104,2025-12-11,Completed,Insurance,5.0
7047,1777,2250,1,112,2024-02-25,Cancelled,,
7048,2419,1566,7,45,2023-08-02,Completed,Credit Card,
7049,331,2829,2,42,2024-04-28,Completed,Credit Card,3.0
7050,2866,1296,1,111,2023-06-09,Cancelled,,
7051,1767,1217,5,7,2023-01-01,In Progress,Debit Card,
7052,1257,1917,3,42,2023-09-24,Completed,Cash,
7053,1968,1443,7,169,2025-05-04,In Progress,Cash,
7054,1329,2645,9,52,2023-05-07,Completed,Credit Card,5.0
7055,1809,2468,3,52,2025-10-26,Completed,Cash,3.0
7056,2706,1568,5,1,2023-12-19,Completed,Financing,
7057,796,1833,6,30,2025-08-03,Cancelled,,
7058,2361,3298,2,72,2023-01-09,Completed,Financing,3.0
7059,1805,2379,11,96,2023-03-31,Completed,Financing,5.0
7060,2517,533,6,180,2025-11-03,In Progress,Debit Card,
7061,1852,3144,12,169,2023-04-28,Cancelled,,
7062,1287,1914,3,130,2024-10-31,Cancelled,,
7063,1395,2638,2,132,2024-07-20,Completed,Credit Card,4.0
7064,2604,1434,8,59,2024-01-24,In Progress,Cash,
7065,1742,363,6,120,2025-02-06,Completed,Debit Card,4.0
7066,2088,1947,8,12,2023-08-28,Completed,Debit Card,4.0
7067,151,2296,3,16,2025-07-03,Completed,Financing,4.0
7068,928,2609,10,14,2024-09-25,Completed,Debit Card,4.0
7069,2605,1900,6,59,2023-03-11,Completed,Debit Card,4.0
7070,1394,2418,11,49,2024-05-30,Cancelled,,
7071,1913,679,5,139,2023-04-05,Completed,Insurance,1.0
7072,1721,2673,5,136,2024-05-17,Completed,Cash,3.0
7073,2181,478,2,84,2025-11-23,Completed,Debit Card,
7074,734,3421,7,32,2024-06-10,Completed,Insurance,
7075,2072,1254,7,174,2023-06-11,Cancelled,,
7076,1278,3429,8,134,2024-10-16,Cancelled,,
7077,556,1825,9,139,2025-05-03,In Progress,Debit Card,
7078,1945,1161,1,173,2024-10-18,Completed,Debit Card,5.0
7079,621,572,12,121,2024-07-05,Completed,Credit Card,4.0
7080,2081,2894,2,169,2024-08-09,Completed,Cash,
7081,2882,2799,6,1,2025-07-12,Completed,Cash,3.0
7082,1370,544,5,139,2025-12-01,Completed,Credit Card,
7083,2643,1268,6,80,2023-02-04,In Progress,Debit Card,
7084,603,1227,12,39,2024-11-02,Completed,Credit Card,
7085,157,2118,12,144,2024-11-26,Completed,Cash,3.0
7086,1119,2134,1,92,2025-11-05,Cancelled,,
7087,1051,562,3,124,2023-12-06,Completed,Debit Card,
7088,7,1689,3,81,2025-11-04,Completed,Cash,1.0
7089,1321,395,5,70,2023-03-07,Completed,Credit Card,
7090,1659,2783,1,73,2025-03-10,Completed,Credit Card,1.0
7091,363,618,1,28,2023-08-10,Completed,Debit Card,2.0
7092,53,2831,1,101,2024-12-14,Completed,Financing,1.0
7093,1961,2670,12,168,2024-04-19,Completed,Insurance,
7094,2046,3052,10,10,2025-09-07,Cancelled,,
7095,2451,2506,3,85,2023-12-22,Completed,Debit Card,
7096,828,2748,11,43,2025-09-11,Cancelled,,
7097,1861,1027,8,139,2023-05-05,Completed,Financing,5.0
7098,1222,3277,5,171,2024-07-11,Completed,Debit Card,1.0
7099,1370,544,1,93,2025-04-12,Completed,Cash,
7100,644,2333,1,158,2025-09-07,Completed,Credit Card,5.0
7101,1544,1242,8,72,2023-06-22,Completed,Cash,
7102,923,943,7,40,2023-07-18,Cancelled,,
7103,789,1260,1,7,2024-02-19,Completed,Debit Card,5.0
7104,2427,743,8,27,2023-01-12,Completed,Credit Card,
7105,349,2802,5,104,2023-01-19,Completed,Cash,5.0
7106,2634,2228,8,147,2025-02-05,Completed,Credit Card,
7107,602,1645,3,111,2023-05-18,Completed,Credit Card,2.0
7108,1178,944,9,34,2025-07-26,Completed,Credit Card,3.0
7109,2507,135,1,12,2023-06-23,In Progress,Insurance,
7110,1501,1176,1,167,2023-01-25,Completed,Insurance,
7111,1885,108,4,48,2023-10-17,Completed,Debit Card,
7112,2628,1842,5,132,2024-12-09,Completed,Insurance,2.0
7113,1045,1972,4,114,2024-06-04,Completed,Cash,3.0
7114,505,2548,10,145,2025-10-04,Completed,Insurance,
7115,2072,243,6,124,2024-11-15,Completed,Debit Card,
7116,2717,33,9,44,2024-04-28,In Progress,Debit Card,
7117,2616,2431,2,108,2025-11-23,In Progress,Insurance,
7118,2271,2897,8,127,2023-03-05,Completed,Financing,5.0
7119,1121,3131,12,48,2023-12-22,Completed,Credit Card,1.0
7120,1804,2765,10,157,2025-07-28,In Progress,Credit Card,
7121,1919,564,4,90,2023-05-08,Completed,Debit Card,
7122,838,431,8,179,2024-09-05,Completed,Insurance,4.0
7123,961,2012,2,27,2024-08-06,Completed,Debit Card,5.0
7124,505,1525,2,126,2025-05-04,Completed,Credit Card,
7125,1080,2364,5,164,2025-07-25,Completed,Credit Card,
7126,11,2929,4,56,2025-02-07,Completed,Cash,3.0
7127,1711,2181,12,166,2025-02-23,Completed,Cash,
7128,2813,1527,12,180,09/10/2025,In Progress,Debit Card,
7129,1768,856,5,78,2023-05-13,Completed,Insurance,
7130,2743,208,11,88,2025-09-13,Completed,Credit Card,2.0
7131,1302,1954,6,44,2025-01-15,Completed,Cash,
7132,1564,3183,6,22,2025-10-16,Cancelled,,
7133,1627,3115,4,67,2025-04-21,Completed,Financing,3.0
7134,903,2874,6,150,2025-08-05,Completed,Insurance,5.0
7135,2346,327,5,67,2023-09-28,Completed,Insurance,
7136,228,316,4,29,2024-01-10,Completed,Insurance,
7137,1968,2230,6,4,2025-03-08,Completed,Credit Card,4.0
7138,1395,2638,2,30,2024-02-03,Completed,Financing,5.0
7139,497,1876,5,133,2025-05-05,Completed,Credit Card,1.0
7140,518,548,12,110,2024-01-25,Completed,Credit Card,4.0
7141,1478,838,4,10,2024-01-29,Completed,Cash,2.0
7142,687,622,9,2,04/14/2024,In Progress,Cash,
7143,1709,1582,4,21,2024-09-11,In Progress,Financing,
7144,1318,1471,6,23,2025-05-14,In Progress,Financing,
7145,2969,2807,10,146,2023-06-15,Completed,Financing,5.0
7146,2915,3167,3,7,2023-05-10,Completed,Credit Card,2.0
7147,2969,2807,8,110,2024-03-21,Cancelled,,
7148,1061,821,11,121,2025-02-20,Completed,Insurance,3.0
7149,1753,3161,5,84,2024-01-04,Completed,Debit Card,
7150,1833,2672,6,78,2023-01-16,In Progress,Cash,
7151,1812,3261,12,29,2025-02-19,Completed,Debit Card,5.0
7152,838,2258,9,78,2024-12-31,In Progress,Credit Card,
7153,154,1661,6,77,2025-12-07,In Progress,Cash,
7154,2461,1189,2,98,02/19/2025,Completed,Debit Card,4.0
7155,567,903,11,131,2024-07-16,Completed,Cash,
7156,2264,168,9,37,2024-02-28,Completed,Financing,1.0
7157,2007,35,10,66,2023-05-15,In Progress,Credit Card,
7158,851,2290,5,41,2024-02-09,Cancelled,,
7159,1369,18,8,129,2024-07-17,In Progress,Cash,
7160,735,769,5,172,2023-01-15,Completed,Cash,1.0
7161,1670,603,12,49,2025-02-01,In Progress,Cash,
7162,1048,2382,8,16,2023-11-30,Completed,Insurance,3.0
7163,2985,1705,5,28,2024-05-26,Completed,Financing,5.0
7164,1813,1980,5,8,2024-01-12,Completed,Financing,2.0
7165,2387,3318,4,176,2025-10-21,In Progress,Insurance,
7166,1656,2306,9,112,2023-04-11,In Progress,Cash,
7167,1670,603,5,93,2025-11-23,Completed,Credit Card,
7168,1182,1752,9,116,2025-05-25,Cancelled,,
7169,764,1038,1,95,2023-01-16,Completed,Cash,4.0
7170,2019,1926,4,47,2025-10-17,Completed,Insurance,2.0
7171,614,3149,9,80,2024-07-05,Completed,Debit Card,4.0
7172,1856,76,3,143,2025-06-06,Completed,Insurance,
7173,1501,3389,8,51,2025-12-24,In Progress,Financing,
7174,1161,1108,5,70,2025-04-21,Cancelled,,
7175,1748,2738,6,80,2024-04-16,Completed,Insurance,
7176,2029,197,7,126,2025-04-15,Completed,Financing,3.0
7177,1048,1459,3,12,2025-12-21,Completed,Credit Card,4.0
7178,2718,2384,7,162,2025-03-17,In Progress,Credit Card,
7179,88,1314,7,163,2024-02-13,In Progress,Cash,
7180,506,2349,3,160,2024-11-30,Cancelled,,
7181,72,2655,7,13,2025-02-18,In Progress,Credit Card,
7182,641,697,8,25,2024-03-01,Cancelled,,
7183,1412,565,7,35,2024-11-10,In Progress,Cash,
7184,1727,2298,6,36,2025-08-19,Completed,Debit Card,
7185,1632,2578,1,22,2024-01-07,Cancelled,,
7186,704,2507,1,110,2025-03-31,Completed,Insurance,5.0
7187,844,1167,5,120,2025-07-20,Completed,Financing,
7188,29,3224,1,27,2024-12-16,Completed,Debit Card,2.0
7189,875,1546,10,26,2023-12-24,Completed,Insurance,4.0
7190,811,340,1,148,2025-12-09,Completed,Cash,2.0
7191,838,2258,12,51,2023-04-23,Completed,Insurance,5.0
7192,2498,421,12,91,2025-08-21,Completed,Insurance,4.0
7193,784,2358,1,7,2024-02-05,Completed,Credit Card,
7194,308,1810,10,107,2023-07-28,In Progress,Insurance,
7195,986,381,7,10,2023-06-03,Completed,Credit Card,
7196,1814,2891,8,90,2024-02-17,In Progress,Insurance,
7197,2918,2106,5,37,2025-01-22,Cancelled,,
7198,1350,2885,2,169,2023-01-06,Completed,Financing,2.0
7199,1659,1264,10,119,2025-07-02,In Progress,Financing,
7200,1207,3010,5,100,2023-08-12,Completed,Insurance,5.0
7201,675,90,9,120,2025-06-08,Completed,Cash,5.0
7202,599,2352,7,64,2025-07-10,Completed,Insurance,1.0
7203,2287,2838,8,126,2025-11-13,Completed,Credit Card,2.0
7204,2757,248,4,67,2025-09-21,Completed,Credit Card,3.0
7205,2408,1855,5,145,2025-08-22,Completed,Financing,5.0
7206,806,1030,9,106,2025-09-23,In Progress,Financing,
7207,167,661,5,114,2025-03-10,Completed,Insurance,3.0
7208,1958,273,4,163,2023-06-24,Completed,Debit Card,
7209,2290,3418,3,1,2023-06-26,Completed,Debit Card,1.0
7210,1772,3032,3,178,2023-08-04,Cancelled,,
7211,1321,1585,4,174,2024-08-10,Completed,Financing,
7212,1597,2121,10,2,2023-06-02,Completed,Financing,1.0
7213,2246,3062,8,180,2023-07-26,Cancelled,,
7214,2304,2725,9,68,2025-07-04,Completed,Debit Card,
7215,958,219,12,76,2025-04-18,Completed,Insurance,
7216,754,966,10,27,2025-12-09,Completed,Financing,5.0
7217,1978,2044,10,124,2025-03-10,Completed,Financing,2.0
7218,810,3226,5,33,2024-02-07,Cancelled,,
7219,2781,2617,12,120,2024-03-09,Completed,Debit Card,
7220,1165,2973,6,120,2025-04-30,Completed,Financing,4.0
7221,646,782,4,20,2024-12-01,Cancelled,,
7222,1967,2604,11,37,2023-01-19,Completed,Credit Card,2.0
7223,1216,1436,4,117,2023-04-02,In Progress,Debit Card,
7224,1498,3369,2,97,2025-11-18,Completed,Cash,
7225,1766,3332,11,132,2025-09-23,Cancelled,,
7226,2874,945,10,56,2025-08-23,Completed,Credit Card,2.0
7227,2507,775,11,154,2024-06-16,Completed,Financing,5.0
7228,2361,3416,4,19,2025-06-25,Cancelled,,
7229,86,2008,2,24,2023-05-03,In Progress,Debit Card,
7230,323,2088,4,21,2024-03-16,Completed,Insurance,4.0
7231,1329,2645,5,125,2024-06-06,Completed,Insurance,4.0
7232,2419,1566,11,78,2024-01-11,Completed,Debit Card,
7233,2832,1785,7,139,2024-03-24,Completed,Credit Card,
7234,1350,3351,7,37,2025-05-12,Completed,Insurance,5.0
7235,2179,2312,5,50,2024-04-04,Completed,Insurance,3.0
7236,2275,3420,11,180,2024-12-30,Completed,Debit Card,5.0
7237,1210,1482,5,25,2023-07-22,Completed,Financing,1.0
7238,2243,112,9,111,2023-11-30,Cancelled,,
7239,48,2620,3,90,2023-09-18,Completed,Financing,
7240,2011,609,2,89,2024-12-02,In Progress,Debit Card,
7241,2727,3305,12,131,2024-11-22,Completed,Financing,5.0
7242,2517,533,2,16,2023-10-19,Completed,Debit Card,3.0
7243,136,91,11,13,2024-05-27,Completed,Insurance,
7244,195,932,4,40,2023-08-09,Completed,Cash,4.0
7245,299,3181,12,62,2023-01-08,Completed,Cash,2.0
7246,2490,1703,6,180,2024-08-21,Completed,Insurance,
7247,1809,2942,11,131,2025-08-03,Completed,Debit Card,5.0
7248,18,3005,9,87,2025-08-11,Completed,Insurance,
7249,536,1766,5,36,2023-09-05,Completed,Cash,1.0
7250,851,2290,2,43,2023-02-04,Completed,Credit Card,
7251,2626,2766,12,146,2023-06-19,Completed,Debit Card,4.0
7252,1815,2488,1,25,10/01/2023,Completed,Financing,2.0
7253,2401,757,12,27,2025-12-18,Cancelled,,
7254,1694,1455,3,7,2024-12-13,Completed,Debit Card,5.0
7255,2989,303,4,142,2024-11-17,In Progress,Debit Card,
7256,467,2126,9,87,2023-10-07,Completed,Insurance,4.0
7257,2646,1957,10,14,2025-03-04,Cancelled,,
7258,1178,944,6,174,2025-11-29,In Progress,Credit Card,
7259,2479,234,1,171,2023-01-11,Completed,Financing,
7260,2947,590,12,25,2024-09-14,In Progress,Credit Card,
7261,537,1872,7,55,2025-01-05,Completed,Cash,1.0
7262,2404,2376,2,145,2025-05-08,Completed,Financing,1.0
7263,1122,1655,12,26,2024-12-13,In Progress,Insurance,
7264,2018,133,2,71,11/08/2023,Cancelled,,
7265,2062,469,3,120,2025-05-19,Completed,Insurance,
7266,60,1090,10,126,2024-10-10,Completed,Credit Card,2.0
7267,117,3384,5,39,2025-07-18,Completed,Debit Card,3.0
7268,2545,2233,9,104,2023-02-21,In Progress,Debit Card,
7269,881,2403,12,1,2023-09-23,In Progress,Cash,
7270,1920,3180,4,27,2025-02-26,In Progress,Credit Card,
7271,2289,472,3,154,2024-03-18,In Progress,Credit Card,
7272,918,1087,12,43,2025-12-06,Completed,Financing,3.0
7273,2230,3061,9,77,2025-08-09,Completed,Credit Card,3.0
7274,2853,65,5,48,2024-05-19,Completed,Financing,5.0
7275,800,961,4,171,2024-12-15,Cancelled,,
7276,2362,332,6,3,2023-12-17,Completed,Cash,
7277,1557,1511,10,73,2023-12-25,Completed,Debit Card,2.0
7278,457,703,2,65,2023-06-03,Completed,Credit Card,1.0
7279,1189,2027,3,98,2024-05-02,In Progress,Credit Card,
7280,427,2922,10,172,2023-02-04,In Progress,Credit Card,
7281,2178,1877,11,126,2025-06-08,Completed,Cash,
7282,2776,1890,2,163,2023-12-17,Completed,Insurance,3.0
7283,1415,3241,4,27,2023-03-10,Completed,Credit Card,4.0
7284,2281,964,3,60,2025-06-14,Completed,Financing,5.0
7285,2351,1002,3,77,2025-12-01,Cancelled,,
7286,2285,1687,5,108,2023-09-13,Completed,Cash,5.0
7287,1395,2638,4,60,2023-12-04,Completed,Insurance,2.0
7288,805,1770,12,165,2024-08-27,Cancelled,,
7289,560,973,4,67,2024-10-10,Cancelled,,
7290,1767,356,8,88,2024-12-03,Cancelled,,
7291,2707,2549,6,13,2025-10-18,Completed,Financing,4.0
7292,1984,3102,1,142,2025-03-08,Completed,Credit Card,4.0
7293,378,1718,4,58,2025-03-13,Cancelled,,
7294,229,2264,5,12,2023-06-05,Cancelled,,
7295,2557,295,8,2,2024-12-13,Completed,Cash,3.0
7296,2509,1701,11,81,2025-05-06,Completed,Debit Card,5.0
7297,1127,103,3,96,2024-11-25,Cancelled,,
7298,1406,2261,2,104,2025-09-15,Completed,Financing,
7299,625,1144,11,117,2025-04-19,Completed,Debit Card,4.0
7300,56,1491,7,11,2023-08-09,Completed,Debit Card,
7301,2567,2611,11,78,2025-04-09,Completed,Credit Card,4.0
7302,287,1114,10,155,2025-08-04,Completed,Financing,
7303,1111,1578,1,52,2024-06-27,In Progress,Credit Card,
7304,2683,2102,3,140,2023-05-16,In Progress,Cash,
7305,642,2124,6,27,2023-03-07,In Progress,Insurance,
7306,2424,2372,10,169,2025-05-22,Completed,Cash,
7307,1814,2891,1,80,2025-12-11,Completed,Financing,2.0
7308,2628,2676,3,127,2023-12-03,Completed,Debit Card,5.0
7309,177,2531,2,45,2025-07-02,In Progress,Financing,
7310,258,3343,4,132,2023-05-08,Cancelled,,
7311,2584,3078,6,128,2024-04-04,Completed,Insurance,
7312,2570,1526,11,54,2023-04-13,In Progress,Credit Card,
7313,1097,2193,2,178,2025-02-21,Completed,Insurance,5.0
7314,1684,32,6,153,2024-02-15,Completed,Cash,3.0
7315,2861,1192,6,162,2023-06-07,Completed,Financing,3.0
7316,411,1479,6,107,2024-05-29,Completed,Debit Card,4.0
7317,357,2336,2,173,2024-07-17,Cancelled,,
7318,1366,54,2,66,2025-11-29,Completed,Cash,1.0
7319,1734,1665,2,38,2025-10-17,Completed,Insurance,4.0
7320,621,572,1,92,2023-10-01,Completed,Cash,4.0
7321,1334,705,7,69,2023-06-29,Completed,Debit Card,3.0
7322,106,409,12,127,2025-07-15,Completed,Credit Card,4.0
7323,561,275,11,106,2023-10-13,In Progress,Cash,
7324,1332,1127,7,93,2024-12-14,In Progress,Debit Card,
7325,201,1935,3,173,2024-05-25,Completed,Financing,
7326,1740,2235,10,88,2023-11-13,Completed,Insurance,2.0
7327,32,1975,12,40,2025-04-13,Cancelled,,
7328,250,1121,11,81,2023-11-11,Completed,Cash,
7329,1802,1006,12,30,2025-01-27,Completed,Financing,
7330,245,2076,1,151,2025-10-24,Cancelled,,
7331,2358,3297,11,161,2024-07-17,Completed,Debit Card,5.0
7332,1691,1908,3,105,2024-06-20,Completed,Financing,
7333,120,459,7,93,2024-04-10,Completed,Debit Card,1.0
7334,1019,1092,4,154,2023-12-18,Cancelled,,
7335,1260,1520,4,132,2025-08-18,In Progress,Debit Card,
7336,2736,1193,1,69,2023-07-01,Completed,Credit Card,2.0
7337,7,2385,6,6,2024-08-10,In Progress,Financing,
7338,1909,3367,10,23,2024-01-29,In Progress,Debit Card,
7339,2589,1640,12,155,2024-09-24,Completed,Debit Card,5.0
7340,104,3368,9,117,2023-11-26,In Progress,Cash,
7341,1714,2537,5,131,2025-01-03,Completed,Insurance,5.0
7342,186,513,12,29,2023-07-18,Completed,Credit Card,2.0
7343,1953,3048,1,36,2023-05-03,Completed,Insurance,
7344,1763,561,3,78,2023-01-30,Completed,Insurance,
7345,126,1996,6,69,2023-02-28,In Progress,Credit Card,
7346,656,2907,3,28,2023-09-14,Completed,Credit Card,2.0
7347,686,3291,10,88,2025-05-25,Cancelled,,
7348,2418,2045,7,104,2023-06-14,In Progress,Credit Card,
7349,1513,402,8,147,2025-08-04,Completed,Debit Card,1.0
7350,1925,122,10,156,2024-02-06,Cancelled,,
7351,164,2991,4,56,2024-11-21,Completed,Insurance,
7352,1721,780,1,1,2024-07-07,Cancelled,,
7353,714,1864,5,68,2024-07-17,Completed,Debit Card,2.0
7354,2202,2393,1,32,2023-01-29,In Progress,Debit Card,
7355,2155,1712,12,174,2024-10-11,Cancelled,,
7356,749,2573,1,53,2025-06-04,Completed,Cash,
7357,374,1787,10,29,06/16/2024,Completed,Financing,2.0
7358,356,3344,4,83,2025-01-04,Completed,Insurance,
7359,1718,2912,5,2,2025-01-31,Completed,Financing,5.0
7360,1609,595,2,34,2024-09-22,Completed,Financing,5.0
7361,2268,2407,3,4,2024-07-29,Completed,Credit Card,1.0
7362,517,2914,9,31,2024-08-13,Cancelled,,
7363,753,2344,3,81,2025-05-05,In Progress,Debit Card,
7364,1786,2105,11,131,2025-07-06,Completed,Financing,5.0
7365,2634,2228,11,133,2023-10-09,Completed,Insurance,2.0
7366,2276,1799,2,84,2025-11-22,In Progress,Financing,
7367,2074,2887,2,89,2024-09-28,Completed,Financing,
7368,2577,61,6,112,2025-09-05,Completed,Financing,5.0
7369,1494,676,10,136,2025-12-10,Completed,Cash,5.0
7370,1730,89,12,130,2023-07-15,Completed,Debit Card,4.0
7371,124,1374,1,100,2024-02-22,In Progress,Insurance,
7372,1264,1657,11,128,2024-11-19,Completed,Financing,2.0
7373,205,824,9,6,06/24/2023,Completed,Insurance,2.0
7374,1331,3088,12,140,2023-10-10,Completed,Insurance,
7375,2534,527,3,127,2024-02-29,In Progress,Financing,
7376,2343,1082,6,66,2023-04-29,In Progress,Financing,
7377,2033,1448,3,162,2023-11-09,Completed,Financing,4.0
7378,1960,1896,10,3,2024-09-28,Completed,Financing,
7379,1848,2313,3,90,2025-10-03,Completed,Credit Card,
7380,1871,2636,10,59,2024-05-08,Cancelled,,
7381,2720,3352,10,43,2025-08-25,Cancelled,,
7382,561,364,12,47,2024-09-04,Completed,Insurance,1.0
7383,1981,2210,2,64,2024-08-13,Cancelled,,
7384,61,1318,6,167,2023-02-05,In Progress,Insurance,
7385,541,2562,11,124,2024-10-10,Completed,Debit Card,4.0
7386,265,109,6,31,2025-08-20,Completed,Debit Card,4.0
7387,1938,2667,11,82,2023-12-08,In Progress,Insurance,
7388,605,673,11,55,2024-10-29,Completed,Credit Card,4.0
7389,1535,2164,5,101,2024-07-30,Completed,Debit Card,
7390,390,401,4,94,2024-02-12,Completed,Debit Card,1.0
7391,439,2862,10,9,2024-07-27,Completed,Credit Card,
7392,2129,3417,8,160,2025-10-13,In Progress,Credit Card,
7393,2378,1754,5,37,2025-03-10,Completed,Financing,
7394,1501,3389,2,101,2023-12-11,Completed,Insurance,
7395,761,3092,6,164,2023-12-21,Completed,Debit Card,4.0
7396,2825,975,4,45,2023-03-23,Completed,Credit Card,5.0
7397,412,3290,6,23,2023-07-04,Cancelled,,
7398,2588,119,9,34,2025-11-28,Completed,Credit Card,5.0
7399,1433,1133,3,37,2023-02-09,In Progress,Financing,
7400,614,291,9,45,2024-03-28,Completed,Financing,3.0
7401,2451,834,2,110,2025-10-20,In Progress,Credit Card,
7402,1216,1436,11,168,2024-11-12,Completed,Debit Card,1.0
7403,758,744,5,79,2025-10-21,In Progress,Credit Card,
7404,1369,2669,6,49,2024-08-10,Completed,Insurance,
7405,2754,2426,1,49,2025-09-28,Cancelled,,
7406,969,635,4,51,2024-06-03,Completed,Insurance,4.0
7407,700,2416,10,148,2025-01-25,Completed,Credit Card,2.0
7408,1396,60,6,126,2025-12-07,Completed,Financing,1.0
7409,1566,1075,9,119,2024-01-02,Cancelled,,
7410,746,1175,3,105,2024-02-05,Completed,Financing,
7411,2435,2462,2,46,2024-09-04,Cancelled,,
7412,1190,2293,1,117,2023-06-10,Completed,Financing,
7413,2085,187,6,178,2025-04-10,Completed,Financing,1.0
7414,2247,1720,7,106,2024-11-10,Completed,Credit Card,
7415,1989,3419,6,81,2024-02-20,Completed,Insurance,
7416,1049,571,7,63,2025-09-17,Completed,Cash,
7417,796,3219,12,66,2024-07-09,Completed,Debit Card,1.0
7418,2302,184,11,124,2025-11-15,Cancelled,,
7419,179,2172,8,17,2023-03-19,Completed,Financing,4.0
7420,391,1878,4,77,2025-01-15,In Progress,Financing,
7421,86,2241,1,171,2023-02-19,In Progress,Debit Card,
7422,704,2507,1,56,2024-12-01,In Progress,Credit Card,
7423,2430,1458,12,107,2025-02-23,Completed,Cash,
7424,98,2923,3,22,2024-08-08,In Progress,Insurance,
7425,271,348,10,82,2024-08-31,Completed,Debit Card,1.0
7426,2700,1349,4,106,05/06/2024,Completed,Credit Card,5.0
7427,2772,514,3,52,2025-06-19,Completed,Financing,3.0
7428,2936,3375,9,120,2025-09-16,Completed,Cash,4.0
7429,173,853,3,6,2024-01-04,Cancelled,,
7430,1049,2830,5,132,2025-03-23,Completed,Credit Card,2.0
7431,782,2895,3,95,2023-09-15,Cancelled,,
7432,72,326,5,54,2023-06-10,Completed,Insurance,4.0
7433,2664,2111,5,149,2023-11-07,Completed,Financing,3.0
7434,2175,930,7,123,2023-12-27,Completed,Credit Card,1.0
7435,120,306,5,144,2024-01-17,Completed,Debit Card,4.0
7436,2955,596,7,60,2023-05-04,Cancelled,,
7437,842,1637,4,158,09/11/2023,Completed,Debit Card,4.0
7438,2529,993,11,112,2025-05-19,Cancelled,,
7439,1021,1751,10,142,2023-09-08,Cancelled,,
7440,150,149,1,69,2023-07-28,In Progress,Financing,
7441,11,2929,9,24,2024-05-13,Completed,Cash,
7442,2444,2086,3,69,2024-05-14,Completed,Debit Card,5.0
7443,2072,243,2,5,2023-05-27,Completed,Credit Card,3.0
7444,2757,248,3,143,2024-10-18,In Progress,Credit Card,
7445,2438,1257,5,113,2025-05-03,Completed,Financing,3.0
7446,177,2531,4,102,2025-03-24,Cancelled,,
7447,2033,1448,6,136,2023-12-09,Cancelled,,
7448,3,3346,1,87,2024-10-05,In Progress,Cash,
7449,1285,2138,7,124,2024-04-28,Completed,Debit Card,
7450,1248,1362,1,137,2025-03-16,Completed,Credit Card,5.0
7451,2021,2053,5,179,2024-10-29,Completed,Credit Card,5.0
7452,1167,2900,9,40,2023-01-20,Completed,Cash,
7453,2003,322,12,33,2025-12-12,In Progress,Debit Card,
7454,355,1329,12,132,2023-02-09,Cancelled,,
7455,2402,3441,5,176,2024-12-18,Completed,Financing,
7456,2989,2249,6,159,2023-12-13,In Progress,Cash,
7457,2011,1907,4,116,2025-09-24,Completed,Credit Card,5.0
7458,872,1531,6,151,2025-02-20,Completed,Financing,
7459,800,961,11,88,2024-09-19,Completed,Financing,2.0
7460,1594,1543,3,126,2024-12-03,Completed,Debit Card,4.0
7461,931,2055,3,24,2024-07-25,Completed,Cash,
7462,2976,1485,4,40,2025-06-28,Completed,Credit Card,5.0
7463,2493,2454,7,2,2024-12-07,Completed,Credit Card,4.0
7464,176,283,9,136,2025-12-08,Completed,Debit Card,
7465,2979,1884,10,37,2024-02-26,Completed,Cash,4.0
7466,1723,1358,5,105,2024-01-28,Completed,Credit Card,4.0
7467,2602,939,9,25,2024-02-25,Completed,Debit Card,1.0
7468,2190,426,1,9,2023-08-14,Completed,Debit Card,5.0
7469,1771,2628,11,37,03/25/2023,Completed,Debit Card,
7470,1694,566,11,69,2024-07-11,Completed,Financing,2.0
7471,159,366,8,118,2025-06-30,Completed,Cash,2.0
7472,2328,1942,7,17,2024-06-13,Completed,Debit Card,
7473,2270,950,12,149,2025-07-02,Completed,Debit Card,5.0
7474,2841,3121,8,66,2023-01-17,Cancelled,,
7475,2429,2449,6,128,2024-02-12,Completed,Insurance,
7476,888,3211,7,111,2023-08-04,Completed,Insurance,1.0
7477,2827,2951,7,180,2025-12-18,In Progress,Cash,
7478,1791,1086,12,76,2023-08-31,Completed,Insurance,5.0
7479,435,1814,11,65,2024-06-14,Completed,Financing,
7480,2605,2952,2,1,2025-09-16,Cancelled,,
7481,406,1796,7,4,2024-05-18,In Progress,Credit Card,
7482,1786,457,11,3,2025-01-04,Completed,Debit Card,
7483,172,338,10,170,2023-07-24,Completed,Insurance,
7484,493,1984,5,97,2025-04-18,In Progress,Cash,
7485,187,598,1,101,2025-12-31,Completed,Cash,1.0
7486,2186,1800,1,132,2025-10-10,Completed,Cash,
7487,1778,668,2,1,2023-02-23,Completed,Credit Card,1.0
7488,1482,1624,8,79,2024-08-12,Cancelled,,
7489,1812,2864,2,134,2024-04-06,Completed,Debit Card,
7490,120,1765,9,144,2024-11-29,Completed,Debit Card,5.0
7491,264,2995,2,36,2024-02-19,Completed,Cash,3.0
7492,1985,1801,1,124,2024-01-16,Completed,Insurance,
7493,1723,1358,4,149,2024-05-05,Cancelled,,
7494,1717,1849,10,5,2023-07-24,In Progress,Debit Card,
7495,794,2711,3,101,2023-01-19,Completed,Financing,2.0
7496,337,2577,6,73,2023-05-09,Completed,Cash,5.0
7497,1104,3230,3,77,2025-01-01,Completed,Cash,1.0
7498,2352,387,10,106,2024-10-05,Completed,Insurance,3.0
7499,860,990,5,158,2024-01-10,Completed,Debit Card,2.0
7500,255,2921,7,109,2025-12-29,Completed,Debit Card,
7501,1555,488,5,155,2025-02-03,Cancelled,,
7502,1074,2363,12,15,2023-10-18,Cancelled,,
7503,1632,2578,8,51,2025-09-06,Completed,Cash,
7504,415,1012,6,160,2023-07-19,Completed,Cash,3.0
7505,2651,1496,12,49,2024-06-03,In Progress,Debit Card,
7506,2547,2212,7,84,2023-05-07,Cancelled,,
7507,909,359,3,136,2023-08-29,Completed,Insurance,4.0
7508,1857,1023,12,4,2023-03-06,Completed,Debit Card,
7509,1625,795,7,1,2023-09-13,In Progress,Debit Card,
7510,2414,256,3,61,2025-01-10,Completed,Insurance,2.0
7511,999,2756,5,54,2023-04-26,Completed,Debit Card,4.0
7512,2359,1737,2,160,2023-08-09,Completed,Debit Card,4.0
7513,1122,1655,8,153,2025-12-07,In Progress,Insurance,
7514,757,1241,5,180,2024-02-29,Completed,Cash,3.0
7515,1291,1559,1,159,2023-02-17,Completed,Insurance,2.0
7516,1700,1163,2,19,2024-09-21,In Progress,Credit Card,
7517,2392,2997,1,127,2023-10-29,Completed,Cash,
7518,395,880,12,47,2024-05-03,Completed,Insurance,2.0
7519,855,3415,4,136,2023-09-27,In Progress,Insurance,
7520,1649,2446,7,21,2025-09-27,Completed,Financing,
7521,148,1628,5,165,2025-08-26,Completed,Insurance,2.0
7522,130,2075,2,97,2023-11-16,Completed,Insurance,1.0
7523,1638,2643,3,33,2024-07-13,Completed,Insurance,1.0
7524,2782,671,6,23,2025-02-19,Cancelled,,
7525,330,1239,1,141,2023-06-15,Completed,Financing,1.0
7526,2688,2911,4,144,2023-02-18,Cancelled,,
7527,860,2085,4,16,2024-02-07,Completed,Insurance,1.0
7528,789,1260,7,16,2025-09-09,Completed,Credit Card,
7529,2864,1682,10,37,2023-06-23,Cancelled,,
7530,574,2028,12,89,2024-12-01,In Progress,Financing,
7531,2807,1240,4,48,2025-05-24,Completed,Debit Card,1.0
7532,437,1974,1,13,2024-12-16,In Progress,Cash,
7533,1187,1888,12,145,2023-01-17,Completed,Financing,
7534,2930,651,7,134,2024-06-30,Completed,Insurance,
7535,1295,3027,4,132,2023-10-21,Completed,Insurance,5.0
7536,1535,249,2,179,2025-04-28,Completed,Credit Card,3.0
7537,2370,1918,7,23,2023-10-10,Completed,Insurance,1.0
7538,2862,3020,10,102,2025-01-03,Completed,Debit Card,
7539,2999,3349,8,159,2025-07-15,Cancelled,,
7540,2931,1323,5,86,2024-06-09,Completed,Insurance,2.0
7541,1203,1344,5,125,2023-11-19,Completed,Credit Card,5.0
7542,1383,3120,6,137,2024-10-03,Completed,Insurance,
7543,1072,261,9,92,2024-07-13,Completed,Financing,2.0
7544,1664,1514,7,30,2025-06-15,Cancelled,,
7545,740,1707,5,127,2023-04-24,Completed,Debit Card,
7546,1481,739,6,101,2024-01-23,In Progress,Credit Card,
7547,2421,2744,9,64,2023-09-11,In Progress,Debit Card,
7548,1129,212,10,13,2023-03-13,Cancelled,,
7549,611,2090,2,31,2024-03-19,Completed,Financing,4.0
7550,2444,3250,2,55,2024-05-16,Cancelled,,
7551,2190,3054,8,12,2023-11-11,Completed,Credit Card,3.0
7552,468,991,3,88,2024-06-10,Completed,Cash,1.0
7553,551,1022,9,139,2023-04-08,Cancelled,,
7554,1303,2630,9,122,2023-06-12,Completed,Insurance,2.0
7555,2966,1151,11,66,2023-05-21,In Progress,Debit Card,
7556,1292,2721,7,137,2024-10-11,Completed,Credit Card,
7557,1132,518,2,172,2023-08-22,Cancelled,,
7558,2558,167,8,46,2025-11-01,Completed,Insurance,
7559,1563,2013,6,68,2024-01-20,In Progress,Cash,
7560,1612,1494,11,170,2024-05-05,In Progress,Financing,
7561,2029,2031,9,149,2025-07-05,Completed,Debit Card,
7562,2820,962,9,77,2025-06-14,Completed,Insurance,3.0
7563,2790,2581,3,23,2023-11-14,Completed,Insurance,2.0
7564,549,3070,12,120,2025-05-19,In Progress,Insurance,
7565,2972,568,2,125,2023-01-16,Completed,Cash,1.0
7566,2757,248,8,125,2023-05-04,Completed,Insurance,1.0
7567,360,2865,8,18,2025-09-17,Completed,Cash,3.0
7568,2442,141,2,163,2024-07-12,Cancelled,,
7569,1188,841,5,145,2025-07-03,Cancelled,,
7570,893,2186,5,113,2024-11-13,Completed,Debit Card,
7571,298,230,7,51,2025-10-11,Cancelled,,
7572,2520,1988,7,147,2023-02-04,Cancelled,,
7573,538,3015,12,33,2025-07-21,Completed,Insurance,
7574,1084,210,9,57,2023-12-17,Completed,Credit Card,
7575,271,1089,4,167,2023-05-10,Completed,Credit Card,
7576,826,1084,10,43,2023-10-20,Completed,Insurance,4.0
7577,159,2924,7,104,2023-02-11,Cancelled,,
7578,345,1542,5,135,2025-02-23,Completed,Insurance,5.0
7579,258,45,1,50,2024-02-22,Completed,Insurance,4.0
7580,2198,2066,1,114,2025-08-02,Completed,Cash,1.0
7581,1544,839,11,126,2023-07-09,Completed,Cash,
7582,1182,1752,5,167,2025-12-11,Cancelled,,
7583,1872,2251,9,30,2025-04-15,In Progress,Financing,
7584,1307,1465,6,15,2024-07-10,Completed,Credit Card,2.0
7585,355,1329,6,132,2023-04-25,Cancelled,,
7586,258,294,8,125,2025-10-31,Completed,Debit Card,5.0
7587,189,1869,4,27,2025-06-03,Completed,Credit Card,3.0
7588,1341,868,6,158,2024-04-27,In Progress,Cash,
7589,1783,547,6,7,2025-10-24,Completed,Financing,1.0
7590,437,2156,1,163,2023-03-06,Completed,Debit Card,4.0
7591,125,1598,6,56,2024-04-05,In Progress,Cash,
7592,1556,207,2,133,2023-03-08,In Progress,Insurance,
7593,1618,390,12,175,2024-11-17,Completed,Credit Card,
7594,1481,739,5,143,2024-07-22,In Progress,Debit Card,
7595,625,1144,9,76,2023-12-19,Completed,Cash,3.0
7596,2751,2870,2,163,2024-10-14,Completed,Financing,3.0
7597,1947,2287,10,113,2024-12-27,Completed,Credit Card,4.0
7598,2399,2595,10,57,2023-03-05,Completed,Financing,1.0
7599,1157,2598,11,179,2023-07-31,In Progress,Financing,
7600,2029,1255,12,38,2025-10-20,Cancelled,,
7601,1239,2770,2,3,2023-10-23,Completed,Cash,
7602,388,3405,3,27,2025-10-16,Completed,Credit Card,3.0
7603,2423,1219,4,52,2024-02-27,Completed,Credit Card,
7604,198,132,7,22,2023-12-23,Completed,Debit Card,3.0
7605,1939,410,1,14,2024-07-29,In Progress,Debit Card,
7606,938,464,5,128,2025-08-13,Cancelled,,
7607,276,203,12,98,2023-08-01,Completed,Financing,1.0
7608,2384,1284,9,10,2024-12-29,Completed,Insurance,4.0
7609,1859,1029,7,148,2024-05-13,Completed,Debit Card,2.0
7610,1820,2976,7,156,09/20/2023,In Progress,Insurance,
7611,120,306,12,69,2025-03-06,In Progress,Cash,
7612,684,1039,2,42,2023-09-22,Completed,Insurance,
7613,1797,1960,11,69,2025-05-03,In Progress,Financing,
7614,2100,1596,3,95,2025-06-06,Completed,Debit Card,
7615,2772,514,12,118,2023-12-10,Completed,Financing,4.0
7616,1792,1744,7,12,2025-04-25,In Progress,Financing,
7617,40,3082,7,91,2024-10-15,In Progress,Financing,
7618,2046,680,11,148,2024-10-13,Completed,Credit Card,4.0
7619,1767,1217,3,62,2024-09-01,Cancelled,,
7620,456,983,9,140,2024-06-10,Completed,Insurance,
7621,964,232,11,138,2024-10-09,Completed,Insurance,4.0
7622,1649,2446,1,55,2025-07-28,Completed,Financing,5.0
7623,624,1414,9,1,2023-04-22,Completed,Credit Card,4.0
7624,2237,1198,7,34,2023-02-17,In Progress,Financing,
7625,2173,2787,11,93,2024-02-06,Completed,Insurance,
7626,942,367,6,63,2025-12-07,Completed,Financing,5.0
7627,1716,2255,11,131,2023-06-20,Completed,Financing,3.0
7628,331,3360,1,70,2024-09-02,Completed,Debit Card,4.0
7629,1331,2037,3,170,2023-04-07,In Progress,Debit Card,
7630,2545,2233,3,146,2025-07-29,Cancelled,,
7631,2856,2370,10,131,2025-12-31,In Progress,Financing,
7632,1248,1362,4,115,2025-09-08,Completed,Insurance,1.0
7633,2539,1182,12,10,2024-11-26,Cancelled,,
7634,922,2196,12,80,2024-03-20,Completed,Financing,1.0
7635,2953,1536,5,136,2023-10-13,Completed,Financing,3.0
7636,228,1437,1,139,2025-10-03,Completed,Financing,3.0
7637,1432,2684,11,156,2023-02-14,In Progress,Credit Card,
7638,1773,2182,2,136,2024-08-15,Completed,Debit Card,
7639,1412,183,3,40,2025-05-19,Cancelled,,
7640,2720,1961,10,157,2023-03-14,In Progress,Credit Card,
7641,1279,3045,11,125,2025-07-05,Cancelled,,
7642,849,451,1,28,2025-12-25,Cancelled,,
7643,2391,1522,8,70,2024-11-28,In Progress,Credit Card,
7644,2072,826,2,156,2025-04-25,In Progress,Debit Card,
7645,228,316,12,51,2024-02-23,Completed,Credit Card,1.0
7646,310,1062,3,155,2024-05-29,Completed,Debit Card,2.0
7647,1006,2144,12,109,2024-09-20,In Progress,Debit Card,
7648,1460,958,9,42,2024-09-18,In Progress,Insurance,
7649,1493,2968,10,119,2024-06-20,Completed,Insurance,
7650,2084,2227,3,61,2025-11-28,Completed,Debit Card,1.0
7651,1585,2500,6,178,2023-09-09,Completed,Financing,5.0
7652,1212,2691,10,114,2025-09-22,Completed,Insurance,3.0
7653,2072,243,10,28,2023-01-20,Cancelled,,
7654,1670,887,6,64,2025-02-16,Cancelled,,
7655,1127,103,9,164,2023-11-10,Completed,Credit Card,
7656,1648,1368,1,76,2025-11-28,In Progress,Financing,
7657,1690,1719,11,77,2023-07-03,Completed,Debit Card,3.0
7658,493,1984,9,23,2025-12-10,Completed,Insurance,
7659,468,991,6,117,2024-12-06,Completed,Cash,4.0
7660,2462,3148,2,58,2025-03-02,Cancelled,,
7661,2033,3445,5,142,2025-10-20,Completed,Debit Card,
7662,221,3101,2,115,2025-06-20,In Progress,Cash,
7663,34,1021,1,52,2024-08-23,Cancelled,,
7664,698,215,8,172,2024-07-08,In Progress,Credit Card,
7665,734,871,2,56,2024-06-03,In Progress,Insurance,
7666,2270,2327,3,170,2025-04-20,Completed,Debit Card,4.0
7667,1157,2598,10,171,2024-04-20,Completed,Cash,4.0
7668,1525,2965,1,32,2025-06-17,Completed,Credit Card,3.0
7669,1187,127,2,86,2023-07-21,Cancelled,,
7670,894,3116,10,141,2024-05-22,Completed,Credit Card,4.0
7671,77,1310,2,115,2025-04-02,Completed,Financing,3.0
7672,1238,805,10,97,2025-08-04,Cancelled,,
7673,55,342,12,179,2023-02-14,Completed,Insurance,5.0
7674,37,3147,6,43,2024-09-27,In Progress,Cash,
7675,1075,2999,12,147,2023-09-02,Completed,Cash,
7676,592,2482,1,32,2024-07-29,Completed,Insurance,
7677,2251,2137,6,46,2025-03-02,Completed,Debit Card,
7678,368,1457,2,172,2024-05-09,Cancelled,,
7679,1960,1896,5,164,2025-08-04,Completed,Cash,
7680,1639,1315,12,151,2024-07-04,Completed,Credit Card,1.0
7681,252,2784,12,123,2025-03-27,Completed,Insurance,
7682,2449,2445,8,116,2025-02-18,Completed,Financing,2.0
7683,2624,1486,3,176,2025-07-31,Cancelled,,
7684,2774,1150,7,163,2024-11-04,Completed,Insurance,1.0
7685,1979,1476,8,46,2025-12-31,Completed,Debit Card,
7686,2584,19,9,5,2023-06-17,Completed,Debit Card,5.0
7687,1675,1729,4,180,2025-02-05,Completed,Debit Card,3.0
7688,102,2060,8,4,2025-12-05,In Progress,Debit Card,
7689,1783,547,2,68,2023-10-16,In Progress,Insurance,
7690,1611,3276,5,29,2023-07-30,Cancelled,,
7691,2414,1563,10,80,2024-07-02,Completed,Credit Card,1.0
7692,2704,883,10,176,2023-08-29,Cancelled,,
7693,2654,2849,3,150,2023-10-27,In Progress,Debit Card,
7694,1772,3032,5,40,2025-09-18,Completed,Credit Card,
7695,2827,3112,11,61,2025-06-20,Completed,Credit Card,2.0
7696,1982,2119,10,110,2023-09-18,Completed,Debit Card,3.0
7697,1655,298,7,122,2025-01-30,Completed,Financing,4.0
7698,293,2266,12,18,01/25/2023,Completed,Insurance,
7699,1907,1887,11,110,2024-11-06,Completed,Debit Card,
7700,1707,3182,9,64,2024-03-24,Cancelled,,
7701,2072,1254,7,128,2025-09-16,In Progress,Debit Card,
7702,184,3334,8,171,2023-02-10,Cancelled,,
7703,357,1248,12,72,2024-03-05,Completed,Credit Card,5.0
7704,526,1547,10,34,2023-07-30,Completed,Credit Card,
7705,1062,2332,6,173,2024-07-14,Completed,Financing,
7706,470,626,6,80,2024-03-13,Completed,Financing,3.0
7707,614,291,6,172,2025-10-30,Completed,Insurance,2.0
7708,1627,3115,5,180,2023-05-07,In Progress,Insurance,
7709,1941,1441,1,168,2024-08-09,In Progress,Debit Card,
7710,2918,2106,3,44,2025-12-21,Completed,Financing,
7711,1247,1552,7,92,2024-02-17,Cancelled,,
7712,88,1992,2,117,2025-06-27,Completed,Insurance,
7713,78,2840,1,177,2024-01-29,Completed,Financing,
7714,2706,1568,10,95,2025-10-04,Completed,Credit Card,
7715,1393,1950,10,105,2025-04-25,In Progress,Insurance,
7716,1535,2164,10,164,2025-09-23,Completed,Financing,
7717,2203,1662,9,37,2023-06-07,In Progress,Credit Card,
7718,2986,2074,8,102,2023-08-08,Completed,Debit Card,3.0
7719,789,1621,6,141,2025-11-13,Completed,Debit Card,2.0
7720,2477,1145,8,71,2023-08-05,In Progress,Credit Card,
7721,1287,2699,4,173,2025-03-20,Completed,Insurance,
7722,1933,3370,7,134,2023-01-11,Completed,Insurance,5.0
7723,29,1131,2,138,2025-07-28,Completed,Credit Card,
7724,2007,35,7,2,2025-01-06,Completed,Financing,
7725,2043,1939,6,46,2025-01-22,Completed,Insurance,3.0
7726,475,2852,2,92,2024-11-02,In Progress,Financing,
7727,2333,2545,2,118,2023-04-16,In Progress,Financing,
7728,1331,3088,5,119,2024-12-11,Completed,Debit Card,5.0
7729,1352,2888,2,65,2025-12-12,Cancelled,,
7730,796,3219,1,53,2024-11-07,Completed,Financing,
7731,2669,1073,12,168,2024-11-10,Completed,Credit Card,5.0
7732,2681,1060,2,104,2024-11-28,Completed,Credit Card,4.0
7733,1575,3428,6,22,2025-05-30,In Progress,Insurance,
7734,2000,3021,5,149,2024-02-16,Cancelled,,
7735,2644,2949,3,127,2023-08-06,Completed,Credit Card,
7736,1325,3275,4,33,2023-10-27,Completed,Cash,3.0
7737,2827,2951,12,66,2023-10-28,Completed,Insurance,4.0
7738,1535,2164,10,90,2025-04-02,Cancelled,,
7739,1663,2202,7,98,2024-01-01,Completed,Cash,
7740,1655,298,8,14,2023-03-03,Completed,Financing,5.0
7741,993,1123,8,144,2024-12-08,Completed,Credit Card,1.0
7742,13,2168,2,101,2025-04-17,Completed,Credit Card,4.0
7743,186,513,9,110,2025-05-15,Completed,Cash,1.0
7744,2790,2956,10,116,2025-10-14,Completed,Credit Card,5.0
7745,2953,1536,2,161,2025-02-14,Completed,Debit Card,
7746,734,871,11,24,2025-07-15,Completed,Cash,3.0
7747,441,266,1,83,2024-01-17,In Progress,Cash,
7748,788,1826,6,114,2025-05-16,Completed,Debit Card,
7749,2955,3060,5,136,2024-09-06,Cancelled,,
7750,1883,2599,12,55,2024-06-08,Completed,Cash,4.0
7751,240,276,8,117,2025-12-08,Cancelled,,
7752,418,836,10,74,2024-06-17,Completed,Cash,
7753,228,3374,9,131,2024-01-17,Completed,Debit Card,5.0
7754,345,2271,3,108,2024-11-09,Completed,Debit Card,4.0
7755,1137,1865,12,114,2024-01-16,Cancelled,,
7756,2491,1541,7,2,2024-07-17,Completed,Credit Card,
7757,245,2076,4,159,2024-06-26,Completed,Credit Card,2.0
7758,1958,273,1,125,2025-11-08,Completed,Financing,1.0
7759,2584,1388,4,148,2025-10-11,Completed,Cash,5.0
7760,1544,1619,6,80,2023-11-09,Completed,Credit Card,5.0
7761,2912,2002,8,121,2025-06-11,Completed,Financing,2.0
7762,302,605,12,135,2024-03-26,In Progress,Credit Card,
7763,2084,2369,6,26,2023-01-31,Completed,Financing,4.0
7764,73,2444,4,151,2024-12-24,Completed,Debit Card,
7765,718,172,10,83,2024-05-21,Completed,Cash,
7766,2027,1540,7,67,2023-12-19,Completed,Insurance,4.0
7767,2989,303,6,138,2025-07-22,Cancelled,,
7768,2874,945,8,136,2023-04-05,Completed,Insurance,
7769,462,508,8,43,2025-10-29,Completed,Debit Card,1.0
7770,333,3284,5,116,2024-09-23,Completed,Financing,
7771,2488,1600,10,85,2024-05-06,In Progress,Debit Card,
7772,1551,1551,1,157,2024-08-02,In Progress,Financing,
7773,2222,555,6,33,2023-11-03,Cancelled,,
7774,2602,939,10,142,2023-03-13,Completed,Credit Card,
7775,393,2644,4,79,2025-01-22,Completed,Cash,1.0
7776,1472,601,5,124,2024-09-10,Completed,Insurance,2.0
7777,2449,1773,9,94,2025-01-03,Completed,Credit Card,2.0
7778,1320,2125,5,77,2024-04-30,In Progress,Debit Card,
7779,1721,2673,5,68,2023-11-04,Completed,Debit Card,
7780,1124,934,10,91,2024-08-13,Completed,Debit Card,2.0
7781,745,420,11,63,2025-02-05,Completed,Financing,4.0
7782,48,2620,3,145,2024-10-18,Cancelled,,
7783,2694,1404,9,161,2024-01-24,Completed,Cash,1.0
7784,1650,1212,10,173,2024-12-17,Completed,Cash,4.0
7785,698,2021,7,73,2023-02-19,In Progress,Credit Card,
7786,1642,440,5,13,2024-02-02,Completed,Cash,1.0
7787,1188,917,8,27,2023-12-03,In Progress,Financing,
7788,2562,2135,8,90,2024-09-29,Completed,Credit Card,5.0
7789,2788,3025,3,14,2025-03-11,In Progress,Insurance,
7790,806,1030,9,146,2024-11-10,Cancelled,,
7791,1907,1887,6,41,2024-11-14,Completed,Debit Card,2.0
7792,2643,1268,8,164,2024-01-14,In Progress,Credit Card,
7793,548,2824,9,127,2023-07-06,Completed,Cash,3.0
7794,2986,2074,10,80,2024-04-01,Completed,Financing,2.0
7795,1853,1831,5,22,2023-07-30,In Progress,Debit Card,
7796,1394,446,4,30,2024-10-13,In Progress,Insurance,
7797,2072,826,8,155,2024-06-19,In Progress,Debit Card,
7798,337,2577,11,25,2023-12-17,Completed,Cash,
7799,2154,2177,10,69,2024-04-24,In Progress,Insurance,
7800,2517,1359,9,120,2024-07-09,Cancelled,,
7801,2772,514,11,140,2025-09-25,Completed,Credit Card,2.0
7802,1279,3045,12,37,2023-02-13,Completed,Cash,
7803,1464,2280,10,166,2024-11-22,Cancelled,,
7804,1044,613,4,173,2023-04-20,Completed,Credit Card,2.0
7805,1866,1228,7,25,2025-06-11,Completed,Financing,4.0
7806,655,1116,2,94,2023-12-10,Completed,Financing,1.0
7807,2655,2441,2,36,2023-09-09,Completed,Financing,3.0
7808,1609,595,7,19,2024-07-07,Completed,Credit Card,2.0
7809,2427,852,5,60,2025-05-17,Completed,Financing,
7810,2820,962,2,123,2025-10-10,Completed,Credit Card,
7811,244,3315,4,68,2023-06-02,Completed,Debit Card,
7812,753,2344,1,133,2024-03-28,Cancelled,,
7813,881,3194,11,21,2023-08-20,Completed,Insurance,
7814,2012,2933,8,164,2023-08-24,Completed,Financing,1.0
7815,35,1495,12,180,2024-04-21,Completed,Insurance,3.0
7816,1315,1461,9,20,2024-02-05,In Progress,Credit Card,
7817,195,1788,3,129,2023-06-24,Completed,Credit Card,5.0
7818,2404,1226,1,97,2024-05-30,Completed,Insurance,
7819,239,2960,1,159,10/22/2025,Cancelled,,
7820,1513,402,2,155,2025-05-13,Completed,Credit Card,4.0
7821,2878,1776,6,94,2023-04-24,In Progress,Debit Card,
7822,2078,1033,6,133,2024-11-19,Completed,Credit Card,5.0
7823,150,149,5,130,2023-11-11,Completed,Cash,1.0
7824,2648,1001,8,126,2025-09-19,Cancelled,,
7825,791,1037,6,73,2025-12-10,Cancelled,,
7826,187,598,4,152,2024-08-10,Completed,Debit Card,4.0
7827,2304,2725,12,27,2025-05-15,Completed,Insurance,3.0
7828,2495,1350,8,130,2025-05-05,Completed,Financing,
7829,631,1590,4,100,2023-01-18,Completed,Financing,
7830,323,2088,5,137,2025-01-26,Completed,Credit Card,3.0
7831,1649,2446,10,137,2025-05-26,Completed,Insurance,5.0
7832,2087,1938,10,166,2025-12-19,Completed,Cash,
7833,1656,1790,12,95,2023-02-10,Cancelled,,
7834,1535,249,6,91,2023-02-04,Completed,Cash,5.0
7835,72,2655,11,95,2023-08-02,Completed,Insurance,
7836,1712,2097,1,93,2023-08-25,In Progress,Financing,
7837,75,1105,10,136,2023-05-07,Cancelled,,
7838,1566,392,12,28,2023-05-05,Completed,Credit Card,5.0
7839,291,2737,11,174,2023-12-15,Completed,Debit Card,
7840,603,1227,1,149,2024-08-21,Completed,Debit Card,2.0
7841,1870,3390,3,3,2025-02-23,Completed,Financing,2.0
7842,1665,3154,4,175,2025-01-25,Completed,Cash,3.0
7843,2894,1215,11,36,2025-12-22,Completed,Insurance,
7844,2239,3186,7,4,11/19/2024,Completed,Cash,5.0
7845,1082,3393,2,92,2025-04-12,Completed,Cash,
7846,2490,1703,6,170,2023-08-26,Completed,Financing,
7847,1732,2309,8,58,2024-05-17,In Progress,Financing,
7848,2489,1647,9,127,2024-05-09,Completed,Credit Card,
7849,2526,766,6,88,2023-09-07,Completed,Credit Card,
7850,1131,1709,10,76,2025-01-17,Completed,Financing,1.0
7851,2340,1280,6,56,2023-08-05,Completed,Credit Card,5.0
7852,883,1423,5,150,2024-05-03,Completed,Debit Card,1.0
7853,857,1007,5,72,2023-11-08,Completed,Debit Card,2.0
7854,318,741,9,162,2023-04-30,Completed,Debit Card,
7855,442,2688,10,114,2024-06-08,Completed,Insurance,4.0
7856,2368,2229,5,88,2025-01-09,Completed,Debit Card,5.0
7857,1249,1343,8,25,2024-07-09,Completed,Insurance,
7858,2824,2194,10,15,2025-03-28,In Progress,Insurance,
7859,1752,87,12,49,2025-09-28,Completed,Financing,5.0
7860,1606,2188,12,120,2023-03-18,Completed,Cash,2.0
7861,2501,397,6,2,2025-10-21,Cancelled,,
7862,2823,523,9,64,2023-05-17,Completed,Insurance,2.0
7863,2085,187,2,106,2023-08-10,In Progress,Insurance,
7864,1638,1146,2,131,2025-02-26,In Progress,Debit Card,
7865,1203,1408,12,62,2025-09-27,Cancelled,,
7866,1754,466,10,44,2025-06-20,Cancelled,,
7867,136,491,9,23,2024-05-21,In Progress,Credit Card,
7868,990,2081,9,62,2025-08-12,Completed,Financing,4.0
7869,1753,2265,7,138,2024-03-14,Completed,Insurance,2.0
7870,1104,3136,11,89,2025-04-03,Completed,Debit Card,
7871,624,1414,9,56,2023-03-27,Completed,Cash,
7872,2278,1424,10,140,2025-09-09,Completed,Financing,4.0
7873,2435,2462,8,46,2023-03-30,Completed,Debit Card,
7874,704,3212,6,44,2025-12-06,Completed,Insurance,2.0
7875,2713,1103,1,166,2023-10-25,In Progress,Financing,
7876,1598,1979,10,151,2025-09-17,Completed,Debit Card,5.0
7877,439,2862,12,112,2025-03-10,Completed,Credit Card,
7878,570,2354,2,143,2025-06-02,Completed,Credit Card,
7879,1432,2684,11,19,2024-10-30,Completed,Financing,3.0
7880,879,2758,3,109,2025-01-07,Completed,Cash,4.0
7881,2320,2518,6,18,2025-11-27,Completed,Insurance,3.0
7882,2380,608,2,39,2024-07-30,In Progress,Financing,
7883,2550,2040,6,114,2023-07-29,In Progress,Insurance,
7884,734,3421,7,10,2024-09-28,In Progress,Debit Card,
7885,1187,127,4,40,2023-12-09,Cancelled,,
7886,2239,3186,9,115,2025-01-28,Cancelled,,
7887,2194,632,12,82,2025-12-25,Completed,Insurance,
7888,2289,472,6,96,2025-08-18,Completed,Cash,5.0
7889,2014,216,5,88,2025-07-19,Cancelled,,
7890,892,3239,5,99,2023-09-27,Cancelled,,
7891,674,710,2,99,2025-07-22,Completed,Financing,1.0
7892,577,1981,6,174,2024-04-29,Completed,Credit Card,4.0
7893,596,2198,11,95,2024-07-29,Completed,Credit Card,4.0
7894,218,3169,1,100,2024-03-25,Completed,Financing,2.0
7895,570,3335,10,143,2023-06-05,Completed,Debit Card,1.0
7896,324,468,4,142,2023-05-09,Completed,Cash,
7897,1768,536,8,156,2024-07-11,Cancelled,,
7898,2417,1341,3,75,2024-09-08,Cancelled,,
7899,1755,2145,5,79,2023-02-09,Completed,Financing,4.0
7900,1619,1251,5,29,2025-12-21,Completed,Insurance,4.0
7901,357,2898,11,142,2025-10-26,Completed,Debit Card,1.0
7902,2981,2603,10,175,2024-09-02,Completed,Cash,5.0
7903,2110,2335,10,2,2023-06-21,Completed,Cash,4.0
7904,1694,770,9,168,2025-05-02,In Progress,Financing,
7905,1162,1263,8,23,2024-10-18,Completed,Cash,4.0
7906,931,450,5,49,2023-02-14,Cancelled,,
7907,932,1115,11,104,2024-06-22,Completed,Credit Card,
7908,734,871,3,152,2024-12-31,Completed,Insurance,5.0
7909,2248,3260,7,19,10/08/2025,Completed,Financing,5.0
7910,301,3414,4,63,2025-01-25,Completed,Insurance,2.0
7911,1998,2575,5,162,2023-06-23,Completed,Financing,3.0
7912,2420,1450,8,27,2024-03-10,Completed,Debit Card,
7913,1553,2868,3,172,2025-03-10,Completed,Insurance,
7914,2547,2762,4,115,2024-08-31,Completed,Debit Card,1.0
7915,2033,1448,1,98,2024-06-05,Cancelled,,
7916,2508,2238,5,97,2025-03-02,Completed,Insurance,
7917,1072,261,3,59,2024-07-30,Completed,Debit Card,2.0
7918,788,1826,4,116,2024-04-08,In Progress,Credit Card,
7919,2887,1017,8,63,2025-01-11,Completed,Cash,2.0
7920,88,171,9,84,2025-02-17,Completed,Financing,
7921,905,2615,5,111,2024-09-14,Completed,Financing,3.0
7922,567,903,3,53,2025-10-14,Completed,Cash,5.0
7923,2336,1438,2,55,2024-07-12,Completed,Credit Card,
7924,2630,2061,6,27,2025-01-27,Completed,Debit Card,3.0
7925,2418,907,12,20,2025-04-17,Completed,Financing,5.0
7926,1343,2259,5,120,2025-01-03,Completed,Cash,
7927,2046,678,11,172,2025-07-18,Cancelled,,
7928,1352,2522,10,16,2023-01-16,Cancelled,,
7929,2340,301,9,8,2023-07-30,Completed,Financing,
7930,851,2290,10,12,2024-04-13,Cancelled,,
7931,1095,415,1,176,2025-06-15,Completed,Insurance,4.0
7932,1797,2408,9,128,2023-03-29,Completed,Insurance,
7933,2447,1921,11,142,2024-05-03,Completed,Credit Card,1.0
7934,997,1717,4,161,2024-04-16,Completed,Credit Card,
7935,1472,601,8,180,2024-07-11,Completed,Insurance,2.0
7936,2771,2851,8,15,2025-06-23,In Progress,Credit Card,
7937,2777,3439,11,143,2023-06-12,Cancelled,,
7938,2321,693,6,21,2024-10-09,Completed,Financing,
7939,207,196,9,50,2024-05-24,Completed,Cash,2.0
7940,850,1675,5,9,2023-10-18,Completed,Credit Card,3.0
7941,2387,3318,3,73,2025-01-11,Completed,Insurance,
7942,2631,822,4,11,2024-03-11,Completed,Debit Card,5.0
7943,1701,74,11,5,2024-12-10,Cancelled,,
7944,127,3355,5,162,2024-10-01,Completed,Insurance,1.0
7945,445,73,1,127,2023-10-21,Completed,Financing,5.0
7946,1311,1973,11,31,2025-10-14,Completed,Financing,
7947,1619,1251,9,146,2024-01-31,Cancelled,,
7948,76,1554,6,168,2024-01-29,Completed,Insurance,
7949,1339,1829,3,91,2025-07-15,Completed,Debit Card,
7950,557,2281,3,51,2023-08-08,In Progress,Debit Card,
7951,1857,1023,9,115,2025-02-15,Cancelled,,
7952,258,3343,8,36,2024-08-03,In Progress,Debit Card,
7953,2222,555,6,167,2024-07-06,Completed,Financing,2.0
7954,2102,3098,11,145,2023-10-06,Completed,Insurance,5.0
7955,784,1611,4,74,2024-02-06,Completed,Cash,5.0
7956,288,2297,5,118,2024-07-07,Completed,Cash,3.0
7957,1819,1853,2,100,2025-04-03,Completed,Cash,3.0
7958,905,2615,7,144,2024-09-19,Completed,Credit Card,5.0
7959,2951,2063,10,84,2023-04-21,Completed,Insurance,1.0
7960,2665,3341,4,91,2024-03-16,Completed,Debit Card,3.0
7961,360,2780,11,180,2023-04-08,Completed,Cash,3.0
7962,346,371,5,164,2025-01-20,Completed,Financing,
7963,1605,142,12,108,2024-10-26,Completed,Debit Card,1.0
7964,2799,1706,10,19,2025-08-01,Completed,Insurance,2.0
7965,2886,499,5,126,2023-07-09,Completed,Financing,4.0
7966,2388,166,6,12,2023-02-06,Cancelled,,
7967,2527,1378,2,36,2024-10-07,Completed,Debit Card,
7968,2489,2767,2,97,2023-02-25,Completed,Debit Card,4.0
7969,2887,1017,9,154,2024-10-28,Cancelled,,
7970,2595,2641,4,106,2025-02-12,Completed,Cash,
7971,2,432,10,166,2023-04-22,Completed,Credit Card,4.0
7972,2558,2179,3,123,2023-08-03,In Progress,Debit Card,
7973,2967,2715,12,120,2025-06-07,Completed,Cash,3.0
7974,2208,85,8,115,2023-05-24,Completed,Debit Card,5.0
7975,2140,1951,2,45,2024-05-11,Completed,Financing,3.0
7976,363,618,11,7,2025-11-23,In Progress,Insurance,
7977,518,1920,5,37,2023-05-21,In Progress,Cash,
7978,1292,2721,4,72,2023-03-22,Completed,Debit Card,4.0
7979,702,779,12,101,2023-04-02,Completed,Insurance,5.0
7980,467,2016,1,81,2024-07-26,Completed,Debit Card,3.0
7981,1188,841,3,156,2023-06-05,Completed,Financing,
7982,1663,749,8,124,2024-03-09,Completed,Financing,4.0
7983,2984,130,8,83,2024-03-06,Completed,Insurance,5.0
7984,789,1260,11,172,2023-01-08,Completed,Cash,2.0
7985,1592,1808,6,40,2025-07-05,Cancelled,,
7986,2079,235,12,49,2025-11-01,Completed,Insurance,3.0
7987,964,232,5,70,2024-04-14,In Progress,Insurance,
7988,2022,1786,12,114,2023-08-15,Completed,Credit Card,2.0
7989,2333,229,3,40,2024-07-29,Completed,Financing,1.0
7990,1341,868,12,127,2024-01-10,Completed,Cash,2.0
7991,2427,743,7,76,2023-12-29,Completed,Credit Card,
7992,704,3212,3,10,2023-10-14,Completed,Credit Card,
7993,2003,2457,7,77,2025-01-11,Completed,Credit Card,5.0
7994,1168,1464,5,75,2023-06-09,Completed,Insurance,1.0
7995,1630,2818,1,103,2023-08-12,Completed,Cash,
7996,240,1892,1,132,2023-07-30,Completed,Debit Card,3.0
7997,2055,3327,5,138,2025-04-06,Completed,Credit Card,1.0
7998,444,214,2,154,2025-10-09,In Progress,Debit Card,
7999,1496,225,8,126,2025-09-07,Completed,Debit Card,4.0
8000,984,1533,4,165,2024-03-25,Completed,Cash,2.0
8001,1991,2409,5,39,2025-03-09,Completed,Financing,5.0
8002,841,2817,5,152,2024-12-01,Completed,Financing,2.0
8003,2218,928,9,47,2024-06-21,Completed,Financing,4.0
8004,276,203,8,118,2024-01-08,Cancelled,,
8005,1055,2237,8,49,2024-05-09,Completed,Credit Card,5.0
8006,1302,1954,11,144,2025-01-01,Completed,Financing,3.0
8007,1525,1425,9,84,2023-08-23,Completed,Insurance,2.0
8008,282,570,9,58,2025-07-30,In Progress,Financing,
8009,305,3303,11,109,2025-04-07,Completed,Credit Card,3.0
8010,2034,1631,11,151,2025-12-13,Completed,Insurance,5.0
8011,1546,2492,8,133,2023-07-02,Completed,Financing,2.0
8012,2517,533,8,70,2025-08-05,Completed,Cash,1.0
8013,1528,3289,9,141,2024-02-01,Cancelled,,
8014,2427,852,7,159,2023-09-18,Completed,Cash,
8015,26,1065,8,154,2023-09-14,Completed,Financing,
8016,2959,3035,7,136,2025-12-05,Completed,Debit Card,1.0
8017,159,2924,9,137,2024-10-11,Completed,Debit Card,2.0
8018,577,2433,6,99,2025-06-16,Cancelled,,
8019,775,1421,1,34,2024-12-07,Completed,Insurance,1.0
8020,1979,2167,1,10,2023-04-12,In Progress,Financing,
8021,931,450,1,29,2025-07-15,Completed,Credit Card,
8022,2375,2534,2,36,2023-04-19,Completed,Insurance,2.0
8023,1475,2435,12,73,2024-09-13,Cancelled,,
8024,2635,1044,7,104,2023-11-27,In Progress,Financing,
8025,1321,1585,5,63,2023-03-14,Completed,Insurance,
8026,909,359,9,66,2025-03-30,In Progress,Cash,
8027,629,1287,5,9,2025-08-23,Completed,Financing,
8028,2626,1274,1,44,2025-06-24,Completed,Financing,4.0
8029,2071,2321,1,110,2023-08-12,Completed,Cash,5.0
8030,2394,1922,4,173,2023-06-20,Completed,Debit Card,1.0
8031,1421,1518,3,44,2024-03-07,In Progress,Cash,
8032,2198,806,3,162,2023-10-31,Completed,Debit Card,3.0
8033,2102,2484,10,154,2024-05-08,Completed,Credit Card,1.0
8034,986,381,3,14,2025-11-15,Completed,Insurance,
8035,1239,911,5,128,2024-06-17,Completed,Financing,2.0
8036,1610,3132,7,41,2023-03-30,Completed,Insurance,5.0
8037,1859,350,6,139,2024-06-22,Completed,Credit Card,5.0
8038,2772,2083,9,148,2023-03-28,Cancelled,,
8039,1511,292,10,1,2023-05-18,Completed,Credit Card,3.0
8040,1525,2479,2,116,2025-08-11,Completed,Cash,
8041,228,2579,11,161,2024-06-15,In Progress,Debit Card,
8042,248,355,8,145,2024-03-18,Completed,Cash,3.0
8043,1843,1683,11,176,2024-09-26,Completed,Debit Card,
8044,1638,1146,5,40,2025-05-13,Completed,Cash,3.0
8045,2596,591,12,174,2024-11-27,Completed,Cash,1.0
8046,2593,3217,11,170,2023-01-24,Completed,Financing,3.0
8047,1836,955,3,123,2023-07-04,Completed,Credit Card,2.0
8048,1359,638,5,72,2024-05-28,Completed,Debit Card,
8049,1697,1901,9,160,2024-08-02,Completed,Cash,
8050,1136,2505,11,81,2025-09-25,Completed,Cash,2.0
8051,1207,1117,10,145,2023-11-15,Cancelled,,
8052,763,1924,7,12,2024-06-26,In Progress,Insurance,
8053,2877,2348,7,7,2024-06-08,Completed,Insurance,
8054,2304,2725,3,116,04/25/2024,In Progress,Cash,
8055,1300,285,6,12,2025-01-18,Completed,Credit Card,4.0
8056,2221,1346,8,22,2025-11-20,In Progress,Debit Card,
8057,1482,3363,6,116,2025-10-22,In Progress,Debit Card,
8058,1486,1613,10,22,2023-04-13,In Progress,Financing,
8059,391,1767,4,41,2023-12-03,Completed,Insurance,2.0
8060,2017,151,8,161,2023-05-05,Completed,Credit Card,4.0
8061,1561,3066,9,63,2025-07-02,Completed,Debit Card,
8062,2359,1737,5,66,2024-11-19,Completed,Financing,
8063,1252,3434,8,4,2023-03-17,Completed,Credit Card,1.0
8064,341,2962,5,10,2025-05-06,Completed,Cash,2.0
8065,1575,1095,5,161,2023-05-10,Cancelled,,
8066,2529,993,10,3,2025-09-15,Cancelled,,
8067,892,3239,4,95,2023-06-08,Cancelled,,
8068,796,3219,10,22,2025-02-28,Cancelled,,
8069,2889,3012,7,99,2023-08-22,Completed,Debit Card,2.0
8070,2,432,5,138,2024-01-16,Completed,Debit Card,
8071,2998,1132,3,96,2024-11-17,Completed,Cash,
8072,1679,3195,3,124,2024-09-30,Completed,Insurance,
8073,621,1627,7,56,2025-01-25,Cancelled,,
8074,2077,408,4,62,2023-01-05,Completed,Cash,
8075,1344,2732,11,68,2023-06-18,Completed,Debit Card,2.0
8076,1009,713,1,60,2024-09-29,Cancelled,,
8077,928,2609,1,60,2025-03-05,In Progress,Cash,
8078,2102,123,5,121,2025-06-19,Completed,Cash,4.0
8079,1134,2879,4,81,2024-08-03,Completed,Insurance,3.0
8080,1257,2536,10,87,2025-11-24,Completed,Credit Card,1.0
8081,1904,1844,8,111,2024-05-20,Completed,Insurance,
8082,2449,2445,4,74,2025-07-27,Completed,Cash,
8083,194,481,6,102,2024-03-06,Completed,Financing,1.0
8084,1561,3214,5,66,11/11/2025,Completed,Credit Card,1.0
8085,1732,1204,10,118,2025-05-21,In Progress,Insurance,
8086,1915,2225,12,23,2024-08-30,Completed,Credit Card,2.0
8087,2929,1170,10,98,2024-02-09,Cancelled,,
8088,1557,1511,6,169,2023-03-04,Completed,Credit Card,5.0
8089,2563,3173,9,94,2025-11-18,Completed,Insurance,4.0
8090,1124,934,12,125,2025-03-28,Cancelled,,
8091,16,2735,9,150,2023-02-11,In Progress,Debit Card,
8092,1267,707,4,27,2023-07-14,Completed,Debit Card,2.0
8093,1809,1109,1,70,2024-07-14,In Progress,Credit Card,
8094,497,1876,3,32,2023-07-01,In Progress,Cash,
8095,881,2403,7,116,2025-03-24,In Progress,Cash,
8096,1843,1683,2,49,2023-09-11,Completed,Debit Card,
8097,7,2385,4,56,2025-04-04,In Progress,Cash,
8098,2487,2423,8,129,2025-01-15,Completed,Insurance,4.0
8099,1707,2943,7,108,2023-07-28,Completed,Cash,2.0
8100,2401,1275,12,148,2023-08-10,Completed,Credit Card,
8101,932,1115,2,162,2025-11-14,In Progress,Insurance,
8102,2596,591,1,110,2025-04-18,Completed,Debit Card,1.0
8103,2033,377,12,30,2025-07-12,Completed,Financing,5.0
8104,1406,1005,5,19,2025-07-03,Completed,Credit Card,4.0
8105,1084,210,1,136,2024-04-18,Completed,Insurance,
8106,584,180,7,72,2023-08-24,Completed,Cash,
8107,177,1503,2,33,2024-03-31,In Progress,Debit Card,
8108,2766,1727,7,139,2024-11-13,Completed,Insurance,1.0
8109,348,3338,11,76,2024-12-27,Completed,Credit Card,
8110,2154,1812,9,67,2024-07-16,Completed,Cash,
8111,423,55,1,89,2024-07-24,In Progress,Credit Card,
8112,2129,1294,9,80,2023-12-28,Cancelled,,
8113,1380,1606,6,95,2025-06-07,In Progress,Insurance,
8114,622,2538,8,59,2024-06-09,Completed,Insurance,1.0
8115,1493,320,8,112,2024-09-22,Completed,Financing,
8116,2950,675,1,69,2025-02-03,Completed,Cash,4.0
8117,1081,1742,9,88,2023-09-28,In Progress,Debit Card,
8118,2943,3164,12,175,2023-12-13,Completed,Insurance,1.0
8119,288,2297,12,155,2024-08-06,Completed,Financing,4.0
8120,1029,3008,9,90,06/14/2024,Completed,Cash,4.0
8121,352,1083,5,63,2024-11-20,Completed,Financing,4.0
8122,2061,2132,3,175,2024-02-13,Completed,Financing,
8123,302,605,11,170,2024-02-20,Cancelled,,
8124,41,1283,11,19,2023-07-05,Completed,Cash,2.0
8125,523,641,3,51,2024-01-31,Completed,Cash,
8126,2347,2782,1,169,2023-09-26,Completed,Cash,2.0
8127,283,1673,3,100,2025-09-17,Completed,Cash,
8128,483,2989,12,57,2024-08-25,Completed,Insurance,
8129,1383,1354,3,109,2023-04-15,Completed,Credit Card,5.0
8130,1081,3447,9,168,2023-08-05,Completed,Credit Card,1.0
8131,1520,2913,3,4,2024-08-12,In Progress,Insurance,
8132,2789,223,4,37,2025-05-09,Completed,Credit Card,
8133,2688,2911,8,71,2025-01-03,Cancelled,,
8134,1171,1948,6,162,2024-12-27,Cancelled,,
8135,1081,3447,2,150,2023-04-02,Completed,Financing,2.0
8136,576,2099,10,96,2025-04-02,Completed,Credit Card,
8137,894,1360,9,130,2025-05-08,Completed,Credit Card,
8138,2963,2204,6,69,2023-01-19,In Progress,Financing,
8139,2353,1561,11,21,2023-04-11,Completed,Debit Card,
8140,108,240,1,43,2023-04-09,Completed,Financing,5.0
8141,2165,893,10,11,2025-03-04,Cancelled,,
8142,1721,780,2,179,2024-01-10,Completed,Credit Card,2.0
8143,2486,177,7,10,2023-09-17,Completed,Financing,5.0
8144,2128,3362,9,167,2024-05-25,In Progress,Debit Card,
8145,679,434,8,83,2023-08-21,Completed,Debit Card,
8146,2963,2204,11,94,2024-08-24,Completed,Debit Card,4.0
8147,2741,1462,12,47,2025-01-05,Cancelled,,
8148,1404,1473,4,69,2023-11-14,Cancelled,,
8149,1350,3351,5,83,2025-06-29,Completed,Debit Card,
8150,2424,2372,3,134,2025-05-12,Completed,Cash,
8151,2326,2299,11,114,2024-01-04,Completed,Insurance,
8152,1240,1289,9,76,2025-01-02,Completed,Debit Card,
8153,2280,1836,3,142,2023-04-17,Completed,Financing,
8154,2728,2692,7,134,2023-06-30,Completed,Debit Card,3.0
8155,2145,2495,2,107,2024-07-30,Completed,Financing,2.0
8156,2675,1338,1,169,2025-01-22,Completed,Insurance,3.0
8157,1991,2409,4,30,2024-02-20,Completed,Insurance,
8158,2710,2491,9,161,2024-12-09,Cancelled,,
8159,1942,1528,11,132,2024-01-23,Completed,Insurance,4.0
8160,2673,1430,11,119,2024-05-03,Completed,Insurance,5.0
8161,2999,3349,3,111,2025-10-08,Cancelled,,
8162,635,503,12,123,2024-02-17,Completed,Credit Card,5.0
8163,549,3070,7,1,2025-01-19,Cancelled,,
8164,802,2899,9,143,2025-08-19,Completed,Debit Card,3.0
8165,2623,175,2,120,2023-01-25,In Progress,Insurance,
8166,250,1121,11,9,2024-12-19,Completed,Credit Card,2.0
8167,1600,239,12,53,2023-05-10,Completed,Financing,4.0
8168,715,1340,9,156,2023-05-08,Completed,Debit Card,3.0
8169,2873,2754,4,8,2024-07-05,Completed,Debit Card,
8170,2688,2911,1,3,2024-02-28,Completed,Credit Card,3.0
8171,2822,2635,5,163,2024-01-15,Completed,Financing,2.0
8172,856,3110,8,61,2025-04-25,Cancelled,,
8173,2221,1346,11,157,2025-05-05,Completed,Insurance,2.0
8174,2368,2928,11,126,2025-03-24,Completed,Insurance,1.0
8175,2304,2725,2,49,2023-03-09,Completed,Financing,
8176,2423,347,7,128,2024-05-23,Completed,Cash,1.0
8177,898,574,6,160,2024-02-19,Completed,Cash,5.0
8178,2339,2633,5,69,2023-03-23,Completed,Financing,1.0
8179,1195,2974,10,66,01/16/2025,Cancelled,,
8180,1717,1849,8,92,08/23/2024,In Progress,Cash,
8181,1175,1120,5,58,2023-09-14,Completed,Cash,1.0
8182,1721,780,6,47,2025-01-24,Completed,Insurance,3.0
8183,462,29,1,115,2024-02-18,Completed,Financing,5.0
8184,80,2574,7,104,2023-05-05,Completed,Cash,
8185,392,1735,8,81,2024-02-02,Completed,Insurance,5.0
8186,2186,1800,11,42,2024-01-31,In Progress,Credit Card,
8187,1775,2252,5,118,2025-11-10,Completed,Cash,
8188,2134,3407,9,151,2024-08-18,In Progress,Insurance,
8189,1247,1552,2,71,2025-09-17,Completed,Insurance,
8190,2726,761,2,26,2023-05-24,Completed,Credit Card,4.0
8191,2460,189,8,12,2023-08-09,Completed,Credit Card,2.0
8192,1347,1166,10,157,2024-01-01,Completed,Insurance,
8193,1124,934,1,107,2024-04-17,In Progress,Financing,
8194,1686,2295,2,66,2024-04-18,Completed,Credit Card,5.0
8195,1441,569,7,174,2024-03-02,In Progress,Cash,
8196,2506,3213,2,14,2023-07-19,Completed,Debit Card,
8197,624,1414,10,55,2023-07-19,Completed,Cash,
8198,2012,3065,5,5,2024-01-11,Completed,Financing,5.0
8199,1277,445,2,12,2025-12-25,Completed,Debit Card,
8200,2969,2807,6,6,2023-11-02,Cancelled,,
8201,2032,1048,12,71,2023-05-24,Completed,Credit Card,2.0
8202,2736,2091,12,91,2023-01-15,Completed,Cash,1.0
8203,1973,1363,11,82,2025-01-11,Cancelled,,
8204,855,3415,5,103,2024-06-27,Completed,Cash,
8205,2950,675,12,172,2024-02-28,Completed,Cash,
8206,2440,403,11,144,2025-06-10,Completed,Cash,3.0
8207,2781,2003,6,77,2024-03-26,Cancelled,,
8208,388,3405,1,41,2025-12-12,Completed,Debit Card,
8209,2652,2623,4,105,2024-03-01,Completed,Financing,1.0
8210,2148,37,3,3,2023-03-29,Completed,Cash,5.0
8211,1029,3008,6,140,2025-12-19,Completed,Credit Card,4.0
8212,352,1083,5,120,2023-05-25,Cancelled,,
8213,261,1912,3,139,2024-05-08,In Progress,Financing,
8214,1812,1209,7,159,2025-04-10,Completed,Financing,4.0
8215,1328,2095,9,164,2024-01-23,Completed,Debit Card,
8216,986,381,8,16,2025-06-05,Cancelled,,
8217,2853,65,3,6,2023-06-14,Completed,Credit Card,
8218,861,265,10,150,2025-12-21,Completed,Financing,3.0
8219,860,3218,5,35,2025-04-13,Completed,Financing,4.0
8220,1127,1452,3,15,2024-02-15,Completed,Insurance,2.0
8221,1525,1425,12,99,2023-10-24,Completed,Credit Card,
8222,1557,1511,3,171,2024-08-07,Cancelled,,
8223,2841,1506,5,148,2024-08-25,Completed,Financing,
8224,423,2224,6,6,2023-01-13,Completed,Financing,2.0
8225,1513,402,2,69,2025-04-20,In Progress,Credit Card,
8226,2024,1634,6,62,2024-05-29,Completed,Financing,
8227,43,2510,11,55,2024-03-09,Completed,Insurance,1.0
8228,2270,2327,8,79,2024-03-21,Completed,Credit Card,
8229,787,186,10,153,2024-08-26,Cancelled,,
8230,2771,2527,1,155,2024-11-07,Completed,Financing,5.0
8231,1660,1684,5,100,2023-05-02,Completed,Cash,1.0
8232,1809,1109,3,107,2023-07-23,Cancelled,,
8233,2165,893,5,103,2023-05-01,Completed,Credit Card,
8234,706,855,4,20,2025-08-30,Completed,Financing,3.0
8235,891,2621,9,96,2025-10-27,Cancelled,,
8236,600,2005,5,52,2024-07-04,Completed,Debit Card,
8237,1077,259,8,28,2025-02-05,Completed,Insurance,
8238,1383,3120,9,73,2025-08-06,Completed,Cash,1.0
8239,2289,472,12,151,2024-07-18,In Progress,Debit Card,
8240,1306,1999,1,43,2024-07-03,Completed,Debit Card,
8241,1700,1588,4,119,2023-05-19,Completed,Credit Card,3.0
8242,333,3284,4,28,2024-12-17,Completed,Insurance,
8243,2925,2453,4,99,2023-02-03,In Progress,Cash,
8244,1231,3071,6,161,2023-10-15,Completed,Debit Card,
8245,359,971,5,9,2025-10-01,In Progress,Financing,
8246,457,703,8,42,2023-07-23,In Progress,Financing,
8247,2183,2046,5,6,2023-10-30,Completed,Financing,
8248,2285,1687,4,16,2025-06-07,Completed,Financing,5.0
8249,1611,1761,11,117,2025-10-17,In Progress,Credit Card,
8250,2173,1295,8,125,2025-03-01,Completed,Credit Card,
8251,318,3022,2,141,2023-12-23,In Progress,Debit Card,
8252,1866,1228,4,143,2023-05-22,In Progress,Credit Card,
8253,887,63,10,165,2025-11-02,In Progress,Debit Card,
8254,396,876,5,157,2024-03-26,Completed,Insurance,
8255,2094,2303,2,60,2025-04-12,Completed,Financing,4.0
8256,513,1893,12,172,2025-09-06,Completed,Insurance,3.0
8257,1179,1841,5,133,2024-09-07,Completed,Debit Card,
8258,803,195,9,161,2024-03-28,In Progress,Insurance,
8259,2086,2122,1,120,2023-11-14,Completed,Cash,
8260,328,1861,10,159,2025-08-22,Completed,Financing,2.0
8261,2584,1388,7,180,2024-01-23,Cancelled,,
8262,614,1695,9,129,2025-02-12,Completed,Credit Card,2.0
8263,206,1993,3,56,2025-10-28,Completed,Credit Card,3.0
8264,1303,3311,1,102,2024-05-17,Cancelled,,
8265,196,2729,4,88,2025-09-23,Completed,Insurance,
8266,2750,2656,9,70,2023-04-13,Cancelled,,
8267,497,209,3,1,2025-11-14,Completed,Debit Card,1.0
8268,403,1153,1,78,2024-08-18,Completed,Credit Card,1.0
8269,2194,632,4,139,2025-04-14,Completed,Financing,
8270,1174,3204,11,115,2024-10-29,Completed,Cash,5.0
8271,167,661,6,44,2025-07-17,In Progress,Insurance,
8272,1260,747,1,146,2024-06-17,In Progress,Cash,
8273,706,855,1,95,2024-04-05,Completed,Cash,5.0
8274,839,1937,9,62,2025-08-06,Cancelled,,
8275,1509,117,4,69,2025-12-05,In Progress,Insurance,
8276,784,1611,6,19,2025-11-24,In Progress,Debit Card,
8277,2794,702,12,111,2023-01-03,Completed,Debit Card,4.0
8278,1774,698,6,88,2025-05-30,In Progress,Financing,
8279,2956,1055,4,144,2024-09-03,Completed,Financing,5.0
8280,877,2685,7,172,2023-05-11,Completed,Insurance,3.0
8281,1498,3369,3,66,2025-10-28,In Progress,Credit Card,
8282,2033,1332,10,59,2025-03-21,Completed,Credit Card,1.0
8283,642,1757,6,133,2025-05-03,In Progress,Insurance,
8284,1406,1005,9,86,2023-10-10,Completed,Financing,5.0
8285,2046,863,4,157,2023-08-05,In Progress,Debit Card,
8286,2070,495,12,3,2024-12-29,Completed,Cash,4.0
8287,2543,3234,7,54,2024-12-26,Completed,Debit Card,
8288,1279,1128,7,117,2024-11-26,Cancelled,,
8289,913,2546,10,75,2025-11-24,Completed,Cash,4.0
8290,1666,764,5,31,2024-03-25,Cancelled,,
8291,521,818,6,65,2025-06-09,Completed,Cash,3.0
8292,506,2349,6,129,2024-07-24,Completed,Financing,
8293,2451,2506,4,82,2023-01-17,Completed,Credit Card,5.0
8294,1619,1251,7,5,2025-07-18,Completed,Credit Card,
8295,1121,1305,8,57,2025-01-24,Cancelled,,
8296,879,2758,2,70,2025-01-01,Completed,Credit Card,4.0
8297,1577,2058,1,66,2024-01-26,Completed,Cash,
8298,1278,14,8,45,2023-11-12,Cancelled,,
8299,222,2338,6,18,2024-11-18,In Progress,Debit Card,
8300,2309,2906,4,141,2023-07-22,Completed,Insurance,3.0
8301,2821,1500,10,31,2025-04-30,Completed,Financing,5.0
8302,86,2241,9,152,2025-08-11,Completed,Financing,
8303,1511,2272,12,101,2024-10-04,Cancelled,,
8304,2823,523,1,164,2023-11-11,Completed,Cash,
8305,582,2080,8,124,2025-02-11,Cancelled,,
8306,2353,1561,7,26,2025-08-24,Completed,Financing,1.0
8307,1589,1910,2,158,2024-07-15,Cancelled,,
8308,2032,2283,6,153,06/15/2023,Completed,Insurance,1.0
8309,2529,1534,3,55,2023-02-22,In Progress,Financing,
8310,1336,904,7,112,2025-12-13,Completed,Financing,
8311,1797,2408,7,61,2024-06-19,Completed,Financing,5.0
8312,1627,687,11,6,2025-09-16,Cancelled,,
8313,73,2444,9,40,2023-11-04,Completed,Debit Card,3.0
8314,2399,1300,1,75,2025-06-19,Completed,Cash,
8315,1258,3139,11,151,2023-08-05,In Progress,Cash,
8316,2440,403,11,63,2025-07-25,Completed,Debit Card,
8317,2158,2017,1,57,2023-12-14,Completed,Financing,2.0
8318,1200,913,5,68,2025-11-15,Completed,Cash,2.0
8319,1095,415,4,80,2025-05-12,Completed,Insurance,3.0
8320,22,1244,9,3,2024-12-22,Cancelled,,
8321,1958,273,4,101,2024-05-27,Completed,Cash,1.0
8322,2523,1762,3,71,2024-07-25,In Progress,Debit Card,
8323,2444,3250,9,56,2025-11-10,In Progress,Credit Card,
8324,1369,2669,12,140,2024-05-29,Completed,Financing,3.0
8325,471,3423,9,37,2023-08-19,In Progress,Financing,
8326,360,2780,11,152,2025-03-13,Completed,Insurance,
8327,2228,2157,7,135,2023-01-01,Completed,Financing,1.0
8328,2141,896,4,175,2023-11-30,Cancelled,,
8329,1395,3328,7,172,2024-02-06,Completed,Credit Card,4.0
8330,2317,1794,7,105,2025-12-23,Completed,Credit Card,2.0
8331,1557,2362,1,15,2025-01-08,In Progress,Cash,
8332,406,628,5,38,2023-03-29,Completed,Debit Card,1.0
8333,2284,1507,5,34,2023-11-02,Completed,Financing,4.0
8334,1483,1325,8,67,2023-04-18,Completed,Cash,
8335,1678,2388,9,30,2023-09-11,Completed,Cash,
8336,94,202,11,13,2025-01-19,Cancelled,,
8337,2375,2534,9,111,2024-11-19,Completed,Credit Card,
8338,1665,3154,10,66,2024-05-15,Completed,Insurance,2.0
8339,6,1830,3,131,2023-04-20,Completed,Cash,4.0
8340,2384,1284,11,135,2024-07-22,Completed,Debit Card,3.0
8341,1483,3437,5,42,2025-03-19,Completed,Credit Card,2.0
8342,1660,1684,11,35,2025-06-16,In Progress,Insurance,
8343,2609,170,2,137,2025-10-27,In Progress,Debit Card,
8344,1755,2145,2,4,2024-08-18,Completed,Insurance,
8345,228,2579,9,142,2023-10-23,Completed,Cash,3.0
8346,2228,386,2,68,2023-08-30,Completed,Insurance,
8347,2754,2426,5,11,2025-08-18,In Progress,Cash,
8348,362,2359,7,159,2024-10-22,Completed,Credit Card,5.0
8349,349,97,8,24,2024-05-11,Completed,Debit Card,
8350,1454,1164,3,144,2023-05-15,In Progress,Financing,
8351,2643,926,10,149,2023-02-22,Completed,Credit Card,2.0
8352,545,2463,1,132,2023-12-29,Cancelled,,
8353,360,2780,2,35,2024-04-03,Cancelled,,
8354,685,62,10,146,2023-08-23,Completed,Cash,2.0
8355,555,1898,8,90,2024-02-22,Cancelled,,
8356,1366,1740,12,76,2025-10-15,Completed,Cash,4.0
8357,1775,2252,3,1,2023-06-13,Cancelled,,
8358,444,214,9,7,2024-09-03,In Progress,Insurance,
8359,1075,1308,4,97,2025-01-13,In Progress,Debit Card,
8360,2347,2782,6,157,2024-09-17,Completed,Debit Card,2.0
8361,1375,1807,8,86,2023-09-24,Cancelled,,
8362,1503,150,6,118,2025-07-06,Completed,Credit Card,5.0
8363,484,2222,6,151,2025-01-22,Cancelled,,
8364,168,2094,1,66,2023-03-24,Completed,Credit Card,
8365,2679,600,3,2,2024-11-26,In Progress,Financing,
8366,1695,1078,10,30,01/06/2025,Cancelled,,
8367,886,1493,10,35,2025-03-18,Cancelled,,
8368,1731,1959,9,136,2024-06-13,Completed,Cash,5.0
8369,586,2107,7,28,2024-03-16,Completed,Debit Card,4.0
8370,185,1449,11,65,2025-10-01,Cancelled,,
8371,442,1050,5,114,2024-01-24,Completed,Cash,
8372,2134,343,5,12,2024-11-12,Cancelled,,
8373,2529,2757,8,120,2024-06-14,Cancelled,,
8374,1593,1676,5,89,2024-09-22,Completed,Insurance,3.0
8375,2061,2132,6,99,2024-02-06,Completed,Cash,5.0
8376,2129,1927,12,177,2023-07-09,Completed,Cash,
8377,16,2594,5,107,2025-09-16,Completed,Cash,3.0
8378,1629,1572,2,51,2023-07-28,Cancelled,,
8379,258,1282,2,2,2024-01-23,In Progress,Debit Card,
8380,2899,2473,11,53,2023-02-27,Completed,Insurance,
8381,2053,2496,6,89,2025-04-28,In Progress,Cash,
8382,2550,2040,6,146,2023-10-18,Completed,Cash,1.0
8383,1857,194,7,120,2025-05-22,Completed,Insurance,1.0
8384,518,1920,7,158,2023-02-03,Completed,Credit Card,2.0
8385,1295,3027,3,135,2024-12-07,Cancelled,,
8386,186,513,11,71,2024-04-18,In Progress,Cash,
8387,2834,2308,8,66,2024-09-21,Completed,Financing,
8388,850,1675,9,5,2023-08-23,In Progress,Credit Card,
8389,892,3239,1,174,2024-04-23,Completed,Financing,3.0
8390,371,2986,10,103,2023-12-09,Completed,Insurance,3.0
8391,2280,1836,8,164,2024-03-03,Completed,Credit Card,
8392,824,3251,1,35,2023-10-27,Cancelled,,
8393,374,3031,4,147,2024-11-12,Cancelled,,
8394,1564,634,11,141,2025-11-03,Cancelled,,
8395,861,265,8,15,2025-10-18,Completed,Cash,5.0
8396,1619,2413,2,103,2023-10-17,Completed,Cash,
8397,876,2481,9,135,2024-01-19,In Progress,Insurance,
8398,528,1454,3,90,2023-11-03,In Progress,Cash,
8399,2594,334,12,32,2024-10-09,In Progress,Insurance,
8400,1871,2636,6,1,2024-07-29,Completed,Cash,5.0
8401,233,3080,9,38,2024-04-13,Completed,Financing,
8402,445,463,10,103,2023-05-27,Completed,Financing,
8403,1753,3161,9,150,2023-08-28,Completed,Debit Card,3.0
8404,646,2570,4,109,2024-09-07,Completed,Credit Card,
8405,1010,372,12,145,2024-08-14,In Progress,Financing,
8406,1412,183,5,151,2024-09-12,Cancelled,,
8407,2752,1218,4,101,2024-04-29,Completed,Credit Card,
8408,1707,3182,3,148,2024-04-18,Completed,Financing,
8409,1080,674,1,91,2025-01-31,Completed,Financing,
8410,1947,2287,10,141,2024-06-20,Completed,Credit Card,3.0
8411,971,947,8,5,2025-12-27,Completed,Insurance,1.0
8412,2630,2477,9,134,2025-03-05,Completed,Insurance,4.0
8413,2794,1778,6,64,2024-02-13,Completed,Insurance,2.0
8414,2100,501,11,171,2023-11-15,In Progress,Credit Card,
8415,2674,482,2,58,2023-10-11,Completed,Insurance,
8416,1212,2691,12,48,2024-03-07,Completed,Credit Card,
8417,742,3399,10,169,2023-12-21,Completed,Financing,4.0
8418,1483,3437,11,4,2023-01-28,Completed,Debit Card,1.0
8419,851,3151,9,136,2023-03-13,In Progress,Cash,
8420,1679,1015,11,174,2024-02-01,In Progress,Cash,
8421,2217,900,2,115,2023-11-15,Completed,Cash,
8422,2962,339,6,112,2023-10-18,Completed,Cash,3.0
8423,1222,3018,1,48,2025-08-12,Cancelled,,
8424,2249,1955,9,59,2025-10-18,Completed,Cash,3.0
8425,2794,702,6,176,2025-10-13,Completed,Insurance,5.0
8426,2173,2787,3,143,2025-03-24,Cancelled,,
8427,47,1774,11,124,2024-04-13,Completed,Debit Card,
8428,200,699,7,86,2024-12-05,Completed,Debit Card,1.0
8429,1672,2120,2,144,2023-02-27,Completed,Cash,5.0
8430,1207,1117,11,68,2024-04-22,Completed,Financing,
8431,1165,2973,6,30,06/04/2024,Completed,Insurance,5.0
8432,2394,1922,12,177,2025-09-25,Completed,Financing,4.0
8433,506,2349,7,16,2023-02-12,Completed,Financing,3.0
8434,2445,1100,12,109,2023-11-27,Completed,Financing,
8435,1003,1903,11,115,2025-08-18,Completed,Debit Card,5.0
8436,2827,2951,7,28,2025-05-31,Completed,Debit Card,
8437,788,460,6,120,2023-09-11,Completed,Cash,2.0
8438,1187,127,6,5,2025-03-22,Completed,Credit Card,1.0
8439,415,1012,6,53,2023-07-09,Cancelled,,
8440,2081,2894,7,5,03/27/2023,Completed,Credit Card,5.0
8441,179,559,3,63,2023-10-18,Completed,Financing,1.0
8442,1033,46,7,77,2024-10-07,Completed,Cash,5.0
8443,1362,282,10,61,2025-07-16,Completed,Credit Card,3.0
8444,1566,683,11,45,2023-09-21,Completed,Insurance,2.0
8445,2678,1626,7,134,2023-03-31,Completed,Financing,
8446,514,1298,3,5,2024-08-26,Completed,Cash,1.0
8447,2217,900,3,92,2024-02-22,Completed,Insurance,2.0
8448,7,2489,12,87,2024-09-03,Cancelled,,
8449,2651,1496,10,28,2023-09-16,Completed,Credit Card,3.0
8450,822,1934,4,49,2025-02-20,In Progress,Debit Card,
8451,1795,804,7,172,02/14/2025,Completed,Cash,4.0
8452,2524,360,3,162,2025-11-20,Completed,Debit Card,1.0
8453,2915,3386,4,161,2023-10-03,Completed,Credit Card,1.0
8454,2018,242,2,79,2024-08-21,Cancelled,,
8455,2825,975,7,119,2024-07-16,In Progress,Debit Card,
8456,999,2756,7,146,2023-10-01,Completed,Insurance,1.0
8457,2407,2285,12,18,2025-10-27,Completed,Insurance,
8458,1364,3141,10,68,2023-05-31,Completed,Cash,1.0
8459,1953,2624,3,9,2024-06-10,Cancelled,,
8460,2303,300,5,25,2023-04-24,Completed,Financing,2.0
8461,1790,380,5,27,2023-07-08,In Progress,Credit Card,
8462,676,2466,2,43,2024-10-14,Completed,Cash,1.0
8463,894,1700,5,177,2023-12-22,Completed,Financing,2.0
8464,1786,854,11,16,2023-12-16,Completed,Insurance,5.0
8465,513,1893,1,69,2023-03-03,Completed,Debit Card,1.0
8466,1161,38,2,109,2024-05-13,In Progress,Credit Card,
8467,657,3392,11,104,2024-12-20,In Progress,Cash,
8468,1075,1558,12,157,2025-03-21,Completed,Credit Card,
8469,2210,1968,7,75,2024-06-22,Completed,Debit Card,5.0
8470,1477,1067,1,179,2025-04-01,Completed,Cash,3.0
8471,2326,1781,1,18,2023-04-14,Completed,Insurance,1.0
8472,1478,838,3,116,2023-02-18,Cancelled,,
8473,2676,735,7,140,2023-07-05,Completed,Debit Card,1.0
8474,2750,2656,5,72,2025-06-26,Completed,Debit Card,5.0
8475,1230,2226,4,108,2024-08-19,Completed,Debit Card,1.0
8476,2297,2148,9,177,2024-08-29,Completed,Credit Card,3.0
8477,2140,3236,3,39,2024-07-03,Completed,Financing,2.0
8478,2070,495,4,96,2023-03-19,In Progress,Financing,
8479,656,1273,8,51,2023-12-19,Completed,Credit Card,4.0
8480,788,1826,3,41,2025-11-15,In Progress,Debit Card,
8481,1421,3443,5,53,2024-06-10,Completed,Credit Card,2.0
8482,1316,768,8,36,2025-09-16,Completed,Insurance,5.0
8483,1137,1865,10,155,2025-09-04,Completed,Financing,3.0
8484,1913,679,3,123,2023-03-03,Completed,Financing,5.0
8485,2863,1137,11,42,2025-01-21,Completed,Debit Card,
8486,1672,2120,2,162,2025-04-21,In Progress,Credit Card,
8487,895,2073,2,46,2025-12-02,Cancelled,,
8488,807,483,6,111,2024-10-28,Completed,Insurance,5.0
8489,1918,1967,10,10,2025-08-09,Completed,Credit Card,4.0
8490,1239,2320,8,37,2023-10-10,Completed,Insurance,
8491,430,2277,11,156,2024-12-07,Cancelled,,
8492,258,294,1,100,2024-11-09,In Progress,Insurance,
8493,589,1592,9,137,2023-01-23,Completed,Financing,2.0
8494,1739,1731,9,91,2025-12-02,Completed,Credit Card,3.0
8495,1591,3310,8,157,2023-06-07,Completed,Insurance,2.0
8496,2166,476,5,85,2023-02-22,Completed,Cash,1.0
8497,1694,770,8,132,2023-03-31,Completed,Financing,2.0
8498,964,232,1,13,2024-11-26,Completed,Cash,3.0
8499,2982,268,9,106,2023-08-04,Completed,Cash,1.0
8500,1393,1950,12,19,2023-05-13,Cancelled,,
8501,2102,3098,9,66,2023-04-22,Cancelled,,
8502,1137,1865,3,115,2023-06-08,Completed,Debit Card,5.0
8503,26,1065,4,159,2024-11-10,Completed,Credit Card,
8504,1708,1565,6,154,2023-08-13,Completed,Insurance,
8505,2872,3317,8,77,2025-12-03,Cancelled,,
8506,337,118,4,8,2023-08-13,Cancelled,,
8507,1321,2476,11,63,2024-11-15,In Progress,Cash,
8508,1553,2868,1,134,2025-11-04,Cancelled,,
8509,1748,2738,3,37,2025-02-12,Cancelled,,
8510,1991,1702,7,152,2023-10-05,Cancelled,,
8511,199,3319,8,48,2024-07-05,Completed,Insurance,2.0
8512,2029,1025,7,71,2024-10-28,Completed,Cash,
8513,2242,575,2,4,2023-12-16,Completed,Cash,
8514,1298,1931,2,60,2023-04-07,Completed,Cash,
8515,2949,370,3,67,2023-04-28,In Progress,Financing,
8516,2664,178,7,101,2024-02-14,Cancelled,,
8517,951,1380,9,153,2025-05-01,In Progress,Cash,
8518,1956,1484,2,55,2024-05-04,Completed,Credit Card,
8519,2190,1863,2,170,2024-05-12,Completed,Financing,2.0
8520,1895,1956,1,111,2023-08-06,Completed,Insurance,
8521,305,2465,5,33,2023-05-09,Completed,Debit Card,
8522,471,2191,4,175,2023-06-29,Completed,Debit Card,1.0
8523,1591,1097,1,140,06/16/2023,In Progress,Insurance,
8524,43,2510,5,4,2025-11-09,Completed,Cash,2.0
8525,2939,1036,8,99,2024-12-15,Cancelled,,
8526,258,294,4,56,2025-06-14,Completed,Debit Card,
8527,88,1992,11,58,2023-01-26,Cancelled,,
8528,982,1157,8,178,2023-10-01,In Progress,Debit Card,
8529,1060,2619,3,59,2024-09-07,Completed,Financing,5.0
8530,1566,1075,2,112,2024-08-24,Completed,Debit Card,
8531,1137,597,9,67,2025-01-21,Completed,Financing,2.0
8532,2659,1440,4,179,2025-05-02,In Progress,Insurance,
8533,932,2810,7,154,2025-06-01,Cancelled,,
8534,1837,1817,11,122,2023-03-23,Completed,Insurance,3.0
8535,2174,3042,10,6,2023-06-08,In Progress,Debit Card,
8536,1564,3183,5,28,2025-12-12,Completed,Insurance,1.0
8537,838,431,1,120,2024-05-02,Cancelled,,
8538,212,1716,6,171,2025-12-23,Cancelled,,
8539,1007,1311,10,179,2024-07-15,Completed,Financing,3.0
8540,2726,761,12,116,2023-12-22,Completed,Cash,5.0
8541,2111,220,8,16,2023-06-27,Completed,Cash,1.0
8542,2518,163,3,150,2024-07-23,Completed,Insurance,1.0
8543,1229,1474,2,162,2023-05-21,In Progress,Insurance,
8544,897,614,6,114,2024-08-15,In Progress,Insurance,
8545,1555,488,3,132,2025-06-06,Cancelled,,
8546,1655,298,5,1,2023-01-08,In Progress,Debit Card,
8547,2489,3295,8,112,2025-05-26,Completed,Credit Card,2.0
8548,589,1592,5,46,2024-07-20,Completed,Cash,5.0
8549,1306,1999,12,77,2025-01-07,Completed,Debit Card,3.0
8550,1708,1420,10,153,2024-10-10,Cancelled,,
8551,234,3269,4,59,2023-05-19,Completed,Cash,3.0
8552,1031,1569,1,144,2024-01-28,Completed,Debit Card,
8553,1128,425,9,173,2024-06-10,Completed,Credit Card,1.0
8554,252,2784,6,93,2023-02-05,Completed,Insurance,
8555,1786,854,10,8,2023-03-22,In Progress,Debit Card,
8556,1358,3023,1,155,2025-10-31,Cancelled,,
8557,2268,236,12,97,2025-05-04,Completed,Cash,1.0
8558,423,2224,3,76,2025-09-02,Completed,Debit Card,4.0
8559,2093,2931,2,115,2024-09-08,Completed,Credit Card,4.0
8560,2930,1126,10,118,2025-03-28,Cancelled,,
8561,925,891,7,20,2025-03-13,Completed,Credit Card,
8562,685,62,3,173,2025-07-02,Completed,Credit Card,
8563,739,2149,11,27,2025-03-05,Completed,Cash,5.0
8564,1061,2524,2,90,2024-06-07,Completed,Cash,1.0
8565,2277,2558,11,9,2023-12-19,Completed,Credit Card,1.0
8566,1564,634,10,90,2025-10-26,Completed,Cash,1.0
8567,1984,3264,8,177,2023-12-26,Completed,Debit Card,2.0
8568,1700,1163,1,24,2024-06-02,Completed,Cash,4.0
8569,686,3291,1,121,2023-10-24,Cancelled,,
8570,309,1272,1,159,2025-04-01,Completed,Debit Card,
8571,308,1810,11,154,2025-02-18,Completed,Credit Card,3.0
8572,866,1024,10,162,2025-06-10,Completed,Credit Card,1.0
8573,1080,2364,9,1,2025-03-10,Completed,Credit Card,2.0
8574,1806,825,1,158,01/27/2024,Completed,Cash,1.0
8575,2072,243,12,168,2023-06-14,Completed,Financing,1.0
8576,1544,505,11,6,2024-12-08,Completed,Insurance,
8577,1848,2313,11,26,2024-11-01,Completed,Cash,
8578,410,2218,10,116,2024-12-15,In Progress,Credit Card,
8579,2985,2366,5,99,2023-07-09,Completed,Credit Card,5.0
8580,94,202,4,177,2024-11-30,Completed,Insurance,
8581,521,648,5,148,2023-06-09,Completed,Debit Card,3.0
8582,1268,762,12,126,2025-11-28,Completed,Credit Card,1.0
8583,1271,3028,5,11,2023-03-13,Completed,Insurance,2.0
8584,194,481,11,94,2023-02-18,Completed,Insurance,4.0
8585,2378,1754,4,19,2023-08-25,Completed,Debit Card,
8586,2986,267,1,130,2025-03-26,In Progress,Cash,
8587,1978,2044,11,123,2024-01-01,Completed,Insurance,
8588,30,2777,2,163,2024-06-26,Completed,Debit Card,
8589,2436,1054,9,112,2023-07-26,In Progress,Insurance,
8590,2305,1211,4,91,2025-05-23,Completed,Cash,
8591,2744,302,7,75,2023-06-26,Completed,Financing,1.0
8592,1279,3045,10,29,2024-11-06,Completed,Debit Card,
8593,1856,76,12,162,2023-08-25,Cancelled,,
8594,1709,2020,2,120,2024-01-28,Completed,Cash,4.0
8595,1672,2062,6,76,2024-05-22,Completed,Cash,
8596,986,2832,5,171,2024-01-25,Completed,Cash,4.0
8597,214,2334,1,110,2023-11-28,Completed,Cash,1.0
8598,253,516,10,130,2025-07-27,Completed,Debit Card,
8599,1477,1067,8,86,2023-09-15,Completed,Cash,1.0
8600,438,1958,11,172,2023-07-15,Completed,Debit Card,
8601,3,587,10,20,2023-05-10,Completed,Insurance,
8602,471,3423,3,14,2024-09-10,Completed,Credit Card,4.0
8603,1397,2647,4,144,2023-11-06,Completed,Debit Card,5.0
8604,412,344,6,147,2024-06-14,In Progress,Financing,
8605,1982,2439,5,33,2025-01-01,Completed,Financing,2.0
8606,1125,3057,7,133,2023-02-04,Completed,Credit Card,4.0
8607,1203,1408,3,51,2024-10-26,Completed,Financing,
8608,2842,2935,12,113,2025-08-08,Completed,Debit Card,3.0
8609,1758,2474,6,66,2025-11-23,Completed,Financing,
8610,1709,2020,11,124,2023-12-26,Cancelled,,
8611,102,375,4,13,2024-10-01,Completed,Financing,
8612,1665,1584,2,68,2025-03-19,Completed,Financing,5.0
8613,2265,1252,7,120,2025-02-05,Completed,Financing,2.0
8614,60,1090,1,37,2024-12-23,In Progress,Financing,
8615,948,145,10,78,2025-08-16,Completed,Financing,
8616,2749,623,8,93,2024-03-09,Cancelled,,
8617,844,1167,8,92,2023-06-23,Completed,Debit Card,3.0
8618,612,2714,1,148,2023-08-13,Completed,Insurance,3.0
8619,1656,1818,10,117,2023-01-26,In Progress,Insurance,
8620,1840,77,12,70,2025-06-27,Cancelled,,
8621,1175,1120,9,11,2025-06-26,Completed,Debit Card,5.0
8622,2794,213,10,87,2025-04-23,Completed,Cash,
8623,441,266,11,132,2025-02-24,Cancelled,,
8624,1562,3248,7,128,2024-02-08,Completed,Financing,5.0
8625,2403,430,11,105,2025-11-04,Completed,Cash,4.0
8626,171,2452,11,140,2024-04-04,In Progress,Debit Card,
8627,1511,292,7,154,2023-06-23,Completed,Financing,2.0
8628,1880,1135,3,137,2025-06-21,Completed,Credit Card,1.0
8629,740,226,1,62,2025-09-06,Cancelled,,
8630,1813,1980,2,121,2024-08-04,Completed,Credit Card,4.0
8631,1635,686,7,59,2024-07-15,Completed,Debit Card,4.0
8632,2084,2227,9,66,2024-12-04,Completed,Financing,
8633,2414,1563,3,115,2025-09-21,In Progress,Debit Card,
8634,1579,827,7,109,2023-04-03,Completed,Financing,3.0
8635,624,1414,2,148,2025-10-14,Completed,Debit Card,3.0
8636,2402,3441,2,120,2025-09-20,In Progress,Financing,
8637,1716,2255,8,67,2024-05-30,Completed,Debit Card,
8638,1482,2114,2,167,2023-05-17,Completed,Insurance,1.0
8639,2999,3349,10,173,2023-07-24,Cancelled,,
8640,2952,1811,6,57,2025-04-30,Cancelled,,
8641,127,3355,8,89,2023-02-03,Completed,Insurance,5.0
8642,392,1840,7,133,2024-03-10,In Progress,Insurance,
8643,1648,1368,5,34,2025-08-05,Cancelled,,
8644,2111,220,4,85,2023-02-28,Cancelled,,
8645,1188,917,9,110,2025-10-17,Completed,Financing,
8646,123,3326,1,173,2024-02-19,Completed,Debit Card,2.0
8647,2648,1001,2,141,2023-10-05,Completed,Credit Card,
8648,2094,2303,9,16,2025-08-02,In Progress,Cash,
8649,2626,1274,9,119,2023-03-22,In Progress,Debit Card,
8650,1627,3115,9,90,2024-04-08,Cancelled,,
8651,1228,1330,4,142,2024-10-08,Completed,Insurance,2.0
8652,1230,2226,10,82,2023-01-30,Completed,Insurance,4.0
8653,934,1681,8,69,2025-02-19,Completed,Credit Card,
8654,322,2323,4,80,2023-02-26,Completed,Credit Card,1.0
8655,2190,2583,12,58,2025-06-07,Completed,Cash,5.0
8656,2903,2863,5,26,2023-04-24,Completed,Debit Card,4.0
8657,2373,2709,8,69,2024-07-10,Completed,Financing,1.0
8658,2276,1799,11,110,2025-10-10,In Progress,Cash,
8659,2341,2203,9,178,2024-06-01,Completed,Credit Card,3.0
8660,331,3360,7,16,2024-04-26,Completed,Cash,
8661,2031,3127,10,12,2024-11-24,Completed,Cash,2.0
8662,1364,3141,11,99,2025-10-13,Completed,Debit Card,
8663,2427,743,11,45,2025-04-07,Completed,Cash,
8664,1262,2377,11,25,2025-08-17,Completed,Debit Card,4.0
8665,700,981,6,123,01/04/2023,Completed,Financing,4.0
8666,2646,2064,11,161,2025-09-26,Completed,Debit Card,2.0
8667,533,830,3,174,2024-03-01,Cancelled,,
8668,2602,982,6,55,2025-06-13,Completed,Credit Card,5.0
8669,1299,2786,3,103,01/11/2023,In Progress,Cash,
8670,1845,1224,1,131,2025-06-06,Cancelled,,
8671,1544,839,11,21,2023-05-07,Completed,Financing,4.0
8672,1631,1509,12,138,2024-11-11,Completed,Insurance,2.0
8673,2863,1137,9,87,2023-05-25,Completed,Cash,4.0
8674,1366,960,10,4,2025-09-02,Completed,Cash,2.0
8675,692,2565,10,153,2025-07-17,In Progress,Credit Card,
8676,2134,343,8,62,2025-08-22,Completed,Debit Card,
8677,1167,2900,8,25,2025-05-06,In Progress,Debit Card,
8678,1034,385,9,90,2024-05-19,Completed,Financing,2.0
8679,1580,1843,9,21,2024-04-26,Completed,Cash,4.0
8680,1659,1636,7,143,2023-08-13,Completed,Credit Card,
8681,2718,978,8,93,2024-09-11,In Progress,Insurance,
8682,72,326,2,25,2025-04-24,In Progress,Debit Card,
8683,1509,696,12,25,2025-07-06,Completed,Cash,4.0
8684,2384,1284,7,77,2025-10-29,Completed,Insurance,1.0
8685,758,744,5,78,2024-07-08,Completed,Cash,2.0
8686,2942,113,12,147,2025-05-21,In Progress,Cash,
8687,439,2862,11,145,2025-11-06,Completed,Debit Card,2.0
8688,1473,2705,11,23,2025-11-21,In Progress,Debit Card,
8689,2361,2571,7,56,2023-11-21,Completed,Debit Card,4.0
8690,1853,1831,8,58,2025-10-13,Completed,Credit Card,
8691,1302,1954,5,149,2024-05-22,Completed,Credit Card,2.0
8692,155,2401,8,104,2025-12-19,In Progress,Cash,
8693,2243,112,8,129,2024-08-17,Completed,Financing,4.0
8694,1264,1657,4,136,2023-07-26,In Progress,Insurance,
8695,1011,1197,7,175,2024-02-17,Completed,Cash,3.0
8696,29,1587,8,169,2023-03-26,In Progress,Financing,
8697,1841,40,11,68,2025-04-30,Completed,Debit Card,3.0
8698,875,3381,12,4,2024-01-23,Cancelled,,
8699,2125,125,4,91,2024-10-10,Cancelled,,
8700,2100,2946,2,48,2025-03-01,Completed,Credit Card,1.0
8701,181,606,3,135,07/30/2023,Completed,Debit Card,1.0
8702,1396,60,2,131,2024-05-25,In Progress,Financing,
8703,2389,2796,7,178,2023-11-26,Completed,Insurance,
8704,1344,610,4,164,2023-08-29,Completed,Insurance,3.0
8705,1062,1532,6,50,2024-03-30,In Progress,Debit Card,
8706,516,3043,6,159,2025-09-03,Completed,Debit Card,
8707,2216,3308,7,62,2025-12-28,Cancelled,,
8708,1406,2261,6,178,2023-10-10,Completed,Insurance,3.0
8709,329,2485,10,151,2024-02-09,Completed,Debit Card,1.0
8710,139,3158,4,67,2025-01-25,Cancelled,,
8711,1564,634,9,65,2025-02-05,Completed,Credit Card,
8712,1161,1108,12,132,2024-12-04,Cancelled,,
8713,2946,492,10,131,2025-09-19,In Progress,Cash,
8714,199,3319,9,151,2023-07-22,Cancelled,,
8715,2568,3387,1,25,2023-11-15,Completed,Credit Card,3.0
8716,2485,147,8,142,2023-10-07,Completed,Debit Card,
8717,861,265,1,126,2023-03-15,In Progress,Cash,
8718,477,2806,8,64,2024-05-22,Completed,Financing,5.0
8719,1182,3391,8,11,2023-07-23,Completed,Insurance,
8720,437,2156,5,180,2024-05-15,Cancelled,,
8721,337,118,4,77,2023-11-25,In Progress,Financing,
8722,2720,3352,2,43,2024-05-26,Completed,Insurance,2.0
8723,493,407,2,64,2024-10-10,Completed,Insurance,2.0
8724,2818,93,7,21,2025-08-26,Completed,Debit Card,2.0
8725,573,2901,5,19,2025-03-20,Completed,Cash,1.0
8726,2046,678,5,38,2023-03-09,Completed,Debit Card,5.0
8727,2700,1349,11,70,2024-08-26,Completed,Insurance,4.0
8728,881,2403,4,15,2023-12-15,In Progress,Debit Card,
8729,1915,2225,12,163,2024-09-15,Completed,Financing,
8730,385,1694,10,171,2024-10-25,Completed,Credit Card,
8731,725,3278,7,164,2025-11-25,Completed,Financing,
8732,720,2113,2,172,2023-06-16,Completed,Credit Card,
8733,1696,2792,12,47,2023-06-13,Completed,Financing,1.0
8734,2328,3245,3,38,2024-04-09,Cancelled,,
8735,380,3359,11,123,2023-12-04,Completed,Financing,1.0
8736,1406,1005,1,87,05/13/2023,Cancelled,,
8737,2567,2611,8,96,2024-01-22,Completed,Financing,4.0
8738,2361,2571,2,166,2024-06-25,Completed,Insurance,1.0
8739,2656,1822,2,22,2024-10-19,Completed,Credit Card,
8740,2901,1553,5,33,2024-08-26,Completed,Credit Card,
8741,1804,2765,10,108,2025-09-21,In Progress,Financing,
8742,2468,2325,4,77,2024-09-14,Cancelled,,
8743,1268,3262,6,1,2025-08-03,Completed,Debit Card,5.0
8744,2810,2661,7,18,2024-02-14,Completed,Debit Card,
8745,2941,2616,9,3,2023-07-11,Completed,Insurance,
8746,643,1567,3,110,2025-02-27,Completed,Credit Card,
8747,896,1667,9,104,2024-09-01,Completed,Insurance,
8748,1048,1459,11,165,2025-08-05,Completed,Credit Card,
8749,2658,753,7,126,2024-09-18,Completed,Credit Card,5.0
8750,1664,3333,7,22,2024-06-19,Completed,Cash,
8751,1880,1135,4,155,2024-05-29,Completed,Financing,
8752,2374,1991,2,143,2025-11-19,Completed,Credit Card,4.0
8753,2619,144,10,48,2025-09-16,Completed,Debit Card,
8754,1380,786,3,74,2024-02-25,Completed,Debit Card,3.0
8755,2156,3237,5,47,2024-08-26,Cancelled,,
8756,2251,2137,12,133,2025-03-26,Completed,Insurance,2.0
8757,1619,2774,7,45,2025-12-22,In Progress,Credit Card,
8758,2237,3280,9,167,2025-04-17,In Progress,Credit Card,
8759,2666,2990,3,57,2023-05-19,Cancelled,,
8760,931,2055,1,58,2025-03-05,Completed,Credit Card,4.0
8761,2894,1111,11,67,2023-10-08,Cancelled,,
8762,1929,2432,10,144,2023-09-01,Completed,Debit Card,5.0
8763,2317,2919,5,47,2023-12-12,In Progress,Credit Card,
8764,549,1199,2,83,2023-09-13,Completed,Cash,4.0
8765,2948,1753,2,42,2023-02-17,Completed,Financing,
8766,2427,1756,10,97,2023-04-13,Completed,Cash,
8767,1048,1459,11,52,2025-02-26,Cancelled,,
8768,1007,1311,3,108,2024-10-29,In Progress,Financing,
8769,1345,2246,12,25,2024-01-17,Completed,Cash,4.0
8770,260,549,6,141,2023-04-02,Completed,Insurance,2.0
8771,1161,1677,6,98,2023-09-12,In Progress,Debit Card,
8772,777,1963,4,75,2023-09-28,Completed,Financing,
8773,1701,74,1,103,2024-06-05,Completed,Cash,5.0
8774,306,3253,3,140,2025-06-06,Completed,Insurance,2.0
8775,368,169,12,84,2023-04-06,Completed,Debit Card,1.0
8776,2635,1044,6,22,2024-07-08,Completed,Debit Card,3.0
8777,1160,1322,2,126,2025-03-13,Completed,Credit Card,5.0
8778,2115,244,5,164,2023-11-30,Cancelled,,
8779,548,3196,1,3,2023-02-08,Completed,Debit Card,
8780,2255,2248,3,135,2024-03-07,Cancelled,,
8781,789,1621,4,53,2025-06-29,Completed,Cash,5.0
8782,2757,248,5,87,2024-07-25,Completed,Insurance,4.0
8783,1433,1133,6,39,2025-08-15,Completed,Insurance,5.0
8784,2684,489,5,66,2025-11-09,Cancelled,,
8785,1695,1078,2,54,2023-11-08,Completed,Cash,
8786,2919,3159,12,180,2025-01-12,In Progress,Debit Card,
8787,2320,3172,11,123,2025-12-21,Completed,Insurance,
8788,1226,1604,3,39,2023-11-11,Completed,Financing,1.0
8789,624,1902,2,121,2024-04-17,Completed,Insurance,5.0
8790,1711,1216,4,92,2024-10-27,Completed,Credit Card,5.0
8791,2474,1221,8,59,2024-10-20,Completed,Insurance,4.0
8792,888,3211,9,117,2025-08-25,Completed,Cash,
8793,357,2898,8,15,2024-02-08,Completed,Credit Card,4.0
8794,2972,568,8,163,2025-06-20,Completed,Credit Card,3.0
8795,2124,2608,7,125,2024-07-21,Cancelled,,
8796,240,276,3,108,2025-06-06,Completed,Insurance,2.0
8797,696,487,11,122,2024-06-01,In Progress,Credit Card,
8798,2749,27,7,42,2025-10-31,Completed,Credit Card,1.0
8799,341,2962,3,4,2024-03-28,Completed,Insurance,
8800,803,68,9,16,2024-12-04,Completed,Cash,2.0
8801,1178,944,12,98,2025-01-19,Completed,Cash,1.0
8802,1638,2643,3,179,2024-06-15,Completed,Cash,2.0
8803,2915,1768,5,99,2023-01-07,Completed,Credit Card,5.0
8804,2012,3065,2,82,2025-07-15,Completed,Cash,5.0
8805,2945,3350,1,163,2024-08-22,Completed,Financing,
8806,1158,1472,12,149,2025-06-09,Completed,Debit Card,3.0
8807,450,2436,1,71,2024-07-23,Completed,Credit Card,4.0
8808,2990,1932,7,1,2025-03-08,Completed,Insurance,1.0
8809,394,2425,6,50,2025-02-27,Completed,Financing,2.0
8810,548,3196,3,154,2024-06-29,Completed,Insurance,2.0
8811,2420,2523,1,96,2024-12-03,In Progress,Debit Card,
8812,157,2118,2,92,2023-11-18,Completed,Debit Card,2.0
8813,2304,2209,1,80,2023-01-29,Completed,Debit Card,1.0
8814,1768,856,6,164,2024-09-23,Completed,Financing,5.0
8815,1809,1285,9,19,2023-03-21,Cancelled,,
8816,2996,1597,5,150,2024-09-03,Completed,Cash,5.0
8817,2019,1926,11,180,2024-08-07,Completed,Cash,
8818,1321,395,3,44,2025-01-25,Completed,Financing,4.0
8819,2484,1616,3,166,2024-12-07,Completed,Credit Card,
8820,2095,2820,1,117,2024-04-10,Cancelled,,
8821,859,2683,9,24,2025-09-30,Completed,Insurance,4.0
8822,2678,2234,7,117,2024-05-18,Cancelled,,
8823,531,2146,1,151,2025-02-22,Completed,Debit Card,1.0
8824,425,1234,11,169,2024-05-04,Completed,Financing,2.0
8825,553,1418,12,94,2023-06-17,Completed,Cash,
8826,680,2988,8,164,2025-07-01,Completed,Cash,
8827,1211,3377,1,98,2023-10-19,Completed,Financing,
8828,302,2592,11,129,2024-04-27,In Progress,Cash,
8829,93,1168,10,155,2024-01-26,Completed,Cash,1.0
8830,1482,2114,11,53,2023-04-26,Completed,Financing,1.0
8831,2492,3330,3,147,2023-11-09,Completed,Financing,
8832,1900,1372,11,16,06/01/2025,Completed,Cash,1.0
8833,2237,1198,2,144,2023-04-06,Cancelled,,
8834,1291,1559,9,17,2025-03-29,Completed,Insurance,3.0
8835,2100,2946,11,152,2025-10-03,Completed,Credit Card,2.0
8836,2387,3056,11,116,2023-06-17,Completed,Debit Card,4.0
8837,2549,502,3,173,2025-02-17,Completed,Insurance,
8838,2055,3327,11,134,2023-07-30,Completed,Insurance,
8839,640,1405,2,114,2025-07-22,Completed,Credit Card,4.0
8840,612,319,1,113,2023-09-19,Completed,Financing,3.0
8841,468,991,4,52,2025-06-05,Completed,Financing,
8842,72,179,8,63,2023-10-20,Cancelled,,
8843,1616,2478,7,3,2023-08-17,In Progress,Insurance,
8844,699,2351,6,50,2025-10-03,Completed,Cash,
8845,1953,3208,2,155,2024-08-27,Completed,Financing,
8846,2344,2023,12,6,2024-08-04,Cancelled,,
8847,1498,1816,3,45,2024-01-16,Completed,Credit Card,3.0
8848,425,1234,4,117,2023-03-10,Completed,Financing,
8849,758,1726,6,135,2025-06-29,Cancelled,,
8850,1945,1161,7,66,2024-11-22,Completed,Debit Card,
8851,1,3425,1,124,2024-05-30,Completed,Cash,1.0
8852,1298,388,5,38,2025-06-06,Completed,Debit Card,5.0
8853,1127,103,6,111,2024-02-02,Completed,Insurance,2.0
8854,2417,1341,4,156,2025-11-29,Completed,Insurance,5.0
8855,1941,1441,10,101,2024-08-19,Completed,Debit Card,3.0
8856,2717,33,6,114,2023-04-15,In Progress,Insurance,
8857,528,1454,7,165,2023-06-13,Completed,Cash,
8858,2947,1962,12,175,2024-06-15,Completed,Credit Card,3.0
8859,2746,812,10,91,2023-02-28,In Progress,Insurance,
8860,1380,786,7,84,2024-08-18,In Progress,Credit Card,
8861,1397,2647,8,161,2023-04-06,Cancelled,,
8862,521,648,10,91,2025-02-06,Completed,Financing,4.0
8863,2063,323,1,111,2023-08-07,Cancelled,,
8864,1454,1164,11,180,2024-02-06,Completed,Cash,
8865,1562,3248,5,135,2023-12-08,Completed,Credit Card,1.0
8866,34,1021,11,109,2025-03-02,Cancelled,,
8867,106,3079,4,109,2024-02-28,Completed,Insurance,2.0
8868,327,12,8,37,2025-01-27,In Progress,Cash,
8869,2046,680,4,146,2024-09-01,Cancelled,,
8870,656,2907,12,72,2023-09-29,Cancelled,,
8871,1121,2764,7,11,2025-10-28,Completed,Insurance,
8872,1668,1367,7,57,2023-01-16,Completed,Financing,1.0
8873,88,2650,11,2,2023-08-31,In Progress,Cash,
8874,2611,325,1,21,2025-01-28,Completed,Debit Card,
8875,2271,2897,5,29,2024-10-10,Completed,Cash,2.0
8876,1919,564,9,92,2023-10-29,Completed,Insurance,2.0
8877,604,2305,9,30,2023-03-21,In Progress,Cash,
8878,51,1725,1,34,2024-12-05,In Progress,Cash,
8879,207,2639,12,84,2025-02-09,Completed,Credit Card,2.0
8880,1125,3057,7,22,2025-02-16,Completed,Financing,
8881,1147,2526,11,95,2025-07-26,Completed,Financing,3.0
8882,2955,596,2,35,2023-10-09,In Progress,Cash,
8883,1664,1514,7,72,2024-01-28,Completed,Credit Card,
8884,2698,2794,7,68,2025-10-25,Cancelled,,
8885,961,1987,8,42,2024-10-28,Cancelled,,
8886,2846,480,5,166,2023-12-25,Cancelled,,
8887,2955,596,8,152,2023-08-06,Completed,Insurance,3.0
8888,1075,2999,6,25,2025-11-27,Completed,Financing,2.0
8889,1563,788,5,55,2024-05-22,Cancelled,,
8890,2845,2614,6,30,2023-07-06,Cancelled,,
8891,1592,1772,6,120,2025-12-07,Completed,Insurance,5.0
8892,239,2981,11,73,2023-04-08,Completed,Insurance,1.0
8893,418,925,1,61,2024-02-17,Completed,Insurance,
8894,2664,2580,3,87,06/25/2023,Completed,Insurance,
8895,1420,546,11,152,2023-02-20,Completed,Insurance,1.0
8896,1812,2864,11,24,2023-11-25,Cancelled,,
8897,2126,912,1,23,2024-11-25,Completed,Cash,
8898,2696,1481,10,36,2024-03-31,Completed,Debit Card,5.0
8899,2878,1776,4,112,2025-07-12,Completed,Debit Card,4.0
8900,883,810,2,56,2023-09-22,Completed,Cash,
8901,1809,1285,4,149,2024-05-25,Completed,Credit Card,2.0
8902,51,1725,6,103,2023-11-05,Completed,Financing,4.0
8903,434,823,1,51,2023-04-26,Completed,Credit Card,2.0
8904,1174,2751,3,23,01/30/2023,Cancelled,,
8905,505,2953,4,57,2023-12-21,Completed,Credit Card,2.0
8906,2232,2504,8,154,2024-08-22,Completed,Insurance,3.0
8907,392,1735,11,19,2024-08-29,Completed,Credit Card,2.0
8908,1294,78,7,130,2023-08-06,Completed,Cash,1.0
8909,992,3249,7,71,2023-08-09,Completed,Financing,
8910,1748,763,4,20,2023-03-06,Completed,Cash,4.0
8911,2733,2160,2,34,2023-06-23,Cancelled,,
8912,2781,2003,1,164,2025-05-23,Cancelled,,
8913,2584,576,7,178,2023-03-15,Cancelled,,
8914,1075,2999,3,111,2024-05-27,Completed,Cash,
8915,1328,2095,3,179,2024-04-08,Completed,Cash,
8916,1589,1910,4,113,2024-04-15,Completed,Debit Card,3.0
8917,369,874,5,72,2025-10-19,Completed,Cash,
8918,1612,791,1,91,2024-12-26,Cancelled,,
8919,2113,2844,2,79,2023-09-20,Completed,Financing,3.0
8920,1049,3107,11,18,2024-06-04,Completed,Insurance,
8921,132,3279,11,13,2023-09-01,In Progress,Insurance,
8922,2029,2031,7,90,2023-08-18,Completed,Insurance,1.0
8923,961,42,11,102,2024-01-20,Completed,Cash,5.0
8924,2148,37,7,3,2023-12-31,Completed,Financing,5.0
8925,1587,1361,2,17,2024-08-30,Completed,Cash,3.0
8926,514,1298,12,114,2025-10-07,Cancelled,,
8927,1438,3256,5,97,2023-09-07,In Progress,Insurance,
8928,533,357,8,91,2023-12-05,Cancelled,,
8929,1355,792,10,153,2025-05-26,Completed,Cash,2.0
8930,1600,239,5,74,2023-04-21,Cancelled,,
8931,1104,3230,8,121,2023-06-06,Completed,Cash,5.0
8932,1708,1565,11,121,2024-07-12,Completed,Cash,
8933,11,1149,1,98,2023-09-09,Cancelled,,
8934,1483,3437,1,159,2025-07-31,Completed,Credit Card,1.0
8935,2856,270,3,10,2024-03-15,Completed,Insurance,1.0
8936,2813,585,12,104,2024-04-19,Cancelled,,
8937,2399,2595,1,130,2024-09-02,Completed,Cash,
8938,786,1369,5,18,2023-05-21,Completed,Financing,4.0
8939,1298,3205,2,14,2023-11-06,Completed,Debit Card,2.0
8940,1598,1979,2,154,2024-04-09,Completed,Cash,4.0
8941,841,2817,2,63,2023-10-12,Completed,Credit Card,4.0
8942,1095,2357,8,121,2023-07-26,In Progress,Insurance,
8943,1936,532,7,34,2025-10-19,In Progress,Credit Card,
8944,2894,1111,6,73,2025-02-27,Completed,Cash,
8945,2203,1662,2,28,2025-01-03,Completed,Insurance,
8946,144,3442,4,18,2024-09-17,In Progress,Credit Card,
8947,1024,2703,4,141,2025-07-16,In Progress,Insurance,
8948,306,3253,8,150,2024-08-26,In Progress,Financing,
8949,2720,1961,4,169,2025-06-23,Completed,Cash,1.0
8950,635,503,8,22,2025-03-10,Completed,Financing,
8951,2165,893,12,71,10/22/2025,Completed,Debit Card,3.0
8952,2709,2068,7,137,2023-12-02,Completed,Insurance,4.0
8953,2412,972,3,135,2023-08-22,Completed,Insurance,3.0
8954,1631,709,11,63,2024-08-24,Completed,Insurance,5.0
8955,507,10,8,15,2025-10-26,Completed,Insurance,1.0
8956,2938,3398,6,100,2025-08-10,Completed,Financing,2.0
8957,2477,851,5,73,2025-02-07,Completed,Cash,
8958,1322,2200,8,57,2023-12-03,Completed,Debit Card,3.0
8959,563,8,1,42,2024-11-16,In Progress,Cash,
8960,112,2166,7,6,2024-01-23,Completed,Cash,
8961,1786,2658,5,91,2023-04-12,Completed,Credit Card,
8962,302,2592,3,162,2023-01-13,Completed,Credit Card,
8963,734,3421,3,139,2025-03-29,Completed,Financing,
8964,2353,2835,3,39,2024-08-26,Completed,Financing,3.0
8965,1510,361,4,106,2025-01-31,In Progress,Debit Card,
8966,860,2085,10,141,2025-11-12,Completed,Credit Card,
8967,2003,2457,2,120,2025-09-26,Completed,Credit Card,
8968,532,1492,1,127,2024-01-21,Completed,Credit Card,
8969,189,1869,11,125,2023-01-14,Completed,Debit Card,
8970,817,959,9,127,2024-11-11,Completed,Financing,
8971,2332,1556,8,9,2024-10-03,In Progress,Insurance,
8972,1292,814,5,150,2024-06-01,Completed,Cash,
8973,2511,2026,5,108,2023-04-17,Completed,Cash,
8974,875,1546,2,132,2023-12-07,Completed,Cash,2.0
8975,175,581,3,61,2023-03-16,In Progress,Insurance,
8976,2922,2805,7,137,2025-07-13,Completed,Debit Card,1.0
8977,860,2085,5,37,2025-02-18,Cancelled,,
8978,2856,2370,2,94,2025-10-28,Completed,Credit Card,3.0
8979,1222,3018,1,95,2025-04-22,In Progress,Credit Card,
8980,2046,678,10,99,2024-01-06,Completed,Debit Card,
8981,1698,1854,9,49,2024-12-10,Completed,Cash,
8982,1362,282,12,67,2025-07-01,Cancelled,,
8983,1805,2379,8,27,2023-11-16,Completed,Financing,3.0
8984,538,3015,3,60,2025-11-13,Completed,Credit Card,5.0
8985,328,1861,1,170,2025-07-21,Completed,Cash,1.0
8986,2113,2844,11,155,2024-01-22,In Progress,Debit Card,
8987,1805,2379,9,132,2023-06-02,Completed,Cash,
8988,2077,408,6,85,2024-04-03,In Progress,Financing,
8989,2341,2203,2,150,2025-12-07,Completed,Financing,3.0
8990,733,2640,6,117,2024-03-09,Completed,Cash,4.0
8991,1984,2994,5,77,2024-04-15,Completed,Cash,
8992,2919,3159,11,164,2025-10-31,Completed,Cash,1.0
8993,2590,3227,5,177,2025-12-29,Completed,Debit Card,
8994,155,2401,5,178,2025-10-24,Completed,Debit Card,
8995,2807,1240,9,115,2025-06-15,Completed,Debit Card,3.0
8996,1081,778,12,100,2024-12-18,Completed,Debit Card,
8997,2790,2581,2,21,2025-12-28,Completed,Financing,4.0
8998,2846,480,11,13,2025-06-30,In Progress,Financing,
8999,2133,1610,6,78,2025-11-29,Completed,Insurance,2.0
9000,1070,794,5,51,2023-11-20,Completed,Insurance,
9001,1075,1308,11,17,2024-10-11,Completed,Financing,2.0
9002,29,1643,3,162,2023-03-07,Completed,Credit Card,3.0
9003,802,3314,12,96,2024-03-26,Completed,Cash,3.0
9004,908,1866,12,74,2023-01-01,Completed,Credit Card,2.0
9005,746,1175,12,143,2024-07-12,Completed,Debit Card,
9006,1766,2816,11,119,2024-11-21,Cancelled,,
9007,1002,787,6,46,2024-01-29,Completed,Cash,5.0
9008,2173,2787,12,153,2024-11-27,Completed,Insurance,1.0
9009,1783,547,9,55,2025-04-10,Completed,Debit Card,2.0
9010,1557,1511,7,103,2023-09-24,Cancelled,,
9011,574,2028,8,101,2024-10-22,Completed,Insurance,
9012,1531,996,2,30,2025-10-11,Completed,Insurance,
9013,2307,1243,12,107,2024-07-24,Completed,Financing,4.0
9014,2878,1776,1,2,2023-01-06,In Progress,Credit Card,
9015,29,2871,9,146,2024-01-20,Cancelled,,
9016,789,2779,7,35,2025-04-13,Completed,Credit Card,5.0
9017,2597,1383,12,130,2024-11-06,Completed,Debit Card,4.0
9018,1631,486,1,85,2024-02-29,Completed,Cash,
9019,1756,2047,8,74,2025-09-10,In Progress,Cash,
9020,1105,41,5,90,2025-10-13,Completed,Debit Card,2.0
9021,2654,2849,2,180,2024-05-21,Cancelled,,
9022,2951,2063,9,8,2025-10-06,In Progress,Debit Card,
9023,175,581,1,108,2023-02-08,Cancelled,,
9024,341,2962,10,149,2023-05-08,Completed,Financing,4.0
9025,2336,1334,7,51,2025-09-07,Cancelled,,
9026,565,1112,11,175,2025-01-29,Completed,Insurance,
9027,903,2874,8,76,2024-11-02,Cancelled,,
9028,2305,1748,10,156,2024-04-22,Cancelled,,
9029,1154,619,1,83,2023-01-17,Cancelled,,
9030,1717,1395,7,167,2024-07-21,Completed,Cash,3.0
9031,2508,2238,7,118,2023-08-28,Completed,Cash,
9032,1555,5,2,132,01/19/2024,Completed,Cash,
9033,2886,499,9,49,2023-12-22,Completed,Financing,
9034,1960,1896,8,52,2023-11-09,Completed,Credit Card,3.0
9035,18,3005,5,25,11/21/2023,Completed,Credit Card,
9036,105,3069,6,57,2023-05-11,Completed,Credit Card,5.0
9037,1698,3309,1,41,2023-03-12,Completed,Debit Card,4.0
9038,1695,2319,12,101,2024-03-12,Completed,Debit Card,1.0
9039,1577,2058,1,71,2025-11-18,Completed,Financing,3.0
9040,116,3013,2,92,2024-12-30,Completed,Debit Card,1.0
9041,1860,2932,12,66,2024-02-10,Completed,Debit Card,1.0
9042,2346,327,8,29,2025-03-23,Completed,Debit Card,3.0
9043,2145,2495,12,152,2023-06-15,Completed,Insurance,
9044,1212,3232,10,174,2025-07-03,Completed,Cash,
9045,1296,2893,11,152,2025-05-30,Completed,Credit Card,
9046,132,3279,8,3,2025-04-23,Completed,Credit Card,2.0
9047,181,101,6,68,2023-09-10,In Progress,Financing,
9048,43,2129,5,127,2023-09-27,Completed,Cash,1.0
9049,807,483,3,147,2025-07-12,Cancelled,,
9050,1763,3193,7,31,2024-06-22,Completed,Financing,1.0
9051,1664,1514,11,158,2023-08-25,Completed,Credit Card,
9052,2126,2606,2,171,2025-01-31,In Progress,Credit Card,
9053,713,1743,3,147,2025-07-09,Completed,Credit Card,
9054,1665,3154,12,48,2025-12-10,Completed,Cash,2.0
9055,2046,680,3,163,2024-02-25,Completed,Credit Card,2.0
9056,1709,1582,9,61,2023-10-02,Cancelled,,
9057,1226,525,4,58,2025-07-14,Completed,Insurance,2.0
9058,2915,3386,3,135,2024-02-06,In Progress,Insurance,
9059,2434,231,1,158,2025-03-01,Completed,Financing,2.0
9060,1769,1088,3,49,2024-01-10,Completed,Insurance,
9061,587,2551,1,40,2025-08-30,Completed,Insurance,
9062,13,2168,9,73,2025-12-22,Completed,Insurance,
9063,1121,2764,10,155,2024-02-11,Completed,Debit Card,
9064,1981,2210,5,75,2023-04-10,Completed,Cash,5.0
9065,2337,2866,5,100,2024-05-10,In Progress,Insurance,
9066,1304,2397,3,76,2023-05-08,Completed,Insurance,
9067,2749,623,12,122,2023-09-05,In Progress,Insurance,
9068,1698,3309,10,139,2023-05-12,Completed,Insurance,4.0
9069,1407,255,2,61,2024-04-03,Cancelled,,
9070,734,918,1,165,2023-01-04,In Progress,Cash,
9071,1419,2812,3,156,2023-11-20,In Progress,Debit Card,
9072,113,2286,1,60,2025-08-03,In Progress,Financing,
9073,2894,1111,9,19,2023-12-11,In Progress,Insurance,
9074,1435,2273,3,141,2023-05-10,Completed,Insurance,1.0
9075,2339,2103,5,50,2024-04-15,Completed,Insurance,1.0
9076,1638,2304,2,175,2025-10-09,Completed,Cash,
9077,2043,1939,5,160,2025-08-30,In Progress,Financing,
9078,2955,3060,5,58,2024-10-14,Completed,Cash,
9079,444,1945,7,142,07/29/2023,Cancelled,,
9080,765,254,12,67,2025-02-03,Completed,Debit Card,2.0
9081,2803,2284,12,146,2025-10-22,Completed,Financing,3.0
9082,220,3254,6,80,2024-10-11,Completed,Credit Card,5.0
9083,1383,3120,8,130,2023-02-27,Cancelled,,
9084,1291,1559,1,169,2025-03-30,Completed,Debit Card,3.0
9085,1321,2476,12,33,2024-04-09,In Progress,Financing,
9086,1127,550,1,154,2024-11-05,In Progress,Insurance,
9087,2678,2234,12,130,2024-08-29,Cancelled,,
9088,1080,2364,5,51,2023-01-05,Completed,Cash,3.0
9089,2912,2002,10,133,2025-09-20,Completed,Financing,2.0
9090,1650,1212,6,176,2025-11-28,Completed,Financing,
9091,48,2620,8,45,2023-08-14,Completed,Debit Card,5.0
9092,2746,812,10,161,2025-01-06,Completed,Financing,2.0
9093,88,1314,4,39,2024-04-15,Completed,Insurance,1.0
9094,2170,1789,4,157,2025-09-08,Completed,Debit Card,3.0
9095,1631,1509,5,29,2023-04-05,Completed,Financing,
9096,1103,2077,12,146,2025-03-28,Completed,Financing,4.0
9097,2345,1259,4,161,2024-06-08,Cancelled,,
9098,173,2662,5,19,2025-02-09,In Progress,Credit Card,
9099,1300,280,7,124,2024-09-03,Completed,Debit Card,5.0
9100,927,3385,1,76,2023-05-18,Completed,Debit Card,5.0
9101,2474,1221,7,74,2024-08-14,Completed,Credit Card,
9102,2102,123,2,178,2025-07-05,Completed,Insurance,2.0
9103,198,132,1,155,2024-04-23,Completed,Credit Card,3.0
9104,1101,524,10,79,2023-11-25,Completed,Cash,
9105,2898,2947,9,40,2025-02-07,Cancelled,,
9106,16,2735,4,170,2023-02-06,Completed,Insurance,5.0
9107,2967,2715,8,76,2025-12-12,Completed,Insurance,3.0
9108,2252,351,10,38,2024-05-08,Cancelled,,
9109,2186,1784,4,20,2024-01-17,Completed,Debit Card,2.0
9110,2407,2634,10,2,2025-11-29,Completed,Cash,
9111,2899,2473,10,106,2024-02-22,Completed,Insurance,
9112,2915,1768,4,101,2023-12-03,Completed,Cash,5.0
9113,308,897,2,64,2025-10-04,Cancelled,,
9114,2471,2041,2,31,2024-06-10,In Progress,Insurance,
9115,1009,713,3,62,11/03/2023,In Progress,Financing,
9116,2247,1720,8,135,2025-12-20,Completed,Debit Card,5.0
9117,2135,1016,9,77,2023-08-06,Cancelled,,
9118,2113,2844,7,76,2023-12-27,Completed,Credit Card,2.0
9119,833,310,7,109,2024-06-09,Cancelled,,
9120,2264,1847,2,169,2024-05-26,Completed,Debit Card,5.0
9121,2799,1706,3,34,2024-09-10,Completed,Debit Card,
9122,2824,3412,5,178,2024-04-08,Completed,Credit Card,1.0
9123,56,1306,3,89,2024-02-29,In Progress,Financing,
9124,1840,290,5,16,2023-08-20,In Progress,Credit Card,
9125,2578,1508,12,86,2024-07-30,Cancelled,,
9126,574,2028,11,67,2023-05-17,Completed,Financing,5.0
9127,1851,237,6,129,04/07/2025,Cancelled,,
9128,1187,127,1,47,2024-09-17,Completed,Debit Card,3.0
9129,1103,1599,1,46,2025-04-06,Completed,Financing,2.0
9130,2742,1020,5,3,2025-02-04,Completed,Financing,1.0
9131,599,2352,6,93,2025-03-31,In Progress,Debit Card,
9132,435,1814,7,125,2024-09-12,Cancelled,,
9133,551,467,4,2,2024-04-21,Completed,Insurance,
9134,1672,2120,7,85,2023-08-04,Completed,Insurance,5.0
9135,395,880,6,127,2025-10-22,Cancelled,,
9136,2275,793,2,156,2025-06-12,Completed,Insurance,1.0
9137,2570,1526,4,9,2025-09-29,Completed,Credit Card,
9138,961,42,7,168,2023-07-02,In Progress,Debit Card,
9139,765,254,7,153,2023-05-07,Completed,Cash,1.0
9140,2007,2843,3,76,2023-05-11,Cancelled,,
9141,257,3019,9,87,2024-10-14,Completed,Financing,4.0
9142,787,186,6,123,2025-05-11,Cancelled,,
9143,2186,1800,2,47,2023-09-03,Completed,Debit Card,3.0
9144,305,3303,2,61,2024-01-05,Completed,Credit Card,1.0
9145,2941,2365,5,60,2023-08-06,Completed,Credit Card,3.0
9146,1369,2669,5,74,2024-01-14,In Progress,Debit Card,
9147,88,171,10,15,2023-12-14,Completed,Financing,
9148,26,1065,9,176,2025-05-11,Completed,Cash,4.0
9149,2190,3054,6,161,2024-06-16,Completed,Debit Card,3.0
9150,810,1185,2,83,2023-12-05,In Progress,Credit Card,
9151,2046,3052,2,178,2023-09-01,Cancelled,,
9152,1678,2388,8,102,2024-01-24,In Progress,Cash,
9153,561,15,12,72,2025-12-11,Completed,Insurance,2.0
9154,2714,1669,9,111,2024-08-08,Completed,Credit Card,
9155,2771,2527,1,93,2023-04-03,Completed,Cash,1.0
9156,2648,1001,7,82,2024-12-08,Completed,Cash,4.0
9157,789,1621,4,142,02/11/2024,Completed,Cash,
9158,2187,1919,4,115,2023-07-28,In Progress,Financing,
9159,240,1892,6,80,2023-09-13,Cancelled,,
9160,1566,1075,7,102,2023-02-17,Cancelled,,
9161,391,1292,12,140,2023-05-26,Completed,Debit Card,1.0
9162,496,304,11,90,2025-07-23,Cancelled,,
9163,1660,2467,7,76,2025-04-05,Completed,Financing,4.0
9164,521,818,11,54,2023-01-12,Completed,Financing,5.0
9165,1672,1489,11,102,2025-03-20,Completed,Financing,
9166,2105,1468,4,105,2025-03-09,Cancelled,,
9167,784,1611,11,145,2023-10-11,In Progress,Cash,
9168,1642,2982,9,7,2025-12-12,Completed,Credit Card,2.0
9169,2659,1440,2,59,2023-06-19,In Progress,Financing,
9170,2183,2046,8,13,2023-12-21,Cancelled,,
9171,2899,3410,5,142,2023-05-19,Completed,Insurance,3.0
9172,1813,1980,11,61,2024-01-27,Cancelled,,
9173,2063,323,10,165,2023-03-26,Completed,Insurance,
9174,826,1615,6,130,2023-08-19,Completed,Debit Card,
9175,1814,362,4,165,2025-08-13,Completed,Insurance,
9176,907,2637,12,16,2023-11-14,Completed,Insurance,2.0
9177,829,2695,1,64,2025-05-19,Completed,Credit Card,4.0
9178,284,2503,3,44,05/05/2025,Completed,Insurance,
9179,813,305,2,161,2024-02-06,In Progress,Insurance,
9180,1631,486,3,60,2025-07-11,Completed,Credit Card,3.0
9181,1238,805,12,116,2024-09-08,Completed,Debit Card,
9182,2915,3386,11,50,2023-03-15,Cancelled,,
9183,1931,1456,11,54,2025-07-24,Completed,Financing,3.0
9184,2434,580,3,112,2025-01-31,Cancelled,,
9185,1913,3438,12,11,2024-10-30,Completed,Insurance,
9186,2145,2495,2,48,2024-08-07,Completed,Cash,1.0
9187,859,2386,12,65,2023-04-24,Completed,Insurance,2.0
9188,178,2708,3,74,2023-06-24,Completed,Credit Card,4.0
9189,1890,1059,2,30,2025-11-20,Completed,Financing,3.0
9190,945,594,7,133,2023-07-16,Completed,Credit Card,5.0
9191,2628,1394,12,20,2025-03-10,Completed,Cash,5.0
9192,1350,2885,3,159,2025-03-16,In Progress,Debit Card,
9193,683,309,8,32,2025-09-05,Completed,Debit Card,
9194,2491,1541,2,106,2023-11-25,Completed,Cash,
9195,1824,2855,2,174,2025-06-11,Completed,Cash,5.0
9196,2557,1990,11,150,2024-09-08,In Progress,Cash,
9197,1048,1459,4,40,2023-07-21,Completed,Financing,
9198,2489,1647,7,2,2025-10-25,In Progress,Insurance,
9199,232,1271,2,113,2024-05-04,Completed,Debit Card,
9200,359,2175,8,18,2025-06-17,Completed,Debit Card,
9201,2890,1797,9,173,2024-12-22,Completed,Credit Card,2.0
9202,854,1670,2,73,2023-09-20,Completed,Financing,4.0
9203,1937,3371,1,173,2023-10-31,Cancelled,,
9204,1500,3063,3,165,2024-08-25,In Progress,Insurance,
9205,331,3360,3,129,2024-09-18,Completed,Financing,2.0
9206,1033,46,3,54,2023-04-08,Completed,Cash,
9207,2270,950,10,8,2024-02-16,Completed,Insurance,1.0
9208,2632,781,6,28,2024-09-10,In Progress,Insurance,
9209,914,1320,2,4,2024-06-19,Cancelled,,
9210,1892,1041,5,126,2024-11-14,Completed,Credit Card,4.0
9211,1567,1874,4,104,2024-03-12,Completed,Cash,2.0
9212,1790,380,3,120,2025-02-18,Completed,Cash,
9213,566,639,5,177,2025-07-19,Completed,Insurance,
9214,2216,3308,1,111,2025-08-09,Completed,Credit Card,3.0
9215,1939,410,9,109,2025-06-17,Cancelled,,
9216,102,375,11,53,2024-07-27,Completed,Insurance,1.0
9217,276,203,5,94,2025-06-28,Completed,Cash,1.0
9218,1473,2705,2,28,2025-08-19,Cancelled,,
9219,1248,1362,9,36,2024-01-20,Completed,Insurance,5.0
9220,832,754,9,88,2025-09-27,Cancelled,,
9221,180,1505,6,42,2023-07-15,Cancelled,,
9222,1578,1158,10,177,2024-07-23,In Progress,Credit Card,
9223,135,2967,12,116,2024-03-13,Completed,Cash,3.0
9224,1824,2855,12,153,2025-06-11,Completed,Insurance,4.0
9225,2489,1647,3,178,05/08/2023,Completed,Cash,
9226,1055,2237,8,17,2025-06-28,Cancelled,,
9227,1953,1894,9,51,2023-05-23,Completed,Insurance,5.0
9228,2160,428,4,176,2023-04-06,Cancelled,,
9229,872,1531,6,117,2025-05-17,Completed,Credit Card,1.0
9230,1825,2587,3,18,2023-04-05,Completed,Debit Card,
9231,3,3346,3,109,10/17/2024,Completed,Credit Card,2.0
9232,1162,1263,9,49,2025-01-19,Cancelled,,
9233,106,409,10,126,2023-04-28,Completed,Insurance,5.0
9234,163,1692,8,180,2023-06-19,In Progress,Insurance,
9235,2129,3417,2,11,2023-10-24,Completed,Debit Card,1.0
9236,1611,3276,1,105,2023-08-06,Completed,Debit Card,4.0
9237,1731,1959,6,45,2024-08-03,Completed,Credit Card,4.0
9238,1075,2706,4,129,2024-01-12,Cancelled,,
9239,2036,846,10,95,2025-04-27,Completed,Insurance,
9240,2710,2491,9,5,2025-01-04,In Progress,Credit Card,
9241,1341,1222,10,174,2023-06-12,Completed,Debit Card,
9242,277,629,10,39,2024-04-29,Completed,Credit Card,
9243,676,263,12,100,2023-01-09,Completed,Credit Card,4.0
9244,400,369,3,109,2024-01-17,Completed,Insurance,
9245,1639,1315,6,4,2025-01-31,Completed,Insurance,3.0
9246,127,3355,6,112,2023-03-16,Completed,Insurance,
9247,526,1547,11,79,2024-08-03,In Progress,Credit Card,
9248,1508,2511,3,109,2023-01-23,Completed,Cash,4.0
9249,521,648,4,165,2024-10-25,Completed,Financing,
9250,1044,2856,3,140,2023-12-16,Completed,Cash,5.0
9251,1385,3146,6,118,2024-01-05,In Progress,Credit Card,
9252,1750,963,2,115,2024-12-12,Completed,Financing,2.0
9253,2825,975,6,92,2025-01-07,Completed,Insurance,2.0
9254,1239,911,6,152,2023-06-12,Completed,Debit Card,5.0
9255,2380,3152,12,119,2025-08-29,Cancelled,,
9256,2294,258,11,64,2024-09-05,Completed,Financing,
9257,2918,2106,4,98,2025-12-19,Completed,Insurance,
9258,1304,2397,9,119,2025-04-26,Completed,Debit Card,
9259,1639,1315,11,71,2024-12-02,Cancelled,,
9260,1124,934,2,11,2024-09-09,Completed,Credit Card,2.0
9261,2823,3322,6,49,2025-11-22,Completed,Insurance,
9262,65,2056,2,47,2025-04-12,In Progress,Insurance,
9263,2999,3349,5,24,2024-11-21,Completed,Insurance,3.0
9264,439,2862,1,99,2023-06-19,Completed,Debit Card,
9265,1298,3205,7,8,2024-03-09,Completed,Insurance,
9266,2328,1942,6,89,2024-07-29,In Progress,Debit Card,
9267,2289,1439,4,128,2024-05-19,Completed,Financing,
9268,796,1309,4,162,2023-03-16,In Progress,Credit Card,
9269,2186,1784,10,162,2024-10-03,Completed,Debit Card,
9270,391,1878,5,171,2024-09-29,Completed,Debit Card,
9271,2336,1438,2,103,2023-10-06,Completed,Financing,4.0
9272,178,2708,9,154,2023-06-29,Completed,Financing,
9273,1649,2446,8,168,2025-09-14,Completed,Cash,3.0
9274,2034,1631,5,120,2023-06-25,In Progress,Financing,
9275,1366,54,9,22,2025-02-24,Completed,Cash,5.0
9276,1344,2732,6,105,2024-04-10,Completed,Credit Card,
9277,2154,1812,5,66,2025-07-11,Completed,Insurance,1.0
9278,388,3405,3,85,2023-04-26,Completed,Credit Card,3.0
9279,750,47,12,120,2023-04-16,Cancelled,,
9280,573,2901,7,17,2025-01-29,Completed,Insurance,3.0
9281,2465,2811,2,123,2023-01-02,Cancelled,,
9282,2743,2450,11,49,2024-03-25,In Progress,Insurance,
9283,2630,2061,6,129,2025-08-27,Cancelled,,
9284,2209,228,8,15,2025-07-01,Completed,Debit Card,2.0
9285,1697,1901,12,150,2025-02-22,Completed,Cash,
9286,2459,3347,5,73,2023-09-10,Completed,Credit Card,
9287,1060,2619,3,67,2023-02-12,Completed,Credit Card,1.0
9288,1651,2276,7,52,2024-09-10,Completed,Financing,1.0
9289,1141,1411,4,41,2025-05-09,Cancelled,,
9290,1867,2098,10,74,2025-10-03,In Progress,Debit Card,
9291,969,2528,5,29,2025-11-26,Cancelled,,
9292,1550,3178,4,108,2024-07-31,Completed,Debit Card,
9293,1895,1956,2,48,2024-08-19,Completed,Insurance,2.0
9294,1696,2792,2,27,2023-11-27,Completed,Cash,
9295,2211,3272,1,4,2023-05-23,Cancelled,,
9296,2242,575,12,178,2024-11-02,In Progress,Credit Card,
9297,1586,3432,11,162,2023-04-13,Cancelled,,
9298,2991,1594,5,64,2023-07-24,Completed,Debit Card,
9299,388,131,10,177,2024-08-10,In Progress,Insurance,
9300,2749,1933,11,98,2023-12-02,In Progress,Credit Card,
9301,331,2829,2,65,2023-02-22,Completed,Credit Card,3.0
9302,155,2401,1,170,2025-04-24,Completed,Cash,1.0
9303,2134,343,5,14,2023-01-21,Completed,Cash,3.0
9304,86,878,10,166,2024-05-13,Completed,Cash,4.0
9305,668,328,11,179,2025-08-14,Completed,Insurance,
9306,1823,906,3,59,2024-05-15,Completed,Financing,
9307,1033,46,3,162,2024-12-02,Cancelled,,
9308,1148,2996,11,94,2023-11-11,Completed,Debit Card,3.0
9309,1572,2240,2,40,2024-05-25,Completed,Cash,
9310,370,3084,11,164,2024-06-22,Completed,Cash,3.0
9311,1632,2578,5,34,2023-06-24,Cancelled,,
9312,1195,2974,1,139,2025-09-15,Completed,Debit Card,3.0
9313,1497,2294,10,73,2023-11-13,In Progress,Financing,
9314,2074,2887,2,112,2024-12-24,Completed,Financing,
9315,2658,2959,3,67,2023-12-20,Completed,Cash,4.0
9316,841,2817,7,61,2024-06-19,Completed,Cash,
9317,1511,246,9,125,2025-12-14,In Progress,Cash,
9318,1264,1657,2,47,2025-11-07,Completed,Cash,3.0
9319,697,3257,3,103,2024-08-31,In Progress,Credit Card,
9320,1934,2001,1,149,2024-02-26,Completed,Credit Card,
9321,2873,1118,12,86,2023-01-19,Completed,Credit Card,3.0
9322,639,1895,6,176,2023-05-23,Completed,Cash,
9323,840,56,8,137,2025-04-06,Completed,Credit Card,3.0
9324,2798,3170,6,29,2025-07-02,Completed,Debit Card,3.0
9325,1711,1216,7,23,2024-07-25,Completed,Debit Card,4.0
9326,1871,2636,2,171,2025-09-17,Cancelled,,
9327,609,3358,4,95,2023-12-20,In Progress,Cash,
9328,939,737,8,115,2023-05-18,Completed,Credit Card,2.0
9329,1616,2478,5,104,2024-03-26,Cancelled,,
9330,2762,418,2,121,2023-09-17,Completed,Debit Card,
9331,1216,2162,8,36,2024-08-12,Completed,Debit Card,2.0
9332,2663,3075,12,93,2023-06-26,Completed,Financing,
9333,371,1269,6,128,2025-07-09,Cancelled,,
9334,2024,1634,2,47,2024-07-11,In Progress,Financing,
9335,2618,2057,3,9,2025-10-01,Cancelled,,
9336,2749,623,3,92,2023-03-18,Completed,Debit Card,
9337,1470,2845,3,73,2025-05-28,Cancelled,,
9338,1247,1552,1,176,2025-09-28,Completed,Cash,
9339,2423,1219,11,10,2023-06-14,Completed,Debit Card,
9340,61,1318,4,31,2024-01-24,Completed,Financing,5.0
9341,2969,828,1,54,2023-11-29,Cancelled,,
9342,1550,3178,12,79,2025-09-07,Completed,Debit Card,1.0
9343,962,714,1,116,2023-09-16,Completed,Credit Card,1.0
9344,308,897,6,124,2024-07-31,Completed,Financing,2.0
9345,2886,499,10,16,2025-03-24,Cancelled,,
9346,2588,119,2,6,2024-10-15,Cancelled,,
9347,2959,3105,12,47,2024-03-24,Completed,Financing,
9348,2513,456,4,124,2023-10-04,Cancelled,,
9349,1406,1005,10,142,2023-08-01,Completed,Credit Card,2.0
9350,1307,849,2,53,2023-09-08,Completed,Insurance,1.0
9351,888,3211,3,81,2025-01-13,Completed,Debit Card,4.0
9352,687,622,10,47,2024-03-11,Cancelled,,
9353,702,779,7,47,2025-11-04,Completed,Cash,5.0
9354,1522,3376,9,19,2025-03-27,Completed,Financing,
9355,859,1793,5,43,2025-03-11,In Progress,Insurance,
9356,2397,3166,7,158,2023-02-19,Completed,Debit Card,
9357,258,3343,4,4,2024-03-07,Completed,Financing,
9358,932,2810,3,38,2024-03-04,Completed,Financing,5.0
9359,187,872,6,2,2023-07-04,Cancelled,,
9360,374,3031,11,63,2023-11-22,Completed,Debit Card,2.0
9361,136,491,12,150,2025-05-16,In Progress,Credit Card,
9362,53,1889,10,100,2024-02-07,Completed,Credit Card,5.0
9363,315,2716,3,5,2025-07-30,Cancelled,,
9364,1574,1971,7,157,2023-12-21,Completed,Insurance,
9365,2237,443,5,21,2024-01-05,Completed,Cash,
9366,2384,264,10,106,2024-08-14,Completed,Cash,4.0
9367,2878,2957,11,52,2024-03-13,Completed,Credit Card,2.0
9368,1806,825,4,171,2023-12-24,Cancelled,,
9369,164,1557,7,50,2023-02-27,In Progress,Debit Card,
9370,2587,3199,3,16,2023-11-30,In Progress,Credit Card,
9371,2988,1302,6,91,2023-04-11,Completed,Debit Card,
9372,1012,490,12,62,2025-12-15,Completed,Credit Card,
9373,1222,3018,7,156,2024-10-15,Completed,Financing,4.0
9374,2616,2431,1,43,2025-03-12,Completed,Credit Card,
9375,2527,2152,11,23,2023-06-06,In Progress,Cash,
9376,2880,1490,6,71,2025-05-11,Completed,Cash,4.0
9377,1044,613,1,6,2023-01-08,Completed,Credit Card,5.0
9378,2708,182,5,92,2024-12-29,Completed,Financing,
9379,369,874,2,156,2024-10-28,Completed,Debit Card,
9380,1684,669,9,54,2024-06-12,Completed,Insurance,4.0
9381,37,3147,1,120,2023-06-05,In Progress,Cash,
9382,2170,39,10,160,2024-12-24,Completed,Cash,5.0
9383,1736,3001,6,17,2025-04-10,Cancelled,,
9384,1483,1325,8,179,2024-01-14,Completed,Insurance,5.0
9385,2432,1093,1,178,2023-11-15,Cancelled,,
9386,2036,3187,8,58,2025-04-08,Completed,Cash,
9387,582,2080,1,52,2024-10-22,Completed,Debit Card,5.0
9388,345,2271,3,137,2025-08-29,Completed,Cash,
9389,302,2592,9,13,2025-10-23,In Progress,Debit Card,
9390,419,3324,10,115,2023-04-19,In Progress,Financing,
9391,282,570,9,38,2023-04-18,Completed,Cash,4.0
9392,1288,1223,3,87,2025-11-24,In Progress,Financing,
9393,2326,1781,10,50,08/06/2023,Completed,Credit Card,4.0
9394,2962,339,12,127,2023-12-10,Completed,Credit Card,
9395,2426,2006,4,118,2025-05-28,Cancelled,,
9396,1239,911,6,174,2024-08-06,In Progress,Debit Card,
9397,1960,1896,3,65,2024-11-19,Completed,Credit Card,2.0
9398,1127,550,9,172,2023-10-19,Cancelled,,
9399,1648,1368,12,45,2023-03-06,In Progress,Cash,
9400,1033,2998,12,9,2024-06-21,Completed,Financing,
9401,1203,3336,1,156,2024-04-09,Completed,Financing,4.0
9402,2178,1877,2,118,2023-12-24,Completed,Debit Card,1.0
9403,111,857,11,96,2023-04-24,Completed,Cash,4.0
9404,964,232,3,11,2025-05-16,In Progress,Financing,
9405,2128,152,3,142,2025-12-06,Completed,Debit Card,1.0
9406,1659,1636,1,150,2024-09-21,Cancelled,,
9407,947,3247,9,108,2023-12-02,In Progress,Credit Card,
9408,150,149,4,140,2023-05-15,Completed,Cash,
9409,982,1846,2,168,2023-08-31,Completed,Financing,5.0
9410,1670,603,8,25,2024-06-16,Completed,Credit Card,
9411,467,2126,9,24,2024-03-17,Completed,Credit Card,3.0
9412,2863,88,7,77,2023-12-13,In Progress,Credit Card,
9413,557,454,3,119,2024-05-21,Completed,Financing,
9414,1611,3276,3,74,2024-09-27,Cancelled,,
9415,113,789,8,49,2025-03-06,Completed,Debit Card,
9416,2858,2221,6,80,2024-12-18,Completed,Financing,
9417,789,1621,6,160,2024-08-30,Completed,Insurance,3.0
9418,2341,2203,3,86,2024-04-19,Completed,Insurance,
9419,2085,187,3,111,2025-05-27,Completed,Cash,3.0
9420,2383,816,7,98,2024-08-12,In Progress,Credit Card,
9421,75,1483,5,71,2025-03-28,Completed,Cash,
9422,258,1282,4,123,2025-12-16,Completed,Cash,
9423,2701,3055,10,145,2023-11-28,Cancelled,,
9424,357,1248,7,20,2025-05-21,Completed,Insurance,2.0
9425,2593,2412,1,111,2025-12-13,In Progress,Cash,
9426,196,2729,4,125,2025-12-17,In Progress,Debit Card,
9427,886,1493,12,137,2024-11-02,Completed,Credit Card,1.0
9428,1203,3336,4,37,2025-01-06,Completed,Cash,
9429,2498,1678,9,64,2025-12-27,In Progress,Credit Card,
9430,860,1602,7,49,2023-03-20,Completed,Insurance,4.0
9431,790,785,8,105,2025-11-15,Completed,Financing,4.0
9432,1717,1849,2,50,2025-07-23,In Progress,Financing,
9433,2452,2675,3,48,2024-04-19,Cancelled,,
9434,1809,2942,7,45,2025-09-27,In Progress,Insurance,
9435,2496,2038,3,43,2024-04-01,Completed,Credit Card,4.0
9436,13,2168,2,83,2023-05-27,Completed,Insurance,
9437,1769,1088,8,106,2025-02-27,Cancelled,,
9438,1634,2554,1,45,2023-07-31,Completed,Credit Card,5.0
9439,564,985,12,37,2023-05-03,Completed,Cash,
9440,1369,18,5,165,2025-04-03,Completed,Financing,4.0
9441,341,2822,2,33,2025-03-17,Cancelled,,
9442,994,1839,11,46,2023-04-20,Completed,Insurance,3.0
9443,395,880,5,87,2024-03-28,Completed,Insurance,4.0
9444,1953,98,1,91,2023-07-06,In Progress,Insurance,
9445,462,29,8,146,2024-01-02,Completed,Insurance,
9446,617,3361,4,132,2023-04-07,In Progress,Insurance,
9447,1861,1722,11,24,2024-09-14,In Progress,Cash,
9448,789,67,8,124,2025-03-09,Completed,Financing,3.0
9449,2178,1877,6,23,2023-05-14,In Progress,Cash,
9450,2833,700,3,69,2024-09-26,Completed,Financing,
9451,2790,2956,1,55,2023-02-14,Completed,Credit Card,
9452,964,232,5,142,2024-08-17,Completed,Insurance,5.0
9453,923,943,6,56,2023-04-28,Completed,Credit Card,
9454,553,1601,6,131,2025-11-16,Completed,Financing,
9455,1364,3007,4,5,2025-09-22,Completed,Financing,
9456,199,3319,7,128,2025-04-18,Completed,Credit Card,4.0
9457,1161,1108,4,39,2024-09-28,Completed,Insurance,
9458,759,511,7,139,2024-05-02,In Progress,Financing,
9459,2781,2617,9,34,2025-06-24,Completed,Financing,
9460,856,2567,4,133,2024-11-08,Completed,Insurance,5.0
9461,1298,388,5,85,2023-09-30,Completed,Cash,3.0
9462,1671,1416,11,134,2023-11-12,Cancelled,,
9463,1528,3289,6,173,2024-04-30,Completed,Insurance,4.0
9464,2003,1530,9,142,2023-10-19,Completed,Credit Card,3.0
9465,1638,2304,4,13,2024-01-26,Completed,Cash,2.0
9466,1375,1807,12,147,2025-11-14,Completed,Cash,1.0
9467,2510,1906,12,117,2023-07-26,Completed,Cash,
9468,281,1106,3,135,2023-03-29,Completed,Financing,3.0
9469,2194,632,10,73,2024-11-06,In Progress,Insurance,
9470,2337,662,7,162,2025-02-23,Completed,Debit Card,
9471,1385,3146,9,133,2023-01-28,Completed,Debit Card,
9472,2973,70,5,176,2023-12-07,Completed,Debit Card,5.0
9473,2189,2987,7,88,2025-10-29,Completed,Financing,
9474,1986,833,11,145,2024-12-25,Cancelled,,
9475,2237,3280,12,132,2025-01-11,Completed,Insurance,3.0
9476,564,985,11,155,2023-06-29,Cancelled,,
9477,2412,972,6,168,2024-12-27,Completed,Debit Card,4.0
9478,762,3210,11,51,2025-07-17,Completed,Insurance,2.0
9479,1206,3293,2,34,07/10/2024,Completed,Debit Card,5.0
9480,1984,3102,4,111,2025-07-19,In Progress,Financing,
9481,1859,1029,10,4,2023-02-24,Completed,Credit Card,2.0
9482,181,606,12,97,2024-01-14,Completed,Financing,
9483,2292,3246,2,179,2024-09-23,Completed,Cash,
9484,2372,2173,3,98,2025-01-05,Completed,Insurance,3.0
9485,779,920,11,49,2023-01-02,Completed,Cash,1.0
9486,2265,1252,8,92,2025-07-14,Cancelled,,
9487,2321,693,12,99,2024-10-02,In Progress,Financing,
9488,697,1291,3,12,2025-01-05,In Progress,Credit Card,
9489,2291,1671,8,1,2024-02-03,In Progress,Insurance,
9490,934,1681,8,167,2025-08-27,Cancelled,,
9491,1496,225,2,136,2025-10-27,Completed,Cash,
9492,2793,2826,10,52,2023-04-24,Completed,Financing,
9493,1579,736,6,104,2024-11-14,Completed,Financing,4.0
9494,621,572,3,91,2024-03-14,Completed,Credit Card,
9495,1660,1684,8,173,2024-05-15,Completed,Credit Card,1.0
9496,1768,536,7,29,2025-12-07,Cancelled,,
9497,1711,2181,3,50,2024-09-20,Completed,Financing,2.0
9498,1924,655,6,167,2024-10-20,In Progress,Cash,
9499,789,1260,6,95,2025-05-07,Completed,Cash,
9500,2757,248,12,112,2024-02-09,Completed,Financing,5.0
9501,2724,1734,12,61,05/11/2025,Completed,Cash,
9502,1057,1186,2,144,2023-04-10,Completed,Insurance,1.0
9503,1371,1747,4,102,2025-07-25,In Progress,Cash,
9504,2635,1044,12,100,2025-12-22,Completed,Debit Card,5.0
9505,2643,926,1,176,2023-05-10,Completed,Credit Card,
9506,725,2940,8,146,2023-08-11,Completed,Cash,
9507,1767,356,12,84,2025-12-13,Cancelled,,
9508,836,3089,7,77,2025-06-10,Cancelled,,
9509,345,2680,5,85,2025-07-08,In Progress,Debit Card,
9510,1542,3411,2,73,2025-12-09,Completed,Credit Card,3.0
9511,2763,1989,1,76,2023-11-06,In Progress,Cash,
9512,2347,630,8,61,10/11/2025,Cancelled,,
9513,228,1437,10,139,2025-08-20,Completed,Credit Card,
9514,1570,2719,6,49,2023-09-12,In Progress,Credit Card,
9515,2175,695,4,174,2023-05-11,Completed,Debit Card,4.0
9516,2777,1982,11,121,2024-06-07,In Progress,Cash,
9517,2290,3294,7,133,2025-08-27,In Progress,Credit Card,
9518,1447,34,1,9,2024-02-03,Cancelled,,
9519,1337,942,2,120,2025-08-31,Cancelled,,
9520,895,2815,3,142,2023-11-09,In Progress,Cash,
9521,253,516,5,12,2023-08-31,Completed,Insurance,
9522,1593,3409,12,91,2025-11-20,Cancelled,,
9523,764,3123,5,102,2024-11-03,Completed,Debit Card,
9524,1216,2162,3,135,2023-10-20,Completed,Debit Card,
9525,1482,2151,5,56,2024-04-13,Completed,Debit Card,5.0
9526,1398,2345,1,26,2023-01-10,Completed,Credit Card,2.0
9527,2803,2284,8,167,2025-04-13,Cancelled,,
9528,2505,2712,5,54,2025-08-09,Completed,Debit Card,
9529,1633,1638,12,147,2024-02-14,Completed,Debit Card,
9530,462,29,4,92,2024-06-14,Cancelled,,
9531,906,2837,12,68,2024-12-07,Completed,Debit Card,
9532,2023,3268,8,14,2024-03-23,In Progress,Debit Card,
9533,1861,3431,10,113,2023-01-08,Completed,Insurance,4.0
9534,1249,1343,6,74,2025-01-25,Completed,Insurance,2.0
9535,1709,3364,1,154,2024-01-31,Completed,Cash,3.0
9536,1802,1006,9,46,2023-04-01,In Progress,Financing,
9537,1786,427,12,34,2024-01-16,Completed,Credit Card,
9538,2044,940,3,2,2025-04-07,Completed,Credit Card,4.0
9539,621,572,9,166,2023-11-05,Completed,Credit Card,5.0
9540,1354,383,11,91,2025-01-02,In Progress,Financing,
9541,2919,3159,7,64,2023-07-16,Cancelled,,
9542,179,2172,6,93,2025-11-17,Cancelled,,
9543,1387,221,2,148,2025-07-04,Completed,Credit Card,5.0
9544,2077,2539,12,118,2023-04-02,Completed,Financing,5.0
9545,1057,3004,1,37,2025-11-06,Cancelled,,
9546,2563,3173,10,10,2024-08-14,Completed,Financing,3.0
9547,2022,1786,10,74,2025-02-11,Completed,Cash,
9548,826,1084,10,92,2023-10-25,In Progress,Cash,
9549,222,2338,6,158,2023-12-27,Completed,Credit Card,4.0
9550,2671,553,3,46,2024-05-18,Completed,Financing,3.0
9551,2178,1877,4,164,2025-05-20,In Progress,Cash,
9552,1616,2478,10,70,2024-10-26,Completed,Insurance,5.0
9553,1984,3264,7,19,2025-10-08,Completed,Insurance,
9554,2333,929,7,15,2025-04-16,Completed,Debit Card,
9555,867,3125,9,35,2025-07-27,Cancelled,,
9556,2374,318,3,51,2024-02-15,Completed,Debit Card,
9557,642,379,3,92,2023-05-28,Cancelled,,
9558,604,181,1,147,2023-08-27,Completed,Debit Card,
9559,511,3177,12,70,2025-05-29,Completed,Insurance,3.0
9560,2749,623,10,141,2024-07-15,Cancelled,,
9561,155,2247,1,174,2025-02-16,Completed,Credit Card,3.0
9562,1572,2240,1,153,2025-02-23,Cancelled,,
9563,2959,3105,5,164,2024-04-29,In Progress,Cash,
9564,1809,2468,8,43,2024-12-27,Completed,Debit Card,
9565,2474,1221,8,70,2023-05-22,Completed,Insurance,1.0
9566,1055,2237,11,152,2023-04-14,Completed,Financing,3.0
9567,1664,1514,4,111,2023-06-10,Completed,Credit Card,
9568,975,3240,2,57,2025-02-16,Completed,Credit Card,4.0
9569,1478,838,11,177,2024-10-17,Completed,Financing,
9570,2340,301,3,109,11/04/2024,Completed,Debit Card,5.0
9571,1982,2439,9,43,2023-02-25,Completed,Debit Card,4.0
9572,2894,1215,2,149,2024-01-10,Completed,Debit Card,4.0
9573,271,348,10,138,2023-06-28,Completed,Financing,3.0
9574,1967,2288,3,176,2025-07-02,Completed,Debit Card,
9575,120,459,1,9,2023-01-21,Completed,Cash,2.0
9576,1141,1411,12,29,2023-08-14,Completed,Credit Card,
9577,945,2464,1,53,2023-01-07,In Progress,Insurance,
9578,378,200,11,173,2025-11-09,Cancelled,,
9579,2946,492,8,46,2023-09-20,Cancelled,,
9580,2320,3172,9,34,2025-11-22,Completed,Financing,
9581,2912,2002,5,44,2025-05-10,Completed,Credit Card,1.0
9582,827,2550,8,120,2023-05-13,Completed,Financing,
9583,804,2475,7,98,2025-10-10,Completed,Insurance,4.0
9584,1861,819,4,120,2024-11-15,In Progress,Cash,
9585,1908,126,2,93,2025-12-13,Completed,Financing,
9586,1283,2282,11,163,2024-11-21,Completed,Financing,1.0
9587,1948,1351,6,81,2025-01-26,Cancelled,,
9588,2012,3065,4,147,2024-10-24,Cancelled,,
9589,1304,245,8,153,2025-03-22,Completed,Financing,5.0
9590,2291,1671,9,127,2024-06-09,Completed,Financing,4.0
9591,340,3179,7,69,2023-09-19,Completed,Debit Card,4.0
9592,688,2231,8,134,2025-03-04,In Progress,Credit Card,
9593,2336,1438,8,31,2023-03-03,Completed,Credit Card,
9594,2543,3234,4,108,2024-09-13,Completed,Debit Card,
9595,1085,479,9,39,2024-10-25,Completed,Insurance,
9596,601,602,1,1,2023-01-24,Completed,Financing,5.0
9597,1291,1559,10,2,2025-06-22,Completed,Financing,5.0
9598,2922,2805,2,1,2023-02-13,Completed,Cash,
9599,1407,255,5,105,2025-12-14,Completed,Debit Card,1.0
9600,1264,1657,5,158,09/20/2025,Completed,Insurance,
9601,1269,2880,12,93,2023-10-16,Completed,Financing,
9602,749,2573,10,16,2024-04-05,Completed,Debit Card,5.0
9603,1362,282,5,55,2025-05-27,Completed,Credit Card,1.0
9604,1498,3369,10,93,2025-03-23,Completed,Cash,1.0
9605,88,1314,9,176,2025-06-09,Cancelled,,
9606,593,435,11,147,2024-10-21,Completed,Debit Card,5.0
9607,442,2688,7,9,2024-11-30,Completed,Financing,5.0
9608,2835,3091,2,110,2023-11-27,Completed,Financing,
9609,1481,739,2,91,2023-07-22,In Progress,Credit Card,
9610,228,2579,7,89,2023-08-04,Completed,Cash,3.0
9611,2771,2851,9,154,2023-12-16,Cancelled,,
9612,1006,2144,5,88,07/17/2025,Completed,Insurance,2.0
9613,2742,2472,11,166,2024-05-09,Completed,Cash,4.0
9614,1509,740,7,166,2025-05-16,In Progress,Insurance,
9615,2150,288,7,81,2023-10-07,Cancelled,,
9616,309,1548,7,137,2024-12-30,Completed,Insurance,3.0
9617,1012,3267,6,129,2025-11-15,Completed,Cash,
9618,1,3425,11,26,2023-10-08,Cancelled,,
9619,2754,2426,11,120,2023-12-26,Completed,Insurance,5.0
9620,2295,2761,2,44,2023-08-25,Completed,Debit Card,1.0
9621,2793,2826,4,179,2025-06-10,Completed,Debit Card,2.0
9622,2270,2327,5,86,2024-02-24,In Progress,Financing,
9623,1244,2682,5,104,2023-02-10,In Progress,Cash,
9624,1296,2893,9,130,2025-02-17,Completed,Debit Card,
9625,2720,3352,11,159,2023-08-29,Completed,Financing,2.0
9626,1900,1206,4,125,2025-06-12,Cancelled,,
9627,879,2758,9,100,2023-03-13,Completed,Debit Card,1.0
9628,2578,2827,3,13,2023-08-07,Completed,Cash,
9629,799,519,2,158,2023-04-24,Completed,Credit Card,1.0
9630,2089,1635,5,31,2025-01-27,Completed,Debit Card,3.0
9631,1840,290,8,133,2024-03-15,Cancelled,,
9632,271,348,11,169,2025-10-01,Completed,Debit Card,5.0
9633,1188,917,11,148,2023-08-01,Completed,Debit Card,5.0
9634,2124,3002,12,168,2024-02-02,Completed,Financing,
9635,872,924,3,8,2024-07-20,Completed,Credit Card,
9636,642,2124,8,45,2024-10-20,Completed,Debit Card,
9637,27,3396,5,65,2024-10-26,Completed,Debit Card,5.0
9638,1064,86,5,29,2024-05-09,Cancelled,,
9639,1283,2282,3,134,2023-02-27,Completed,Insurance,
9640,260,549,12,26,2023-03-18,Completed,Cash,5.0
9641,605,673,12,57,2025-07-26,Completed,Cash,1.0
9642,1409,666,2,28,2024-08-16,Completed,Financing,5.0
9643,1199,1929,9,164,2025-06-10,Cancelled,,
9644,2863,1159,4,103,2023-08-04,Completed,Cash,
9645,2003,2457,3,1,2024-10-03,Completed,Debit Card,
9646,2456,1428,2,167,2023-10-30,Completed,Cash,4.0
9647,2507,191,10,54,2024-11-27,Completed,Debit Card,2.0
9648,2972,568,6,107,2024-10-07,Completed,Cash,
9649,1805,2379,10,175,2025-12-21,In Progress,Cash,
9650,1948,1351,8,172,2023-01-05,Completed,Cash,3.0
9651,579,567,9,176,2025-03-27,Completed,Cash,
9652,1747,1122,8,18,2025-05-14,Completed,Cash,
9653,2217,900,4,135,2025-01-31,Completed,Cash,
9654,2939,1036,7,71,2025-07-26,Completed,Financing,3.0
9655,1914,1293,3,126,2023-01-13,Completed,Financing,3.0
9656,788,840,3,1,2023-05-12,Completed,Credit Card,4.0
9657,2588,2654,9,172,2025-04-13,Cancelled,,
9658,855,3415,12,98,2025-03-18,Completed,Financing,5.0
9659,1174,3204,12,20,2024-09-11,Completed,Insurance,3.0
9660,107,1819,1,153,2024-05-29,Completed,Debit Card,2.0
9661,2231,1632,10,96,2023-03-16,Completed,Financing,
9662,1051,1347,3,106,2024-12-20,Completed,Financing,3.0
9663,1578,1158,1,95,2023-07-01,Completed,Financing,5.0
9664,2094,2303,4,123,2024-06-06,In Progress,Cash,
9665,2517,281,1,61,2024-12-19,Completed,Insurance,2.0
9666,2072,243,1,113,2024-04-16,In Progress,Credit Card,
9667,1978,2044,3,20,2025-09-07,In Progress,Insurance,
9668,2,1885,9,4,2023-03-01,Completed,Credit Card,
9669,1686,2295,2,121,2024-01-16,Completed,Insurance,5.0
9670,2074,2887,11,178,01/27/2024,Completed,Debit Card,2.0
9671,1515,1749,11,63,2024-02-25,In Progress,Insurance,
9672,2899,293,9,3,2024-07-24,Completed,Debit Card,2.0
9673,2498,421,9,53,2024-03-27,In Progress,Credit Card,
9674,1009,713,8,107,2024-03-27,Completed,Financing,1.0
9675,2229,3137,6,2,2023-09-13,Completed,Cash,4.0
9676,1631,884,8,44,2025-09-11,Completed,Credit Card,
9677,6,716,2,88,2023-01-11,Completed,Financing,5.0
9678,2115,2980,3,110,2025-03-07,Cancelled,,
9679,2384,1284,7,38,2023-03-14,In Progress,Credit Card,
9680,1806,825,9,58,2025-01-25,In Progress,Credit Card,
9681,2622,1868,7,70,2024-10-14,Completed,Financing,
9682,631,728,11,76,2023-08-05,Cancelled,,
9683,437,2156,11,67,2023-03-06,Cancelled,,
9684,639,1895,2,7,2025-11-19,Completed,Debit Card,1.0
9685,2401,138,2,43,2023-06-10,Cancelled,,
9686,149,2025,1,172,2024-10-05,Completed,Financing,
9687,2115,2980,7,48,2025-07-26,Completed,Cash,
9688,1483,3437,12,123,2024-08-23,In Progress,Insurance,
9689,2616,3266,7,123,2023-08-05,Completed,Debit Card,4.0
9690,1161,1677,3,129,2025-01-03,Completed,Cash,
9691,587,2627,2,62,2025-10-29,Completed,Debit Card,
9692,356,2300,11,27,2024-02-16,Completed,Credit Card,
9693,2578,2827,6,149,2025-08-11,Completed,Credit Card,5.0
9694,804,2475,8,61,2025-04-10,Completed,Cash,2.0
9695,1401,1862,12,90,2023-10-08,Completed,Debit Card,4.0
9696,903,2874,9,105,2023-02-25,Completed,Credit Card,4.0
9697,1892,1041,1,66,2025-03-07,Cancelled,,
9698,2763,2969,3,96,2023-03-22,Completed,Cash,2.0
9699,631,155,3,148,2023-09-17,Completed,Cash,2.0
9700,1495,2590,2,170,2024-07-16,Completed,Cash,4.0
9701,1269,2572,12,17,2023-03-28,Cancelled,,
9702,1893,986,1,104,2024-01-10,Completed,Credit Card,
9703,138,2406,10,121,2024-06-06,In Progress,Financing,
9704,323,2088,5,42,2024-12-18,Completed,Credit Card,2.0
9705,1908,126,7,108,2023-09-04,In Progress,Insurance,
9706,584,424,4,174,2025-06-24,Cancelled,,
9707,1721,2673,5,123,2024-04-05,Completed,Credit Card,1.0
9708,1087,2939,3,118,2024-04-13,Completed,Cash,2.0
9709,1245,2722,10,50,2023-04-13,Cancelled,,
9710,1707,2223,2,56,2024-03-19,Completed,Financing,5.0
9711,312,475,9,43,2025-10-01,Completed,Credit Card,5.0
9712,2174,3042,2,12,2024-07-24,In Progress,Debit Card,
9713,136,91,7,124,2024-07-11,Completed,Credit Card,
9714,245,2076,5,102,2025-03-05,Completed,Insurance,
9715,2622,3175,3,99,2024-12-20,Completed,Debit Card,
9716,2511,2026,3,17,2025-08-23,Completed,Cash,4.0
9717,1755,1579,2,156,2024-08-08,In Progress,Insurance,
9718,557,454,5,101,2023-12-04,In Progress,Credit Card,
9719,2869,1288,4,44,2024-01-21,Cancelled,,
9720,2477,851,4,137,2023-01-10,Completed,Financing,5.0
9721,625,1658,2,75,2024-11-08,Completed,Cash,
9722,1535,2164,2,103,2023-09-10,Completed,Debit Card,2.0
9723,895,58,2,33,2023-04-14,In Progress,Financing,
9724,2011,1907,2,74,2023-06-13,In Progress,Financing,
9725,1432,2684,8,58,2025-12-24,In Progress,Debit Card,
9726,139,3158,3,92,2023-03-05,Cancelled,,
9727,2517,1359,4,171,2025-04-29,Completed,Credit Card,
9728,1287,1914,9,85,2025-04-23,Cancelled,,
9729,1104,3136,7,19,2023-03-27,Completed,Financing,
9730,662,312,4,145,2024-08-10,In Progress,Credit Card,
9731,2663,2542,9,51,2024-11-21,Completed,Debit Card,4.0
9732,1210,1403,11,4,2023-04-26,Completed,Financing,
9733,2883,2589,2,137,2024-06-12,Completed,Credit Card,5.0
9734,250,1121,4,136,2024-08-15,Completed,Insurance,2.0
9735,233,3080,5,30,2024-09-04,Completed,Financing,
9736,2275,3420,7,91,2025-10-18,Completed,Insurance,
9737,1731,1959,6,41,2024-01-09,Cancelled,,
9738,1550,3178,2,142,2024-02-04,In Progress,Insurance,
9739,2715,3073,10,3,2025-04-07,Completed,Cash,
9740,2297,2148,4,154,2023-04-17,Completed,Insurance,
9741,2584,3078,7,17,2024-04-05,Completed,Financing,
9742,1621,3446,4,157,2023-06-15,In Progress,Credit Card,
9743,2118,2649,7,30,2023-10-31,Completed,Cash,5.0
9744,1366,54,10,174,2023-12-31,Completed,Financing,1.0
9745,1407,255,11,63,2023-02-28,Completed,Cash,1.0
9746,333,3284,2,13,2023-11-02,In Progress,Insurance,
9747,548,2824,3,4,2025-08-09,Cancelled,,
9748,345,2680,2,50,2025-11-04,Completed,Cash,1.0
9749,2936,3375,6,57,2024-05-10,In Progress,Cash,
9750,1734,2100,6,7,2025-01-16,Completed,Debit Card,2.0
9751,1364,3007,7,27,2023-03-10,Completed,Debit Card,3.0
9752,2609,170,9,13,2025-05-26,Cancelled,,
9753,2751,199,5,100,2024-10-29,Completed,Insurance,
9754,2210,1968,9,174,2024-07-11,Completed,Insurance,1.0
9755,948,145,10,146,2023-11-01,Completed,Cash,
9756,1591,3310,8,133,2023-08-11,Completed,Debit Card,
9757,1034,385,6,26,2025-09-24,Cancelled,,
9758,1784,573,10,143,2023-06-14,Completed,Credit Card,4.0
9759,1128,425,2,158,2023-03-20,Completed,Credit Card,2.0
9760,2229,3137,11,69,2023-08-01,Completed,Financing,4.0
9761,1678,2388,3,115,2025-09-29,Cancelled,,
9762,1380,808,5,123,2024-03-20,Completed,Debit Card,2.0
9763,1312,2978,6,179,11/11/2023,In Progress,Cash,
9764,2951,2063,7,62,2025-02-20,Completed,Insurance,
9765,410,1276,12,48,2025-05-07,Completed,Credit Card,2.0
9766,1594,1181,2,55,2025-06-21,Completed,Financing,3.0
9767,2507,135,10,66,2024-03-29,In Progress,Debit Card,
9768,2880,1490,1,109,2024-03-06,Completed,Insurance,
9769,1108,2215,2,54,02/25/2025,In Progress,Financing,
9770,143,677,8,163,2023-03-25,Completed,Insurance,1.0
9771,2486,177,11,119,2023-01-22,Completed,Debit Card,
9772,1783,547,10,98,2023-04-08,In Progress,Financing,
9773,2938,3398,7,154,2025-09-28,Completed,Debit Card,2.0
9774,2652,2623,6,107,2023-08-29,Completed,Debit Card,
9775,1790,380,8,23,2024-07-31,Completed,Financing,1.0
9776,2542,3436,1,179,2025-04-13,Completed,Cash,
9777,301,3414,9,156,2023-03-24,Completed,Credit Card,3.0
9778,2959,3035,10,7,2023-12-26,Completed,Cash,1.0
9779,1838,2513,5,106,2023-09-16,In Progress,Debit Card,
9780,1128,425,9,151,2023-07-13,Cancelled,,
9781,345,2680,8,158,2025-11-19,Completed,Credit Card,4.0
9782,1698,1854,9,113,2023-02-02,In Progress,Cash,
9783,2686,1642,11,139,2023-10-27,Completed,Debit Card,4.0
9784,2858,2221,5,102,2023-04-14,Completed,Financing,5.0
9785,1924,1983,3,92,2025-07-04,Completed,Debit Card,2.0
9786,2285,1687,3,73,2025-06-24,Completed,Insurance,1.0
9787,423,2316,11,20,2025-12-07,Completed,Debit Card,
9788,2033,3445,9,3,2024-11-19,Completed,Credit Card,
9789,625,1658,11,56,2023-01-23,Completed,Cash,3.0
9790,2851,66,6,8,2023-09-02,Completed,Debit Card,3.0
9791,2209,228,7,39,2024-07-20,Cancelled,,
9792,2547,2762,8,177,2025-02-08,Completed,Insurance,4.0
9793,2000,3021,2,74,2024-02-02,Completed,Credit Card,4.0
9794,1979,2167,7,157,2025-02-23,In Progress,Financing,
9795,1666,107,10,90,2024-09-24,In Progress,Credit Card,
9796,805,1770,9,77,2023-04-15,Cancelled,,
9797,1833,161,12,126,2023-12-10,Cancelled,,
9798,2391,691,9,64,2025-03-13,In Progress,Cash,
9799,494,1445,11,3,2024-04-16,In Progress,Insurance,
9800,1960,188,4,73,2023-09-09,Cancelled,,
9801,2664,436,7,70,2024-09-10,Cancelled,,
9802,951,800,4,77,2024-10-31,Completed,Insurance,1.0
9803,234,3269,9,81,07/17/2024,In Progress,Debit Card,
9804,2016,2000,4,33,2025-09-16,Completed,Financing,5.0
9805,2562,345,2,121,2023-01-23,Cancelled,,
9806,175,3323,9,61,2024-11-24,In Progress,Financing,
9807,1226,525,5,121,2025-04-30,Cancelled,,
9808,725,1873,9,92,2023-07-23,Completed,Debit Card,
9809,1606,2188,2,29,2023-09-29,Completed,Insurance,4.0
9810,2426,2006,6,18,2025-08-07,Completed,Debit Card,
9811,1073,922,6,42,2025-11-07,Completed,Financing,4.0
9812,1298,3205,11,168,2025-04-16,Completed,Debit Card,
9813,1940,1535,9,26,2025-06-21,Completed,Debit Card,4.0
9814,2359,1737,8,148,2023-12-16,Completed,Cash,1.0
9815,175,866,4,73,2023-08-27,Completed,Debit Card,
9816,13,2168,4,105,2025-04-15,Completed,Credit Card,
9817,2557,1990,4,25,2023-05-17,Completed,Cash,4.0
9818,551,1022,10,66,2024-11-06,Completed,Insurance,4.0
9819,529,783,12,100,10/23/2023,Completed,Financing,
9820,437,4,8,165,2024-03-20,Cancelled,,
9821,1153,1317,2,54,2023-06-22,In Progress,Insurance,
9822,271,1089,5,11,2025-08-20,Completed,Cash,2.0
9823,2943,3085,2,179,2025-10-22,Completed,Financing,1.0
9824,650,2601,2,127,2024-07-06,In Progress,Cash,
9825,1883,1852,5,163,2023-01-27,Completed,Debit Card,
9826,2643,926,4,20,2023-04-10,Completed,Debit Card,5.0
9827,1535,2164,1,177,2023-10-20,Completed,Debit Card,
9828,2411,1467,6,102,2023-02-19,Completed,Financing,3.0
9829,2142,3117,10,107,2024-06-27,Completed,Debit Card,
9830,798,1782,9,173,2024-01-07,Completed,Insurance,
9831,201,1935,4,117,2023-02-04,Completed,Debit Card,
9832,1187,3083,7,63,2023-09-20,Cancelled,,
9833,696,1177,4,38,2025-06-06,Completed,Cash,
9834,2584,3078,3,5,2025-04-01,In Progress,Credit Card,
9835,650,2601,8,91,2025-02-21,Cancelled,,
9836,151,2296,8,53,2023-12-18,Cancelled,,
9837,1470,2845,10,138,2025-02-02,Completed,Financing,
9838,441,266,5,45,2024-02-21,Completed,Debit Card,
9839,507,2197,9,34,2023-08-15,Completed,Cash,3.0
9840,1755,2145,3,71,2025-05-29,Completed,Financing,5.0
9841,2883,2589,9,25,2025-06-17,Completed,Cash,
9842,2841,3121,1,60,2023-09-01,Completed,Insurance,2.0
9843,533,357,6,148,2024-01-11,Completed,Financing,
9844,1315,1461,3,104,2025-10-16,In Progress,Insurance,
9845,220,336,11,118,2024-02-18,Completed,Financing,4.0
9846,2749,540,8,69,2025-07-01,Completed,Debit Card,4.0
9847,276,636,5,134,2025-11-10,Cancelled,,
9848,1475,2435,10,122,2024-02-20,Completed,Cash,2.0
9849,2292,2010,1,82,2023-03-31,Completed,Debit Card,
9850,1916,3255,2,109,2025-03-13,In Progress,Debit Card,
9851,1182,1752,6,71,2024-03-11,Cancelled,,
9852,2278,1828,4,42,2024-05-09,Completed,Cash,
9853,2750,1435,11,110,2023-11-03,Completed,Credit Card,4.0
9854,635,2992,6,175,2024-03-23,Completed,Insurance,
9855,571,538,5,152,2023-02-11,Cancelled,,
9856,790,785,7,130,2024-11-11,Completed,Financing,5.0
9857,1911,2873,6,93,2024-10-30,Completed,Debit Card,1.0
9858,1522,1622,12,16,2024-02-21,Completed,Insurance,1.0
9859,2588,119,5,84,2023-10-05,Completed,Insurance,5.0
9860,1494,1965,4,103,2023-11-03,Cancelled,,
9861,2094,2303,3,138,2024-03-11,Completed,Credit Card,2.0
9862,2852,1501,6,44,2025-07-04,Completed,Debit Card,
9863,1528,3289,7,103,2024-06-19,Completed,Cash,3.0
9864,2757,1370,4,58,2023-11-07,Completed,Financing,5.0
9865,1566,1075,8,72,2023-08-19,Completed,Financing,3.0
9866,2032,1048,2,59,2024-03-26,Completed,Cash,2.0
9867,2075,2853,6,95,2025-06-11,Completed,Debit Card,2.0
9868,166,1451,7,92,2023-12-16,Completed,Financing,2.0
9869,1473,2705,6,131,2025-03-15,Completed,Financing,
9870,2945,3350,9,79,2025-10-28,Completed,Financing,5.0
9871,2202,2393,4,154,2024-07-17,Completed,Credit Card,4.0
9872,1594,1181,5,2,2024-04-29,Completed,Cash,3.0
9873,1718,2912,5,131,2025-12-25,Completed,Insurance,3.0
9874,2468,2325,9,138,2024-11-29,Completed,Insurance,5.0
9875,1916,3255,2,112,2024-06-11,Completed,Cash,5.0
9876,401,1208,11,153,2024-12-21,Cancelled,,
9877,2494,2243,11,172,2024-12-08,Completed,Credit Card,4.0
9878,2343,341,6,57,2024-04-11,Cancelled,,
9879,2770,1653,7,172,2025-08-30,In Progress,Financing,
9880,2361,3298,2,113,2023-04-08,Cancelled,,
9881,2303,300,1,131,2025-12-05,In Progress,Cash,
9882,1338,442,8,96,2024-07-31,Completed,Debit Card,4.0
9883,1913,679,10,174,2025-01-17,Completed,Credit Card,2.0
9884,191,28,6,60,2023-06-25,In Progress,Credit Card,
9885,262,2052,8,176,2024-01-12,Completed,Insurance,2.0
9886,1836,955,1,30,2025-11-19,Completed,Financing,5.0
9887,1720,659,6,49,2023-04-07,Completed,Financing,3.0
9888,1281,2458,11,56,2025-08-04,Completed,Cash,5.0
9889,2103,1573,6,155,2024-03-03,Completed,Insurance,
9890,2547,1943,6,10,2025-08-16,Cancelled,,
9891,631,1590,12,37,2023-01-08,Completed,Credit Card,1.0
9892,2954,552,6,98,2025-03-09,Completed,Insurance,2.0
9893,83,2104,7,96,2024-02-27,Completed,Insurance,4.0
9894,2269,1693,8,11,2023-04-13,Completed,Cash,
9895,412,344,11,117,2023-12-18,Completed,Credit Card,
9896,2571,1663,8,58,2023-10-21,Completed,Debit Card,3.0
9897,293,2266,7,17,2024-12-02,Completed,Debit Card,3.0
9898,922,2196,11,9,2024-11-01,Cancelled,,
9899,754,1771,4,58,2025-02-02,In Progress,Insurance,
9900,308,1810,9,76,2025-06-22,Completed,Credit Card,4.0
9901,1061,821,11,71,2024-09-18,Completed,Insurance,1.0
9902,1271,3028,2,30,2025-09-28,Cancelled,,
9903,2270,2327,4,15,2025-03-11,Completed,Financing,3.0
9904,2630,2061,3,159,2024-12-18,Completed,Financing,
9905,1369,577,9,30,2023-05-13,Completed,Debit Card,2.0
9906,2058,842,3,148,2024-06-11,Completed,Insurance,1.0
9907,1797,1960,9,28,2024-11-08,Completed,Insurance,3.0
9908,2442,141,5,4,2023-06-26,Completed,Insurance,1.0
9909,457,703,7,51,2023-12-12,Completed,Insurance,4.0
9910,1992,2747,3,32,2024-03-05,Completed,Insurance,5.0
9911,2479,234,9,134,2025-11-04,In Progress,Debit Card,
9912,1711,2663,4,91,2023-04-24,Cancelled,,
9913,1750,963,9,19,2023-11-23,In Progress,Debit Card,
9914,2941,2616,6,65,2025-05-08,Completed,Insurance,4.0
9915,2389,1714,2,12,2025-11-11,Completed,Insurance,1.0
9916,1427,3329,9,50,2025-10-06,Cancelled,,
9917,1321,395,7,31,2023-05-30,Completed,Debit Card,1.0
9918,1562,2161,8,55,2025-11-07,Completed,Credit Card,5.0
9919,2777,1982,2,62,2025-05-08,Completed,Insurance,
9920,1606,2188,1,38,2023-01-11,In Progress,Cash,
9921,267,3320,7,4,2025-10-14,Completed,Insurance,
9922,734,3421,7,35,2023-02-21,Completed,Financing,5.0
9923,1339,1829,1,11,2024-11-23,Completed,Financing,5.0
9924,1427,3329,2,79,2023-08-25,In Progress,Credit Card,
9925,733,2640,1,141,2023-07-08,Cancelled,,
9926,561,364,1,108,2023-08-23,Completed,Insurance,5.0
9927,934,477,9,177,2023-12-05,Completed,Credit Card,
9928,1533,844,2,143,2024-02-26,Completed,Credit Card,
9929,349,2802,4,80,2024-10-18,In Progress,Debit Card,
9930,2491,257,6,125,2025-10-14,Completed,Credit Card,
9931,16,2594,10,126,2024-01-10,Completed,Debit Card,2.0
9932,2109,452,12,24,2023-03-24,Completed,Credit Card,5.0
9933,406,1162,12,53,2023-04-22,Completed,Financing,4.0
9934,2399,3153,5,142,2024-10-07,Completed,Financing,
9935,1828,1070,1,84,2025-06-17,Completed,Credit Card,5.0
9936,1646,2460,4,40,2023-09-02,In Progress,Credit Card,
9937,2404,2376,12,167,2025-11-08,Completed,Debit Card,
9938,2182,2330,5,176,2023-01-11,In Progress,Debit Card,
9939,2340,1780,2,53,2025-05-18,Completed,Financing,5.0
9940,2465,2811,1,129,2024-10-02,Cancelled,,
9941,1395,3328,6,86,2025-05-07,Cancelled,,
9942,1898,414,3,85,2024-02-24,Completed,Cash,1.0
9943,331,3360,2,177,2024-06-08,Cancelled,,
9944,360,2865,5,145,2023-09-10,In Progress,Financing,
9945,1823,906,1,179,2025-07-10,Cancelled,,
9946,1292,814,3,93,2023-08-30,Completed,Credit Card,2.0
9947,2846,3356,5,165,2024-08-23,Completed,Debit Card,4.0
9948,1549,758,3,11,2025-07-26,Completed,Cash,1.0
9949,958,219,11,126,2024-10-21,Completed,Credit Card,
9950,487,3011,12,113,2023-08-01,In Progress,Debit Card,
9951,2317,2919,12,2,2023-02-20,Cancelled,,
9952,281,1106,10,124,2023-12-01,Cancelled,,
9953,2142,1560,8,108,2023-11-11,Cancelled,,
9954,41,915,7,162,2023-04-10,Completed,Debit Card,
9955,832,754,4,121,2023-01-11,In Progress,Insurance,
9956,2098,1856,4,124,2024-02-14,Completed,Financing,5.0
9957,56,3114,9,107,2024-09-19,Completed,Debit Card,
9958,570,2354,3,154,2025-05-06,Completed,Financing,
9959,2646,1957,9,72,2024-11-19,Completed,Cash,3.0
9960,374,3031,3,19,2024-12-30,Completed,Insurance,4.0
9961,2632,3111,4,61,2025-10-25,Completed,Credit Card,3.0
9962,56,1306,11,69,2023-05-21,Cancelled,,
9963,2039,317,4,111,2023-10-28,Cancelled,,
9964,1704,832,4,32,2024-05-28,Completed,Debit Card,5.0
9965,2271,3312,3,155,2025-03-19,Completed,Debit Card,5.0
9966,2763,1989,2,176,2024-02-19,Completed,Credit Card,
9967,1836,955,2,116,2023-01-01,Completed,Debit Card,1.0
9968,2268,2407,2,175,2024-03-20,In Progress,Insurance,
9969,545,2463,2,49,2025-09-09,Cancelled,,
9970,494,2192,9,83,2024-05-02,Completed,Credit Card,3.0
9971,2194,632,9,100,2025-07-17,Cancelled,,
9972,2710,2054,3,9,2024-11-07,Completed,Insurance,4.0
9973,437,4,2,107,2024-04-12,Completed,Cash,
9974,2840,324,11,4,2024-07-16,Completed,Credit Card,
9975,754,1911,10,50,2024-05-17,Completed,Credit Card,2.0
9976,740,1707,12,178,08/10/2023,In Progress,Credit Card,
9977,2822,2635,11,51,2025-01-23,Completed,Credit Card,2.0
9978,179,2172,3,21,2024-12-21,Completed,Financing,4.0
9979,208,384,6,160,2024-05-02,In Progress,Insurance,
9980,1754,466,4,47,2024-04-13,Completed,Debit Card,1.0
9981,604,2305,1,179,2023-11-05,In Progress,Debit Card,
9982,2072,826,4,165,2024-07-23,Completed,Credit Card,1.0
9983,709,861,1,58,2023-01-20,Completed,Cash,5.0
9984,2084,2369,3,68,2025-10-15,Completed,Financing,5.0
9985,439,419,9,100,2025-01-29,Cancelled,,
9986,1321,2476,2,7,2024-07-02,Completed,Debit Card,3.0
9987,2103,1573,6,149,2023-09-20,Completed,Cash,4.0
9988,349,2802,6,118,2023-08-06,Completed,Insurance,5.0
9989,11,2929,10,44,2023-04-25,Completed,Credit Card,4.0
9990,1134,2301,9,25,2024-05-30,Completed,Credit Card,
9991,1300,269,8,11,2023-08-11,Cancelled,,
9992,704,2804,6,67,2023-08-05,In Progress,Cash,
9993,442,1050,7,57,2024-11-01,In Progress,Financing,
9994,2557,295,7,119,2023-02-25,Completed,Debit Card,1.0
9995,895,58,3,22,2025-01-30,Completed,Debit Card,2.0
9996,1199,1929,8,21,2025-09-04,Cancelled,,
9997,1984,3102,10,132,2023-09-25,Completed,Cash,
9998,2771,2527,6,144,2023-01-26,Completed,Insurance,3.0
9999,975,3240,4,149,2025-08-11,Cancelled,,
10000,2026,2069,11,141,2024-02-08,In Progress,Credit Card,
10001,1557,2362,9,58,2023-02-09,Completed,Financing,1.0
10002,671,977,4,52,2024-04-22,Completed,Financing,
10003,173,853,12,44,2024-04-19,Completed,Debit Card,1.0
10004,2752,1218,10,137,2023-05-22,Completed,Credit Card,
10005,2943,3164,6,41,2025-11-09,In Progress,Credit Card,
10006,1812,2749,11,6,2025-03-02,In Progress,Debit Card,
10007,556,1825,8,72,2023-10-24,Completed,Credit Card,
10008,2762,418,3,43,2025-10-04,Completed,Debit Card,3.0
10009,2326,2720,11,166,2025-08-08,In Progress,Financing,
10010,1594,1543,6,44,2024-11-16,Completed,Insurance,1.0
10011,1968,3039,11,134,2025-04-16,Completed,Cash,5.0
10012,2053,2496,2,131,2025-08-20,In Progress,Cash,
10013,2578,1508,6,17,2023-06-14,Completed,Debit Card,2.0
10014,700,981,3,179,2023-11-16,Completed,Credit Card,1.0
10015,2615,251,8,81,2024-02-01,Completed,Cash,
10016,336,3424,2,22,2024-05-18,Completed,Cash,3.0
10017,2533,685,2,78,2024-01-30,Completed,Cash,5.0
10018,789,2779,9,113,2023-10-22,Completed,Credit Card,4.0
10019,2217,900,5,58,2024-02-10,In Progress,Debit Card,
10020,1487,534,3,158,2023-03-12,Cancelled,,
10021,2372,2173,12,115,2025-08-04,Completed,Cash,
10022,2626,2766,12,113,2024-09-24,Completed,Debit Card,
10023,1561,247,4,72,2025-02-04,Cancelled,,
10024,1775,2252,7,84,2023-09-14,Completed,Cash,
10025,2704,3404,7,98,2023-08-19,Completed,Insurance,3.0
10026,692,2565,7,72,2024-07-30,In Progress,Debit Card,
10027,1908,126,8,3,2023-11-19,Completed,Cash,4.0
10028,1773,2182,5,143,2025-01-03,Completed,Credit Card,2.0
10029,2098,1856,5,164,2025-04-17,Completed,Insurance,
10030,2326,2299,12,161,2023-03-05,Completed,Cash,3.0
10031,1857,194,7,106,2025-09-11,Completed,Cash,2.0
10032,895,58,4,29,2025-06-11,Completed,Debit Card,
10033,1931,3034,7,46,2024-11-06,Completed,Cash,4.0
10034,1896,3067,8,143,2025-07-02,Cancelled,,
10035,1427,3329,2,31,2024-03-27,Cancelled,,
10036,1663,749,8,90,2023-09-07,Completed,Insurance,5.0
10037,781,797,11,171,2023-11-28,Cancelled,,
10038,1815,2861,12,140,2024-05-27,Completed,Financing,5.0
10039,526,1547,9,121,2024-04-20,Completed,Debit Card,5.0
10040,1385,3146,2,160,2023-04-27,Completed,Debit Card,1.0
10041,1630,604,3,114,2024-11-29,Completed,Financing,
10042,2741,1462,2,96,2025-12-24,Cancelled,,
10043,2901,1553,11,170,2024-02-05,Cancelled,,
10044,2417,1341,5,73,2024-02-04,Completed,Credit Card,3.0
10045,1509,740,9,5,2025-10-10,Completed,Cash,5.0
10046,2806,665,2,168,2023-10-20,Completed,Debit Card,
10047,2396,1011,2,141,2025-08-12,Completed,Debit Card,4.0
10048,917,2087,7,42,2023-09-14,Completed,Credit Card,2.0
10049,2969,2807,12,3,2023-07-15,Completed,Debit Card,3.0
10050,1347,1166,3,127,2023-05-15,Completed,Insurance,
10051,442,2688,5,159,2025-09-09,Completed,Debit Card,5.0
10052,2822,2635,5,74,2023-12-21,Completed,Financing,4.0
10053,704,2804,10,48,2023-06-17,Completed,Insurance,3.0
10054,560,1537,12,51,2024-05-24,In Progress,Credit Card,
10055,1355,792,2,24,2023-02-08,Completed,Credit Card,5.0
10056,742,3399,11,43,2025-04-29,Completed,Credit Card,3.0
10057,2841,3121,8,62,2023-01-12,Completed,Cash,
10058,1344,2732,8,112,2025-04-24,Completed,Financing,5.0
10059,1600,239,11,58,2025-06-21,Completed,Insurance,
10060,1520,2913,4,54,2024-04-15,Completed,Credit Card,
10061,2142,3117,1,67,2024-09-04,In Progress,Financing,
10062,1465,1261,5,10,2024-02-29,Completed,Financing,
10063,2547,2207,6,165,2025-01-22,Completed,Credit Card,1.0
10064,584,180,2,156,2024-11-16,Cancelled,,
10065,1525,2479,3,178,2025-12-08,Completed,Financing,
10066,718,1539,3,133,2024-12-21,Completed,Cash,5.0
10067,1239,2770,6,106,2025-03-28,Completed,Debit Card,
10068,252,2216,1,171,2024-10-19,Completed,Debit Card,4.0
10069,2284,1507,11,131,2023-02-25,In Progress,Cash,
10070,2182,1000,5,54,2024-02-11,Completed,Cash,5.0
10071,1649,888,1,44,2024-04-02,Completed,Financing,3.0
10072,906,2837,6,19,2024-08-25,Cancelled,,
10073,1269,2880,4,72,2025-09-26,Cancelled,,
10074,697,3257,1,166,2023-09-17,Cancelled,,
10075,1370,544,9,10,2023-06-14,In Progress,Financing,
10076,1225,2600,5,138,2024-04-30,In Progress,Credit Card,
10077,1665,3154,12,63,2024-01-26,Completed,Financing,1.0
10078,1846,3394,1,178,2025-08-15,Completed,Financing,4.0
10079,181,606,9,130,2024-08-01,In Progress,Cash,
10080,1701,2155,10,156,2025-03-28,Completed,Credit Card,2.0
10081,2956,1724,12,26,2023-03-15,Completed,Cash,2.0
10082,1695,2319,12,59,2023-11-29,Cancelled,,
10083,2007,35,8,112,2025-10-30,Completed,Cash,1.0
10084,2154,1812,12,42,2023-07-01,Completed,Debit Card,5.0
10085,2407,2285,3,145,2025-08-23,In Progress,Cash,
10086,2134,343,4,20,2025-06-18,Completed,Insurance,1.0
10087,2491,1541,8,79,2024-10-29,Completed,Credit Card,
10088,1126,2089,6,35,2024-08-20,Completed,Debit Card,3.0
10089,1433,1133,4,16,2024-12-09,Completed,Credit Card,4.0
10090,1691,1141,9,153,2025-12-10,In Progress,Financing,
10091,1665,1584,1,15,2025-10-01,In Progress,Cash,
10092,261,1713,6,63,2023-05-08,Completed,Cash,2.0
10093,1362,282,10,137,2025-04-21,Cancelled,,
10094,2979,1884,12,70,2023-02-03,Completed,Cash,
10095,1812,3261,3,139,2024-03-22,In Progress,Financing,
10096,1600,1487,3,178,2025-02-12,Cancelled,,
10097,883,810,3,88,2024-12-06,Completed,Financing,1.0
10098,2186,1800,4,20,2023-03-08,Completed,Credit Card,
10099,1101,1237,7,59,2023-01-23,Completed,Credit Card,3.0
10100,1350,3351,3,112,2025-05-27,Completed,Credit Card,
10101,356,2300,11,64,2023-05-12,Completed,Credit Card,
10102,1206,3293,5,84,2025-07-28,Completed,Debit Card,
10103,305,3303,4,46,2025-11-07,In Progress,Financing,
10104,2386,1668,2,138,07/29/2024,Cancelled,,
10105,2384,637,5,67,2025-11-23,Completed,Cash,5.0
10106,1947,2287,10,62,2024-07-01,Completed,Financing,
10107,2380,3152,3,70,12/31/2024,Completed,Insurance,1.0
10108,2742,2472,8,90,2025-06-17,In Progress,Cash,
10109,1551,1551,8,36,2025-08-30,Completed,Cash,1.0
10110,1739,2396,1,166,2025-01-28,Completed,Cash,1.0
10111,1229,1474,7,90,2025-02-02,Completed,Financing,1.0
10112,2276,3395,8,36,2023-07-12,Completed,Credit Card,
10113,2122,83,1,32,2025-10-04,Completed,Cash,4.0
10114,456,1821,11,44,2025-09-20,Cancelled,,
10115,2822,2635,12,72,2025-12-22,Completed,Debit Card,2.0
10116,2333,929,5,16,2025-11-09,Cancelled,,
10117,2419,1566,11,19,2023-11-15,Completed,Financing,3.0
10118,2942,113,11,109,2025-09-01,Completed,Debit Card,4.0
10119,1303,2630,4,137,2025-05-09,Completed,Financing,
10120,1161,1108,10,104,05/25/2025,Completed,Financing,
10121,1268,3262,5,39,2025-08-27,Cancelled,,
10122,1075,2706,3,21,2023-09-18,Cancelled,,
10123,1610,3132,2,177,2024-10-13,Completed,Debit Card,
10124,491,2,8,1,2024-12-25,In Progress,Financing,
10125,994,461,7,14,2024-08-16,Completed,Financing,5.0
10126,2496,2591,8,106,2025-01-02,Completed,Financing,4.0
10127,1332,1245,12,77,2024-05-12,Completed,Credit Card,4.0
10128,527,3372,10,87,2024-03-05,Completed,Cash,3.0
10129,1511,246,9,151,2023-04-21,Completed,Financing,
10130,2688,2178,3,72,2025-04-04,Completed,Credit Card,2.0
10131,1714,2537,10,84,2024-09-21,Cancelled,,
10132,1896,3067,9,153,2024-06-20,Completed,Credit Card,
10133,1869,2544,7,124,2025-01-13,Completed,Credit Card,1.0
10134,2404,1226,4,41,2023-05-05,Completed,Debit Card,4.0
10135,80,2574,7,43,2025-11-28,Completed,Debit Card,1.0
10136,565,543,8,80,2025-08-04,Completed,Financing,3.0
10137,1736,458,5,155,2023-08-01,Completed,Insurance,3.0
10138,1956,1484,12,49,2024-09-18,Completed,Debit Card,1.0
10139,813,1659,8,79,2024-08-02,Completed,Insurance,3.0
10140,2343,341,5,40,2025-02-18,Cancelled,,
10141,2736,1193,5,2,2025-03-20,Completed,Insurance,1.0
10142,1302,1603,11,86,2023-08-14,Completed,Debit Card,4.0
10143,548,3401,5,157,2023-11-01,In Progress,Cash,
10144,2631,822,4,138,2025-08-31,Completed,Credit Card,4.0
10145,2366,1805,1,19,2023-03-15,Completed,Cash,2.0
10146,401,1208,6,171,2023-06-29,Completed,Financing,4.0
10147,2718,1820,12,141,2023-09-30,Completed,Financing,3.0
10148,2275,793,8,39,2025-02-26,Completed,Debit Card,4.0
10149,604,1190,12,149,2023-02-13,Completed,Debit Card,
10150,1659,1264,10,130,2023-10-17,In Progress,Debit Card,
10151,2017,592,3,28,2024-06-08,Cancelled,,
10152,2882,2799,11,57,2025-11-08,Cancelled,,
10153,2628,1394,3,42,2025-03-07,Completed,Credit Card,4.0
10154,2427,1756,11,156,2024-08-03,Completed,Cash,3.0
10155,1259,2339,12,112,2024-03-06,Completed,Financing,3.0
10156,151,2296,12,55,2025-06-15,Cancelled,,
10157,240,448,2,154,2025-12-20,Completed,Debit Card,
10158,2427,1756,6,10,2024-10-14,In Progress,Cash,
10159,1857,1023,5,27,2023-08-29,Completed,Debit Card,
10160,1287,1914,4,134,2024-02-07,Completed,Insurance,
10161,814,391,12,38,2024-12-05,Cancelled,,
10162,1913,3438,9,124,2025-10-19,Completed,Credit Card,
10163,135,1779,10,173,2023-11-18,In Progress,Financing,
10164,2701,3055,5,139,2025-07-07,Cancelled,,
10165,1058,2734,7,29,2025-01-18,Cancelled,,
10166,2084,2227,6,64,2023-03-29,In Progress,Cash,
10167,1774,698,6,46,2025-01-15,Completed,Debit Card,5.0
10168,1341,868,8,67,2025-01-17,In Progress,Credit Card,
10169,1436,1301,12,169,2025-12-21,Completed,Cash,
10170,7,2385,1,61,2025-08-14,In Progress,Financing,
10171,1372,2993,11,82,2023-09-14,Cancelled,,
10172,623,706,4,150,2023-09-03,Completed,Credit Card,
10173,164,2991,12,68,2023-04-20,Completed,Credit Card,
10174,1734,1665,9,144,2024-08-04,Cancelled,,
10175,1526,2847,12,96,2023-07-24,Completed,Debit Card,3.0
10176,1562,3248,12,105,2023-12-30,In Progress,Financing,
10177,2969,2807,11,129,2023-08-16,Completed,Insurance,
10178,1930,1357,11,105,2023-10-07,Completed,Credit Card,5.0
10179,2412,972,5,37,2025-11-24,In Progress,Credit Card,
10180,245,2076,5,15,2025-04-10,Completed,Debit Card,5.0
10181,548,3196,12,75,2025-09-22,Completed,Credit Card,
10182,2517,281,7,102,05/10/2023,Completed,Insurance,
10183,2464,2195,10,72,2025-12-10,Completed,Insurance,3.0
10184,1359,638,12,21,2023-12-13,Completed,Credit Card,3.0
10185,2743,2450,8,20,2023-02-22,Completed,Insurance,
10186,1564,3183,11,116,2024-08-26,Completed,Insurance,
10187,1133,1617,11,173,2024-11-03,In Progress,Debit Card,
10188,43,2129,1,180,2023-01-05,Completed,Financing,
10189,1199,1203,12,48,2024-08-24,Cancelled,,
10190,78,2840,10,85,2023-11-06,Completed,Cash,
10191,1578,3448,7,62,2023-06-28,Cancelled,,
10192,1578,3448,3,76,2024-10-28,Completed,Debit Card,3.0
10193,1670,887,8,74,2023-05-30,Cancelled,,
10194,1432,2684,2,90,2023-09-16,Completed,Cash,
10195,493,407,8,85,2025-09-16,Cancelled,,
10196,1346,584,12,112,2024-12-21,Completed,Insurance,
10197,363,618,3,139,2023-12-10,In Progress,Insurance,
10198,2217,900,4,59,2025-05-26,Completed,Credit Card,
10199,105,3069,3,41,2024-09-11,Completed,Financing,
10200,1786,427,1,164,2023-04-27,In Progress,Credit Card,
10201,841,2817,8,124,2023-07-01,Completed,Debit Card,5.0
10202,1773,1815,1,137,2023-09-29,Cancelled,,
10203,1697,1901,8,104,2025-09-14,In Progress,Credit Card,
10204,120,2918,6,127,2025-05-25,In Progress,Debit Card,
10205,2941,2616,10,126,2025-01-28,In Progress,Credit Card,
10206,2275,793,7,51,2024-03-13,Cancelled,,
10207,2674,1214,4,30,2024-06-19,Completed,Insurance,4.0
10208,2810,2661,1,90,2024-05-12,Completed,Financing,
10209,537,726,11,39,2024-09-28,Completed,Insurance,1.0
10210,2154,2177,3,113,2023-07-25,Completed,Debit Card,1.0
10211,2048,1225,7,12,2023-10-31,Completed,Credit Card,2.0
10212,2291,3072,1,61,2025-03-18,Cancelled,,
10213,1300,269,8,122,2025-07-22,Completed,Debit Card,1.0
10214,2845,1053,6,150,2023-06-09,Completed,Insurance,4.0
10215,349,2802,10,59,2025-02-16,Completed,Cash,4.0
10216,1566,683,10,151,2023-10-26,Cancelled,,
10217,456,983,11,11,2025-09-19,Completed,Debit Card,3.0
10218,974,2443,3,148,2024-10-09,Completed,Credit Card,2.0
10219,329,193,10,119,2023-03-02,Completed,Cash,5.0
10220,123,2696,5,110,2025-04-27,Completed,Debit Card,
10221,926,124,6,97,2025-04-11,Completed,Cash,2.0
10222,293,845,11,90,2023-01-12,Completed,Insurance,
10223,1500,3063,10,176,2025-02-08,Completed,Insurance,2.0
10224,1396,3189,11,47,2025-01-10,In Progress,Debit Card,
10225,2162,3050,8,94,2025-11-06,In Progress,Debit Card,
10226,697,1291,10,123,2023-01-08,Completed,Credit Card,4.0
10227,1016,657,9,59,2024-06-09,Completed,Financing,3.0
10228,2409,875,11,131,2023-10-18,Completed,Cash,1.0
10229,2646,1957,6,101,2025-10-17,Completed,Insurance,
10230,2509,1701,12,60,2025-07-08,Completed,Credit Card,2.0
10231,1127,550,5,104,2025-05-23,Completed,Financing,
10232,1206,3293,8,159,2024-08-10,Completed,Cash,5.0
10233,234,3269,8,58,2023-11-07,Cancelled,,
10234,400,369,5,17,2023-06-05,Cancelled,,
10235,1659,3243,5,115,2025-07-06,Completed,Financing,4.0
10236,769,1803,3,19,2024-02-21,Completed,Credit Card,1.0
10237,2164,376,6,71,2023-09-04,Completed,Debit Card,
10238,1553,2868,1,108,2025-10-30,Completed,Insurance,4.0
10239,1328,2095,10,90,2024-12-15,Completed,Insurance,
10240,1711,2663,6,51,04/24/2024,Completed,Debit Card,4.0
10241,181,101,8,141,2024-04-29,Completed,Financing,1.0
10242,1380,786,7,171,2024-03-22,Completed,Credit Card,4.0
10243,2218,928,11,175,2023-03-10,Completed,Debit Card,5.0
10244,2203,1662,8,91,2023-05-11,In Progress,Debit Card,
10245,1768,536,11,27,2025-05-04,In Progress,Cash,
10246,2840,324,2,52,2023-10-20,Completed,Debit Card,3.0
10247,418,3223,3,108,2025-09-18,Completed,Cash,2.0
10248,1412,2809,4,89,2025-04-01,Cancelled,,
10249,1000,885,4,41,2023-01-31,Cancelled,,
10250,634,1641,6,48,2023-07-07,Completed,Debit Card,4.0
10251,2999,3349,3,146,2023-08-13,Cancelled,,
10252,43,1513,6,4,2025-03-19,Completed,Debit Card,3.0
10253,1465,2096,3,46,2025-04-19,Completed,Credit Card,3.0
10254,1574,1971,4,170,2025-01-05,Completed,Cash,
10255,993,114,8,83,2024-11-20,Completed,Insurance,
10256,734,3421,10,62,2025-11-09,Completed,Credit Card,4.0
10257,138,798,6,163,2024-07-03,Cancelled,,
10258,1182,3391,12,10,2025-01-07,Completed,Credit Card,4.0
10259,50,2745,8,105,2023-12-28,Cancelled,,
10260,2309,1529,1,153,2024-12-30,In Progress,Cash,
10261,2947,241,10,27,2024-03-25,Completed,Cash,4.0
10262,2285,1687,11,75,2025-05-28,Completed,Cash,2.0
10263,16,2024,8,22,2023-10-04,Cancelled,,
10264,1570,1278,11,79,2024-02-23,Completed,Credit Card,2.0
10265,1931,1456,5,38,2025-08-05,Completed,Financing,
10266,596,2198,10,89,2023-07-23,Completed,Financing,
10267,1574,1971,2,2,2025-03-19,In Progress,Credit Card,
10268,1819,1853,7,28,2025-12-02,Cancelled,,
10269,523,1837,1,158,2023-03-03,Completed,Debit Card,3.0
10270,680,1419,1,79,2025-11-10,Cancelled,,
10271,2148,37,2,41,2025-05-30,Completed,Debit Card,
10272,1515,1749,7,120,2024-11-29,Completed,Cash,3.0
10273,132,3279,9,91,2023-06-22,Completed,Insurance,5.0
10274,93,1168,10,95,2023-11-18,Completed,Debit Card,
10275,1341,1222,8,179,2023-03-17,Completed,Financing,5.0
10276,1460,958,6,120,2023-09-22,In Progress,Credit Card,
10277,2770,1653,7,147,2023-12-15,Completed,Cash,1.0
10278,2211,3272,5,112,2024-02-27,Completed,Debit Card,
10279,206,1993,5,126,2023-10-20,Completed,Debit Card,1.0
10280,969,2528,9,119,2025-04-25,Cancelled,,
10281,537,726,10,85,2023-07-08,Cancelled,,
10282,2304,2209,2,78,2024-08-15,Completed,Insurance,
10283,206,1052,5,91,2023-11-24,In Progress,Credit Card,
10284,2652,3215,1,4,2023-07-14,Cancelled,,
10285,120,459,1,30,2023-01-30,Completed,Credit Card,1.0
10286,2166,476,4,107,2024-12-14,In Progress,Insurance,
10287,2491,257,2,170,2024-04-14,Completed,Credit Card,
10288,288,2297,8,99,2023-01-19,Completed,Insurance,2.0
10289,1516,624,7,95,2025-04-20,Completed,Insurance,
10290,217,3016,10,87,2025-03-25,Completed,Financing,5.0
10291,1511,246,7,28,2023-07-07,Completed,Insurance,2.0
10292,2023,2190,6,15,2025-01-30,Cancelled,,
10293,604,1190,1,162,2025-04-27,Completed,Financing,
10294,1791,1086,1,28,2024-07-02,Completed,Insurance,
10295,2427,852,5,85,2025-07-20,Completed,Cash,3.0
10296,343,515,6,167,2024-01-17,In Progress,Insurance,
10297,188,53,9,176,2025-11-15,Completed,Insurance,1.0
10298,1458,1899,7,111,2024-03-02,Cancelled,,
10299,1247,1552,2,87,2023-05-13,Completed,Cash,5.0
10300,1791,1086,2,82,2024-01-05,Completed,Financing,2.0
10301,2661,82,1,54,2023-05-28,Completed,Insurance,1.0
10302,1892,136,6,95,2025-11-15,Completed,Credit Card,5.0
10303,2517,281,2,158,2025-08-07,In Progress,Financing,
10304,1279,3045,4,41,2025-12-08,Completed,Insurance,1.0
10305,2750,1435,10,124,2024-12-12,Completed,Cash,4.0
10306,196,201,2,141,2025-09-29,Completed,Credit Card,5.0
10307,2576,51,11,128,2024-09-18,Completed,Insurance,5.0
10308,523,1837,9,178,2025-07-01,Completed,Credit Card,4.0
10309,1574,1971,10,57,2024-04-30,In Progress,Insurance,
10310,1510,361,2,108,2025-10-20,Completed,Insurance,4.0
10311,2578,2827,2,121,2025-01-01,In Progress,Financing,
10312,599,1882,2,114,2023-10-18,Completed,Financing,4.0
10313,1507,1379,9,81,2025-09-30,Completed,Insurance,
10314,1239,2770,10,127,2023-04-08,Completed,Debit Card,
10315,1081,1742,8,136,2024-09-11,Completed,Financing,1.0
10316,735,769,7,42,2024-03-29,Completed,Insurance,5.0
10317,1876,831,2,51,2023-07-18,Completed,Cash,
10318,2766,1727,4,66,2025-02-18,Completed,Financing,3.0
10319,2029,1025,1,107,2024-02-02,Completed,Credit Card,
10320,2762,418,12,128,2024-02-18,In Progress,Credit Card,
10321,734,918,6,55,2024-01-09,Completed,Credit Card,2.0
10322,2487,2423,8,9,2023-01-02,Completed,Debit Card,5.0
10323,2468,2325,5,51,2023-02-16,Completed,Credit Card,
10324,276,203,2,105,2025-05-19,Completed,Financing,
10325,1883,2378,6,112,2025-01-21,Completed,Insurance,4.0
10326,2527,1232,10,70,2024-11-14,Completed,Financing,
10327,1793,2555,9,163,2023-10-09,Completed,Debit Card,4.0
10328,252,2784,12,177,2024-03-24,In Progress,Financing,
10329,2898,3086,7,148,2023-12-19,Completed,Cash,1.0
10330,1064,86,7,138,2024-11-30,Completed,Cash,2.0
10331,1320,2775,7,121,2025-05-15,Completed,Insurance,
10332,2709,2068,10,64,2025-04-24,Cancelled,,
10333,1336,3024,11,52,2024-02-25,Completed,Cash,4.0
10334,1121,3131,10,50,2025-02-03,Completed,Financing,1.0
10335,1853,1831,5,59,2025-01-26,Completed,Cash,1.0
10336,2158,2017,8,97,2023-10-30,In Progress,Credit Card,
10337,1380,1606,5,16,2025-02-19,Completed,Insurance,1.0
10338,1127,1452,10,9,2025-10-25,Completed,Debit Card,2.0
10339,2418,907,12,162,2023-04-28,Cancelled,,
10340,2427,852,2,99,2023-07-12,Completed,Cash,
10341,240,448,8,137,2025-01-24,In Progress,Cash,
10342,1711,589,3,145,2023-11-25,Cancelled,,
10343,1358,3023,2,14,2025-12-30,Cancelled,,
10344,2770,3306,3,127,2025-01-07,Completed,Debit Card,4.0
10345,612,1113,9,135,2023-09-13,Completed,Debit Card,3.0
10346,2749,1629,4,151,2025-06-30,Cancelled,,
10347,2031,3127,4,91,2023-02-12,In Progress,Cash,
10348,1104,24,10,139,2025-04-15,Completed,Credit Card,1.0
10349,253,516,11,44,2024-08-15,Completed,Debit Card,5.0
10350,1711,2181,8,148,2025-07-05,Completed,Financing,5.0
10351,67,233,7,55,2025-11-28,Completed,Cash,1.0
10352,855,3415,8,32,2023-01-11,Completed,Debit Card,
10353,282,1591,5,139,2024-02-01,Cancelled,,
10354,1307,1465,1,14,2025-08-19,Completed,Credit Card,5.0
10355,802,2899,5,48,2023-05-22,Completed,Credit Card,4.0
10356,2348,2521,4,44,2023-07-22,Cancelled,,
10357,1684,669,6,133,2023-07-01,Completed,Debit Card,1.0
10358,1826,2263,6,118,2024-06-19,In Progress,Debit Card,
10359,2380,3152,8,116,2023-11-22,Completed,Financing,3.0
10360,2708,182,8,43,11/09/2024,In Progress,Financing,
10361,2003,322,6,54,2024-03-30,Completed,Credit Card,2.0
10362,341,2962,4,166,2025-01-02,Completed,Debit Card,4.0
10363,1989,3419,6,88,2023-11-23,Cancelled,,
10364,857,1007,10,69,2023-03-18,Completed,Financing,
10365,2178,1859,1,139,2023-11-23,In Progress,Debit Card,
10366,2029,197,6,152,2025-06-25,Completed,Credit Card,
10367,2320,3172,3,172,2025-10-21,Completed,Debit Card,1.0
10368,1498,3369,3,12,01/10/2025,Completed,Credit Card,
10369,1990,2030,9,88,2023-03-13,Completed,Insurance,3.0
10370,554,2694,12,169,2023-09-01,Completed,Financing,1.0
10371,1061,821,3,73,2025-11-05,Completed,Debit Card,5.0
10372,2611,325,1,109,2025-10-21,Completed,Cash,3.0
10373,2863,444,7,26,03/14/2024,In Progress,Financing,
10374,1711,1216,7,68,2024-12-06,Completed,Debit Card,
10375,371,1269,12,83,2025-01-26,In Progress,Credit Card,
10376,1908,2892,10,87,2023-06-17,Completed,Cash,2.0
10377,816,765,8,141,2023-10-17,Completed,Debit Card,5.0
10378,1239,2320,4,167,2024-12-26,Completed,Credit Card,
10379,1010,372,8,72,2025-08-18,Completed,Debit Card,3.0
10380,1789,2984,8,27,2024-01-24,Completed,Insurance,4.0
10381,2927,2671,4,176,12/19/2024,Completed,Cash,5.0
10382,1188,917,7,157,2024-08-13,Completed,Credit Card,3.0
10383,1120,21,10,109,2025-02-18,Cancelled,,
10384,1857,1023,5,176,2025-04-30,Completed,Credit Card,
10385,2688,2911,12,155,2024-06-21,Completed,Insurance,4.0
10386,646,2570,9,1,05/01/2025,In Progress,Debit Card,
10387,2710,2491,2,139,2025-05-23,Completed,Insurance,
10388,2813,1710,12,78,2024-05-27,Completed,Insurance,2.0
10389,554,2694,9,35,2023-05-18,In Progress,Credit Card,
10390,877,1079,3,15,2023-07-21,Completed,Credit Card,
10391,2401,1275,9,56,2024-03-01,Completed,Debit Card,1.0
10392,2431,899,3,161,2025-07-31,Completed,Credit Card,1.0
10393,406,1162,7,123,2024-03-24,In Progress,Cash,
10394,951,800,5,106,02/19/2024,Completed,Cash,
10395,1767,356,6,64,2023-02-13,Completed,Financing,
10396,1209,2825,12,134,2024-01-25,Cancelled,,
10397,828,2748,5,78,2023-09-01,Cancelled,,
10398,225,1316,7,141,2024-03-16,Cancelled,,
10399,1520,1154,6,159,2023-05-19,Completed,Cash,4.0
10400,1744,948,2,145,2025-08-07,Cancelled,,
10401,2624,1486,2,38,2024-08-28,Completed,Debit Card,4.0
10402,813,1659,6,106,2023-06-02,Completed,Credit Card,5.0
10403,2895,2857,4,61,2023-05-05,Cancelled,,
10404,1081,778,1,17,2024-07-20,Completed,Debit Card,
10405,927,3354,9,43,2023-07-08,Completed,Insurance,4.0
10406,2971,2430,1,50,2025-02-22,Completed,Credit Card,1.0
10407,1408,1384,3,88,2023-06-12,Completed,Insurance,5.0
10408,1253,3380,3,91,2024-04-27,Completed,Debit Card,2.0
10409,939,737,9,169,2025-02-20,Completed,Cash,5.0
10410,1704,832,10,111,2024-06-24,In Progress,Credit Card,
10411,130,2075,5,166,2023-08-12,Completed,Insurance,4.0
10412,1812,3100,5,153,2024-01-24,Completed,Debit Card,3.0
10413,706,855,6,75,02/20/2023,Completed,Credit Card,2.0
10414,1984,3102,1,16,2024-05-23,Completed,Credit Card,5.0
10415,1561,3066,6,135,2025-05-21,Completed,Cash,
10416,2636,1229,12,84,2024-11-20,Cancelled,,
10417,2245,2543,1,176,2025-01-26,Completed,Financing,
10418,652,2072,6,80,2024-05-19,In Progress,Cash,
10419,1638,2304,6,119,2023-02-21,Cancelled,,
10420,2603,2605,5,19,2024-12-18,In Progress,Insurance,
10421,1097,43,11,19,2025-11-04,Completed,Cash,
10422,1654,3064,1,85,2025-09-01,Completed,Debit Card,2.0
10423,2411,1467,10,62,2023-06-04,Cancelled,,
10424,1610,3132,1,54,2023-02-03,Cancelled,,
10425,572,1909,6,148,2023-12-28,Cancelled,,
10426,1852,3144,6,116,2024-11-11,Completed,Debit Card,2.0
10427,779,920,12,17,2025-07-27,Cancelled,,
10428,2878,2957,6,150,2023-08-31,In Progress,Debit Card,
10429,2915,1768,10,74,2025-01-04,Completed,Insurance,3.0
10430,2941,2365,7,96,2025-09-09,Cancelled,,
10431,1960,1654,2,156,12/11/2024,Completed,Credit Card,
10432,139,3158,9,143,2024-06-11,In Progress,Financing,
10433,2392,984,1,138,2025-09-13,Completed,Insurance,5.0
10434,2361,3298,2,72,2023-03-06,Completed,Credit Card,3.0
10435,1126,1646,6,9,2025-05-13,Cancelled,,
10436,1634,2955,9,86,2024-01-11,Completed,Insurance,1.0
10437,2282,2417,3,113,2025-01-02,Completed,Debit Card,
10438,2842,1307,9,155,2023-07-04,Completed,Debit Card,4.0
10439,2611,325,9,81,2024-03-31,Cancelled,,
10440,1064,86,10,151,2025-12-28,Completed,Credit Card,5.0
10441,420,1838,1,113,2025-03-01,Completed,Insurance,
10442,1250,1032,11,3,2023-12-12,Completed,Financing,1.0
10443,298,230,2,129,2025-02-11,Completed,Credit Card,1.0
10444,201,1935,7,171,2024-06-13,In Progress,Insurance,
10445,612,2714,4,108,2023-01-29,Completed,Credit Card,1.0
10446,1984,438,2,135,2025-06-09,Completed,Insurance,5.0
10447,2825,1850,9,70,2023-09-23,Completed,Cash,
10448,2252,351,3,70,2024-02-21,Completed,Cash,2.0
10449,136,91,4,114,2025-11-22,Completed,Credit Card,
10450,2152,1426,1,178,2023-04-25,Completed,Credit Card,2.0
10451,2863,444,3,161,2023-11-09,Completed,Credit Card,
10452,570,2354,8,26,2023-12-16,Completed,Debit Card,2.0
10453,493,59,7,90,2025-01-20,Completed,Financing,5.0
10454,526,3366,8,50,2024-03-05,Completed,Credit Card,
10455,2228,386,4,168,2025-03-27,Completed,Debit Card,3.0
10456,2427,743,11,142,2024-01-24,Completed,Credit Card,3.0
10457,2391,1522,1,128,2024-02-05,Cancelled,,
10458,810,3226,5,65,2023-04-22,Completed,Debit Card,
10459,767,1235,8,153,2024-12-20,Cancelled,,
10460,1167,2882,10,18,2024-03-01,Completed,Financing,1.0
10461,548,3196,4,82,2023-12-23,Completed,Credit Card,
10462,1748,2738,1,179,2025-03-25,Completed,Insurance,3.0
10463,1047,2983,12,136,2025-11-25,Cancelled,,
10464,1544,2328,6,28,2023-09-04,In Progress,Credit Card,
10465,1960,1654,9,174,2023-09-13,Completed,Financing,1.0
10466,1522,3376,8,179,2025-11-09,Cancelled,,
10467,2571,1663,3,117,2025-11-13,Completed,Cash,2.0
10468,1840,77,12,92,2025-08-05,Completed,Cash,3.0
10469,604,2305,3,142,2024-03-22,Completed,Cash,2.0
10470,2570,1526,2,10,2024-10-30,Completed,Insurance,2.0
10471,1349,2776,3,146,2024-03-14,Completed,Credit Card,4.0
10472,1671,1416,2,36,2023-06-03,Cancelled,,
10473,309,1272,6,88,2024-03-19,In Progress,Insurance,
10474,2985,2626,1,60,2024-01-25,In Progress,Financing,
10475,2007,2843,1,66,2023-04-19,Completed,Insurance,5.0
10476,2462,3148,8,77,12/24/2024,Completed,Credit Card,4.0
10477,2824,3412,12,98,2023-12-26,Completed,Insurance,5.0
10478,1750,2387,9,176,2024-09-19,Completed,Insurance,5.0
10479,553,1178,8,75,2023-03-25,Completed,Cash,4.0
10480,639,1895,4,163,2025-07-23,Completed,Financing,
10481,161,134,11,150,2023-10-28,Completed,Cash,4.0
10482,470,2926,11,114,2025-10-20,Completed,Financing,
10483,766,537,1,140,2023-01-16,In Progress,Credit Card,
10484,1708,1565,9,119,2025-05-23,Completed,Insurance,4.0
10485,2337,662,10,93,2023-05-14,Cancelled,,
10486,2249,1955,3,46,2025-12-23,Completed,Insurance,4.0
10487,494,1445,12,144,2025-04-14,Completed,Insurance,3.0
10488,1953,98,9,69,2025-11-22,Completed,Debit Card,
10489,1648,1368,11,162,2025-08-23,Completed,Credit Card,
10490,2494,3051,4,48,2024-01-08,Completed,Credit Card,3.0
10491,1203,1408,11,142,2023-08-19,Completed,Insurance,4.0
10492,1473,2705,7,123,2024-09-03,In Progress,Insurance,
10493,2033,3445,1,152,2025-05-25,In Progress,Insurance,
10494,1691,1141,1,173,2025-09-28,Completed,Financing,4.0
10495,2024,1634,8,80,2023-05-11,Completed,Cash,
10496,1711,589,7,20,2024-07-25,In Progress,Financing,
10497,2336,1813,3,153,2024-03-24,Completed,Financing,5.0
10498,1014,1674,2,44,2024-12-07,In Progress,Credit Card,
10499,2269,1693,12,41,2024-09-24,Completed,Financing,
10500,2109,452,11,109,2023-08-26,In Progress,Credit Card,
10501,1838,2513,7,134,2024-09-27,Cancelled,,
10502,2174,3042,4,50,2024-03-21,Completed,Insurance,4.0
10503,195,2340,1,64,2025-11-11,Cancelled,,
10504,1104,3230,8,3,2023-03-26,In Progress,Cash,
10505,2444,3250,3,47,2025-02-22,In Progress,Debit Card,
10506,459,1064,10,64,2024-05-26,Completed,Debit Card,
10507,2230,3061,7,32,2025-10-21,Cancelled,,
10508,462,508,1,10,2024-01-09,Completed,Debit Card,5.0
10509,462,29,9,156,2025-03-04,Completed,Cash,2.0
10510,836,3089,4,13,2025-02-18,In Progress,Debit Card,
10511,2688,664,1,125,2025-11-03,Completed,Financing,
10512,803,195,11,61,2023-11-30,Completed,Credit Card,4.0
10513,698,2021,12,61,2024-10-29,Completed,Cash,4.0
10514,2710,2054,5,32,2025-11-06,Completed,Financing,3.0
10515,2606,2391,10,101,2023-07-02,Completed,Insurance,3.0
10516,2803,3203,6,26,2024-06-13,Completed,Debit Card,5.0
10517,253,516,2,32,2024-07-25,Completed,Credit Card,5.0
10518,1704,832,10,56,2023-08-27,In Progress,Debit Card,
10519,829,2695,4,10,2023-08-30,Completed,Credit Card,2.0
10520,2921,3176,3,170,2024-05-15,Cancelled,,
10521,1081,3447,11,78,2023-11-17,Completed,Insurance,3.0
10522,604,1190,5,158,2025-02-24,Completed,Cash,1.0
10523,2353,2835,6,32,2023-07-30,Completed,Debit Card,2.0
10524,2021,2053,3,93,2024-12-09,In Progress,Credit Card,
10525,1686,2295,4,12,2024-12-01,Completed,Cash,3.0
10526,2762,418,7,138,2024-06-21,In Progress,Insurance,
10527,2490,1703,8,71,2024-06-28,Completed,Financing,4.0
10528,139,3158,3,19,2025-02-03,Cancelled,,
10529,984,2461,4,131,2023-02-26,Completed,Cash,5.0
10530,2664,2111,3,19,2024-06-10,Completed,Insurance,2.0
10531,645,2220,9,149,2024-04-26,Completed,Debit Card,
10532,718,1539,5,68,2024-10-31,In Progress,Cash,
10533,1701,74,10,26,2023-10-03,Completed,Financing,
10534,2186,1784,5,174,2024-11-11,Completed,Insurance,
10535,1450,271,1,38,2024-06-20,Completed,Insurance,
10536,757,1241,5,43,2023-01-03,In Progress,Credit Card,
10537,1299,2786,1,31,2025-11-10,Completed,Credit Card,1.0
10538,1218,13,1,111,2023-08-22,Cancelled,,
10539,467,1736,12,98,2025-11-12,Completed,Debit Card,
10540,201,1935,9,123,2025-08-24,Completed,Insurance,4.0
10541,2986,267,12,116,2023-03-06,Completed,Financing,
10542,1837,1817,7,20,2024-01-21,Cancelled,,
10543,1283,2070,5,47,2025-04-05,In Progress,Insurance,
10544,2282,2417,4,82,2025-08-23,Completed,Debit Card,5.0
10545,837,2367,11,171,2025-08-30,Completed,Cash,4.0
10546,484,2222,5,104,2025-03-29,Completed,Credit Card,
10547,2156,129,9,25,2023-11-20,Completed,Credit Card,
10548,1493,320,4,174,2025-06-07,In Progress,Cash,
10549,1167,2882,8,61,2025-11-04,In Progress,Financing,
10550,1585,3435,6,78,2023-03-19,Completed,Credit Card,3.0
10551,2576,51,9,80,2025-09-26,Completed,Insurance,3.0
10552,132,3279,10,142,2023-02-07,Completed,Credit Card,1.0
10553,79,3156,10,104,2025-05-27,Completed,Financing,2.0
10554,1896,1633,9,127,2023-05-05,Completed,Financing,
10555,419,3324,2,67,2025-06-28,In Progress,Cash,
10556,734,871,10,94,2024-02-22,Cancelled,,
10557,236,382,5,120,2024-04-15,Completed,Cash,2.0
10558,237,2171,2,68,2023-12-26,Completed,Insurance,
10559,1216,2162,8,38,2025-02-10,Completed,Financing,
10560,1670,603,12,78,2024-07-20,Completed,Financing,
10561,1322,2200,9,148,2023-11-16,Completed,Credit Card,1.0
10562,1039,650,4,94,2024-08-11,Completed,Debit Card,
10563,220,3254,10,39,2024-12-18,Completed,Financing,4.0
10564,2386,2429,5,58,2025-05-13,Completed,Insurance,2.0
10565,745,420,2,64,2025-05-04,Completed,Financing,
10566,536,1766,7,23,2024-12-11,Completed,Insurance,4.0
10567,741,299,1,92,2025-11-23,Completed,Credit Card,4.0
10568,655,1116,4,118,2024-08-21,Completed,Financing,
10569,789,1621,4,103,2024-06-01,In Progress,Insurance,
10570,1470,2845,7,128,2024-01-13,Completed,Financing,1.0
10571,2941,2616,7,130,2025-05-02,Completed,Financing,
10572,349,2802,2,71,2023-07-08,Completed,Cash,2.0
10573,2005,3185,10,130,2023-09-25,Completed,Debit Card,4.0
10574,2858,2221,9,7,2025-09-05,Completed,Credit Card,4.0
10575,1660,3171,11,110,2024-05-21,Cancelled,,
10576,675,90,6,162,2023-12-25,Cancelled,,
10577,1563,803,9,13,2024-02-09,Completed,Debit Card,1.0
10578,1404,1473,9,86,2025-05-15,Completed,Credit Card,2.0
10579,56,688,2,161,2024-12-27,Completed,Debit Card,5.0
10580,2664,178,12,116,2025-08-23,Completed,Cash,5.0
10581,79,3156,3,121,2023-12-30,Completed,Financing,
10582,56,1491,1,175,2023-01-05,In Progress,Credit Card,
10583,2770,2785,1,91,2023-08-30,Cancelled,,
10584,2425,1313,10,84,2023-07-23,Completed,Credit Card,2.0
10585,2187,1919,3,70,09/08/2023,Completed,Debit Card,3.0
10586,1341,2702,10,4,2024-08-06,In Progress,Cash,
10587,2181,478,10,115,2024-05-07,In Progress,Cash,
10588,665,658,2,167,2025-01-09,Completed,Insurance,1.0
10589,735,769,7,130,2025-09-08,Completed,Cash,
10590,287,1114,2,56,2024-03-30,Completed,Financing,2.0
10591,2845,2614,10,177,2024-02-07,In Progress,Debit Card,
10592,1258,3139,1,97,2024-06-06,Completed,Cash,4.0
10593,2704,883,8,128,2023-04-29,Completed,Cash,
10594,1298,388,6,146,2023-11-23,Completed,Credit Card,3.0
10595,1393,1950,5,45,2025-02-12,Completed,Credit Card,
10596,810,3226,11,108,2024-02-17,Cancelled,,
10597,1438,3256,10,30,2024-01-26,Completed,Credit Card,4.0
10598,528,1732,6,46,2023-03-06,Completed,Credit Card,4.0
10599,2922,2805,12,40,2025-07-24,Completed,Debit Card,3.0
10600,1154,619,6,38,2023-06-10,Completed,Debit Card,3.0
10601,2755,3202,2,31,2024-03-17,In Progress,Cash,
10602,1544,1619,2,104,2025-08-18,Completed,Insurance,4.0
10603,685,62,4,107,2024-11-09,Completed,Cash,
10604,653,530,3,177,2025-11-23,Completed,Cash,1.0
10605,1627,687,10,94,2023-11-16,Completed,Insurance,
10606,2346,327,10,118,2024-12-21,Completed,Credit Card,
10607,418,836,4,103,2024-12-16,Completed,Insurance,
10608,1245,2722,3,90,2024-01-31,Cancelled,,
10609,2072,826,12,142,2025-01-10,Completed,Insurance,
10610,757,1241,3,125,2025-08-10,Completed,Insurance,
10611,444,1945,5,174,2023-09-16,Completed,Debit Card,
10612,2673,1430,11,22,2024-02-17,Completed,Credit Card,
10613,1625,795,9,86,2023-06-18,Completed,Credit Card,2.0
10614,656,1273,2,31,2024-11-16,Completed,Cash,
10615,1260,747,10,139,2025-05-12,Completed,Credit Card,1.0
10616,526,3366,7,2,2023-02-14,In Progress,Cash,
10617,1814,362,12,46,2025-01-10,Completed,Financing,
10618,2398,1196,3,129,2025-06-23,Completed,Debit Card,3.0
10619,78,2840,3,21,03/09/2023,Completed,Credit Card,2.0
10620,869,510,1,160,2025-02-23,Completed,Financing,
10621,1496,2459,6,164,2025-04-10,Cancelled,,
10622,2373,2208,5,170,2024-08-14,Completed,Cash,
10623,1991,2710,10,20,2024-05-14,Cancelled,,
10624,1203,1408,1,91,2023-04-10,Completed,Credit Card,4.0
10625,2369,1140,9,69,2025-07-31,Completed,Debit Card,3.0
10626,2742,2472,3,133,2024-05-21,In Progress,Financing,
10627,143,677,6,179,01/29/2023,Cancelled,,
10628,1097,43,5,177,2025-04-17,Completed,Cash,
10629,1833,2672,8,102,2025-11-07,Completed,Credit Card,4.0
10630,2112,399,6,20,2023-02-11,Completed,Debit Card,2.0
10631,1110,682,3,49,2024-10-15,In Progress,Financing,
10632,1633,916,2,11,2024-12-20,Completed,Insurance,4.0
10633,396,876,2,47,2023-11-29,Completed,Financing,
10634,1182,3391,8,101,2024-04-29,Completed,Cash,4.0
10635,448,558,6,17,2023-06-21,Cancelled,,
10636,1600,239,3,168,2024-08-21,Completed,Insurance,3.0
10637,1893,986,3,153,2025-08-03,Cancelled,,
10638,2262,802,3,70,2023-09-06,Completed,Credit Card,2.0
10639,2246,3062,12,121,2025-11-03,Cancelled,,
10640,2946,95,3,147,2024-04-16,Completed,Cash,
10641,2776,1890,8,100,2025-01-01,In Progress,Insurance,
10642,2062,2937,1,102,2023-09-14,Completed,Debit Card,5.0
10643,1606,2188,11,179,2024-04-12,Completed,Debit Card,
10644,2645,2260,11,13,2025-01-01,Completed,Credit Card,
10645,2044,1891,10,6,2025-08-31,Cancelled,,
10646,2842,1307,9,155,2023-02-09,Completed,Insurance,2.0
10647,1210,1504,9,171,2025-12-02,In Progress,Cash,
10648,2652,2623,5,34,2023-08-10,Completed,Financing,2.0
10649,1312,2978,12,86,2024-07-05,Completed,Insurance,
10650,2931,1323,8,52,2024-08-11,In Progress,Cash,
10651,2258,3286,12,6,2025-11-03,In Progress,Debit Card,
10652,948,145,11,25,2024-06-05,Cancelled,,
10653,29,3224,8,120,2025-10-17,Completed,Credit Card,1.0
10654,1781,2678,1,140,2025-10-26,Completed,Cash,3.0
10655,945,2464,5,37,2023-01-12,In Progress,Insurance,
10656,1813,3449,2,121,2024-07-18,Completed,Financing,2.0
10657,1421,1518,7,81,2025-01-23,Completed,Debit Card,4.0
10658,1139,1690,2,23,2025-03-24,Completed,Financing,1.0
10659,2757,1370,8,92,2025-10-30,Completed,Debit Card,4.0
10660,2340,1280,5,141,2023-03-12,Completed,Credit Card,3.0
10661,26,1065,7,94,2025-07-03,Completed,Insurance,1.0
10662,357,1248,8,23,2025-08-14,Completed,Insurance,5.0
10663,1891,2677,1,3,2023-11-13,Completed,Cash,
10664,2054,1978,10,54,2025-01-16,Completed,Debit Card,
10665,1589,1910,11,74,2025-09-15,Cancelled,,
10666,1075,2706,3,96,2023-05-27,Cancelled,,
10667,313,143,3,144,2025-03-02,In Progress,Credit Card,
10668,1884,1858,5,113,2025-04-18,Completed,Debit Card,5.0
10669,2036,2569,1,147,2025-03-20,Completed,Cash,1.0
10670,2710,2491,7,40,2025-04-20,Completed,Debit Card,
10671,1364,3141,2,85,2023-12-21,Completed,Credit Card,3.0
10672,1186,2723,6,101,2025-09-21,Completed,Financing,4.0
10673,1561,3066,2,147,2025-07-02,Completed,Financing,2.0
10674,1073,922,3,134,2024-09-13,Cancelled,,
10675,1786,2658,3,142,2024-04-01,Completed,Debit Card,
10676,990,2081,9,174,2024-01-02,Cancelled,,
10677,2804,2154,4,67,2023-10-16,Completed,Credit Card,2.0
10678,2404,1226,5,137,2025-09-23,Completed,Financing,5.0
10679,872,924,10,37,2023-12-18,Completed,Insurance,
10680,113,789,12,142,2024-06-18,In Progress,Cash,
10681,881,3194,9,55,2024-08-29,Completed,Debit Card,2.0
10682,1773,2182,10,124,2024-02-18,Completed,Credit Card,
10683,1259,2339,1,44,2024-05-31,In Progress,Cash,
10684,173,153,6,22,2025-08-19,Completed,Financing,
10685,2399,3153,8,65,2024-05-26,Completed,Financing,3.0
10686,2418,2045,11,108,2023-04-21,Completed,Credit Card,
10687,2178,1859,5,16,2024-12-26,Completed,Credit Card,4.0
10688,1827,2421,1,162,2023-06-13,Completed,Debit Card,2.0
10689,252,2784,1,118,2023-12-13,In Progress,Debit Card,
10690,1893,1247,5,33,2023-11-10,Completed,Debit Card,5.0
10691,2175,695,8,10,2023-05-16,In Progress,Debit Card,
10692,2632,781,1,169,2023-02-06,Completed,Credit Card,
10693,2179,2165,12,151,2024-10-15,Completed,Financing,1.0
10694,437,4,12,112,2024-11-12,Completed,Insurance,1.0
10695,2724,1775,3,146,2024-10-04,In Progress,Insurance,
10696,1044,2856,8,37,2024-03-07,Completed,Debit Card,1.0
10697,2742,1020,3,3,2025-01-03,Completed,Insurance,4.0
10698,228,1437,10,1,2025-01-22,Completed,Debit Card,1.0
10699,1672,1489,11,64,2025-05-19,Completed,Debit Card,1.0
10700,2072,720,12,39,2025-04-11,In Progress,Financing,
10701,2518,163,8,49,2023-12-11,Completed,Credit Card,4.0
10702,65,2056,2,80,2024-10-25,In Progress,Cash,
10703,123,2696,5,169,2024-06-28,Completed,Debit Card,4.0
10704,2554,1253,7,152,2024-04-09,Completed,Debit Card,
10705,2863,444,7,109,2025-02-06,Cancelled,,
10706,2807,1240,12,12,2024-05-29,Completed,Debit Card,
10707,194,481,4,126,2023-12-04,Cancelled,,
10708,931,2055,12,12,2024-03-17,Completed,Cash,
10709,2072,1254,11,26,2025-07-24,In Progress,Insurance,
10710,1730,89,12,108,2024-06-08,Completed,Debit Card,
10711,2098,1034,7,8,2023-04-21,Completed,Debit Card,
10712,850,2158,3,50,2023-06-28,In Progress,Insurance,
10713,2584,19,9,72,2024-08-02,In Progress,Debit Card,
10714,22,1244,10,143,2023-08-21,In Progress,Insurance,
10715,1569,1130,8,45,2024-06-28,Cancelled,,
10716,2859,1848,2,13,2024-05-12,Completed,Financing,1.0
10717,2777,3439,6,132,2025-09-03,Completed,Cash,
10718,159,366,2,96,2023-04-03,Cancelled,,
10719,423,2224,9,142,2023-12-30,In Progress,Debit Card,
10720,310,1062,9,171,2023-02-06,Cancelled,,
10721,2872,3317,7,105,2025-04-14,Completed,Cash,5.0
10722,479,898,9,47,2023-01-31,Completed,Credit Card,5.0
10723,175,866,5,52,2024-09-12,Completed,Cash,
10724,532,1492,11,154,2023-03-01,Completed,Cash,
10725,684,1039,4,16,2023-08-21,Completed,Cash,2.0
10726,2441,2668,8,147,2025-11-02,Completed,Debit Card,1.0
10727,7,2489,1,1,2025-03-10,In Progress,Debit Card,
10728,173,1953,4,62,2023-04-14,In Progress,Cash,
10729,2358,999,7,11,2023-11-03,Completed,Financing,
10730,934,477,2,148,2023-06-24,Completed,Insurance,
10731,380,3359,8,167,2023-09-22,In Progress,Cash,
10732,471,2191,6,17,2024-04-14,Completed,Cash,
10733,2516,354,10,105,2024-06-02,In Progress,Financing,
10734,2616,3266,2,27,02/08/2024,In Progress,Financing,
10735,1188,917,1,139,2025-12-19,In Progress,Financing,
10736,1612,227,4,118,2025-04-17,Completed,Debit Card,4.0
10737,2803,3203,2,59,2025-05-30,Completed,Financing,
10738,2222,3271,7,147,2023-11-16,Completed,Financing,1.0
10739,2124,2608,9,12,2023-02-11,Completed,Cash,2.0
10740,1231,1524,5,136,2024-10-07,In Progress,Financing,
10741,1646,2460,2,133,2025-09-13,Completed,Debit Card,4.0
10742,2358,3297,3,150,2024-05-31,Completed,Insurance,2.0
10743,1707,3182,3,63,2024-11-26,Completed,Credit Card,
10744,1755,1579,8,135,2025-10-13,Completed,Credit Card,1.0
10745,2967,2715,1,62,10/03/2024,Completed,Financing,3.0
10746,1345,2246,3,12,2024-07-03,Cancelled,,
10747,120,2790,9,50,2023-06-15,Completed,Cash,
10748,1969,1620,6,2,2025-09-10,Completed,Insurance,
10749,1735,2508,3,144,2023-09-25,Completed,Debit Card,
10750,3,587,3,15,2023-07-02,Completed,Financing,2.0
10751,2720,1961,1,162,2023-09-27,Completed,Cash,
10752,1447,3397,4,7,2023-11-26,Completed,Insurance,
10753,1438,1125,5,144,2025-02-02,Completed,Credit Card,4.0
10754,2328,1942,10,44,2025-04-07,Completed,Cash,5.0
10755,1945,1161,10,128,2025-02-17,Completed,Cash,2.0
10756,124,3014,2,109,2025-07-01,Completed,Credit Card,1.0
10757,1809,1285,1,139,2024-11-27,Completed,Credit Card,
10758,536,649,2,74,2025-11-09,In Progress,Credit Card,
10759,777,1963,10,135,2024-12-16,Completed,Credit Card,2.0
10760,1758,1760,10,105,2023-02-12,Completed,Financing,
10761,2326,1781,2,52,2025-07-30,Cancelled,,
10762,650,2601,8,139,2023-07-27,Completed,Debit Card,1.0
10763,1108,2215,11,84,2025-08-03,Completed,Cash,4.0
10764,1701,74,7,111,2023-04-07,In Progress,Financing,
10765,1548,102,4,19,2025-08-25,Completed,Cash,
10766,1147,2526,8,80,2023-03-18,Completed,Cash,2.0
10767,635,503,4,73,2024-10-30,In Progress,Financing,
10768,1114,1949,12,149,2024-12-28,Completed,Cash,
10769,1465,1261,10,45,2025-05-09,Cancelled,,
10770,1585,3435,12,170,2024-12-04,Completed,Debit Card,
10771,2262,2854,5,34,2025-03-27,Completed,Financing,5.0
10772,2707,2848,2,83,2023-06-03,Completed,Financing,2.0
10773,2441,2668,10,15,2023-07-31,Completed,Debit Card,
10774,1771,2628,4,85,2023-10-27,Completed,Insurance,1.0
10775,1496,225,8,65,2024-08-07,Completed,Financing,1.0
10776,2541,3331,7,15,2023-09-07,Cancelled,,
10777,478,3093,11,138,2025-04-10,Completed,Cash,4.0
10778,1729,1964,6,27,2024-10-30,Completed,Credit Card,
10779,1150,1400,11,59,2023-03-22,Completed,Cash,
10780,2424,2372,8,90,2023-11-18,Completed,Cash,
10781,2098,1856,11,16,2023-05-06,Completed,Insurance,
10782,368,169,9,112,2024-07-20,In Progress,Cash,
10783,299,3181,6,143,03/20/2025,Completed,Financing,5.0
10784,2165,893,11,52,2023-02-17,In Progress,Cash,
10785,2625,2347,1,76,2025-08-11,Cancelled,,
10786,2443,2860,12,144,2023-06-25,Completed,Debit Card,
10787,2122,83,12,109,2023-09-26,Cancelled,,
10788,1632,1549,4,135,2024-08-20,In Progress,Financing,
10789,1129,212,11,156,2024-05-27,In Progress,Debit Card,
10790,1956,1484,2,37,2023-07-24,Completed,Cash,1.0
10791,907,774,7,36,2023-06-15,Completed,Financing,4.0
10792,2019,1926,3,127,2023-01-01,Cancelled,,
10793,2763,3030,9,75,2024-05-23,Completed,Debit Card,1.0
10794,1558,411,7,60,2023-09-07,Completed,Insurance,1.0
10795,1848,2313,2,62,2025-11-23,In Progress,Insurance,
10796,2224,2256,4,131,2024-01-20,Completed,Insurance,4.0
10797,2011,1907,4,50,2023-04-29,Completed,Credit Card,5.0
10798,1370,544,9,175,2025-05-13,Completed,Insurance,2.0
10799,2270,529,8,162,2024-12-19,Completed,Debit Card,5.0
10800,1671,1416,1,152,2025-08-11,In Progress,Credit Card,
10801,1189,1353,9,161,2023-03-29,Completed,Insurance,5.0
10802,176,283,10,92,2023-07-04,Cancelled,,
10803,1437,2269,4,67,2024-06-04,Completed,Cash,4.0
10804,1842,1377,3,47,2023-07-09,Completed,Financing,
10805,982,1157,4,137,2023-02-09,Completed,Insurance,1.0
10806,2846,3356,10,152,2023-07-16,Cancelled,,
10807,854,1670,1,100,2023-08-26,Cancelled,,
10808,859,1793,6,173,2024-05-07,Completed,Debit Card,2.0
10809,577,1981,1,130,2025-06-06,Cancelled,,
10810,381,333,12,106,2024-03-04,Cancelled,,
10811,1766,3332,10,152,2025-01-16,In Progress,Credit Card,
10812,2815,2350,10,164,2025-05-10,Cancelled,,
10813,2100,501,10,82,2023-08-30,Completed,Insurance,5.0
10814,2362,332,12,143,2024-06-01,Completed,Debit Card,1.0
10815,391,1878,1,134,2023-01-09,Completed,Credit Card,4.0
10816,1973,1363,10,4,2023-09-24,Completed,Cash,5.0
10817,2026,2069,7,24,2024-03-21,Completed,Cash,1.0
10818,2842,2935,10,9,2025-08-23,Cancelled,,
10819,2134,3407,9,17,2025-12-29,Cancelled,,
10820,1650,1212,8,49,2025-11-03,Completed,Credit Card,4.0
10821,2043,1195,8,173,2024-05-21,Completed,Insurance,5.0
10822,2339,2103,1,173,2023-08-01,Completed,Credit Card,1.0
10823,2085,187,8,133,2025-06-25,In Progress,Credit Card,
10824,740,314,8,112,2024-10-18,Completed,Insurance,5.0
10825,649,1014,5,98,2023-09-21,In Progress,Credit Card,
10826,2182,1000,6,24,2023-06-23,Completed,Credit Card,
10827,2967,31,4,146,2025-11-13,Completed,Insurance,
10828,706,496,7,3,2023-10-24,Completed,Cash,3.0
10829,158,2110,9,101,2025-06-19,In Progress,Credit Card,
10830,673,3200,1,17,2024-10-20,Completed,Insurance,4.0
10831,2304,556,8,133,2023-03-08,Completed,Cash,
10832,2621,2834,3,143,2023-01-09,Completed,Cash,5.0
10833,2062,2937,11,78,2023-03-31,Completed,Insurance,
10834,1942,1528,10,177,2023-01-02,Cancelled,,
10835,1366,54,12,100,2024-05-25,Completed,Debit Card,
10836,1913,3438,11,167,2023-10-09,Completed,Cash,
10837,1558,411,7,50,2023-10-13,Completed,Financing,2.0
10838,27,3396,9,115,2024-11-23,Completed,Insurance,1.0
10839,2200,1076,9,61,2023-03-05,Completed,Financing,
10840,2090,1412,5,104,2023-09-11,Completed,Cash,5.0
10841,730,2185,3,2,2025-09-02,Completed,Debit Card,2.0
10842,136,491,9,94,2023-08-06,Completed,Financing,1.0
10843,2122,83,11,15,2024-04-03,Cancelled,,
10844,2347,2353,9,60,2025-12-20,Completed,Cash,2.0
10845,2709,2068,7,68,2024-09-05,Completed,Financing,3.0
10846,2054,1978,7,76,2025-05-30,Completed,Financing,
10847,2796,2512,4,148,2024-09-12,Completed,Credit Card,3.0
10848,2989,303,11,156,2025-06-23,Cancelled,,
10849,1709,3364,5,36,2024-11-11,Completed,Credit Card,5.0
10850,1216,1436,3,88,2023-10-11,Completed,Debit Card,4.0
10851,678,413,6,97,2023-12-09,Completed,Insurance,5.0
10852,2999,3349,8,150,02/20/2023,Completed,Cash,
10853,1795,804,10,47,2024-05-29,Cancelled,,
10854,2578,1897,7,52,2025-01-16,In Progress,Insurance,
10855,484,2222,10,136,2023-11-06,Completed,Financing,2.0
10856,1561,3214,3,123,2025-02-24,In Progress,Insurance,
10857,754,1911,6,55,2025-10-23,Completed,Debit Card,3.0
10858,1714,2537,1,153,2025-09-15,Completed,Cash,
10859,1239,2315,1,55,2023-04-27,Completed,Financing,
10860,305,2465,8,122,2023-01-18,Completed,Debit Card,1.0
10861,2757,1370,3,29,2024-06-29,Completed,Cash,5.0
10862,305,3303,10,8,2023-12-24,Completed,Debit Card,1.0
10863,896,1667,9,104,2023-03-13,Completed,Debit Card,4.0
10864,148,646,12,28,2023-09-06,Completed,Insurance,
10865,2386,1668,10,91,2024-12-31,Completed,Credit Card,3.0
10866,1156,1564,10,85,2025-12-30,Completed,Insurance,1.0
10867,1695,2319,1,159,2023-05-23,Completed,Insurance,3.0
10868,2646,2064,5,147,2023-06-20,Completed,Insurance,
10869,2170,1789,4,114,2024-05-02,Completed,Debit Card,
10870,775,1421,7,14,2023-07-12,Cancelled,,
10871,2128,152,8,65,2023-11-06,Completed,Debit Card,1.0
10872,1051,562,3,159,2023-06-17,Completed,Insurance,4.0
10873,1784,573,8,70,2023-04-17,Completed,Insurance,2.0
10874,2903,1881,11,83,2025-11-14,Completed,Financing,3.0
10875,1815,2861,9,97,2024-01-05,Completed,Credit Card,4.0
10876,1768,536,8,162,2025-07-20,Completed,Financing,
10877,2262,802,9,138,2023-07-21,Completed,Insurance,
10878,493,407,12,111,2023-06-17,Completed,Cash,
10879,959,531,7,161,2025-09-23,Completed,Financing,4.0
10880,1532,2322,2,68,2025-02-27,Cancelled,,
10881,416,1651,10,25,2024-08-19,Completed,Cash,4.0
10882,1342,968,11,125,2025-02-08,Completed,Cash,4.0
10883,2694,1404,10,173,2024-03-29,Completed,Debit Card,
10884,576,2099,4,37,2024-11-29,Completed,Financing,
10885,1964,2814,2,48,2025-03-01,Completed,Insurance,1.0
10886,795,2116,3,66,2024-04-02,Completed,Insurance,
10887,2606,2391,3,11,2024-01-10,Completed,Insurance,2.0
10888,2508,2238,6,155,2025-10-17,Completed,Cash,
10889,1258,909,10,92,2025-05-25,Cancelled,,
10890,895,58,7,61,2023-07-15,Completed,Cash,3.0
10891,2084,2369,5,1,2023-08-26,Completed,Cash,2.0
10892,2776,1890,12,109,2023-10-06,In Progress,Financing,
10893,1707,2943,11,124,2025-12-15,Completed,Debit Card,
10894,2058,2728,7,17,2023-11-27,Completed,Debit Card,
10895,2336,1334,7,114,2023-04-07,Cancelled,,
10896,2605,1900,7,162,2025-07-12,Completed,Cash,
10897,1119,2134,5,6,2025-03-23,Completed,Financing,
10898,1967,2755,12,21,2023-07-06,Completed,Debit Card,
10899,333,3284,6,94,05/12/2024,Cancelled,,
10900,1809,2942,2,68,2023-01-02,Completed,Credit Card,2.0
10901,1182,941,3,179,2024-01-03,Completed,Insurance,2.0
10902,2615,867,8,137,2024-05-21,Completed,Financing,5.0
10903,2275,3420,9,73,2024-12-18,In Progress,Insurance,
10904,2899,3410,8,25,2023-12-29,Completed,Debit Card,
10905,838,431,6,149,2024-06-01,Completed,Credit Card,
10906,2744,302,10,110,2025-05-30,Completed,Insurance,
10907,611,3077,6,108,2025-05-29,Cancelled,,
10908,1283,2282,2,50,2024-09-24,In Progress,Insurance,
10909,1527,2679,6,71,06/01/2024,Cancelled,,
10910,717,506,12,166,2024-09-16,Completed,Cash,
10911,1564,634,7,14,2024-04-22,Completed,Financing,
10912,293,845,7,98,2023-05-02,In Progress,Credit Card,
10913,2312,3258,8,99,2025-09-03,In Progress,Debit Card,
10914,1058,725,8,65,2023-08-29,Completed,Debit Card,
10915,1470,1867,6,167,2023-01-17,Cancelled,,
10916,2715,3316,7,43,2023-02-03,Completed,Insurance,
10917,396,876,5,19,2025-05-14,Completed,Debit Card,2.0
10918,1087,2939,12,167,2024-12-18,In Progress,Debit Card,
10919,1566,392,6,157,2024-10-10,In Progress,Debit Card,
10920,265,109,5,99,2023-06-08,Cancelled,,
10921,2942,113,8,131,2025-02-16,Completed,Cash,
10922,96,1152,9,18,2024-04-14,Completed,Financing,
10923,718,1539,4,118,2023-09-11,Completed,Credit Card,
10924,2424,2372,5,124,2023-10-21,Completed,Cash,2.0
10925,873,2131,11,74,2023-12-31,Cancelled,,
10926,167,661,10,84,2024-04-23,Completed,Insurance,
10927,614,3149,7,121,2025-04-14,In Progress,Credit Card,
10928,1230,374,8,80,2023-12-06,Completed,Debit Card,
10929,810,3402,1,91,2024-10-22,In Progress,Debit Card,
10930,849,451,5,121,2023-08-05,Completed,Financing,
10931,2218,928,4,57,2023-10-04,Completed,Credit Card,4.0
10932,2339,2633,6,40,2023-11-13,Cancelled,,
10933,2602,939,3,73,2024-05-20,In Progress,Debit Card,
10934,2072,1254,5,27,2023-05-26,Completed,Insurance,2.0
10935,1226,987,11,34,2024-04-08,Completed,Cash,
10936,1812,3100,9,25,2023-08-04,Completed,Debit Card,2.0
10937,997,1717,6,15,2024-07-15,Completed,Cash,
10938,136,2557,2,38,2023-05-15,Completed,Credit Card,2.0
10939,898,574,3,21,2024-02-02,Completed,Financing,1.0
10940,1239,2770,2,120,2025-04-02,Completed,Cash,2.0
10941,1846,3394,8,30,2025-04-14,Completed,Credit Card,
10942,2942,113,1,103,2025-11-18,Cancelled,,
10943,2265,1252,5,112,2025-06-10,Completed,Debit Card,2.0
10944,1482,2114,5,88,2024-03-17,Completed,Financing,2.0
10945,1059,1165,5,140,2023-07-02,Completed,Credit Card,
10946,2520,1988,2,116,2024-01-12,Completed,Financing,
10947,1500,3063,9,137,2023-11-03,Cancelled,,
10948,2166,162,12,15,2024-06-22,Completed,Financing,
10949,2208,94,7,78,2024-10-24,Cancelled,,
10950,1438,3256,4,16,2024-09-19,In Progress,Insurance,
10951,1656,1233,9,131,2023-08-18,In Progress,Insurance,
10952,250,1121,4,117,2023-07-31,Completed,Debit Card,
10953,2704,1470,3,154,2023-06-19,Completed,Insurance,5.0
10954,1659,2434,5,63,2025-08-31,Completed,Insurance,4.0
10955,2409,1422,8,149,2024-01-26,Completed,Debit Card,1.0
10956,684,1039,8,173,2025-09-08,Completed,Insurance,4.0
10957,341,2962,4,36,2024-05-10,In Progress,Cash,
10958,2858,2221,3,9,2025-09-19,Completed,Insurance,1.0
10959,74,2051,3,26,2025-03-20,Cancelled,,
10960,1442,1409,6,23,2025-01-08,In Progress,Cash,
10961,1624,3128,4,54,2025-11-10,In Progress,Financing,
10962,1380,786,5,79,2025-11-11,Completed,Insurance,5.0
10963,154,1661,11,71,2024-05-14,In Progress,Insurance,
10964,2401,757,2,137,2023-05-31,Completed,Financing,
10965,1659,3243,1,112,2023-01-29,In Progress,Debit Card,
10966,1133,1617,5,67,2023-09-10,Completed,Insurance,2.0
10967,374,1787,11,22,2023-12-24,In Progress,Credit Card,
10968,1394,976,8,154,2023-07-29,Completed,Financing,
10969,1549,758,8,73,2025-10-26,Completed,Insurance,1.0
10970,1509,696,2,151,2024-11-11,Completed,Credit Card,
10971,2803,2284,6,159,2023-07-26,Cancelled,,
10972,503,3288,7,72,2025-04-20,In Progress,Insurance,
10973,2720,1961,2,20,2023-06-19,Completed,Credit Card,
10974,2414,1563,9,164,2023-07-05,Completed,Debit Card,4.0
10975,110,2948,11,133,2023-08-17,Completed,Debit Card,2.0
10976,2351,1769,10,107,2023-11-10,Completed,Credit Card,3.0
10977,2498,421,8,111,2025-04-05,Completed,Debit Card,
10978,102,375,10,12,2023-02-05,Completed,Cash,
10979,2435,2462,7,150,2025-09-29,Completed,Insurance,1.0
10980,1692,1107,12,113,2025-03-13,Completed,Cash,
10981,1059,1165,10,34,2024-06-19,In Progress,Credit Card,
10982,291,2737,8,124,2024-03-25,Completed,Insurance,3.0
10983,1073,922,6,53,03/11/2025,Completed,Financing,1.0
10984,895,58,3,93,2025-02-28,Cancelled,,
10985,236,382,9,163,2023-03-19,Completed,Cash,5.0
10986,360,2780,10,107,2024-10-25,Completed,Cash,2.0
10987,2804,2154,8,117,2024-01-04,Completed,Credit Card,
10988,1564,3183,12,105,2025-11-05,Completed,Financing,
10989,1278,14,4,110,2025-04-19,Cancelled,,
10990,2054,1104,7,36,2025-11-06,Completed,Insurance,5.0
10991,2771,2851,8,54,2025-05-17,In Progress,Insurance,
10992,1375,1940,1,153,2023-04-27,In Progress,Debit Card,
10993,1019,1092,6,112,2025-08-23,Completed,Debit Card,2.0
10994,948,145,9,90,2023-03-12,Completed,Debit Card,
10995,1074,974,12,124,2025-02-24,Completed,Credit Card,
10996,2125,125,11,27,2024-12-04,Completed,Credit Card,5.0
10997,29,2871,3,132,2024-02-10,Completed,Insurance,4.0
10998,932,1115,3,16,2024-06-08,Completed,Cash,
10999,1385,3146,11,113,2024-10-07,Completed,Cash,
11000,2174,1946,5,46,2025-11-21,Cancelled,,
11001,1262,1352,5,166,11/29/2024,Completed,Insurance,4.0
11002,2332,1556,7,77,09/22/2025,Cancelled,,
11003,2946,1396,12,143,2025-07-18,Completed,Insurance,2.0
11004,975,2585,7,155,2024-12-05,In Progress,Credit Card,
11005,470,2011,12,83,2023-12-06,Cancelled,,
11006,2507,135,3,27,2024-01-28,Completed,Debit Card,
11007,2076,2067,11,153,2025-06-11,In Progress,Financing,
11008,1334,705,7,173,2024-06-15,Completed,Debit Card,4.0
11009,7,526,2,172,2025-08-23,In Progress,Credit Card,
11010,1743,708,8,67,2024-05-06,Completed,Debit Card,
11011,1723,1358,4,155,2024-04-03,Cancelled,,
11012,1659,2783,9,137,2023-09-22,Completed,Financing,
11013,646,782,9,15,2025-08-30,Completed,Debit Card,5.0
11014,7,2385,2,13,2024-06-08,Completed,Cash,2.0
11015,2959,3035,10,150,2024-10-15,Completed,Financing,3.0
11016,487,3011,6,28,2025-12-12,In Progress,Cash,
11017,1664,3333,4,100,2024-04-12,Cancelled,,
11018,2158,2017,2,55,2025-03-25,Cancelled,,
11019,359,971,3,22,2025-09-22,Completed,Financing,1.0
11020,836,3089,12,77,2024-01-06,Completed,Cash,1.0
11021,1412,2809,4,55,2023-07-15,Completed,Financing,5.0
11022,1646,2460,7,151,2024-11-06,Completed,Insurance,5.0
11023,462,508,1,46,2025-02-24,In Progress,Debit Card,
11024,451,1699,5,9,2025-03-29,In Progress,Financing,
11025,2062,2937,9,61,2025-08-06,Completed,Cash,3.0
11026,2478,1057,9,115,2024-06-25,Completed,Financing,5.0
11027,1734,1517,9,61,2025-12-03,Completed,Insurance,1.0
11028,2832,1785,12,174,2024-07-04,In Progress,Cash,
11029,1264,1657,7,111,2023-01-21,Cancelled,,
11030,1979,2167,5,81,2025-09-05,In Progress,Cash,
11031,1014,1674,7,15,2023-04-27,Cancelled,,
11032,2701,2867,12,50,2025-10-20,Completed,Debit Card,2.0
11033,2021,1453,11,83,2023-04-30,Cancelled,,
11034,1406,2261,7,7,2024-06-23,Completed,Insurance,4.0
11035,2519,953,12,18,02/19/2025,In Progress,Cash,
11036,1401,1862,10,140,2025-06-12,In Progress,Cash,
11037,516,3043,5,71,2023-05-26,Completed,Debit Card,
11038,2056,1792,7,150,2025-05-19,Cancelled,,
11039,906,3238,8,72,2023-10-02,In Progress,Insurance,
11040,54,1679,3,143,2024-05-01,Completed,Credit Card,1.0
11041,1082,3393,2,35,2024-10-23,In Progress,Credit Card,
11042,1786,2105,5,98,2024-08-15,Cancelled,,
11043,2821,1500,4,9,2024-02-22,Completed,Credit Card,1.0
11044,1508,689,11,145,2024-10-30,Completed,Insurance,3.0
11045,556,1825,7,74,2023-02-18,In Progress,Financing,
11046,2541,748,11,125,2024-08-16,Completed,Financing,3.0
11047,2664,436,4,142,2024-02-21,Completed,Cash,
11048,2696,1481,6,170,2024-11-15,Completed,Cash,
11049,214,2334,10,83,2024-11-17,Completed,Insurance,
11050,1304,2397,12,154,2023-09-29,Completed,Financing,
11051,2270,529,10,121,2024-03-23,In Progress,Insurance,
11052,934,1681,5,178,2025-06-28,Completed,Debit Card,3.0
11053,357,2336,5,11,2023-08-19,Cancelled,,
11054,763,1924,6,81,2024-12-15,Cancelled,,
11055,2278,1424,2,136,2024-01-25,Completed,Credit Card,3.0
11056,1493,2968,2,136,2023-07-16,Completed,Debit Card,2.0
11057,423,2224,5,122,2025-05-01,Cancelled,,
11058,1580,1843,5,46,2023-09-07,Completed,Cash,1.0
11059,2336,1334,2,38,2025-10-29,Completed,Debit Card,
11060,1871,2342,1,16,2024-12-01,Completed,Insurance,1.0
11061,804,2475,8,165,2024-11-03,Cancelled,,
11062,2745,2547,4,64,2024-02-04,Completed,Financing,4.0
11063,911,2143,11,145,2025-02-08,Completed,Insurance,2.0
11064,1353,2065,5,96,2023-02-11,Completed,Debit Card,
11065,1642,2982,12,155,2025-08-21,Completed,Debit Card,4.0
11066,1809,1109,10,59,2023-08-20,Completed,Insurance,1.0
11067,1396,3068,5,138,2025-01-04,In Progress,Insurance,
11068,1828,1070,8,129,2023-08-14,Completed,Financing,3.0
11069,2930,1126,1,37,2024-01-17,Completed,Credit Card,4.0
11070,946,1081,2,94,2024-08-02,In Progress,Insurance,
11071,138,798,4,13,2025-06-14,Completed,Cash,
11072,802,3314,3,70,2024-12-19,Completed,Insurance,4.0
11073,1691,1141,9,28,2025-11-17,Completed,Credit Card,3.0
11074,849,451,2,24,2023-03-05,In Progress,Cash,
11075,493,59,7,168,2023-06-19,Completed,Credit Card,5.0
11076,2190,426,10,107,2025-05-09,Completed,Cash,5.0
11077,2043,1195,12,4,2025-11-18,Completed,Insurance,3.0
11078,1033,1094,12,149,2023-07-28,Cancelled,,
11079,1935,1397,9,116,2025-01-11,Completed,Credit Card,3.0
11080,1813,1980,2,132,2023-12-28,Completed,Financing,3.0
11081,2183,2046,2,20,2025-02-28,In Progress,Credit Card,
11082,2352,387,1,145,2024-03-10,Completed,Financing,2.0
11083,1656,1348,2,158,2025-02-03,Completed,Debit Card,4.0
11084,877,1079,12,54,2023-11-05,In Progress,Financing,
11085,2852,272,2,149,2024-10-08,Completed,Insurance,3.0
11086,1605,142,9,105,2024-06-12,Completed,Financing,1.0
11087,2276,3395,8,79,2025-12-23,Completed,Cash,5.0
11088,483,2989,12,108,2023-01-05,Completed,Insurance,2.0
11089,911,252,1,87,2025-08-15,Completed,Insurance,1.0
11090,2864,1682,11,74,2023-01-13,Completed,Financing,4.0
11091,1134,3383,3,111,2024-01-09,Completed,Insurance,5.0
11092,2915,3167,8,145,2025-10-23,Completed,Financing,
11093,2268,236,11,103,2025-12-24,In Progress,Insurance,
11094,1918,1967,6,118,2024-01-06,Completed,Debit Card,1.0
11095,1167,2882,5,106,2023-12-20,Cancelled,,
11096,13,2168,9,151,2024-12-04,Completed,Debit Card,2.0
11097,281,1106,2,57,2024-04-15,Completed,Credit Card,
11098,2852,1501,5,25,2024-12-24,Completed,Cash,3.0
11099,2029,197,2,96,2025-10-30,Completed,Financing,
11100,2911,2414,8,21,2023-10-04,Completed,Financing,4.0
11101,1861,3431,11,152,2025-10-07,Cancelled,,
11102,1034,385,3,124,2024-08-27,In Progress,Financing,
11103,1349,2776,9,56,2024-06-25,Completed,Financing,1.0
11104,72,2655,1,29,2024-09-08,Cancelled,,
11105,1501,3389,3,4,2024-07-29,Cancelled,,
11106,1610,3132,12,47,2025-03-12,Completed,Cash,
11107,2291,2268,8,26,2023-03-06,Completed,Insurance,
11108,2790,2581,11,38,03/15/2023,In Progress,Financing,
11109,2287,2838,12,101,2023-12-30,Completed,Insurance,
11110,1515,1749,4,146,2023-11-16,Completed,Cash,2.0
11111,2547,2207,6,63,2024-04-26,Completed,Credit Card,
11112,544,204,1,95,2023-09-25,Completed,Credit Card,4.0
11113,2822,1538,10,175,2024-04-24,Completed,Credit Card,5.0
11114,2025,417,10,26,2025-05-16,Completed,Insurance,3.0
11115,968,2032,3,171,2025-08-29,Cancelled,,
11116,331,2829,2,133,2023-03-20,In Progress,Cash,
11117,511,3177,5,13,2025-11-24,Completed,Credit Card,1.0
11118,2743,208,9,115,2023-11-20,Completed,Insurance,
11119,2851,66,10,97,2025-10-14,Completed,Credit Card,
11120,1840,77,4,153,2024-08-03,Completed,Financing,
11121,2392,2997,9,58,2024-06-20,Completed,Insurance,4.0
11122,2291,2268,6,89,2024-03-04,Completed,Financing,
11123,1185,1835,2,123,2023-06-02,Cancelled,,
11124,548,2824,8,152,2025-03-15,Completed,Debit Card,1.0
11125,1910,1286,12,37,2023-07-11,Completed,Cash,4.0
11126,2807,1240,10,82,2024-10-30,Completed,Financing,1.0
11127,2200,1076,4,111,2024-07-27,Completed,Credit Card,1.0
11128,1097,43,3,38,2024-10-04,Completed,Cash,
11129,1876,831,12,167,2025-04-30,Cancelled,,
11130,479,898,7,128,2025-11-14,In Progress,Cash,
11131,2358,999,1,54,2023-10-04,In Progress,Cash,
11132,1288,1223,6,17,2023-05-16,Completed,Credit Card,
11133,596,2985,10,34,2023-10-01,Cancelled,,
11134,906,3238,1,14,2023-03-08,Completed,Debit Card,2.0
11135,1908,2892,1,70,2025-06-28,Completed,Debit Card,2.0
11136,25,3321,9,127,2024-03-06,Completed,Financing,4.0
11137,799,519,4,93,2025-10-10,In Progress,Debit Card,
11138,605,673,1,62,2024-07-18,Completed,Financing,
11139,1645,2693,3,11,2024-08-24,Completed,Debit Card,
11140,2959,3105,11,113,2023-10-20,In Progress,Cash,
11141,574,1827,10,8,2023-07-18,Completed,Debit Card,
11142,2662,3190,9,59,2024-08-19,Completed,Credit Card,4.0
11143,2087,1136,5,8,2023-10-10,Completed,Cash,
11144,198,132,11,22,2024-02-10,In Progress,Debit Card,
11145,1665,3154,8,117,2024-11-26,Completed,Debit Card,1.0
11146,791,1930,4,68,2025-01-10,Completed,Cash,5.0
11147,668,328,2,86,2025-02-27,Completed,Insurance,2.0
11148,961,1987,1,98,2025-12-24,Completed,Debit Card,5.0
11149,2757,1370,2,106,2023-09-27,Cancelled,,
11150,2113,2844,3,15,2024-04-16,Completed,Insurance,3.0
11151,2555,1327,8,19,2024-11-28,Completed,Cash,4.0
11152,218,3169,8,164,2023-02-06,Cancelled,,
11153,2938,3398,7,118,2024-02-21,Completed,Credit Card,
11154,1740,2235,4,48,2023-05-17,Completed,Debit Card,5.0
11155,2254,1391,2,177,2023-12-13,Cancelled,,
11156,1694,1455,4,88,2023-06-18,Completed,Cash,
11157,116,3013,6,129,2024-08-19,Completed,Debit Card,
11158,288,2297,5,171,2024-03-07,Completed,Debit Card,1.0
11159,1989,2664,8,11,2024-12-10,Completed,Credit Card,2.0
11160,1597,2121,1,57,2024-09-07,Completed,Cash,1.0
11161,837,1433,2,81,2025-10-04,Completed,Insurance,
11162,1893,986,1,88,2023-10-21,Completed,Debit Card,
11163,1127,550,4,12,2023-06-17,Completed,Financing,
11164,1160,1322,1,105,2023-07-24,Cancelled,,
11165,1211,3377,4,149,2024-02-23,Completed,Credit Card,
11166,2382,80,2,77,2024-06-08,Cancelled,,
11167,1387,221,5,176,2024-06-04,Completed,Insurance,2.0
11168,418,836,12,41,2023-09-22,Completed,Credit Card,4.0
11169,2537,980,2,135,2023-04-28,In Progress,Cash,
11170,278,1516,1,144,2023-09-25,Completed,Financing,4.0
11171,2118,2649,5,96,2025-06-14,Completed,Debit Card,1.0
11172,2115,244,4,166,2023-01-17,Completed,Credit Card,3.0
11173,148,3029,10,120,2023-11-04,Cancelled,,
11174,1231,1524,10,101,2024-12-05,Completed,Debit Card,3.0
11175,1700,1163,11,48,2023-01-16,Completed,Financing,2.0
11176,2044,940,1,23,2024-01-19,Cancelled,,
11177,1893,2886,5,10,2024-05-13,Completed,Debit Card,
11178,1666,107,3,156,2024-11-25,In Progress,Financing,
11179,2995,2123,8,76,2024-03-18,Completed,Cash,2.0
11180,2553,429,9,110,2025-11-02,In Progress,Financing,
11181,2184,2717,8,161,2023-07-20,Cancelled,,
11182,593,1066,5,35,2024-04-22,Completed,Cash,
11183,669,2242,3,20,2025-03-31,Completed,Financing,
11184,678,2797,10,24,2025-04-12,Completed,Credit Card,
11185,1691,1908,8,58,2023-05-02,Cancelled,,
11186,1575,1095,5,74,12/19/2024,Completed,Cash,1.0
11187,898,574,6,73,2023-08-04,Completed,Debit Card,
11188,2082,1013,5,78,02/10/2023,Cancelled,,
11189,2986,267,11,80,2024-03-22,Cancelled,,
11190,2343,1997,7,66,2023-11-20,In Progress,Insurance,
11191,1406,2261,12,178,2025-10-01,Completed,Credit Card,
11192,1692,104,5,79,2025-06-18,Completed,Financing,
11193,2335,772,10,168,2023-09-28,Completed,Financing,1.0
11194,2995,892,8,171,2024-10-07,Completed,Insurance,4.0
11195,2960,2399,10,129,2023-01-26,In Progress,Credit Card,
11196,1871,2342,2,104,2023-08-25,Cancelled,,
11197,2358,1577,11,131,2024-05-07,Cancelled,,
11198,891,2621,1,4,2023-03-23,Completed,Credit Card,3.0
11199,2924,75,10,106,2024-01-27,Cancelled,,
11200,2710,2054,6,155,2023-08-14,Completed,Insurance,
11201,1659,2434,3,107,2024-09-24,Completed,Cash,5.0
11202,1475,2435,5,155,2024-08-02,In Progress,Insurance,
11203,2527,2152,1,18,2024-08-08,Completed,Financing,3.0
11204,2129,3417,7,60,2024-12-05,Completed,Credit Card,5.0
11205,1953,3048,7,76,2025-04-19,Completed,Cash,2.0
11206,997,1717,11,128,2025-09-22,Completed,Credit Card,1.0
11207,2611,325,9,58,2023-07-22,Cancelled,,
11208,57,1236,11,144,2025-05-03,Completed,Debit Card,
11209,1180,2239,8,48,2023-06-18,Completed,Financing,4.0
11210,764,3123,9,171,2024-07-29,In Progress,Debit Card,
11211,994,461,6,158,2025-02-07,Completed,Debit Card,
11212,2023,2190,5,116,2025-03-28,Completed,Credit Card,
11213,2669,1073,12,25,2025-04-27,Completed,Financing,1.0
11214,1979,2167,2,99,2025-01-10,In Progress,Debit Card,
11215,2936,3375,10,151,2023-12-12,Completed,Debit Card,
11216,969,2528,2,114,2023-04-17,Completed,Financing,1.0
11217,1704,832,10,90,2023-01-02,Completed,Credit Card,
11218,158,2110,11,171,2023-03-26,Cancelled,,
11219,2947,241,7,125,2023-10-26,Completed,Financing,
11220,597,1142,12,106,2025-01-12,Completed,Cash,3.0
11221,1427,1806,7,42,2025-04-22,In Progress,Insurance,
11222,585,1723,11,9,2025-02-13,Completed,Financing,4.0
11223,239,2960,2,15,2025-12-24,Completed,Debit Card,3.0
11224,395,880,12,79,2023-04-09,Completed,Financing,
11225,360,2865,12,24,2025-07-25,Completed,Financing,
11226,1482,2114,4,164,2023-03-04,Completed,Financing,5.0
11227,56,3114,8,99,2025-05-11,Completed,Debit Card,
11228,344,2337,9,110,2024-03-09,Completed,Insurance,5.0
11229,2947,241,1,161,2025-08-28,In Progress,Credit Card,
11230,1336,3024,8,131,2025-06-26,Cancelled,,
11231,1924,655,12,135,2023-08-03,Completed,Cash,
11232,1062,2332,1,105,2024-03-13,Completed,Cash,2.0
11233,346,371,10,126,2023-08-17,In Progress,Financing,
11234,41,914,2,28,2023-08-23,Completed,Credit Card,
11235,2488,1600,8,119,2024-02-16,Completed,Insurance,2.0
11236,2362,332,11,19,2025-08-29,In Progress,Insurance,
11237,2823,3322,11,97,05/06/2023,In Progress,Insurance,
11238,2361,3298,5,100,2023-11-30,Completed,Financing,
11239,1160,1322,2,97,2023-03-28,Completed,Cash,
11240,767,1235,10,124,2023-03-02,Completed,Credit Card,
11241,611,2090,5,65,2023-02-16,In Progress,Credit Card,
11242,281,2424,10,85,05/20/2023,Completed,Insurance,
11243,1973,1363,1,172,2025-01-28,Completed,Credit Card,
11244,1597,2731,6,65,2024-12-03,Completed,Debit Card,
11245,2958,2317,5,72,2025-08-31,Completed,Debit Card,2.0
11246,179,559,8,22,2024-08-01,Completed,Insurance,2.0
11247,2518,163,5,87,2024-05-01,Completed,Credit Card,
11248,2671,553,11,29,2024-05-14,In Progress,Debit Card,
11249,1606,2188,11,76,2024-03-20,Completed,Debit Card,5.0
11250,697,3257,6,82,2024-10-20,Cancelled,,
11251,2898,2947,1,122,2025-05-20,Completed,Credit Card,5.0
11252,1380,808,11,40,2024-02-17,In Progress,Debit Card,
11253,2198,2066,11,56,2024-09-13,In Progress,Insurance,
11254,2029,1255,3,24,2024-12-27,Completed,Financing,
11255,1336,3024,9,126,2025-07-29,In Progress,Insurance,
11256,2941,2616,8,44,2024-09-04,Completed,Insurance,
11257,1991,2409,1,15,2023-06-14,Completed,Financing,3.0
11258,1915,2225,6,28,2023-01-11,Completed,Debit Card,
11259,1612,578,8,168,2025-02-27,Completed,Cash,4.0
11260,2230,3061,9,4,2025-11-02,Completed,Debit Card,3.0
11261,2065,1515,8,102,2023-05-26,Completed,Debit Card,4.0
11262,2392,2997,3,154,2023-04-17,Completed,Cash,4.0
11263,1632,1549,12,154,2023-03-16,Completed,Financing,
11264,2664,2580,6,149,2024-10-08,Completed,Credit Card,
11265,2239,3186,9,113,2024-08-04,In Progress,Financing,
11266,713,176,5,47,2023-01-15,Completed,Cash,4.0
11267,1656,1233,12,162,2023-07-15,Completed,Debit Card,4.0
11268,205,824,10,97,2024-06-07,Completed,Credit Card,5.0
11269,1210,1482,9,2,2024-03-27,Cancelled,,
11270,2412,972,10,149,2023-06-30,Completed,Insurance,4.0
11271,1968,1443,10,126,2023-11-13,In Progress,Credit Card,
11272,57,1236,8,41,2024-02-01,Completed,Debit Card,4.0
11273,1763,3283,6,35,2024-09-29,Completed,Credit Card,4.0
11274,1709,3364,12,97,2025-11-19,Completed,Credit Card,
11275,2386,2429,5,111,2024-08-04,Completed,Cash,4.0
11276,1692,104,11,35,2025-09-21,Completed,Cash,
11277,1662,910,3,86,2023-02-10,Cancelled,,
11278,1072,111,11,128,2023-11-29,Completed,Credit Card,
11279,2053,2496,9,23,2023-07-07,Completed,Financing,5.0
11280,1412,183,11,171,2025-11-01,Completed,Credit Card,4.0
11281,1167,2882,11,46,2025-06-09,Cancelled,,
11282,7,1689,3,115,2023-06-09,Completed,Credit Card,1.0
11283,604,181,3,82,2023-04-04,Completed,Credit Card,1.0
11284,1331,3088,12,155,2024-07-18,In Progress,Debit Card,
11285,2793,2826,9,22,2023-09-26,Completed,Financing,
11286,178,2708,2,173,2024-12-27,Completed,Insurance,3.0
11287,214,2334,11,89,2023-02-17,Completed,Cash,
11288,2090,1412,1,94,2024-08-10,Cancelled,,
11289,250,1121,8,34,2024-10-18,Completed,Debit Card,
11290,1594,3270,3,82,2023-04-28,Cancelled,,
11291,2655,412,7,180,2023-12-18,Completed,Credit Card,
11292,817,681,10,121,2023-04-03,In Progress,Credit Card,
11293,108,240,3,87,2025-12-02,In Progress,Debit Card,
11294,228,3374,4,87,2023-12-11,Completed,Insurance,
11295,2595,462,10,61,2023-01-10,Completed,Insurance,
11296,2763,3030,8,110,2025-02-27,Cancelled,,
11297,1,3425,2,36,2025-05-27,Completed,Credit Card,4.0
11298,412,2139,2,67,2023-08-25,In Progress,Cash,
11299,1712,2097,9,175,2023-03-26,Completed,Insurance,
11300,975,2585,7,104,2023-07-28,Completed,Financing,2.0
11301,1062,1532,1,155,2024-06-17,Cancelled,,
11302,2087,1938,8,156,2025-08-07,Completed,Insurance,2.0
11303,2170,1789,3,109,2025-04-17,Completed,Credit Card,2.0
11304,89,908,5,17,2023-05-14,Completed,Insurance,2.0
11305,2071,2321,12,80,2023-12-08,Completed,Cash,
11306,2328,3245,8,115,2025-05-06,Completed,Credit Card,1.0
11307,2507,135,4,42,2024-03-28,Completed,Credit Card,5.0
11308,597,1142,2,7,2025-08-14,In Progress,Debit Card,
11309,72,2655,5,149,2024-11-13,In Progress,Credit Card,
11310,438,1958,4,148,2024-05-09,Completed,Cash,2.0
11311,2044,1891,12,172,2025-07-05,Completed,Financing,1.0
11312,1550,2889,9,75,2023-12-12,In Progress,Financing,
11313,692,2565,1,86,2025-03-01,Completed,Insurance,
11314,606,995,1,159,2023-07-08,Completed,Insurance,
11315,2584,3078,7,98,2025-08-09,Completed,Financing,1.0
11316,2794,1778,3,71,2025-05-04,Completed,Financing,
11317,985,554,12,133,2023-09-04,Completed,Debit Card,
11318,2433,2665,2,13,2025-09-19,Completed,Cash,
11319,220,336,6,128,2023-01-07,Completed,Cash,3.0
11320,803,68,11,97,2023-04-22,Completed,Financing,5.0
11321,1826,2263,1,71,2023-10-10,Completed,Cash,4.0
11322,1611,2736,10,83,2023-01-01,Cancelled,,
11323,2089,1635,1,149,2023-08-13,Completed,Financing,2.0
11324,1459,2029,1,143,2024-12-29,In Progress,Insurance,
11325,1566,1075,4,94,2024-04-13,In Progress,Cash,
11326,252,2784,6,132,2024-08-18,In Progress,Insurance,
11327,680,1419,6,67,2025-01-22,Cancelled,,
11328,2898,2947,11,5,2024-01-17,In Progress,Financing,
11329,471,3423,5,81,2024-04-12,In Progress,Debit Card,
11330,1088,1019,1,178,2024-10-15,Completed,Credit Card,2.0
11331,1306,1999,3,116,2025-09-23,In Progress,Debit Card,
11332,561,15,3,7,2025-03-30,In Progress,Insurance,
11333,528,1454,12,10,2024-12-05,In Progress,Financing,
11334,1656,1348,12,113,2025-11-04,Cancelled,,
11335,2148,37,1,48,2023-02-01,Completed,Cash,
11336,2058,842,3,95,2024-02-15,Completed,Insurance,1.0
11337,2861,1192,12,59,2023-10-15,Cancelled,,
11338,2820,962,4,131,2025-09-17,Completed,Cash,5.0
11339,1134,2879,4,114,2025-04-29,Cancelled,,
11340,2246,3062,9,178,2024-08-06,In Progress,Insurance,
11341,2404,2376,5,81,2023-06-16,In Progress,Insurance,
11342,1189,2690,7,161,2024-12-26,Completed,Insurance,
11343,2255,2248,2,130,2023-12-19,Cancelled,,
11344,2517,281,7,88,2024-07-29,Completed,Cash,2.0
11345,475,2852,5,42,2024-08-02,Completed,Credit Card,5.0
11346,339,1994,8,171,2024-12-05,Completed,Financing,2.0
11347,2720,3352,5,86,2025-07-09,Completed,Financing,
11348,557,454,5,13,2024-12-07,Completed,Financing,2.0
11349,898,1331,3,100,2023-01-30,Completed,Debit Card,
11350,1341,2702,9,15,2025-08-18,In Progress,Credit Card,
11351,600,2005,10,55,2023-04-21,Completed,Financing,3.0
11352,1394,3345,1,5,2024-07-28,Completed,Insurance,
11353,639,1895,11,24,2024-08-10,In Progress,Credit Card,
11354,2663,2542,12,79,2024-12-27,Completed,Cash,2.0
11355,1782,2035,6,160,2023-02-28,In Progress,Insurance,
11356,2770,3306,11,36,2023-05-23,Completed,Financing,
11357,1822,701,3,118,2025-08-16,Cancelled,,
11358,2174,3042,8,59,2023-11-05,Completed,Financing,5.0
11359,193,2516,10,173,2023-05-09,Completed,Debit Card,5.0
11360,2578,1897,3,107,2023-12-05,In Progress,Credit Card,
11361,829,2695,10,144,2024-05-24,Cancelled,,
11362,2626,2766,8,96,2023-01-19,Completed,Debit Card,2.0
11363,1119,3325,7,71,2023-08-23,Cancelled,,
11364,1134,3383,9,55,2024-08-11,Completed,Financing,1.0
11365,2399,3153,2,57,2025-02-03,Completed,Credit Card,
11366,357,1248,4,172,2024-05-30,Completed,Financing,
11367,288,2297,7,17,2024-03-29,Completed,Financing,1.0
11368,2129,3221,11,166,2024-04-26,Completed,Debit Card,2.0
11369,26,1065,4,69,2025-09-09,Completed,Cash,
11370,1288,1223,9,76,2024-03-19,Cancelled,,
11371,910,1187,6,80,2025-04-22,Completed,Credit Card,
11372,2317,1794,12,119,2024-04-28,Completed,Debit Card,
11373,2688,664,7,95,12/20/2025,Completed,Insurance,3.0
11374,1625,2876,1,110,2024-11-06,In Progress,Cash,
11375,800,998,5,77,2024-08-28,Completed,Cash,1.0
11376,222,640,3,154,2023-11-10,Completed,Debit Card,
11377,860,1602,2,132,2024-09-08,Completed,Debit Card,
11378,106,3079,9,126,2024-01-14,Completed,Debit Card,5.0
11379,1380,808,1,173,2023-01-28,Completed,Cash,4.0
11380,845,3235,10,162,2023-08-22,Completed,Debit Card,
11381,1656,1790,5,10,2025-08-17,Completed,Credit Card,1.0
11382,2203,1662,2,76,2025-12-08,Completed,Insurance,
11383,2425,2752,8,132,2023-04-20,Completed,Credit Card,2.0
11384,969,635,4,110,2023-09-17,Completed,Debit Card,
11385,298,230,11,103,2023-08-18,Completed,Debit Card,5.0
11386,177,1503,12,11,2023-02-27,Completed,Debit Card,
11387,825,1581,12,104,2023-03-07,Completed,Cash,2.0
11388,1141,3168,5,103,2025-07-31,Completed,Insurance,1.0
11389,694,20,10,84,2024-06-22,Completed,Financing,
11390,2141,896,7,105,2025-05-15,Completed,Financing,
11391,1694,770,4,104,2023-08-07,Completed,Debit Card,
11392,556,1825,9,108,2025-10-05,Completed,Financing,4.0
11393,898,574,3,114,2024-06-18,In Progress,Financing,
11394,2736,1193,3,45,2024-05-09,Completed,Cash,3.0
11395,1059,1165,4,81,2023-01-10,In Progress,Insurance,
11396,1216,2162,6,25,2024-06-09,Completed,Financing,4.0
11397,1904,1844,3,12,2024-08-22,Completed,Insurance,
11398,2182,2330,8,161,2024-10-05,Completed,Debit Card,
11399,6,716,12,12,2023-06-13,Completed,Debit Card,
11400,561,275,12,20,2024-07-10,Completed,Cash,3.0
11401,1632,2578,4,63,2024-07-28,Completed,Financing,5.0
11402,2140,3236,3,130,2023-09-08,Completed,Insurance,2.0
11403,586,2107,1,96,2025-11-29,Completed,Credit Card,
11404,2456,1941,3,5,2025-03-23,Completed,Insurance,2.0
11405,2291,3072,2,79,2023-08-14,Completed,Financing,2.0
11406,762,3210,5,180,2024-04-09,Completed,Cash,5.0
11407,505,1525,10,123,2025-03-23,Cancelled,,
11408,681,2625,7,112,2023-08-16,Cancelled,,
11409,1790,380,6,30,2023-04-20,Completed,Cash,1.0
11410,327,2374,8,96,2023-10-19,Completed,Insurance,1.0
11411,2901,1553,11,15,2023-07-26,In Progress,Financing,
11412,1049,571,12,159,08/05/2023,Completed,Credit Card,5.0
11413,1360,2828,2,178,2025-02-25,Completed,Cash,4.0
11414,346,371,1,161,2023-11-07,Completed,Credit Card,1.0
11415,337,118,3,169,2025-06-01,Completed,Insurance,2.0
11416,305,2465,6,62,2023-02-22,Cancelled,,
11417,849,2189,3,3,2023-01-29,Cancelled,,
11418,1735,1277,5,176,2024-05-01,Completed,Debit Card,
11419,2370,1918,11,46,2023-07-19,Completed,Debit Card,4.0
11420,2537,980,7,148,2024-09-10,Completed,Credit Card,4.0
11421,840,206,5,99,2023-10-04,Completed,Debit Card,
11422,968,2032,2,151,2025-07-27,Completed,Credit Card,
11423,611,3077,10,87,2024-09-02,In Progress,Debit Card,
11424,264,860,8,150,2023-11-17,Cancelled,,
11425,276,636,12,139,09/18/2023,Completed,Financing,2.0
11426,1464,2280,10,45,2025-08-16,Cancelled,,
11427,2643,926,9,40,2023-08-22,Cancelled,,
11428,887,2916,9,71,2023-11-25,Cancelled,,
11429,763,1924,8,14,2025-03-19,Completed,Insurance,5.0
11430,2845,1053,12,171,2025-05-06,Completed,Cash,
11431,2216,1623,10,118,2023-10-01,In Progress,Cash,
11432,1814,362,10,28,2023-07-03,In Progress,Credit Card,
11433,2547,2212,8,58,2025-12-06,Completed,Credit Card,5.0
11434,1797,1960,12,95,2024-04-15,Cancelled,,
11435,2643,1268,10,120,2025-02-19,In Progress,Insurance,
11436,1473,2705,2,83,2025-12-28,Completed,Insurance,5.0
11437,1124,3118,3,28,2023-07-19,Completed,Cash,3.0
11438,802,2899,8,59,2023-09-06,Completed,Cash,1.0
11439,725,2940,5,180,2024-07-02,Completed,Insurance,2.0
11440,1585,2500,5,157,2023-06-25,In Progress,Credit Card,
11441,2333,929,2,122,2023-09-26,Completed,Insurance,5.0
11442,824,3251,6,142,2023-07-20,Cancelled,,
11443,552,3337,3,4,2024-12-26,Completed,Credit Card,1.0
11444,964,1220,6,98,2025-03-04,Completed,Cash,2.0
11445,1587,2274,2,91,2023-08-02,Completed,Insurance,4.0
11446,523,641,2,151,2023-04-03,Completed,Credit Card,4.0
11447,505,1525,1,25,2025-08-22,In Progress,Financing,
11448,931,2055,12,67,2024-06-20,Completed,Cash,
11449,1941,1441,1,76,2025-03-05,Completed,Cash,5.0
11450,271,348,8,172,2025-10-06,Completed,Debit Card,
11451,850,1675,3,63,2025-07-01,Completed,Financing,
11452,2947,590,1,178,2023-05-24,Cancelled,,
11453,2361,2571,4,87,2025-05-19,In Progress,Credit Card,
11454,653,530,12,102,2024-10-18,Completed,Cash,3.0
11455,2186,2674,5,116,2023-09-05,Completed,Debit Card,
11456,1412,565,1,78,2023-10-02,Completed,Insurance,1.0
11457,2762,418,1,109,2024-09-13,Cancelled,,
11458,1702,3400,5,7,2025-09-25,Cancelled,,
11459,2777,1982,10,88,2024-10-19,Cancelled,,
11460,106,409,5,46,2025-11-25,Completed,Debit Card,1.0
11461,2643,2878,7,7,2024-10-19,Completed,Credit Card,
11462,1125,3057,10,162,2023-05-07,Completed,Insurance,3.0
11463,1564,634,7,123,2024-07-14,Cancelled,,
11464,2953,1536,7,102,2025-11-07,Completed,Credit Card,
11465,1635,3339,11,176,2023-07-25,In Progress,Financing,
11466,1659,1636,5,73,2023-12-26,Completed,Cash,3.0
11467,2106,3263,5,91,2023-10-07,Completed,Credit Card,2.0
11468,631,155,5,104,2024-06-02,Completed,Insurance,2.0
11469,1320,2125,5,93,2024-09-20,Completed,Cash,1.0
11470,161,134,4,104,2025-02-10,Completed,Debit Card,5.0
11471,2841,3121,12,170,2025-06-29,Completed,Insurance,1.0
11472,1139,1690,3,149,2025-11-07,Completed,Debit Card,5.0
11473,2781,2003,6,152,2023-01-21,Cancelled,,
11474,1736,458,1,68,2025-03-16,Completed,Cash,4.0
11475,467,2016,4,160,2023-06-18,Completed,Debit Card,
11476,388,131,9,22,2023-10-25,Completed,Cash,
11477,2181,478,10,36,2024-07-16,Completed,Financing,1.0
11478,2166,162,12,105,2023-03-23,In Progress,Debit Card,
11479,1380,2440,12,44,2023-12-18,Completed,Insurance,4.0
11480,867,3125,1,63,2023-10-28,Completed,Cash,5.0
11481,2930,1126,6,59,2023-05-19,Completed,Debit Card,1.0
11482,610,2904,12,121,2025-02-18,Completed,Credit Card,
11483,676,935,2,122,2024-05-31,In Progress,Debit Card,
11484,1248,1362,7,116,2024-04-04,Cancelled,,
11485,1891,2677,12,157,2024-11-08,Cancelled,,
11486,424,2689,7,2,2025-05-25,Completed,Credit Card,1.0
11487,81,48,4,126,2023-03-06,In Progress,Debit Card,
11488,1857,194,1,50,2023-02-03,In Progress,Debit Card,
11489,359,971,12,7,2024-07-08,Completed,Credit Card,3.0
11490,2845,2614,2,66,2023-09-30,Completed,Debit Card,3.0
11491,1750,963,7,46,2025-02-05,Completed,Insurance,5.0
11492,1750,2387,9,144,2024-05-28,Completed,Debit Card,4.0
11493,744,1738,10,110,12/13/2024,In Progress,Debit Card,
11494,1711,1216,8,28,2024-06-24,In Progress,Cash,
11495,758,744,3,87,2023-01-04,Completed,Debit Card,3.0
11496,1859,1029,4,147,2024-11-09,In Progress,Financing,
11497,718,1539,6,108,2024-04-27,Completed,Debit Card,
11498,1258,909,5,126,2023-07-31,Cancelled,,
11499,1380,786,10,112,2025-07-28,Completed,Credit Card,3.0
11500,2383,816,4,66,2024-05-12,Completed,Debit Card,
11501,396,876,10,131,2025-11-11,Completed,Debit Card,2.0
11502,997,1717,4,114,2023-03-11,Completed,Financing,
11503,56,3114,10,145,2023-01-24,Completed,Insurance,2.0
11504,947,3247,11,149,2025-07-30,Completed,Insurance,5.0
11505,1857,1023,9,178,2024-09-18,Completed,Credit Card,1.0
11506,1350,3351,4,123,2025-05-29,Completed,Financing,1.0
11507,875,3381,7,12,2023-05-31,In Progress,Cash,
11508,548,3196,6,79,2023-10-03,Completed,Insurance,3.0
11509,836,3089,9,65,2025-11-19,Completed,Credit Card,
11510,189,1869,1,134,2025-01-18,In Progress,Debit Card,
11511,1715,1583,7,125,2024-09-10,Completed,Debit Card,
11512,108,240,6,86,2023-04-25,Completed,Credit Card,
11513,1500,3063,1,44,2023-06-07,Completed,Debit Card,1.0
11514,2281,964,10,175,2025-04-28,In Progress,Insurance,
11515,1331,3088,8,24,2025-05-06,Completed,Insurance,1.0
11516,2003,2739,5,129,2025-03-19,Completed,Credit Card,2.0
11517,2804,1469,5,141,2024-08-07,In Progress,Insurance,
11518,2676,735,12,169,2023-06-05,Completed,Debit Card,2.0
11519,719,156,7,118,2025-01-29,Completed,Cash,1.0
11520,577,353,8,57,2023-04-13,In Progress,Cash,
11521,1959,2213,7,125,2025-11-14,In Progress,Insurance,
11522,56,3114,10,82,2023-05-12,Completed,Debit Card,2.0
11523,2239,406,10,174,2024-04-11,In Progress,Credit Card,
11524,184,3334,4,30,2024-12-21,Cancelled,,
11525,2372,2173,11,30,2023-03-29,Cancelled,,
11526,918,1087,8,120,2023-08-17,Completed,Cash,
11527,190,1387,10,154,2023-06-06,Completed,Insurance,3.0
11528,173,2662,6,175,2025-01-22,Completed,Insurance,
11529,532,1492,4,163,2023-12-11,Completed,Debit Card,2.0
11530,196,201,7,110,2023-04-15,Completed,Credit Card,3.0
11531,604,181,10,172,02/12/2023,Cancelled,,
11532,337,2253,7,174,2023-10-13,Completed,Credit Card,3.0
11533,2936,3375,5,32,2023-09-21,Cancelled,,
11534,689,2184,8,153,2023-10-10,Completed,Insurance,4.0
11535,243,642,7,76,2024-07-08,Completed,Financing,2.0
11536,2829,1650,10,58,2024-10-05,Completed,Credit Card,3.0
11537,1439,449,2,145,2025-11-07,In Progress,Insurance,
11538,1210,1504,10,1,2024-05-06,Completed,Debit Card,
11539,2461,1189,11,160,2024-06-13,Completed,Insurance,
11540,1000,885,5,69,2025-12-30,Completed,Insurance,4.0
11541,1454,1164,6,113,2023-04-03,Cancelled,,
11542,1575,1095,1,119,2025-07-21,Completed,Cash,3.0
11543,2055,3327,3,42,2023-09-19,Completed,Financing,
11544,2375,2534,9,53,2023-11-20,Completed,Financing,
11545,2762,3222,4,160,2025-03-27,In Progress,Insurance,
11546,946,2833,6,173,2025-09-14,Completed,Cash,5.0
11547,1638,2643,3,16,2025-10-02,In Progress,Cash,
11548,136,491,5,20,2023-07-22,Cancelled,,
11549,635,2992,12,36,2023-07-22,In Progress,Financing,
11550,1267,2800,1,124,2025-03-08,Completed,Credit Card,
11551,999,2756,3,129,2024-07-14,Completed,Financing,
11552,305,3303,9,103,2024-10-23,Completed,Credit Card,5.0
11553,1708,1565,3,59,2025-12-14,Completed,Debit Card,
11554,55,342,10,69,2023-06-15,Completed,Insurance,5.0
11555,2072,720,10,100,2023-10-17,Completed,Cash,
11556,1459,616,1,62,2023-11-29,Completed,Financing,2.0
11557,2005,3185,11,78,2023-12-17,Completed,Debit Card,
11558,2248,3260,11,160,2025-04-27,Completed,Insurance,2.0
11559,557,454,7,162,2025-04-15,In Progress,Debit Card,
11560,1890,1059,6,180,11/27/2025,Cancelled,,
11561,1019,2117,9,117,2024-10-31,Cancelled,,
11562,2863,1137,1,88,2025-10-23,Completed,Credit Card,5.0
11563,2399,2595,10,84,2023-12-29,Cancelled,,
11564,1482,2114,10,127,2025-01-11,Completed,Debit Card,
11565,32,1975,12,5,2023-03-11,Completed,Financing,4.0
11566,1369,18,12,70,2023-04-14,Completed,Insurance,4.0
11567,2548,1746,12,145,2024-01-15,Completed,Credit Card,
11568,2634,2228,7,41,2023-12-17,Completed,Cash,
11569,621,572,6,149,2025-09-20,Completed,Insurance,4.0
11570,86,2008,1,73,2025-07-05,In Progress,Insurance,
11571,2179,2165,2,99,2025-10-09,Completed,Cash,3.0
11572,1926,551,5,78,2024-10-02,In Progress,Cash,
11573,1939,410,11,175,2023-05-18,Completed,Credit Card,5.0
11574,1958,273,12,108,2024-05-04,Cancelled,,
11575,1572,2240,6,46,2025-02-23,Cancelled,,
11576,236,382,9,25,2025-04-26,Completed,Cash,
11577,2652,3215,7,98,2025-08-22,Completed,Insurance,5.0
11578,560,1537,2,14,2025-05-20,Completed,Debit Card,
11579,1077,259,5,90,2023-11-20,Completed,Credit Card,1.0
11580,338,1102,10,26,2025-04-05,Completed,Cash,3.0
11581,2165,893,9,170,2023-01-27,Cancelled,,
11582,1260,1143,2,60,2023-06-07,Cancelled,,
11583,1437,2289,4,29,07/03/2024,Completed,Debit Card,1.0
11584,1322,2200,5,5,2025-12-16,In Progress,Financing,
11585,2880,1490,7,66,2024-12-02,Cancelled,,
11586,232,1271,3,95,2025-05-20,Completed,Insurance,1.0
11587,1402,3046,4,40,2024-09-22,In Progress,Financing,
11588,2443,2860,3,97,2024-07-13,Completed,Debit Card,
11589,116,3013,3,170,2023-07-23,In Progress,Insurance,
11590,2625,2347,12,175,2024-04-24,Completed,Insurance,2.0
11591,2529,2757,5,88,2023-07-12,Completed,Debit Card,
11592,1230,374,4,149,2024-01-05,Cancelled,,
11593,2982,3233,3,120,2025-06-02,In Progress,Cash,
11594,2263,3413,7,88,2023-06-18,Completed,Credit Card,
11595,2347,630,3,176,2025-12-25,Completed,Insurance,
11596,2582,1401,12,64,2023-09-07,Completed,Debit Card,2.0
11597,1934,2568,5,33,2024-07-16,Completed,Cash,2.0
11598,1501,1176,11,67,2023-06-28,Completed,Debit Card,4.0
11599,649,1014,8,105,2024-10-23,Completed,Debit Card,
11600,1870,3390,4,161,2025-04-23,In Progress,Insurance,
11601,2547,2212,7,56,2024-08-27,In Progress,Insurance,
11602,2763,3030,8,162,2023-11-06,In Progress,Financing,
11603,78,2840,6,37,2023-10-28,In Progress,Debit Card,
11604,643,1567,4,173,2025-06-17,Completed,Credit Card,2.0
11605,2982,3233,8,94,2025-06-11,Completed,Debit Card,
11606,56,688,6,52,2024-04-15,Completed,Cash,4.0
11607,2380,3152,1,161,2023-06-08,Completed,Debit Card,
11608,402,3408,1,56,2023-12-24,In Progress,Debit Card,
11609,57,1236,9,157,2024-12-05,In Progress,Credit Card,
11610,6,716,8,116,2024-04-14,Completed,Insurance,5.0
11611,48,2620,7,99,2024-09-10,Completed,Credit Card,
11612,1712,2097,3,5,2025-11-24,Completed,Credit Card,
11613,18,3005,2,64,2025-03-06,Completed,Debit Card,1.0
11614,2075,3143,3,152,2023-06-26,Completed,Financing,3.0
11615,2497,807,3,134,2023-02-13,Completed,Cash,3.0
11616,562,2022,1,89,03/07/2025,Completed,Insurance,4.0
11617,2895,2857,3,85,2025-07-07,Completed,Debit Card,
11618,2862,3020,10,67,2023-04-14,Completed,Insurance,5.0
11619,2603,2605,8,78,2024-11-07,Cancelled,,
11620,368,1457,4,10,2023-06-19,Completed,Insurance,3.0
11621,2742,2472,11,57,2025-01-16,Completed,Debit Card,
11622,2627,2631,4,49,2024-08-13,In Progress,Credit Card,
11623,1449,730,2,169,2024-01-31,Completed,Cash,4.0
11624,2271,2897,4,72,2023-07-12,Completed,Financing,4.0
11625,1960,188,8,30,2024-02-26,Completed,Insurance,
11626,1848,2313,6,129,2023-08-25,Completed,Insurance,
11627,1332,1245,9,128,2024-02-03,Completed,Credit Card,2.0
11628,72,179,1,50,2025-06-14,Completed,Insurance,2.0
11629,898,647,5,53,2024-03-18,In Progress,Financing,
11630,2856,2370,3,147,2024-06-12,Completed,Credit Card,4.0
11631,2388,64,10,89,2023-08-12,In Progress,Debit Card,
11632,2576,51,10,50,2025-04-02,Completed,Insurance,
11633,2357,2877,1,127,2024-11-19,Completed,Financing,1.0
11634,135,2967,11,8,2023-04-10,Cancelled,,
11635,2741,1462,12,78,2023-02-19,Completed,Credit Card,2.0
11636,1366,1740,7,78,2025-02-18,In Progress,Financing,
11637,2331,633,8,135,2024-11-28,Cancelled,,
11638,1984,3102,7,21,2024-05-12,Completed,Credit Card,5.0
11639,222,2338,5,148,2025-02-23,Completed,Credit Card,
11640,915,3244,4,114,2025-05-19,Cancelled,,
11641,448,558,1,83,2025-03-22,Completed,Financing,5.0
11642,1690,1719,12,12,2024-02-13,Completed,Cash,
11643,973,2657,4,167,2024-09-08,Completed,Insurance,4.0
11644,1298,1931,6,39,2024-10-17,Cancelled,,
11645,1634,2554,3,167,2024-03-03,Completed,Insurance,5.0
11646,2656,1822,6,2,2025-12-11,Completed,Cash,2.0
11647,2950,675,1,126,2023-10-04,Cancelled,,
11648,1585,3435,6,115,2025-01-29,In Progress,Insurance,
11649,1709,1582,1,44,2023-08-22,In Progress,Credit Card,
11650,410,2519,9,129,2023-11-11,Completed,Financing,2.0
11651,2516,354,7,128,2024-11-28,In Progress,Financing,
11652,2790,2956,9,170,2025-11-10,In Progress,Debit Card,
11653,796,1833,6,161,2025-07-05,Cancelled,,
11654,1858,2153,3,2,2023-06-14,Cancelled,,
11655,1061,2524,8,57,2025-11-04,Completed,Debit Card,3.0
11656,2732,921,5,21,2025-04-16,Cancelled,,
11657,1957,2420,6,65,2023-03-09,Completed,Credit Card,
11658,1784,573,1,149,2024-09-19,Completed,Cash,1.0
11659,1709,1582,4,39,2025-03-22,Completed,Insurance,1.0
11660,1427,1806,9,162,2024-06-11,Completed,Cash,5.0
11661,761,3092,12,117,2024-09-12,Completed,Cash,
11662,547,1398,5,74,2024-06-09,Completed,Debit Card,
11663,2157,2394,1,125,2023-09-30,Cancelled,,
11664,2522,1442,3,63,2025-04-28,Cancelled,,
11665,804,2331,9,35,2023-11-10,Completed,Financing,4.0
11666,2989,303,4,9,2024-08-25,Cancelled,,
11667,2448,3300,4,173,2024-12-15,Completed,Debit Card,5.0
11668,2315,1043,3,119,2025-09-14,Completed,Cash,4.0
11669,2011,609,1,156,2023-11-22,In Progress,Financing,
11670,688,2231,4,150,2024-06-08,Completed,Cash,5.0
11671,2813,1527,2,12,2024-01-23,Completed,Debit Card,2.0
11672,2645,2260,7,127,2023-01-22,Completed,Cash,
11673,2103,2875,4,152,2023-09-12,Completed,Credit Card,1.0
11674,759,511,4,150,2024-05-03,Completed,Cash,
11675,2949,370,1,131,2024-05-27,Completed,Financing,2.0
11676,1511,246,12,5,2023-01-17,Cancelled,,
11677,2464,2195,11,89,2024-04-02,Completed,Financing,1.0
11678,962,714,12,165,2025-04-02,Completed,Insurance,4.0
11679,572,1909,6,53,2023-04-15,Completed,Insurance,
11680,562,2022,12,69,2025-08-19,Completed,Insurance,
11681,1992,2747,8,108,2024-03-29,Completed,Cash,
11682,641,697,6,65,2023-11-01,In Progress,Credit Card,
11683,749,2573,9,23,2023-11-30,In Progress,Financing,
11684,225,1316,2,59,2024-12-04,Completed,Financing,
11685,1809,1205,8,63,2024-09-30,In Progress,Financing,
11686,2190,2583,12,167,2024-06-01,Completed,Insurance,
11687,1403,358,9,134,2024-07-18,Completed,Insurance,5.0
11688,2462,712,5,83,2025-12-17,Completed,Debit Card,
11689,501,3216,1,157,2023-01-22,Completed,Credit Card,3.0
11690,1918,1967,2,124,2025-01-19,In Progress,Cash,
11691,1929,2432,1,13,2023-10-07,Cancelled,,
11692,536,649,8,99,2024-02-18,Completed,Cash,
11693,975,2585,5,92,2024-09-22,Cancelled,,
11694,1698,1854,4,162,2023-07-04,Completed,Financing,1.0
11695,148,646,10,96,2025-09-19,Cancelled,,
11696,2358,999,6,131,2024-10-01,Completed,Insurance,5.0
11697,2302,563,2,33,2025-10-01,Completed,Insurance,1.0
11698,2696,1481,9,167,2023-05-21,Completed,Debit Card,4.0
11699,676,263,1,94,2025-09-06,Completed,Credit Card,
11700,631,728,9,19,2023-08-11,Completed,Credit Card,5.0
11701,1707,3182,7,34,08/03/2023,Completed,Cash,
11702,604,181,3,53,2025-04-17,Cancelled,,
11703,1973,1363,7,131,2024-12-15,Cancelled,,
11704,2291,3072,1,126,2025-07-21,Completed,Financing,3.0
11705,1935,1397,1,114,2023-08-10,Completed,Cash,2.0
11706,549,1199,11,99,2024-09-26,In Progress,Debit Card,
11707,2278,1828,8,67,2025-04-11,In Progress,Credit Card,
11708,1610,3132,9,117,2024-03-26,Completed,Debit Card,1.0
11709,2658,753,12,155,2025-09-14,Cancelled,,
11710,2502,1373,12,172,2024-09-17,Completed,Cash,2.0
11711,1671,1416,7,40,2024-10-18,Completed,Credit Card,2.0
11712,2543,3234,1,63,2025-03-18,Completed,Insurance,2.0
11713,712,2141,9,22,2025-02-28,Cancelled,,
11714,190,1387,6,24,2025-04-28,In Progress,Debit Card,
11715,57,1236,5,72,2024-06-25,Cancelled,,
11716,906,2837,4,50,02/13/2024,Cancelled,,
11717,2679,600,3,62,2023-10-04,Completed,Credit Card,
11718,1692,104,11,143,2024-10-09,Completed,Debit Card,2.0
11719,601,602,9,118,09/21/2023,Cancelled,,
11720,261,1912,3,5,2023-04-09,Cancelled,,
11721,1939,410,7,176,2023-08-29,Completed,Financing,5.0
11722,2165,893,8,148,2023-01-26,Cancelled,,
11723,938,464,3,91,2023-12-28,Completed,Credit Card,
11724,2292,1336,6,106,2025-12-20,Completed,Financing,
11725,1698,1854,1,38,2024-03-29,Completed,Financing,2.0
11726,650,2601,4,151,2023-09-25,Completed,Financing,
11727,2062,469,5,68,2024-05-03,Completed,Credit Card,
11728,2239,3186,12,78,2024-08-19,Completed,Insurance,
11729,1754,466,12,143,2025-10-27,Completed,Insurance,2.0
11730,2043,1195,5,14,2025-01-24,Completed,Cash,3.0
11731,1034,385,12,103,2023-11-17,Completed,Credit Card,2.0
11732,1052,2498,11,9,2023-07-22,Completed,Insurance,2.0
11733,915,3244,10,111,2024-06-10,Completed,Insurance,
11734,1635,686,3,68,2023-12-26,Completed,Financing,5.0
11735,369,874,1,5,2025-10-29,Completed,Insurance,
11736,719,156,10,153,2023-04-10,Completed,Credit Card,
11737,1380,808,8,150,2024-08-21,Completed,Cash,1.0
11738,1265,755,12,116,2023-07-23,Completed,Credit Card,
11739,2842,2935,9,159,2025-02-05,In Progress,Insurance,
11740,2915,3386,4,137,2024-05-21,Cancelled,,
11741,805,1770,10,148,2023-09-02,Completed,Debit Card,
11742,2133,2130,5,17,2023-09-28,Completed,Cash,
11743,793,2447,4,19,2024-04-20,Completed,Financing,3.0
11744,2043,1939,1,135,2023-07-06,Completed,Insurance,
11745,604,1393,11,115,2024-09-07,Cancelled,,
11746,867,3125,10,155,2024-09-28,Completed,Debit Card,4.0
11747,172,338,4,102,2023-01-23,Cancelled,,
11748,2724,1612,7,143,2025-08-11,Cancelled,,
11749,696,487,3,156,2025-05-09,Completed,Financing,
11750,271,644,10,21,2025-08-24,Cancelled,,
11751,424,2689,12,116,2023-04-12,Completed,Financing,3.0
11752,2727,2753,11,106,2024-10-01,Completed,Financing,1.0
11753,2664,2111,2,141,2024-11-06,In Progress,Debit Card,
11754,2706,1568,10,154,2023-10-21,Completed,Debit Card,
11755,964,1220,2,9,2023-04-13,Completed,Insurance,3.0
11756,806,1324,8,173,2024-04-11,Cancelled,,
11757,1373,2082,4,170,2024-04-28,Completed,Debit Card,
11758,2175,930,3,16,2025-02-24,Completed,Financing,
11759,78,2840,11,91,2025-08-19,Completed,Debit Card,2.0
11760,439,2862,9,133,2024-04-17,Completed,Insurance,1.0
11761,2726,761,8,163,2025-08-18,Completed,Cash,3.0
11762,1991,2409,3,132,2023-05-08,Completed,Cash,1.0
11763,1268,762,8,33,2023-01-17,Completed,Insurance,
11764,806,1324,2,105,2023-03-30,Completed,Credit Card,1.0
11765,1271,3028,9,144,2023-04-18,Completed,Credit Card,5.0
11766,1910,1286,9,20,2025-05-24,Completed,Cash,1.0
11767,1292,1281,10,7,2024-10-27,Completed,Insurance,4.0
11768,323,2088,12,100,2024-08-18,Completed,Financing,5.0
11769,1157,2598,4,43,2025-02-25,Completed,Insurance,5.0
11770,2915,3386,8,64,2024-07-04,Completed,Credit Card,4.0
11771,72,326,12,111,2024-06-21,Completed,Insurance,
11772,1212,3232,8,146,2025-08-01,Cancelled,,
11773,2164,376,6,56,2023-05-24,Completed,Cash,4.0
11774,2953,1536,7,37,2023-12-15,Completed,Financing,4.0
11775,471,3423,6,134,2024-01-18,Cancelled,,
11776,2683,2102,8,49,2024-07-20,In Progress,Insurance,
11777,877,1079,4,126,2024-12-30,Completed,Debit Card,5.0
11778,1230,374,11,25,2024-10-19,Completed,Insurance,
11779,906,2837,4,127,2023-07-15,Completed,Cash,3.0
11780,2179,2312,10,138,2024-01-23,Completed,Credit Card,
11781,2683,2102,2,7,2025-01-10,Completed,Financing,
11782,29,2871,9,157,2023-05-30,Completed,Debit Card,
11783,2567,2415,3,162,2025-09-20,In Progress,Financing,
11784,336,3313,7,93,2023-03-26,Completed,Financing,3.0
11785,2726,761,1,17,2025-06-25,Cancelled,,
11786,2889,3012,5,52,2024-04-23,Cancelled,,
11787,2054,1978,1,157,2024-10-27,Completed,Insurance,2.0
11788,432,994,2,47,2024-05-03,In Progress,Insurance,
11789,2302,184,6,8,2023-06-07,Completed,Cash,
11790,1345,2246,6,175,2023-01-21,Cancelled,,
11791,2643,926,12,47,2024-03-14,Completed,Financing,2.0
11792,694,20,2,20,2024-08-20,Completed,Insurance,2.0
11793,1780,1101,12,167,2025-12-26,Completed,Financing,3.0
11794,1701,74,10,27,2025-11-13,Completed,Cash,
11795,872,1531,1,165,2024-06-03,In Progress,Credit Card,
11796,191,28,8,146,2024-11-26,In Progress,Debit Card,
11797,1396,60,7,98,2025-11-11,Cancelled,,
11798,1883,1852,6,164,2023-11-04,Completed,Debit Card,
11799,1239,2320,1,109,2023-05-08,Completed,Credit Card,
11800,2233,3096,5,147,2025-03-05,Completed,Financing,2.0
11801,555,1898,6,164,2025-05-31,Completed,Debit Card,5.0
11802,791,1037,5,108,2025-02-09,Completed,Financing,4.0
11803,2262,889,10,31,2023-09-02,Completed,Cash,3.0
11804,167,661,11,169,2023-04-26,Completed,Insurance,
11805,832,754,5,174,2023-09-17,Completed,Financing,4.0
11806,465,3155,11,105,2025-02-11,Completed,Debit Card,4.0
11807,1222,3277,5,79,2023-06-19,Cancelled,,
11808,1523,731,5,173,2025-06-04,Completed,Debit Card,
11809,1991,2409,4,160,12/10/2025,Completed,Debit Card,3.0
11810,2456,3265,1,125,2024-07-28,In Progress,Financing,
11811,340,3179,5,103,2024-01-14,Completed,Financing,2.0
11812,2770,1653,3,164,2025-03-06,Completed,Cash,2.0
11813,282,1591,4,173,2023-08-29,Completed,Debit Card,5.0
11814,1645,2693,1,110,2025-01-15,Completed,Credit Card,
11815,2291,3072,4,82,2025-08-20,Completed,Financing,
11816,2208,94,7,178,2025-09-02,Cancelled,,
11817,2351,2187,3,66,2025-08-08,Completed,Credit Card,5.0
11818,2841,1506,6,15,2023-05-25,In Progress,Debit Card,
11819,56,3114,2,20,2023-09-20,Completed,Financing,3.0
11820,314,1138,7,47,2024-11-23,Completed,Cash,4.0
11821,120,2790,12,85,2024-11-01,Completed,Cash,1.0
11822,813,305,9,64,2024-11-18,Cancelled,,
11823,2562,3440,8,100,2024-02-21,Completed,Financing,5.0
11824,2823,3322,8,42,2024-02-21,Cancelled,,
11825,2736,1193,1,8,2025-09-23,Cancelled,,
11826,2382,80,9,126,2024-03-16,Completed,Debit Card,3.0
11827,2742,1020,10,115,2025-08-01,In Progress,Financing,
11828,2023,3268,6,176,2025-12-30,Completed,Insurance,2.0
11829,1380,1606,2,151,2024-07-06,In Progress,Insurance,
11830,2645,2260,2,64,2024-08-27,Completed,Credit Card,2.0
11831,2517,281,6,27,2023-02-20,In Progress,Debit Card,
11832,2577,61,10,33,2023-04-26,Completed,Debit Card,4.0
11833,2578,1897,9,49,2023-06-19,Completed,Insurance,
11834,1383,3120,12,169,2024-01-14,Completed,Credit Card,1.0
11835,43,2129,1,26,2024-07-12,Completed,Financing,
11836,427,2922,11,54,2023-05-03,In Progress,Insurance,
11837,2724,1612,5,126,2024-01-07,Completed,Debit Card,
11838,1393,3406,6,149,2023-09-23,In Progress,Insurance,
11839,2451,654,2,132,2025-03-27,Completed,Credit Card,
11840,2425,2752,2,129,2024-03-25,Completed,Debit Card,4.0
11841,2805,2954,4,26,2023-04-08,In Progress,Insurance,
11842,1859,1029,3,57,2024-12-11,Completed,Financing,
11843,265,2018,8,180,2024-10-23,Completed,Cash,
11844,2056,1792,9,64,2023-09-23,Completed,Cash,
11845,56,1306,2,37,2024-09-04,Completed,Financing,5.0
11846,2090,1412,12,70,2024-05-21,Completed,Credit Card,
11847,101,2033,8,150,2023-08-31,Completed,Insurance,5.0
11848,2727,2753,7,45,2024-06-26,Completed,Cash,4.0
11849,329,193,7,137,2024-11-20,In Progress,Financing,
11850,554,2694,9,157,2024-10-14,Cancelled,,
11851,2326,2299,2,33,2024-06-25,Cancelled,,
11852,635,2992,2,76,2024-01-13,Cancelled,,
11853,479,898,11,66,2024-07-26,Completed,Credit Card,3.0
11854,1991,1702,9,107,2023-07-19,In Progress,Debit Card,
11855,293,1589,4,17,2024-03-27,Completed,Insurance,
11856,412,3290,9,52,2024-11-26,Completed,Debit Card,1.0
11857,156,389,2,73,2023-09-01,Completed,Financing,5.0
11858,897,614,8,154,2025-06-11,Completed,Insurance,
11859,505,2548,9,34,2025-11-17,Completed,Credit Card,
11860,1838,2513,10,115,2024-01-22,Cancelled,,
11861,2135,2743,10,100,2025-06-30,Completed,Insurance,3.0
11862,444,214,2,113,2023-12-22,In Progress,Credit Card,
11863,1600,154,12,119,2024-09-24,In Progress,Financing,
11864,463,1376,6,24,2025-05-05,Cancelled,,
11865,883,1423,2,60,2023-05-16,Completed,Cash,
11866,276,203,11,39,2025-07-18,Completed,Insurance,
11867,1049,3107,8,68,2025-04-07,In Progress,Insurance,
11868,463,931,11,116,2023-08-30,Cancelled,,
11869,400,369,3,166,2024-11-26,Completed,Credit Card,5.0
11870,323,2088,10,139,2025-07-07,Cancelled,,
11871,1027,2773,10,35,2023-08-09,Completed,Cash,
11872,2507,775,9,25,2025-07-13,In Progress,Insurance,
11873,2178,1877,2,179,10/25/2024,Cancelled,,
11874,1659,2434,3,19,2023-07-03,Completed,Debit Card,2.0
11875,43,2510,5,52,2024-06-09,Completed,Financing,4.0
11876,593,435,5,86,2023-10-20,In Progress,Insurance,
11877,2794,213,11,99,2025-02-12,In Progress,Financing,
11878,112,2166,7,163,2023-02-24,In Progress,Credit Card,
11879,6,1830,4,158,2025-08-14,Cancelled,,
11880,155,2401,2,159,2023-11-18,Completed,Financing,5.0
11881,2794,702,9,119,2025-05-11,Completed,Cash,2.0
11882,2302,3157,3,3,2024-05-11,Completed,Financing,
11883,2899,293,11,34,2023-08-18,Completed,Debit Card,
11884,1394,2530,12,22,2025-11-28,Completed,Cash,
11885,2321,693,11,119,2025-11-16,Cancelled,,
11886,467,1736,3,43,2023-02-02,Completed,Credit Card,3.0
11887,1575,1095,5,109,2025-02-16,In Progress,Financing,
11888,405,721,5,105,2024-09-27,Completed,Financing,3.0
11889,2157,1392,4,79,2025-12-05,Completed,Cash,
11890,1659,253,5,131,2023-05-20,Completed,Credit Card,
11891,1195,2974,3,69,2024-09-08,Completed,Financing,4.0
11892,1281,2458,10,143,2023-12-15,In Progress,Financing,
11893,2339,2633,5,121,2024-12-20,Completed,Debit Card,5.0
11894,1148,2996,9,66,2023-02-16,Completed,Financing,2.0
11895,2088,1947,3,145,2024-02-22,Cancelled,,
11896,973,2657,8,113,2023-10-15,Completed,Insurance,
11897,1393,3406,4,169,2023-09-06,Completed,Credit Card,4.0
11898,872,924,5,90,2024-05-16,In Progress,Credit Card,
11899,557,2281,1,180,2024-08-29,Cancelled,,
11900,512,2043,5,112,2023-09-11,Cancelled,,
11901,2782,671,1,87,2025-11-02,Cancelled,,
11902,475,337,11,102,2024-01-18,Completed,Financing,5.0
11903,2200,1076,9,87,2024-07-18,Completed,Credit Card,4.0
11904,2763,1071,3,131,2024-04-21,Completed,Debit Card,2.0
11905,418,3223,12,101,2024-10-09,Completed,Insurance,
11906,1380,808,2,131,2024-08-04,Completed,Cash,5.0
11907,1496,2459,7,97,2025-03-04,In Progress,Insurance,
11908,2774,1150,2,126,2024-04-16,Completed,Insurance,2.0
11909,2328,3245,10,58,2024-03-24,Completed,Debit Card,3.0
11910,2831,164,11,177,2025-02-20,Completed,Cash,4.0
11911,396,541,8,22,2025-04-09,In Progress,Debit Card,
11912,1827,2421,10,143,2024-12-31,Completed,Financing,5.0
11913,800,961,8,87,2025-10-20,Completed,Cash,
11914,523,641,3,164,2024-02-15,Completed,Insurance,3.0
11915,493,407,12,78,2024-08-18,In Progress,Financing,
11916,650,2601,3,78,2023-03-30,Completed,Cash,5.0
11917,665,658,11,110,2024-11-17,Completed,Debit Card,2.0
11918,898,647,9,139,2025-05-27,Completed,Cash,
11919,1758,2474,12,71,2024-09-03,In Progress,Debit Card,
11920,1914,1293,3,167,2025-06-10,Completed,Insurance,1.0
11921,2112,399,9,91,2023-06-04,Cancelled,,
11922,1437,2269,7,53,2023-08-18,Completed,Cash,1.0
11923,164,2991,12,158,2024-09-13,Completed,Debit Card,5.0
11924,1107,881,6,139,2025-02-15,Completed,Credit Card,
11925,1668,2741,8,180,2023-06-15,Completed,Insurance,1.0
11926,18,2048,4,37,2024-06-17,Completed,Financing,4.0
11927,2664,178,5,5,2023-05-01,Completed,Financing,5.0
11928,1579,736,2,174,2025-10-03,Completed,Cash,3.0
11929,1889,3003,5,49,2025-09-17,Completed,Insurance,
11930,1103,1599,4,106,2025-01-30,Completed,Cash,3.0
11931,931,450,6,163,2024-03-17,Completed,Credit Card,
11932,2946,95,8,41,2023-08-09,Completed,Credit Card,5.0
11933,2890,1797,2,120,2024-08-19,Completed,Insurance,2.0
11934,1115,2428,10,23,2025-02-18,Completed,Credit Card,
11935,2270,2327,2,83,2023-05-01,In Progress,Debit Card,
11936,1033,1094,3,42,2025-08-14,Completed,Financing,5.0
11937,437,1974,1,81,2023-11-05,Completed,Debit Card,2.0
11938,569,1096,7,170,2024-10-05,Cancelled,,
11939,484,335,3,90,2023-12-30,Completed,Insurance,
11940,587,2551,6,66,2025-10-04,Completed,Credit Card,
11941,2753,2142,8,82,2023-03-14,Completed,Debit Card,5.0
11942,2392,2997,12,24,2023-09-13,Cancelled,,
11943,423,55,5,33,2024-09-27,Completed,Cash,5.0
11944,1121,2764,1,48,2023-04-19,Completed,Insurance,
11945,2818,93,10,50,2025-08-19,Completed,Credit Card,3.0
11946,2974,115,7,88,2024-12-03,Completed,Insurance,2.0
11947,179,559,3,25,2025-07-27,In Progress,Cash,
11948,27,3396,5,17,2025-10-24,Completed,Credit Card,
11949,524,946,4,146,2023-10-29,Completed,Debit Card,5.0
11950,1058,2798,9,32,2023-08-23,Completed,Credit Card,2.0
11951,1671,1416,1,93,2023-07-16,Completed,Financing,
11952,6,1830,4,119,2024-12-16,Completed,Insurance,2.0
11953,1786,427,1,84,2023-04-14,Completed,Debit Card,3.0
11954,284,2503,1,153,2023-11-21,Completed,Insurance,2.0
11955,713,1743,3,24,2025-05-29,Completed,Debit Card,
11956,2502,1373,2,79,2025-05-16,Completed,Cash,
11957,1749,813,4,159,2025-05-02,In Progress,Insurance,
11958,1663,749,11,56,2025-09-20,Cancelled,,
11959,2374,318,2,32,2024-04-22,Completed,Credit Card,2.0
11960,2930,1126,5,71,2023-01-01,In Progress,Insurance,
11961,2218,928,9,132,2023-07-15,Completed,Debit Card,1.0
11962,113,1171,5,167,2025-10-08,Completed,Credit Card,3.0
11963,827,2550,4,150,2023-01-26,Completed,Credit Card,4.0
11964,2459,3347,7,91,2023-01-02,In Progress,Credit Card,
11965,1858,2153,9,50,2024-06-04,Completed,Insurance,
11966,368,1457,10,6,2023-03-01,Completed,Cash,
11967,1750,2387,6,159,2023-09-07,Completed,Cash,4.0
11968,1259,2339,7,54,2024-10-15,Completed,Financing,2.0
11969,786,1369,3,127,2025-09-15,Completed,Credit Card,4.0
11970,1566,2704,6,45,2024-07-23,Completed,Cash,3.0
11971,2868,1366,1,16,2024-06-20,In Progress,Financing,
11972,1238,805,5,58,2023-10-12,Cancelled,,
11973,1107,881,6,24,2025-01-11,Cancelled,,
11974,120,1765,9,171,2025-09-13,Completed,Credit Card,
11975,856,3110,9,51,2023-06-18,Completed,Cash,
11976,121,1429,9,15,2025-07-01,Completed,Financing,4.0
11977,804,2331,9,166,2024-11-16,In Progress,Cash,
11978,2715,3073,11,51,2025-02-03,Completed,Credit Card,5.0
11979,2368,2819,11,8,2025-02-19,Completed,Credit Card,
11980,1190,2293,2,92,2025-06-13,Completed,Cash,3.0
11981,2034,1631,6,137,2024-11-24,In Progress,Insurance,
11982,1884,1858,10,152,2025-08-07,Completed,Cash,2.0
11983,1967,1099,10,118,2023-12-31,Completed,Debit Card,
11984,120,2918,1,74,2024-09-12,Cancelled,,
11985,796,1309,1,138,12/20/2023,Completed,Insurance,
11986,2733,2160,7,53,2024-04-27,Completed,Insurance,3.0
11987,1594,3270,5,5,2024-05-24,Completed,Credit Card,1.0
11988,1679,3195,5,29,2023-08-27,Completed,Financing,
11989,1967,2288,11,134,2024-11-05,In Progress,Credit Card,
11990,826,1615,10,171,2025-08-02,Completed,Debit Card,
11991,1513,2042,6,88,2023-11-10,Cancelled,,
11992,2671,553,12,12,2023-09-30,Completed,Cash,2.0
11993,1730,89,5,112,2024-01-28,Completed,Debit Card,
11994,1052,2498,12,152,2024-08-11,Completed,Financing,3.0
11995,2772,514,1,119,2023-02-19,Cancelled,,
11996,2074,1555,9,47,2025-09-15,Cancelled,,
11997,150,149,4,25,2023-12-10,In Progress,Debit Card,
11998,999,2756,6,20,2024-11-14,In Progress,Debit Card,
11999,2410,522,2,128,2025-05-18,In Progress,Insurance,
12000,781,797,11,15,2023-11-05,Cancelled,,
