vehicle_id,customer_id,make,model,year,vin,mileage,fuel_type
1,1940,Nissan,Altima,2012,F6F4S2C9Z6Q5U3G9B,130089,Gasoline
2,491,Tesla,Model S,2018,V9I9O6V1U5W1G6A0D,164325,Hybrid
3,1008,Nissan,Sentra,2018,R6W0Q3J4V5F3J0I0H,82304,Gasoline
4,437,Chevrolet,Equinox,2009,B8K0B1O8U0C8R7V5R,14895,Electric
5,1555,BMW,3 Series,2016,W4M2X0W6B2W4Y8U8J,40617,Gasoline
6,2175,Nissan,Rogue,2010,A8D0J3M0M2A5W1Q5S,95864,Gasoline
7,94,Ford,Explorer,2021,I1R1I3S8U3V5J1Y4X,7354,Diesel
8,563,Ford,Escape,2010,E2Z0Y6H9E3Q4M8I6Y,138113,Gasoline
9,465,Nissan,Altima,2019,K2A5N5F1A4G5D8K8Y,25444,Diesel
10,507,Nissan,Rogue,2018,B9R9A0C7Q3E9E4I8D,48372,Gasoline
11,202,Tesla,Model 3,2015,O5W0W5E8S8L2J0U2F,72986,Gasoline
12,327,Nissan,Sentra,2025,N2J1X4Y5O3G8X2K3I,144400,Electric
13,1218,Nissan,Sentra,2025,J1P9W4V3N6E1I4P7T,145299,Hybrid
14,1278,Toyota,Highlander,2009,D9G0E4D8F8D3I5V6B,110645,Gasoline
15,561,Ford,Explorer,2009,F0T0B2U3T5P6V4V1Y,18521,Gasoline
16,1954,Tesla,Model 3,2011,X4Q9G7X9U9N2Z2O9M,11647,Gasoline
17,438,Ford,Focus,2025,A2R1B7Y6F9U6Z0H3V,69780,Gasoline
18,1369,Tesla,Model 3,2010,B5C0B3O5T0Q9D0B7C,44639,Gasoline
19,2584,Tesla,Model S,2011,K6V4P6V2I2V5N0V7R,4915,Gasoline
20,694,BMW,X3,2012,E4Q9S7S0B7M1S9L9I,179399,Gasoline
21,1120,Chevrolet,Silverado,2024,W1R1C0N1G7Q6X6Z0M,151676,Hybrid
22,2243,Nissan,Altima,2023,F1B0X0L3G3G4F5X3V,62867,Gasoline
23,2162,Honda,Pilot,2014,N1Y3Q6I7I8Q9H5E3F,77231,Gasoline
24,1104,Chevrolet,Tahoe,2017,K3G1S1I5U8L2I5H0V,65781,Gasoline
25,2656,Toyota,Highlander,2016,S7R0S5T4N3V3N2L1L,159164,Gasoline
26,1037,Toyota,Highlander,2014,Z5L0P8X9G8V9C4D0N,34104,Gasoline
27,2749,Nissan,Sentra,2011,R3X5U6A7M9Y4F1J5W,65716,Gasoline
28,191,Toyota,Corolla,2015,Y1Z3J0R0Y6O3W4Y0H,19426,Hybrid
29,462,Honda,Accord,2016,X7W6K4M2W3Y7A8X8P,151121,Gasoline
30,1694,Honda,Civic,2008,R2G3J2I9F0K0F1W1X,28537,Gasoline
31,2967,Chevrolet,Malibu,2012,B9J8U9G5T0R6W6I5P,170359,Hybrid
32,1684,Nissan,Rogue,2018,N2Q1Q7M4P4I7L0C7Z,99780,Hybrid
33,2717,BMW,5 Series,2022,W6Z9A4P1W6V5T8H7O,53334,Electric
34,1447,Honda,Accord,2020,W0U4N4M5U6A7I5P9W,49783,Electric
35,2007,Nissan,Sentra,2015,K1K6U2V6M9J8P5E2K,128665,Electric
36,13,Chevrolet,Silverado,2016,F8O2G5K6Y9H0B2I8P,114085,Gasoline
37,2148,Toyota,Camry,2022,J8J9K9U3H6R5J0L0B,76278,Gasoline
38,1161,Toyota,RAV4,2012,L7D7R4M8C6J0C2P5L,73724,Gasoline
39,2170,Nissan,Altima,2023,H7I9C7J4A8Y4A0Y8V,17616,Gasoline
40,1841,Ford,Explorer,2015,K9H6I7F2G8R2M4K1U,53171,Hybrid
41,1105,Ford,Focus,2020,D4L1Z9I5K4I1X5F7B,42563,Gasoline
42,961,Chevrolet,Malibu,2008,G6I5K9P9G8P3X1R4P,169640,Gasoline
43,1097,Honda,Accord,2011,L5X4F8G3Q3B8N8D0V,97711,Gasoline
44,2697,BMW,3 Series,2016,E7Q5Q2Q4L0X9C7D5T,135892,Hybrid
45,258,BMW,5 Series,2008,U6U0B3U0I7G9E8M4Z,149176,Diesel
46,1033,Toyota,Corolla,2017,W9F3R8E4H1G3J7Y0O,64540,Hybrid
47,750,BMW,X3,2024,W2C1P7D9I7C6A4C6E,165000,Gasoline
48,81,Tesla,Model 3,2012,D2Z0T1K1P9J9A0V6O,86319,Hybrid
49,2327,Nissan,Sentra,2021,O5N0P4U0Y7I9B4E2A,89968,Gasoline
50,1255,Honda,Accord,2011,B5J6H1S8S3U7U0K1G,111871,Gasoline
51,2576,Nissan,Rogue,2014,X7Q1Q6H9X3V6Q1B7F,105869,Hybrid
52,394,Tesla,Model S,2019,H0W1H7H3N3N7V5V9C,100094,Gasoline
53,188,Honda,Accord,2018,T9J9B5T9Y4W2N5L3L,88619,Gasoline
54,1366,Nissan,Altima,2025,A0G9P9M5S8S9E2E8I,129776,Gasoline
55,423,Tesla,Model 3,2010,L8O9X5S3Q4L9N1P0F,148653,Electric
56,840,Honda,Pilot,2009,T8N8H2J2B3F4H0J9J,122942,Gasoline
57,2790,BMW,3 Series,2011,L8N0O7N9O8G1Y0V5R,144303,Gasoline
58,895,Honda,Accord,2014,X6H3U6D2O8I5A8I4H,97723,Gasoline
59,493,Ford,F-150,2021,D1P1V5Q2I4Q7E1U8G,74008,Gasoline
60,1396,Chevrolet,Malibu,2010,P4W9U4I8L7Z8G3E6S,62551,Gasoline
61,2577,Toyota,RAV4,2025,P7Z0A1B8M9Y1B3I8G,63731,Gasoline
62,685,BMW,5 Series,2025,B9D4K9D3S1N7V3G3R,172806,Hybrid
63,887,BMW,3 Series,2023,C8J7O4N3T4S2S0W5D,108453,Electric
64,2388,Toyota,Camry,2024,I2P6I9T2L5R2G6C1C,60617,Electric
65,2853,Ford,F-150,2021,G1K3J9D9A9P2R3Q2A,91977,Electric
66,2851,Nissan,Rogue,2025,U6P4P4F2L0J7N0L7G,43568,Gasoline
67,789,Toyota,Camry,2016,R0Z5Z4T2F3T1Y1T2U,45606,Hybrid
68,803,Honda,Civic,2013,X9T4Y3K4Q2C5S4X8V,55306,Gasoline
69,2711,Ford,Focus,2009,P2V5S4V2S2X8J8B0U,118325,Gasoline
70,2973,Honda,Civic,2011,C3B3M5C2K0H1B8B8U,54020,Gasoline
71,631,Nissan,Rogue,2021,J8I1K8O9P8J5T7Y9W,17085,Electric
72,32,Honda,Pilot,2020,F9L3U4F6X6I7F3S0R,45424,Gasoline
73,445,Tesla,Model 3,2021,M5R6Y6O3H1G1J0Q8B,22736,Hybrid
74,1701,Honda,Civic,2012,C6P4Z8G4D6Q1M5V9A,28926,Gasoline
75,2924,BMW,3 Series,2016,N8F7H5E0E9C3K1H0B,136883,Hybrid
76,1856,BMW,X3,2018,M2W5M9F5J3U4K5W4B,41760,Hybrid
77,1840,Tesla,Model S,2014,W7S5E0Z1E4V8O1Y0C,111881,Gasoline
78,1294,Nissan,Rogue,2016,S5I4Y3K5T4N7N7V8G,68717,Gasoline
79,1663,BMW,3 Series,2014,L4T7M9H1J6Q6O5G9P,77972,Gasoline
80,2382,Tesla,Model Y,2010,N4D2S5L8B9Q1H5B9G,30737,Hybrid
81,2869,Honda,Civic,2015,H4T1F8Z5I0R4B8G9I,140365,Electric
82,2661,Toyota,Highlander,2020,T9Z2R7F3K3E8I5K2W,152717,Hybrid
83,2122,Nissan,Altima,2009,H1R7P5N3U6A3I9K7K,47631,Gasoline
84,208,Honda,Accord,2015,T9Q1F9U5J7M1Z7J8L,133778,Electric
85,2208,Tesla,Model 3,2015,O7J5A8I3N3S1A8G3U,145276,Gasoline
86,1064,Tesla,Model S,2010,E4M7P3B1L1J0J9R8V,68956,Gasoline
87,1752,Honda,Accord,2009,N8H9C6Y7N1I9P6R5C,129083,Electric
88,2863,Honda,Accord,2015,U6L6R6E2Q9C0W9Q1Z,167288,Gasoline
89,1730,Honda,Pilot,2010,R8G2H2L0R4G7J3N0P,166661,Gasoline
90,675,BMW,5 Series,2022,Z1X9I0R1A4N7B3Q4G,179108,Gasoline
91,136,Nissan,Rogue,2008,M9R8E6X2X2K0P6W8L,3522,Hybrid
92,2962,Nissan,Sentra,2008,N0R1B6Z6O5A1S5C1N,8455,Gasoline
93,2818,Honda,Civic,2010,W5C0N3Z3Z5C0P4C6D,50417,Gasoline
94,2208,Nissan,Altima,2022,P3Q9N6P3M2L2X9F9E,170250,Gasoline
95,2946,Nissan,Sentra,2008,Z9R3E7A7Y0P6L1K9M,39762,Diesel
96,2065,Ford,Focus,2011,Q7E2M4C2V7Z4Z2T0J,169742,Gasoline
97,349,Ford,Explorer,2013,D6J4X8G9H3J6K1J7H,143571,Hybrid
98,1953,Tesla,Model S,2025,O4K4I1J1H0N2M2D0A,75783,Gasoline
99,720,Nissan,Altima,2012,J3R3A2C9Y3I3I0R0G,76253,Gasoline
100,1555,Nissan,Altima,2018,D6Z4L9T8M8L2B4Y7R,123412,Gasoline
101,181,Chevrolet,Tahoe,2008,S2F6S9U2O7C8R2D9E,157579,Gasoline
102,1548,BMW,5 Series,2015,H0P8W5X6I4L3C2M0D,91031,Gasoline
103,1127,Toyota,RAV4,2024,X7L3O4C8Q5X4R1J3E,139445,Gasoline
104,1692,Chevrolet,Silverado,2015,R4F9M4H5P2X0G4N5A,39631,Hybrid
105,1514,Tesla,Model 3,2018,X1D8J7J6Y3A9L5X4G,173862,Gasoline
106,2989,Ford,Escape,2020,H2D7J3D0D3K8L2J0K,11476,Gasoline
107,1666,Toyota,Highlander,2009,Z8Z1L5V1S4I1M7W8R,55004,Gasoline
108,1885,Tesla,Model S,2025,E7S9X1H5E4V2T2Q0Y,162528,Gasoline
109,265,Toyota,Corolla,2012,A6G6V0S4O7Y2G9C4E,16415,Gasoline
110,1036,Toyota,Camry,2020,X6R7L0N4O3X0W2F4S,139062,Gasoline
111,1072,Tesla,Model S,2008,O3D4L2P8T8O1L5K1G,164491,Hybrid
112,2243,Nissan,Sentra,2013,J7Q6O8O4S1Q8H1K6F,124662,Gasoline
113,2942,Honda,Accord,2020,F5J9L3C2B9A5W4W4Z,49700,Gasoline
114,993,Toyota,Highlander,2016,R0K8H4A4F7S6N0O7M,41095,Hybrid
115,2974,Honda,Pilot,2017,B5P2T5H8Y8U0O4M9V,45292,Gasoline
116,1670,BMW,X3,2017,L3O5A2I1F4L8C5X7S,78510,Gasoline
117,1509,Honda,Pilot,2012,A5I4H2B5F8T6Q6V0K,138996,Gasoline
118,337,Toyota,RAV4,2016,S5E0F8D5U5D1I1D0D,121601,Electric
119,2588,Nissan,Rogue,2017,J1J9S4V2E7N1H0J0E,102704,Gasoline
120,174,Nissan,Rogue,2017,Q6D0M6B9G5Y5Z9O9G,49413,Gasoline
121,2227,Honda,CR-V,2018,W3K1M6U2A3N0Y0G3I,179592,Gasoline
122,1925,Honda,Civic,2010,Q1X1J4H9M6Y3E8E6W,99399,Gasoline
123,2102,Nissan,Rogue,2017,H8V9T4I2W6M0T3S2J,151418,Diesel
124,926,Tesla,Model S,2008,A1S2J1U0A5F9P7L0S,29064,Gasoline
125,2125,Tesla,Model S,2024,K2G0R9J5D5N4B0Z9Y,47280,Electric
126,1908,Ford,Explorer,2012,L0J0I9O0M3R8R7P5B,160432,Electric
127,1187,Toyota,RAV4,2009,F2J0H5Q1J3U9Z5A4P,168031,Gasoline
128,839,Nissan,Rogue,2015,X6W8M6A2G5S1Q3H7N,57158,Gasoline
129,2156,Nissan,Rogue,2014,D4G3G0H7T4N9A8W2E,68058,Gasoline
130,2984,BMW,3 Series,2020,B1V9V0F6G2Y9J4J4F,58664,Hybrid
131,388,Nissan,Altima,2010,L0V8Q0V1S3V6I0L4D,157748,Gasoline
132,198,Chevrolet,Silverado,2025,R5J7H6E9B2M2O9R6L,159478,Diesel
133,2018,Honda,Civic,2014,E0A4C4N3C1S9D7D4P,57328,Gasoline
134,161,BMW,5 Series,2015,E0Q9S0Y9N3P3Z1Y8U,107100,Electric
135,2507,BMW,3 Series,2010,R9P0E0N9F1S8N0R7H,132852,Gasoline
136,1892,Ford,Focus,2011,S7K5D4X5T0D7F5Z6O,131751,Electric
137,35,Nissan,Sentra,2024,S7Y8Y7L1Y9G1Q3Q9E,3297,Electric
138,2401,Honda,Civic,2008,W2V6S9V4O8B1T3I3G,28482,Gasoline
139,524,Chevrolet,Silverado,2025,I6F5B1G8F9J9O9N4N,157051,Gasoline
140,1368,Toyota,Corolla,2020,L8H5W8M9A4S7J2N9T,124303,Gasoline
141,2442,Chevrolet,Equinox,2017,R6I0U7P6D1Z2E4J2E,31878,Diesel
142,1605,Chevrolet,Silverado,2014,W9W9T4P0Y1C8Q9D8G,96944,Gasoline
143,313,Ford,Escape,2009,E2Y2D9E5M7S0H3F4Z,82086,Gasoline
144,2619,Nissan,Altima,2024,Q9G1W9T5W2Y0B9M8O,151240,Gasoline
145,948,Tesla,Model Y,2015,C9Q0G1D2E8V0X2M9D,104571,Gasoline
146,1669,Ford,F-150,2012,G7P1N9H2H6T8H0A7B,51540,Gasoline
147,2485,BMW,3 Series,2014,W2G8M7B8M9X9M1K7G,158301,Gasoline
148,1127,Toyota,Corolla,2022,G9G7W7P0L4G3N1N3C,88368,Gasoline
149,150,Toyota,Camry,2016,U5X4I9K8J1P1M1G8T,77556,Gasoline
150,1503,Tesla,Model Y,2009,L4D3D8D4C0V1U1N5B,165776,Gasoline
151,2017,Nissan,Rogue,2015,N8R6Q9U8N6J8T3E0R,104177,Gasoline
152,2128,Nissan,Sentra,2009,N6O9X6J8I2R6U0N6C,25661,Gasoline
153,173,Honda,Pilot,2008,A6H6P0N0F2M8X5E5D,51077,Electric
154,1600,Toyota,Corolla,2019,F0O1B0I9E4Y5M9S7G,104788,Electric
155,631,Toyota,Camry,2020,S7K2F5M7W7J2W6Z1I,119940,Gasoline
156,719,BMW,3 Series,2011,T2G8Y0P8V5V7Z6A2J,57805,Gasoline
157,1761,Ford,Explorer,2009,G2O5M6J8J7C0Y8W8T,133951,Gasoline
158,2566,Chevrolet,Silverado,2023,Y9A1H2Q7E1W6R4E3Z,127710,Gasoline
159,2545,Tesla,Model S,2012,G2K2S1O2W5P8A4K7G,55775,Diesel
160,166,Nissan,Rogue,2017,B1K3M5X7I8H1D3W7R,30863,Gasoline
161,1833,Tesla,Model 3,2024,S9A2W6D1F1O0X4X4A,51374,Gasoline
162,2166,Honda,Pilot,2025,X5A7W5X4J5R2E3G5A,36281,Gasoline
163,2518,Honda,Accord,2019,J9O9W2R2Y9X3T4M6L,33041,Gasoline
164,2831,BMW,5 Series,2022,I5Z5Y0F0K2G3I0G9U,5232,Gasoline
165,1186,Toyota,RAV4,2010,I9Y4P3P4M1I0J2A3G,75411,Gasoline
166,2388,Toyota,Highlander,2016,M7S3X4Q8Z1C5U3A9K,43911,Gasoline
167,2558,Tesla,Model S,2021,N4O4C4X6N9O4C4O2K,150633,Hybrid
168,2264,Nissan,Sentra,2017,L8J7J1H0T4C0E4T4U,168730,Gasoline
169,368,Tesla,Model S,2022,C5W7C3W5A8A0Q5R4K,137394,Gasoline
170,2609,Tesla,Model Y,2020,C0P5L0P6E7W4X8P1Q,149597,Gasoline
171,88,Ford,F-150,2017,N1Q2H1D7L0M9B9B4H,131686,Electric
172,718,Tesla,Model S,2014,T3H6N1H0I6E7Z0G7E,50405,Gasoline
173,579,Nissan,Altima,2017,E5G7W8X1I0Q5U2A8D,113189,Gasoline
174,2549,Tesla,Model 3,2021,J0X5T4I1B1M6X6N9A,6519,Diesel
175,2623,Chevrolet,Malibu,2020,W8P6F9L9T0P0B7R8Q,31358,Gasoline
176,713,Chevrolet,Silverado,2022,O3A4R1Q0E3G1T1N1B,57098,Gasoline
177,2486,BMW,3 Series,2024,D9P4X3C2F0O1M3W0J,58275,Gasoline
178,2664,BMW,X3,2019,R1Y2B1D9C6T5B7A3R,64453,Electric
179,72,Tesla,Model 3,2025,C6B8U3G4O8J5B4P9L,75132,Hybrid
180,584,Ford,Focus,2011,T0V1O7L9I8V2N1U0S,148943,Gasoline
181,604,Ford,F-150,2025,N6X1M0Y6W5V1G5J1O,106991,Gasoline
182,2708,Ford,Escape,2021,X2F0W4G8Z8K2S5C2N,70240,Gasoline
183,1412,Tesla,Model Y,2020,V2A9Q9O1B7G8H0C7D,107172,Gasoline
184,2302,Nissan,Altima,2008,R2Z0V1L6J3W5Y7I6R,126834,Hybrid
185,2165,Toyota,Corolla,2014,D9O8Z5M3J5U4Z1Z4G,82733,Gasoline
186,787,Nissan,Altima,2016,C3X0S8S0Y4E5B3M1F,70504,Gasoline
187,2085,Honda,Accord,2017,M8J4F6K9Y1T7F2M8I,71777,Gasoline
188,1960,Toyota,Camry,2013,I0C6N5B5G9Q7F6D1Q,59150,Gasoline
189,2460,BMW,X3,2021,K5G5K1B7J2P9X4T8C,102912,Electric
190,479,Chevrolet,Silverado,2009,V4A0Z6K0E5V6F4R3L,101998,Gasoline
191,2507,Toyota,Camry,2014,M3F6I2M2U9J8R2H2S,88276,Hybrid
192,272,Nissan,Altima,2009,M4X4F4Z6P2Q0N4K2T,98854,Gasoline
193,329,Tesla,Model S,2016,I2F9Q3B8V0H7U4X3B,77317,Gasoline
194,1857,Toyota,RAV4,2009,A1B0X7Q2E7W7W8C7W,107399,Hybrid
195,803,Nissan,Sentra,2024,P5U0X5P8Y3J6Y8D2Q,153189,Electric
196,207,BMW,5 Series,2012,Y2B2T2T8J3S7A2P1B,97063,Gasoline
197,2029,Ford,Explorer,2008,Q6D2C2K7R9B2Q8I1Y,116013,Gasoline
198,239,Ford,Focus,2013,Y2X8X2M5J5F9B9X4O,118209,Electric
199,2751,BMW,5 Series,2021,N3W0G0G8L7Q1Q0V6Z,34586,Gasoline
200,378,Ford,F-150,2025,U6D6L5A6H6W0J2D0U,129499,Hybrid
201,196,Nissan,Rogue,2020,C9C4X9E4Z1W8R4N4S,42697,Gasoline
202,94,Tesla,Model 3,2016,G1F5E0Y2S2U2W9A5S,104644,Electric
203,276,BMW,X3,2016,C7H6Q9A9T1J5Y7F4U,51688,Gasoline
204,544,Chevrolet,Malibu,2010,Y9E3X4V2E7U4Z9L7O,82865,Gasoline
205,1644,Honda,Accord,2019,V9F9X5N2M0O4W3V0E,28998,Gasoline
206,840,Toyota,Highlander,2008,X8T5M8V5N7K6K0R5F,43563,Hybrid
207,1556,Toyota,Corolla,2008,X9H4D0X5I4M8D4C6Y,30022,Gasoline
208,2743,Chevrolet,Malibu,2024,U6C0Q2P4T4Z2S1A1J,83797,Gasoline
209,497,Chevrolet,Equinox,2020,D1Q3B4I2C2G3P5C5J,50408,Gasoline
210,1084,Toyota,RAV4,2017,K2R5B8H8G6N0I4G9U,155834,Gasoline
211,577,Honda,CR-V,2009,Q2C7L0C2H6I1S2N5X,104201,Gasoline
212,1129,Toyota,Camry,2021,R4V9U5F2Y5S4K0T0C,75148,Diesel
213,2794,Honda,Pilot,2014,Q9T1V1F6G1I6I4M6C,66069,Electric
214,444,Chevrolet,Tahoe,2025,Y2U4S5S8G4W8S5V1L,37665,Electric
215,698,BMW,5 Series,2024,C8D3U3V1T4R2A1K4F,49428,Gasoline
216,2014,Nissan,Altima,2010,Y0P5D8A9M2T0O7H9X,154901,Gasoline
217,1070,Honda,Civic,2014,X8K0Z3Z1U2O0K1E3V,136664,Electric
218,1394,Chevrolet,Malibu,2025,F2Q8Z1B0K5V9F3T9K,129292,Hybrid
219,958,BMW,X3,2022,L7I8V3L4N0D1O0B7S,112178,Electric
220,2111,Honda,Accord,2011,M9M1O3Z5F3D9W4B1E,46956,Gasoline
221,1387,Ford,Focus,2008,Z6P9Q5H5V4T9B1L7X,60506,Gasoline
222,2879,Chevrolet,Silverado,2023,B3U7Q3T9P3E0E4K5W,154800,Gasoline
223,2789,BMW,5 Series,2020,X1D7G0J2X7Y7V7A2D,31693,Gasoline
224,2034,BMW,3 Series,2020,X4N8L3V6M6A2J5E3V,62352,Electric
225,1496,Tesla,Model 3,2008,Y9I3K1G5G9D1U0J5L,1090,Gasoline
226,740,Honda,Civic,2013,O9Z8B5K0Z0B0M3O8F,59196,Gasoline
227,1612,Ford,Escape,2010,O0L7H2D8K0N7F9K3W,178429,Electric
228,2209,Ford,F-150,2018,V8N0S4T4Q6K0D0L7F,117752,Electric
229,2333,BMW,5 Series,2020,O9B7F8B0Y5W5G0I1R,39910,Hybrid
230,298,Tesla,Model S,2013,O5J4L2Y3Y6T5L3T7K,150084,Gasoline
231,2434,Tesla,Model Y,2022,P1A8F9B4H6L5E8M5J,10837,Gasoline
232,964,Tesla,Model S,2016,Y5D0U7N1C6F8U9X2F,113211,Gasoline
233,67,Tesla,Model Y,2025,R4J3U0I2O7I6Q7K9B,42007,Gasoline
234,2479,Toyota,RAV4,2009,M4K2W9A7L9F6L7O6D,60740,Hybrid
235,2079,Tesla,Model Y,2016,O5R5K1A6F2D9T7Z7Q,77011,Gasoline
236,2268,Ford,Explorer,2024,F7U9N5W2D0M7F5A7M,165523,Gasoline
237,1851,Toyota,RAV4,2019,O6S7Q4F3U1M2P1G8E,164619,Gasoline
238,376,Chevrolet,Silverado,2022,B4H7Q5Q6W0J9J1L5O,94069,Electric
239,1600,Honda,Pilot,2022,T7J8A8I6F2S2L3Q5F,125700,Gasoline
240,108,Nissan,Sentra,2013,T6Q0P9J9V3G9C4X7G,161871,Gasoline
241,2947,Chevrolet,Silverado,2010,D1X7P7R9Y0I1P7B1Q,165078,Hybrid
242,2018,Chevrolet,Tahoe,2025,J7S4I0N6V8Y5T9Z6U,101287,Gasoline
243,2072,Nissan,Sentra,2021,I9S7A9V3G0Y7I0Z0T,130844,Hybrid
244,2115,Honda,Accord,2018,G6M4G0T9P1B9K1Y7T,151705,Gasoline
245,1304,BMW,3 Series,2025,N5H5M8U1A6P7L3E8E,179167,Gasoline
246,1511,Chevrolet,Malibu,2015,R3P2C8M8R7F5T2Y5Z,14097,Hybrid
247,1561,Toyota,RAV4,2020,N2X1T7S1L9S1P6U8N,162908,Gasoline
248,2757,Chevrolet,Silverado,2008,N4U9I9D0P4K9Y5K1R,33222,Gasoline
249,1535,Tesla,Model 3,2018,X3E7T3A9M2L6R6F6V,70839,Gasoline
250,2432,Tesla,Model Y,2022,D5J4I9Z7F0Q7U5G1A,103802,Gasoline
251,2615,Ford,Explorer,2013,O8K5W0T4D7H8J8J2Y,65151,Gasoline
252,911,Honda,CR-V,2020,Q4B0E6S4M7B0Z8J8E,51504,Gasoline
253,1659,Tesla,Model 3,2018,F3V2R0Y5X0W0Q0T9R,43602,Gasoline
254,765,BMW,X3,2018,S9L4X3K4Z7F2V9Z6C,140233,Hybrid
255,1407,BMW,5 Series,2013,I1T8B8N2N6C4W9M0T,102494,Gasoline
256,2414,Tesla,Model 3,2020,R4E3G0Y8L9K4Z3H6O,58604,Electric
257,2491,Honda,CR-V,2024,F5S7I0U7R1T3B0A8K,97506,Gasoline
258,2294,Nissan,Sentra,2011,N7I1P1X8W8I2C2B1C,103055,Gasoline
259,1077,Toyota,Highlander,2024,M8Z7Q4R9H5S0D3L3L,101760,Electric
260,2499,Tesla,Model Y,2008,G0I9W4S8M4E6E1I8G,84501,Hybrid
261,1072,Nissan,Sentra,2017,J5J1D7X5R3E0I9W7M,59274,Gasoline
262,2364,Ford,F-150,2024,X3A2R1V4F4Z5G6X8H,20032,Electric
263,676,Toyota,Highlander,2023,I9M2N1D8F1D1Y2D4F,12791,Gasoline
264,2384,Nissan,Sentra,2018,D2T2T8G2K1P0I2K1V,62370,Gasoline
265,861,Toyota,Camry,2019,H5S0L6T4H1D9C7N7C,103923,Gasoline
266,441,Ford,Explorer,2022,L6U7O6L3T1V4F1X3Q,86160,Hybrid
267,2986,Honda,Civic,2014,C6L7O1M5M6F6X3N6Q,45984,Gasoline
268,2982,Honda,Pilot,2023,J0I5N7E3B2L6X6G3R,138001,Gasoline
269,1300,Nissan,Rogue,2022,F5D8K3Z1V6I0M4J9G,12504,Gasoline
270,2856,Tesla,Model Y,2012,X2G8L2M4M8E5J8W0G,169140,Hybrid
271,1450,Ford,F-150,2009,W1M7R2W8K8N5H5V1X,46984,Gasoline
272,2852,Tesla,Model S,2011,T1K0A5S5K9G7N9U4I,155619,Gasoline
273,1958,Tesla,Model 3,2012,K5U6N5Y4Z5Q6E0E3W,2263,Gasoline
274,2158,Honda,Accord,2024,Y0M7E7B9L4F9A1X2K,146725,Electric
275,561,Ford,Focus,2013,B6Y6Z7K1O7E3E8Q2W,87241,Gasoline
276,240,Nissan,Rogue,2021,D1C8L7G3N6H3J7R6T,85553,Electric
277,1843,Tesla,Model S,2021,T9T6R8G8E2U4Q8H9X,141773,Gasoline
278,2019,Ford,Escape,2012,Y7B5N4S8F8H0G6Z1N,89075,Gasoline
279,2218,BMW,X3,2016,M4M7H2L5V5I3U6G5A,166220,Gasoline
280,1300,Tesla,Model Y,2019,N6C8F3V1C2Z9D2F8W,161364,Gasoline
281,2517,Tesla,Model 3,2017,F8G6H2H1X7I0S0L8P,31605,Diesel
282,1362,Nissan,Sentra,2021,I5V8U2U7L3L4R5D9J,7157,Gasoline
283,176,Nissan,Altima,2009,D5O0W3E1I6T3V0L7U,41379,Hybrid
284,298,Ford,Escape,2015,V4O8W2A8O2O4L1G0H,62476,Gasoline
285,1300,Nissan,Altima,2018,M7J6J4M4P9F3X2S2C,18651,Gasoline
286,139,Ford,Explorer,2023,L9V4J4K0L6R3L7B2P,137283,Gasoline
287,747,BMW,5 Series,2025,X1R6E9E9P1O7B5C5F,179280,Gasoline
288,2150,Ford,Explorer,2024,M9X1T1Y4Y4M3K4B2C,162218,Gasoline
289,591,Tesla,Model S,2023,I6T1R9H1N1X2F9W4B,131463,Diesel
290,1840,BMW,3 Series,2021,C8Q1D7J4W5M4K9E8O,167570,Hybrid
291,614,BMW,5 Series,2021,X7X2W6N5E6U8E3E7R,2168,Gasoline
292,1511,Nissan,Sentra,2013,I5O0S2C1I4J2Q1I7G,75974,Gasoline
293,2899,Toyota,Corolla,2013,O9Z0J7S1I2O2R3R0Q,142939,Hybrid
294,258,Toyota,Corolla,2014,W4J8K8P7Q0T5N5O4D,33607,Gasoline
295,2557,Honda,Civic,2017,A3T3G2W1Z5Y3K2Z8O,24775,Gasoline
296,2129,BMW,3 Series,2010,F7Q8N7M2A1R1D3V8S,64659,Gasoline
297,2940,Chevrolet,Malibu,2014,C5C5I3P6A3A1X5N7N,145399,Gasoline
298,1655,Toyota,Corolla,2023,G9B9U9P9V0I6G7B0L,136469,Hybrid
299,741,BMW,5 Series,2013,M1G9S8Y6T4Y4W7I1Z,92273,Gasoline
300,2303,Ford,Explorer,2019,B1L3C8R1L8P4M8P7V,165056,Gasoline
301,2340,Honda,Pilot,2012,E5W7I3P1J6Y9B5N6F,9070,Gasoline
302,2744,Tesla,Model 3,2024,E5T8W0H8N2U7M3Z3U,119401,Gasoline
303,2989,BMW,X3,2015,M8Q5W8G7W3Q2J5L7N,27304,Gasoline
304,496,Tesla,Model 3,2022,V6L8C6Y2F1M1D3Q7K,169693,Gasoline
305,813,Toyota,Highlander,2014,L8G2Z6K9I5Q4O9S0Z,116603,Hybrid
306,120,BMW,3 Series,2013,O3J9H9N5M9R9X2C7A,85912,Gasoline
307,702,Honda,Accord,2021,K5I1U5C6S3E9M3X5M,26926,Hybrid
308,2623,Nissan,Rogue,2010,S8S9J9S5A1S8Q2S4Y,79981,Gasoline
309,683,Tesla,Model 3,2015,L0E3X3A6S5O4P5J3E,85723,Hybrid
310,833,BMW,3 Series,2025,K0A4W3W2B0J6S1M1M,84439,Gasoline
311,501,Ford,Explorer,2021,Q7A4S9J0D9P7U8V2Z,128715,Hybrid
312,662,Chevrolet,Tahoe,2015,E7J7C7E8E4K2Z5E1Q,103544,Gasoline
313,1040,Toyota,RAV4,2016,D2P7Y9J7J0N6J6B9J,151916,Hybrid
314,740,Nissan,Rogue,2011,H6Z8U0F2X8V9U4X6L,117632,Gasoline
315,12,Nissan,Sentra,2022,N1A5G7U0U9R5P6S4O,49467,Gasoline
316,228,Chevrolet,Silverado,2013,L3G7B4L7F9H0V8X8C,87298,Gasoline
317,2039,Tesla,Model Y,2024,J4J8D0K6N3T3B5Z1D,29994,Gasoline
318,2374,BMW,5 Series,2012,E0W2B3I1S9T3T9A0Z,146858,Electric
319,612,Tesla,Model 3,2012,D4J7J2Z4M2D4B3Z0D,7860,Hybrid
320,1493,Nissan,Altima,2012,M3D9S5A5H5Q6Z4F2K,104605,Hybrid
321,772,BMW,3 Series,2025,L4X9V0D5W1P5Q8P4L,45920,Gasoline
322,2003,Toyota,RAV4,2025,I1V4F1V6X8I9K5D0Q,159511,Hybrid
323,2063,BMW,5 Series,2024,D1B9F0O2L3T3F6K8D,133122,Electric
324,2840,Chevrolet,Equinox,2014,G5K0S8O6C3N9Q2T7I,98068,Hybrid
325,2611,Ford,Escape,2015,U3B6Q6I8O9E9Z5Q7L,140744,Gasoline
326,72,Toyota,Camry,2014,I4Z6F1K0S8C7U5E9T,73410,Diesel
327,2346,Honda,Pilot,2010,L4R8W3C7O5C1A6N0E,150931,Gasoline
328,668,Chevrolet,Silverado,2019,T3M4U8U3A1L1J4R5A,55563,Electric
329,612,Tesla,Model 3,2008,E6S4O6Y8M4J8O0A8K,169035,Gasoline
330,2720,Nissan,Sentra,2019,M9S5D5S1G1K4N0E6J,6799,Gasoline
331,2678,Honda,Pilot,2016,A2V8V2N0E5V5Z6X4C,134555,Gasoline
332,2362,Tesla,Model 3,2008,C5I6I1N2X1N9L9Z9S,109442,Diesel
333,381,Toyota,Corolla,2023,T1N2A0X8O6I5T5C0F,160066,Diesel
334,2594,Honda,Pilot,2009,A3M6G1F2B4C0K3R6Q,40065,Hybrid
335,484,Toyota,Corolla,2013,Y6M8E8B7M9B5E5C2I,121176,Gasoline
336,220,Nissan,Sentra,2012,A5P0P8J3F4Y0D0Y1B,30690,Gasoline
337,475,BMW,X3,2010,Q3E3C7C4I9S5B6L8V,30046,Gasoline
338,172,Toyota,Corolla,2013,A6H8P6V2K0M5N5L0F,32208,Gasoline
339,2962,Toyota,Highlander,2012,F7R7Z0L2D8K7N4S8Y,90399,Hybrid
340,811,Tesla,Model Y,2015,G5V3M3S5D1G7T4O9Q,163808,Hybrid
341,2343,Honda,Civic,2017,T7X2M4Y0G5S3N9S4P,50948,Gasoline
342,55,Ford,Escape,2025,T1X1Y5K3L9D5O7E3C,173603,Gasoline
343,2134,BMW,X3,2017,P7K5Q5M2O6I3O5Q4V,27665,Gasoline
344,412,Nissan,Rogue,2013,G6E6E9N9L1F4H9R8Y,24119,Gasoline
345,2562,Nissan,Sentra,2020,D0Q6A9O0Y6H6P1U3G,138077,Gasoline
346,552,Ford,F-150,2018,P4W6H1P1J9J2J6O3Y,39855,Gasoline
347,2423,Chevrolet,Malibu,2008,R4U8W1K8C6S9J5J5M,51265,Hybrid
348,271,Ford,Explorer,2020,W0X8Q2L7C3L6U3J6J,172245,Gasoline
349,2845,Honda,CR-V,2012,T4N6Q5E6Z7Y0W1H6T,153450,Gasoline
350,1859,Toyota,Camry,2015,H6N0G5N2J5Q7R3T4L,31603,Gasoline
351,2252,Honda,Pilot,2019,T4Y2W2M1R8Y4Q3O2A,86126,Gasoline
352,869,Chevrolet,Equinox,2012,S0A2S5M7P3I5W9G7Y,7588,Gasoline
353,577,Toyota,Corolla,2008,G2D7Z0B1A8W9U7J2Q,126814,Electric
354,2516,Chevrolet,Silverado,2019,P6B8E6M7F3L0M4Y0L,42955,Gasoline
355,248,Tesla,Model Y,2016,B2M8B8T4J4G1F4E2U,44108,Gasoline
356,1767,Toyota,Highlander,2010,A4V6J3F4O2V8T5M3P,112225,Electric
357,533,Toyota,Highlander,2015,O0V0C1V7X6K9I6V6Z,33656,Electric
358,1403,Tesla,Model S,2011,U8U0J0V0E2N7L3I1X,84238,Gasoline
359,909,Nissan,Altima,2008,D1Q1D9S9M0K6Q4Y3C,75330,Gasoline
360,2524,Toyota,Camry,2008,Z7K3W6R9C2M1P9J1T,95707,Electric
361,1510,Chevrolet,Tahoe,2022,O7B8T1W7G8K9L5C2Z,111436,Electric
362,1814,Ford,F-150,2019,W7K1F6G1Q3X7T0H1J,155197,Hybrid
363,1742,Ford,Explorer,2017,E3L8C8R3U4R9H8B7G,45715,Electric
364,561,Ford,Focus,2011,E9F9D6R7P2K3D3N4F,66324,Gasoline
365,2274,Toyota,Camry,2009,F4I7A4W7P1J7K9R9Y,16070,Hybrid
366,159,Nissan,Sentra,2011,M5A5R1M3Z1O2G7V7I,54821,Gasoline
367,942,BMW,5 Series,2025,M6H3F9V4F5N1Z2G8Y,26813,Gasoline
368,664,Ford,F-150,2023,P2L4H8J3N4G3N0T6M,111598,Gasoline
369,400,Tesla,Model 3,2024,I7M8U9U9X7Y2Z4A3P,176187,Gasoline
370,2949,Toyota,Corolla,2008,K9X7O3W3N5C6V1X3D,28859,Diesel
371,346,BMW,3 Series,2022,X6O3H4Z5T7I8M4R8Q,51745,Gasoline
372,1010,Chevrolet,Tahoe,2011,P8N3O7F0F1K2L4C7M,14625,Gasoline
373,196,Honda,CR-V,2010,G6I9V6P6F2O4C2B8A,75925,Gasoline
374,1230,Tesla,Model Y,2023,C8P6O8M9X4Q3J3Q8P,52796,Hybrid
375,102,Honda,Civic,2014,L7R1E0J8G2V9T6W8Y,5069,Gasoline
376,2164,Honda,CR-V,2025,B8Y8Q8Z5Q8N2V1D2M,177805,Gasoline
377,2033,Chevrolet,Tahoe,2016,S2X5O6S8Q0W9E6A3F,8281,Gasoline
378,815,Tesla,Model 3,2018,I5Z3S9Q8A7H4J5X7F,176411,Hybrid
379,642,Nissan,Altima,2020,A2M1Y0O7M9L6U3H6Z,115706,Electric
380,1790,Nissan,Rogue,2020,H5I5I2V0V2U9R8T1Y,39536,Gasoline
381,986,Tesla,Model 3,2024,Q3Z0H2M3W5J9T8T8Y,36734,Hybrid
382,236,Chevrolet,Silverado,2009,H2R3D3Z5S7W0G1W9I,70231,Gasoline
383,1354,Chevrolet,Silverado,2017,A4F0F1L2J9Z6I7T6D,164821,Gasoline
384,208,Nissan,Altima,2011,Q3X2X5O8P8Y0Z7G6J,117660,Gasoline
385,1034,BMW,5 Series,2011,D7Q9D2T8W1R4H8P0I,10291,Gasoline
386,2228,BMW,5 Series,2015,K8H8X3K3L5O1S1S5A,145212,Gasoline
387,2352,BMW,X3,2016,P1B9R4Q7G0S1S1O7C,1293,Gasoline
388,1298,BMW,X3,2010,G5W5I6B7B1Z2P3K0V,45620,Gasoline
389,156,Tesla,Model S,2024,V4L8A3G2P8O6X4K6H,155072,Gasoline
390,1618,Nissan,Sentra,2023,N3U6J4F9P3J3D5Y4Y,159387,Gasoline
391,814,Chevrolet,Malibu,2010,J6R8E5X0C7Q5E6D6K,121937,Gasoline
392,1566,BMW,3 Series,2021,J6F6E0L3S5Z6M2J3Q,158569,Gasoline
393,1565,Ford,F-150,2021,O4P7Z0I2V3W7T5V6F,26603,Gasoline
394,1987,Chevrolet,Equinox,2009,I4W8E9G9I5H8T3H9X,126300,Gasoline
395,1321,Honda,Accord,2013,K6N3F4I4Z0N6X0B8O,115029,Gasoline
396,2744,BMW,X3,2024,R2D2E9C3W9X8Q9Z0D,155420,Gasoline
397,2501,Tesla,Model S,2011,W9C6Q2S4U7E6D6G5O,117434,Hybrid
398,1765,Toyota,RAV4,2013,P5Y4Q5M6T2W3U2E1E,173599,Gasoline
399,2112,Honda,Pilot,2009,F2Q7J2R0T2H9N4N5Q,121280,Hybrid
400,365,Tesla,Model 3,2011,V0N8E9I6P1S2I6R9O,108173,Gasoline
401,390,Honda,Civic,2016,O6U5N8R4M6E6P3V7X,143564,Electric
402,1513,Nissan,Altima,2015,Q0J8I4A9M9U4Q7L6J,179897,Hybrid
403,2440,Tesla,Model S,2024,I5R3J6S1D4N3V2R6F,132740,Electric
404,601,Nissan,Sentra,2022,S9T5N4M7T0K3J4W8K,29848,Gasoline
405,2063,Chevrolet,Silverado,2025,Z9E4H5D9L8V6B7D3E,164591,Gasoline
406,2239,Ford,F-150,2010,Z2E2T9I0R9I4Q4F6G,105095,Electric
407,493,Ford,Escape,2013,Y9U6K4Y5L0N6N7F6H,118803,Electric
408,2077,Ford,Escape,2022,C8T3R9X7W3A9Q5D2Q,98489,Gasoline
409,106,Toyota,Corolla,2009,H7N3V9Y0W0Q7M1B3L,68526,Gasoline
410,1939,Chevrolet,Tahoe,2018,A9K2F3R5J9M5L5S1Q,175241,Gasoline
411,1558,Nissan,Altima,2014,S2Y8B9H8C9W9K2L4A,148199,Gasoline
412,2655,Tesla,Model Y,2010,D7Y8J8C8H5H8U8Z2B,175607,Gasoline
413,678,Honda,Pilot,2016,K5N8H0F8E0H5Y7K9R,157760,Hybrid
414,1898,Tesla,Model S,2012,Z1F8V0G3J8Q6T5Z0I,103287,Gasoline
415,1095,BMW,5 Series,2009,N0E0T6F6L6O3L2Q2W,11807,Gasoline
416,363,Honda,Civic,2016,W2K2K2Y4F9E8X6Z7W,152799,Gasoline
417,2025,Ford,Focus,2009,C3I7H3S2Z9Z7V2U9X,145163,Gasoline
418,2762,Honda,Pilot,2017,X6O6K5C4P0R7K9O1U,145521,Gasoline
419,439,Ford,Focus,2019,M3K2A1X6F8X4Z4V5N,121149,Gasoline
420,745,Nissan,Sentra,2020,C0H7J1V2Q7I7I7H1R,77268,Gasoline
421,2498,Tesla,Model Y,2017,K7M5A5J2S9I3Z2V7W,99148,Gasoline
422,105,Honda,CR-V,2021,S8O6L2U1L6T4T9I4Y,70137,Gasoline
423,1819,Ford,Escape,2010,T2H1C5E5P6W7S1T9W,3544,Gasoline
424,584,Ford,F-150,2020,L0M7X8G3K1Q5H2M3L,42392,Diesel
425,1128,Ford,Escape,2021,L4N8K5A8M0H4T8U2D,142744,Gasoline
426,2190,Toyota,Corolla,2016,C2A5Y7V3I7W8A2V1E,105391,Gasoline
427,1786,Tesla,Model 3,2009,E5Y3U5R6A5S0Q2K6N,36534,Diesel
428,2160,Chevrolet,Tahoe,2012,D3M7J9X0B8V7T9Q8H,117199,Gasoline
429,2553,Toyota,Highlander,2008,A5S3T9I0S5W3T2F1E,17122,Gasoline
430,2403,Toyota,Corolla,2011,J2I8L3C1Q5U3M3R8Z,65586,Gasoline
431,838,Nissan,Sentra,2013,Z5C6E7G4T4H3F6O3Q,107292,Gasoline
432,2,Honda,Pilot,2021,J5Y7U1L1D4M1H8Y7T,90082,Gasoline
433,1316,Honda,Civic,2016,V1P1O1U4T2Z3Y0M8Y,146329,Gasoline
434,679,Chevrolet,Equinox,2008,C3V6C7B3G9D6U3R6V,94954,Electric
435,593,Ford,Explorer,2023,W1S9K7D4E0J2E8G2E,69229,Gasoline
436,2664,Toyota,Highlander,2018,N2P5S3Z8S1Q2Z0V4Q,8774,Electric
437,116,BMW,5 Series,2016,O0L8L5V9Z5C4Z4Q8B,149193,Gasoline
438,1984,Nissan,Altima,2023,N4R5F2V7H6Q1I9R8N,17626,Hybrid
439,2348,Honda,CR-V,2025,O4P8R5D3O9F6I8U3X,143793,Gasoline
440,1642,Tesla,Model S,2008,M5E5C6K1Y9L0V8P0X,121538,Electric
441,327,Honda,Civic,2016,C2D4M8K9R1T8M2M4A,116590,Gasoline
442,1338,Tesla,Model 3,2015,D0L7S0N7X7Z1J8V8W,163697,Gasoline
443,2237,Chevrolet,Tahoe,2016,F9G6B7H0J9Y7C3Z8F,111173,Gasoline
444,2863,Tesla,Model S,2015,B2L0F6C3Y5C7L2D4D,153007,Gasoline
445,1277,Tesla,Model S,2022,L7I6S4T3S9I1O1Z7P,133334,Gasoline
446,1394,Ford,F-150,2018,Y8B5L9E5V9E3U8Z9H,154732,Gasoline
447,509,Ford,F-150,2011,F1Z1U8H4E7Z6F2X9Z,161377,Gasoline
448,240,Tesla,Model S,2013,G3M0Q9Q0N1U5F7U3E,125741,Diesel
449,1439,Honda,Pilot,2009,H4G2E0T9R8U6K6E6B,30224,Gasoline
450,931,Toyota,Highlander,2009,W1I6S7A4B4H3V6J1J,156739,Gasoline
451,849,Nissan,Sentra,2020,V3M5I2Y4S6P2R4B7U,110927,Gasoline
452,2109,Chevrolet,Malibu,2011,T9S9N2G2R0X8X9K6Y,152351,Gasoline
453,1989,Ford,F-150,2020,T5L8Q1W1N9X5F2J3W,2512,Gasoline
454,557,Tesla,Model S,2017,D6H4Y3M3M1X1P4R5A,78805,Gasoline
455,193,Tesla,Model Y,2013,S8X4F1J4I5H4I8E3H,77391,Electric
456,2513,Chevrolet,Equinox,2025,V9B0V4M9D0L7X8J2P,114508,Gasoline
457,1786,Chevrolet,Silverado,2018,O4H0C6Z3D8K3H4M6C,69216,Gasoline
458,1736,Nissan,Rogue,2018,K2L5S4H7T5O6E0N8I,95969,Gasoline
459,120,Chevrolet,Equinox,2025,M0Q7J8Y5I3D7H3G3Q,150239,Gasoline
460,788,Ford,Explorer,2015,G1E4J9K8R3Y8X6F4A,133255,Hybrid
461,994,Toyota,Highlander,2012,F2F4R6J9L0D2L5S9C,97369,Gasoline
462,2595,Chevrolet,Tahoe,2012,I7G8A3X3M2Z0F6R7P,48819,Hybrid
463,445,Ford,Explorer,2009,Q2W5D2C8V4D3U8J6A,104437,Gasoline
464,938,Tesla,Model S,2019,X2Y6A4D2M8D8H7A9H,14576,Gasoline
465,765,BMW,5 Series,2013,Y4Z7W6M2M2B2Z1C4C,31541,Gasoline
466,1754,Ford,Escape,2022,E7B5I5Q6D8F2C5B4E,125900,Hybrid
467,551,Chevrolet,Equinox,2020,I4F8N0T3L5K6S7L6W,83338,Gasoline
468,324,Chevrolet,Silverado,2011,B7M3H1I4Q3H0N9R0D,46867,Gasoline
469,2062,Toyota,Camry,2019,S8X8R7K2F4G0P0Y2I,66350,Gasoline
470,246,Tesla,Model S,2020,I3V7H9D7G2A4I1E7W,2104,Hybrid
471,1944,Tesla,Model 3,2011,Q4G0E7U8X1R4P2U6Q,154852,Gasoline
472,2289,Chevrolet,Tahoe,2023,J9R9T6F3U2C3W8N6V,34015,Gasoline
473,1819,Toyota,Corolla,2019,D5J3S6F2X1A0E2O7Y,4070,Electric
474,2943,Ford,Focus,2012,K1O4H7I4R5V5Q0S1C,107598,Hybrid
475,312,Nissan,Altima,2021,X7H8Y3P6T7D6I0K6U,39107,Hybrid
476,2166,Honda,Civic,2014,D5Q4Y3B1B6T7A0B4X,66358,Gasoline
477,934,Nissan,Rogue,2018,X2H7S8D8G6D6D3C8Y,113243,Gasoline
478,2181,Tesla,Model S,2020,L3J1G2Y9S7S8O5A5H,13107,Gasoline
479,1085,Ford,Escape,2019,S3G4Z0M5F4E1R6J2W,135256,Gasoline
480,2846,Honda,Civic,2025,G5D1D1B0K3B5M3F5H,61464,Gasoline
481,194,Ford,Explorer,2016,N6H3C3A1Z6G6S5M9V,8740,Hybrid
482,2674,Chevrolet,Equinox,2017,D9F2W4P4U1S8H9U2F,96818,Gasoline
483,807,Chevrolet,Equinox,2012,B9I5Z9Z8E7O1P1G9U,20607,Gasoline
484,1170,Honda,Accord,2022,S7Y5G2N7H1H2B9T0T,141341,Gasoline
485,2795,BMW,X3,2023,P0R0D9Y0O6N2H9R9D,163236,Hybrid
486,1631,Toyota,Highlander,2022,D1Q6Z4P6E1Z9V1K5S,54575,Gasoline
487,696,Ford,Escape,2023,H6P2I1B9O0K3P6X1P,8549,Gasoline
488,1555,Nissan,Sentra,2025,S6D3Q4H5C9F6B2Z6A,44990,Hybrid
489,2684,Chevrolet,Equinox,2008,T5W4L5P9L2E5P4J4Q,142818,Gasoline
490,1012,Nissan,Altima,2020,F0V5N9D4J8G2W7G0D,11432,Gasoline
491,136,BMW,X3,2014,U6F4W6W0H2A8Q8P3N,101848,Gasoline
492,2946,Nissan,Altima,2018,F1L8D6D9Q6G7D5W0L,143452,Gasoline
493,1356,Honda,CR-V,2015,N8B0S9X9T8V8E9C5T,60666,Electric
494,2109,Toyota,Camry,2011,D9Z8R6W0W0B5F4E2G,18620,Hybrid
495,2070,Chevrolet,Tahoe,2023,H0E9K1C8U1N4C9O8A,75631,Gasoline
496,706,Toyota,Highlander,2019,M8G1A0L8M8Y1J3E0U,73599,Gasoline
497,1073,BMW,5 Series,2016,S1X6T5A1B4S2V4N3O,112565,Gasoline
498,1482,Tesla,Model 3,2025,N9P9I4M1W9Y7Y3G5N,17790,Gasoline
499,2886,Tesla,Model 3,2022,R8Y7G8R9N7U0X8Y7R,145326,Gasoline
500,987,BMW,X3,2018,A2N1W1V1Z5X0Y8W2E,169228,Gasoline
501,2100,Honda,Pilot,2024,Z7Z4Z7O3T5R5F8D7K,173795,Gasoline
502,2549,Tesla,Model S,2020,Q1F9G7N5E7Q5N3L0A,149371,Gasoline
503,635,Tesla,Model S,2024,O8C2T7R9Z3H0Q7H5F,157485,Gasoline
504,1964,Ford,Focus,2012,Z1R5Q9Y5C9I3U1J8K,27934,Gasoline
505,1544,Chevrolet,Malibu,2016,U6U2J1R0H8O9Z7K4S,61461,Gasoline
506,717,Toyota,Highlander,2016,O4N7O7L1R8F6W7F3P,70702,Gasoline
507,667,Honda,Accord,2022,H9H7R1T3Z6R4J1E2S,137198,Gasoline
508,462,Tesla,Model 3,2012,R6W5Y1V7C9F3O8D5O,169863,Hybrid
509,644,Chevrolet,Silverado,2020,B7M8M7G2K9L3B0N6X,149025,Gasoline
510,869,Honda,Civic,2025,V8B7X8H8Q7Y0Y2N2P,44483,Gasoline
511,759,Toyota,Camry,2008,E0Q7N4V1Q3E9Z9J1L,60798,Gasoline
512,2834,Toyota,Camry,2010,E3Y9X6Z0E8M3G8Q9R,137344,Gasoline
513,186,Chevrolet,Tahoe,2011,U0W6P2E1J7T5A6U2E,8312,Gasoline
514,2772,BMW,X3,2025,S9M8Y8M9Y0J0G8N4I,126551,Hybrid
515,343,Toyota,Camry,2025,H4Q3A2W9E9U0G3L2V,77956,Gasoline
516,253,Chevrolet,Silverado,2017,O3K4A0A4I6C6J5Y0Z,62164,Electric
517,2627,Ford,Explorer,2015,K1Q7R7Y6N7F4I6L6X,22795,Gasoline
518,1132,Nissan,Altima,2023,Z6J2N6Q2V5J7Y8E9K,110899,Hybrid
519,799,Nissan,Sentra,2012,B7O6R8E2G1R5Q6H5U,83039,Gasoline
520,2771,Nissan,Sentra,2018,B7U7I6E2D6E0Q1X8A,26100,Gasoline
521,1656,Honda,Civic,2022,A5Y7W5M5N5E2N6D6D,48309,Gasoline
522,2410,Nissan,Rogue,2018,R7Z4O3K8T8Z1Q8T0V,99902,Gasoline
523,2823,Toyota,RAV4,2008,A8V4R1M5S1Q6L6Z1U,12578,Gasoline
524,1101,BMW,5 Series,2021,S0C3H9E3B2H7L2V7Z,24624,Gasoline
525,1226,BMW,5 Series,2019,Y2H0K7R6D6T9X4Z2W,23186,Hybrid
526,7,BMW,3 Series,2017,Q0T8B1D6Q3R6A0U2X,117683,Gasoline
527,2534,Toyota,Highlander,2016,O7C0G6G1Y8F5Z1Q6Z,123559,Gasoline
528,2301,Tesla,Model 3,2019,K8V2Q6T5T2H5R7D5O,51525,Gasoline
529,2270,Tesla,Model 3,2017,M5E7X1L7A9J8P5L7X,37416,Gasoline
530,653,BMW,X3,2020,A5D1E6I2G8O1T6Q7R,102320,Gasoline
531,959,Nissan,Altima,2024,T1I0U8E3N7Z0W8J9I,142040,Gasoline
532,1936,Tesla,Model S,2011,J9H7L7U6A8B9A7G9X,139210,Diesel
533,2517,BMW,X3,2023,P9B3W5U4L1U9U8K9O,19544,Gasoline
534,1487,Ford,Focus,2013,Z7I7V1H5D7G8H9K9M,119391,Electric
535,96,Tesla,Model Y,2020,S8X7N9B4N7I6W9R3J,156397,Gasoline
536,1768,Toyota,Camry,2012,W0Q9G8J8Q0T2L5E3E,94480,Gasoline
537,766,BMW,X3,2025,J5R6A5Q5W0X5K2K8C,100151,Gasoline
538,571,Toyota,Camry,2019,I3Q1M8I5X4O3P7V8L,19594,Hybrid
539,1288,Ford,Explorer,2024,L9W5D7U6U7R6H0G2A,31374,Gasoline
540,2749,Chevrolet,Equinox,2010,E8Q7I8V4Z4L1K5G0Y,36667,Gasoline
541,396,Chevrolet,Malibu,2010,W8I3X9G2K4O7L2T0L,142532,Hybrid
542,593,Nissan,Sentra,2025,Q4Q1M1F1B2L1O3P9K,73987,Gasoline
543,565,BMW,X3,2020,I2P3F8P9X9I3B4Y7O,114727,Gasoline
544,1370,Honda,Accord,2023,S2Q7K5T1Z5K8B9N5E,134777,Gasoline
545,2954,Chevrolet,Silverado,2016,E1L2C4Z9R5J6B8N8R,96560,Gasoline
546,1420,Honda,Civic,2025,H3E4F6H6D0O3A8Z0N,179024,Gasoline
547,1783,Chevrolet,Silverado,2018,Y2T1E9H0R3I2O8N7U,133091,Gasoline
548,518,Nissan,Sentra,2012,G1M0Q7H3A5W5L8T3C,96751,Gasoline
549,260,Toyota,Camry,2009,P0H8Z8Y2Y9B0V3U1P,166206,Gasoline
550,1127,BMW,5 Series,2021,J5X5G3P8E1N0F9Z0K,14351,Gasoline
551,1926,Honda,Accord,2016,K4Q3G0A2Z3S4E5I9U,47063,Gasoline
552,2954,Tesla,Model S,2018,G8I7G8G9R1K7X6P3Y,73899,Gasoline
553,2671,Toyota,Highlander,2024,P5L9M9W6H3L1B8U8B,135952,Gasoline
554,985,BMW,5 Series,2022,V0N5G5C8L1H4X7I9S,24116,Gasoline
555,2222,Chevrolet,Silverado,2020,U9J1T0Z4C1T1S0B9V,98316,Gasoline
556,2304,Toyota,Camry,2019,Z6A0X8S0R8H2B8V7I,168660,Hybrid
557,2353,Toyota,Camry,2011,Q6S9T5E8A0W0P0H4F,97965,Diesel
558,448,Tesla,Model 3,2022,S1D9T7L3W3T0P8H6K,172712,Gasoline
559,179,Honda,Pilot,2010,F6N9Z5X6G9X4G5W9Z,95586,Gasoline
560,2333,Nissan,Rogue,2009,G2D1L3J4O8D2R0N2U,36194,Gasoline
561,1763,Toyota,Highlander,2010,E3R7M1N7G8Y4H5A8R,156121,Gasoline
562,1051,Toyota,Camry,2023,D3W6D0T7X4P3U3O9G,171849,Gasoline
563,2302,Tesla,Model S,2017,V8V7S0O4C6H2Q8G1U,86281,Hybrid
564,1919,Honda,Accord,2024,U6H6G8P1F3S5A7C6G,108819,Gasoline
565,1412,Tesla,Model 3,2021,L1W8C7N8U6W3G8J5N,34973,Gasoline
566,1694,Ford,Focus,2011,L5Z7C5K9T7R4Y8V8Q,23592,Diesel
567,579,Nissan,Sentra,2024,L7J0H2S4U0R2Y4J1B,124791,Gasoline
568,2972,Ford,F-150,2014,I6W9R6R8J0X1O5L9B,19039,Gasoline
569,1441,Ford,F-150,2012,D8M9F2V1O9W1M7G5Y,147688,Hybrid
570,282,Chevrolet,Malibu,2013,U0P7N2F0G3J2H2V5E,123254,Electric
571,1049,Honda,CR-V,2022,L6E8D0E4Y9C8M7C5F,137868,Hybrid
572,621,Nissan,Altima,2018,D0M6Y1U7T7G8F9O4P,110777,Gasoline
573,1784,Chevrolet,Equinox,2025,M3N0U1J3T1T3H4S8O,10702,Hybrid
574,898,Chevrolet,Malibu,2025,C8T8O0G7Z4L4J8W8T,66395,Electric
575,2242,Tesla,Model S,2014,A9X4D2R4P1B4A5M2H,80097,Diesel
576,2584,Ford,Escape,2020,X8U4R7P5Q9B5Z1Z8B,78596,Gasoline
577,1369,Honda,Civic,2018,X9D7C4P8L6C9J7N1O,14412,Gasoline
578,1612,Chevrolet,Equinox,2009,V3C4Q5O7J3C0O7R1M,94899,Gasoline
579,1492,Ford,Explorer,2010,G2N0E5I0S4S6D5G7O,104588,Gasoline
580,2434,Tesla,Model 3,2008,N3N9Q7L8C5G0Y3D7T,9416,Gasoline
581,175,Ford,Explorer,2011,B4R4H3W6E5R9P1I5N,129837,Gasoline
582,957,Ford,F-150,2011,T5W1O3I1J3R8W4F3D,26643,Diesel
583,1589,Toyota,Highlander,2024,B7X5K9I9V8J9L0O0U,25339,Gasoline
584,1346,BMW,3 Series,2012,E1O0O8P7C7K9V8J0P,77814,Hybrid
585,2813,Chevrolet,Tahoe,2009,J3Q3L8S6D1C6E0D2W,46938,Gasoline
586,958,Toyota,Highlander,2019,N8M3N2S5B5J1L2A1Q,83108,Hybrid
587,3,Ford,F-150,2013,E7C4C2B5K9U1U4H4B,22177,Hybrid
588,2318,Honda,Pilot,2018,C6V0V5F2J4M4I0A8I,94175,Electric
589,1711,Toyota,Camry,2013,Z4N9D0C2K4T8I3C8I,13810,Gasoline
590,2947,Toyota,RAV4,2014,F1S8Z2V9I1K3K1I3U,48496,Electric
591,2596,Ford,Explorer,2022,A6L3Z9S2F6U6W9S1N,162409,Gasoline
592,2017,Chevrolet,Equinox,2009,T9P4J8P4Y7U1B6M7Y,26686,Hybrid
593,1900,BMW,3 Series,2012,W5S5K0V6U4F0T3W3W,156465,Gasoline
594,945,Ford,Explorer,2008,D8D1J6V0Z5E9M6F0Y,175199,Hybrid
595,1609,Toyota,Camry,2008,E8U1C2I4Z7B9L5Q6P,75957,Diesel
596,2955,Tesla,Model 3,2017,Y3J6W2A6R3Z9X6S3H,3699,Gasoline
597,1137,Tesla,Model 3,2008,Z7D0W7I8Q2D1S1S7X,91781,Gasoline
598,187,Toyota,Corolla,2021,P7H2L5B8B8X7Z1D3T,133271,Gasoline
599,295,Nissan,Rogue,2010,Z3U0U5R0E4I4D8K3F,142781,Gasoline
600,2679,Tesla,Model 3,2015,L4W2E9N9D4O3E2P1V,88792,Electric
601,1472,Tesla,Model 3,2025,L8O5C6W7C5Y8K4J9F,91230,Hybrid
602,601,Honda,CR-V,2018,C1Z6D6F5A0J4P3D4L,12481,Gasoline
603,1670,Toyota,Camry,2009,U1S3H2O0H2U7Y2L5T,128136,Gasoline
604,1630,Tesla,Model 3,2008,V9J6B8B5J1D4S5D0G,150234,Gasoline
605,302,Nissan,Sentra,2009,V7I0F1Y4F3D8H9F2M,143823,Gasoline
606,181,Chevrolet,Tahoe,2016,J5L7T7Y2B9H7J5U3G,63843,Diesel
607,2936,Tesla,Model Y,2012,T9L6X9D3N3A8I9F4P,57596,Hybrid
608,2380,Tesla,Model Y,2017,N6W9H7O5N0U7T8Z3T,98795,Electric
609,2011,Toyota,Camry,2020,R7P5L3H3K9N6L8V8C,120686,Gasoline
610,1344,Nissan,Altima,2018,V1X4W6C8Z9I8O9M6W,2610,Gasoline
611,299,BMW,5 Series,2008,A2K8K9V9Z5H5K4H4H,129797,Gasoline
612,533,Chevrolet,Equinox,2016,W8Q8P5I3U3Z9N2D9H,103041,Gasoline
613,1044,Toyota,Highlander,2025,H1C0C7Q4O1J2M6T0Z,48674,Gasoline
614,897,BMW,3 Series,2012,Y4O7O4F6G2Z2O6Q9V,58518,Gasoline
615,63,Nissan,Altima,2010,M0X6F0K7A8G0F5F4T,8875,Gasoline
616,1459,BMW,5 Series,2009,W3L1J4C5J0O3R3F1L,64537,Gasoline
617,1696,Nissan,Sentra,2025,Q9T1Q9Z0U0F1F1O2S,134307,Gasoline
618,363,Toyota,Corolla,2011,L6F8L9A0M8G2J6C8S,101170,Gasoline
619,1154,Honda,Accord,2008,O1O7Q0Q0E1O5V9G1J,178322,Gasoline
620,2225,Chevrolet,Equinox,2025,T9W1J4H5V5V0L5X6J,118765,Gasoline
621,701,Tesla,Model 3,2010,M4U2E0J9C0E4F2I5J,156061,Hybrid
622,687,Nissan,Rogue,2017,J3F2X7H8T8U4J5W9F,104110,Gasoline
623,2749,Nissan,Altima,2021,Y9A8S7R6Q4I0U0P6U,47471,Hybrid
624,1516,BMW,3 Series,2022,X5P5R1G0C5Y1Y7K7Z,93226,Gasoline
625,1898,Toyota,RAV4,2022,O3O2N3X6Q2U5H3R7W,6965,Hybrid
626,470,Honda,Civic,2022,X7K8E0F3C3U2J3Y1A,24311,Hybrid
627,2924,Nissan,Altima,2015,W6P0K1E0U9O9A5Y8N,144870,Gasoline
628,406,Honda,Pilot,2013,G6S8L1Q4O6I9J1O0J,170116,Hybrid
629,277,BMW,X3,2013,S5Z3A8X4S1R0V2N4H,92924,Electric
630,2347,Tesla,Model 3,2024,C6T3Y7M7O4T0A1O9A,128644,Hybrid
631,1777,BMW,5 Series,2011,E7V8P2Q7T7N3M4J5H,28396,Hybrid
632,2194,Tesla,Model Y,2014,K1S7U7C3S7Q6H6Z0W,97867,Gasoline
633,2331,Tesla,Model 3,2018,I6D0M4Z8I9V9S4M0S,122069,Hybrid
634,1564,Chevrolet,Malibu,2011,H3X4I9G3L1N6X7Y5M,146255,Gasoline
635,969,BMW,3 Series,2018,G7G8Q9L8V8P0R1A9R,126001,Gasoline
636,276,Nissan,Sentra,2014,N1M1T1W2P5C9E6L6N,144020,Diesel
637,2384,Tesla,Model 3,2024,X7Q5S7M7K8T9U7G7A,126222,Electric
638,1359,Nissan,Sentra,2016,W4C1F8F1S3C6R6X2H,82024,Electric
639,566,BMW,3 Series,2024,A9V3H4V7L7E3O1E0C,44572,Hybrid
640,222,Chevrolet,Malibu,2008,H1E9O5U1U3D2O2S2W,47065,Gasoline
641,523,Tesla,Model Y,2025,C0R4T5W7T8H8U4G7L,164411,Electric
642,243,Honda,Accord,2012,E8D5U8T6V9B7G4O4H,66550,Gasoline
643,2683,Ford,Focus,2016,S4R8B3C4E5E7J6E8J,55923,Hybrid
644,271,BMW,X3,2011,P5V7N8F4P7Z6G5Y0A,110983,Diesel
645,2758,Ford,Escape,2008,P7O8K4J2J3M7B4H0M,33669,Hybrid
646,148,BMW,3 Series,2012,W0J2I8U7V3S4I0M3O,166710,Gasoline
647,898,Toyota,RAV4,2012,B2B0F8T2I6S0U7A5W,34893,Gasoline
648,521,Chevrolet,Tahoe,2019,H2E7Z8C1Q5T7L5N8G,27562,Gasoline
649,536,BMW,3 Series,2009,B3O5I5U2O3X1A3R3R,132447,Gasoline
650,1039,Ford,F-150,2021,N1M6Y3S2V9C0F0M0M,104275,Gasoline
651,2930,BMW,3 Series,2019,K1P4P2S0R6I2G1F4H,156441,Gasoline
652,1883,Nissan,Rogue,2022,W2J8R4K1U5R2S7Y7C,93786,Gasoline
653,919,Tesla,Model 3,2025,H9C2C9K8B9I6R1U8I,35108,Hybrid
654,2451,BMW,3 Series,2013,K6L7A2Z0P8U3M8F8M,24003,Gasoline
655,1924,Nissan,Sentra,2010,J4Q2H5L0S5B5K6H2M,78759,Gasoline
656,2385,Tesla,Model 3,2013,N1Y5V5K3K8F8V4B6B,139668,Gasoline
657,1016,Nissan,Altima,2016,O6S1C5H8A6B5D0U4T,142375,Hybrid
658,665,Toyota,Highlander,2020,J0O5D6O0U2M0D1W8X,40040,Gasoline
659,1720,Nissan,Altima,2011,G4Z6R5V0P3R2V4O0L,128124,Gasoline
660,2283,Toyota,RAV4,2020,S3F7C6Q3A8V9D5F6Q,97119,Diesel
661,167,Chevrolet,Tahoe,2022,U9M0B1A6N3W5X8T7O,100944,Gasoline
662,2337,Chevrolet,Malibu,2010,B4M4U9R9Q1N9S5I4U,134755,Hybrid
663,1242,Ford,Explorer,2009,W1U3N5Y5J1O2X6Z4I,152861,Gasoline
664,2688,Nissan,Rogue,2017,K3W0G6J7S3G8E7C5D,9983,Gasoline
665,2806,Chevrolet,Tahoe,2014,M9E1S1M6G6W1A7R3K,80760,Gasoline
666,1409,Honda,Accord,2021,O2G0A2L3J4L9J2H5J,2737,Gasoline
667,1859,Tesla,Model Y,2013,L8Y4G0D0O7D8R2L6I,50247,Gasoline
668,1778,Honda,Pilot,2012,O4H5C3O4D2V1R0W5J,31294,Gasoline
669,1684,Honda,CR-V,2014,W1O8X4W4O0X4Q3O8U,174947,Gasoline
670,2682,Nissan,Sentra,2018,J4G6T5R0I7O2X3F1W,145938,Hybrid
671,2782,Ford,Escape,2011,V0P8B1A0I2C6C2N3A,135422,Electric
672,2020,BMW,3 Series,2025,B8T0I0Z8M1S7Z4Z4B,156244,Diesel
673,605,Tesla,Model 3,2021,B8K8M3F5M8N4B3W4R,168133,Gasoline
674,1080,Ford,F-150,2020,M0R9N8D4T4C6Y5O2I,58329,Gasoline
675,2950,Ford,Escape,2012,H9E1S0I3U5S2A4H1K,74354,Electric
676,1494,Honda,CR-V,2009,I1N6R3R4N7O0A1Z6N,139863,Gasoline
677,143,Honda,CR-V,2014,N9A7Q3V0A1E4M1V1J,63646,Gasoline
678,2046,BMW,5 Series,2024,Q7D9H6B1Z8P4N0G4O,106843,Gasoline
679,1913,BMW,5 Series,2019,P1R7H9V8M4H4I8R9W,102842,Electric
680,2046,Tesla,Model S,2016,F1M6P4F8D9K7O0R4D,87223,Hybrid
681,817,Chevrolet,Equinox,2018,Y5M7P7O6B1G5Y7Z4N,95000,Diesel
682,1110,Chevrolet,Equinox,2023,D6Y7K2V4Y3N4F7Y0T,103529,Gasoline
683,1566,BMW,X3,2024,P9N0F4D6P3G6U4C3Y,17167,Gasoline
684,726,Ford,Escape,2010,K1U2P8X0S0N2N4T3O,90482,Gasoline
685,2533,Toyota,Camry,2018,E2R8T1Q6Y2R3W6B5G,80807,Gasoline
686,1635,Nissan,Rogue,2013,Q4K5J2K8D8M2X5W0I,156723,Gasoline
687,1627,Nissan,Rogue,2020,T9G8R7O2C5X6U9N3F,79690,Electric
688,56,Honda,Civic,2015,E1P3P4H0D3X6Y0R7M,119303,Electric
689,1508,Ford,Escape,2015,H0J7O3A3X8K3I0N4M,154772,Diesel
690,502,Ford,Escape,2020,L7B5Q7P4K4N5R8V2N,75450,Gasoline
691,2391,BMW,5 Series,2025,N4M6B8Z7W8H7O1U3E,51726,Gasoline
692,1233,Honda,Pilot,2011,N6T6D7V2J1W6A2J5D,83530,Electric
693,2321,Honda,Civic,2022,K7H2V6B5W2F8A4B6X,108673,Gasoline
694,428,Nissan,Rogue,2015,P3N8P2H2Y6V5W5L9P,178933,Electric
695,2175,Toyota,Camry,2023,T6H5E2A3S4R3G1T9Z,93893,Electric
696,1509,Honda,Civic,2010,W4R3G5J6Y0G3B4R1M,144412,Gasoline
697,641,Tesla,Model Y,2018,T5U3D4X0Z0N9O4L6V,55318,Gasoline
698,1774,BMW,5 Series,2013,F6U0Y6J7V8L0L8W3K,133010,Hybrid
699,200,Ford,Explorer,2023,M3J1K4T8I8H9J7J5D,29972,Gasoline
700,2833,BMW,3 Series,2008,X8V5Y6B9E2N0P2G8X,139183,Gasoline
701,1822,Ford,Escape,2015,X1J4B7X9N6V8C5G1O,121820,Gasoline
702,2794,Tesla,Model Y,2020,B8P4Y4M9J6Y4J1F1M,85412,Gasoline
703,457,Honda,Pilot,2008,G7O6D2E4R8P6S4D4J,73548,Electric
704,625,BMW,3 Series,2019,G6N3J4V8A3E2O3T4G,115667,Electric
705,1334,Toyota,Camry,2019,B9K0R7G1R3X8O4Y5X,170651,Gasoline
706,623,Toyota,Camry,2008,D0O4L4D9M8Y1B8B9H,127337,Electric
707,1267,Honda,Accord,2010,B4M9H9N0Q3A3E2Q6H,49339,Gasoline
708,1743,BMW,3 Series,2011,S0J8F5I4W2G4I0D1D,7438,Gasoline
709,1631,Honda,Civic,2014,D4P4X5R2A0D9T8N1H,139196,Hybrid
710,674,BMW,3 Series,2023,L2W9C3Q5Y4U1P0R7O,9696,Gasoline
711,1438,Honda,Pilot,2019,W4Q4B6C8G0G2I3W4A,40915,Gasoline
712,2462,Chevrolet,Malibu,2008,H9Z7W0T7Q8K2X4A8Q,169550,Gasoline
713,1009,BMW,X3,2023,B7F0P9X6C4F9V6P5N,90669,Gasoline
714,962,Ford,Explorer,2014,H8C1C4I8M9B7L8U3U,39391,Gasoline
715,930,BMW,X3,2022,Z7W8B0S9F1E1N9S1M,161967,Gasoline
716,6,Tesla,Model S,2013,K1Y0Y6J9M0R8U8T4Y,75821,Gasoline
717,924,Chevrolet,Malibu,2019,D8Y3Z7A7Z9J2J9I5X,34369,Gasoline
718,1434,Chevrolet,Silverado,2024,Q0K0X2V4H6H1A4X1X,9611,Gasoline
719,1881,Toyota,Camry,2025,Y8K7N8L4I1A8W5P6F,12443,Gasoline
720,2072,Chevrolet,Tahoe,2011,M3Q8T0Z7U7W4D4Q2A,42022,Hybrid
721,405,Honda,Pilot,2009,B7M9S5S8Q5Q3K2P6O,4211,Gasoline
722,1451,Honda,Pilot,2011,M5Q7N8X4K6B1P1B3N,169532,Electric
723,2287,Nissan,Sentra,2015,Q0I9E5D6B2Q5Z0B5R,178173,Gasoline
724,2729,Honda,Civic,2023,I7O6O0J6R9H4Y2T0S,165720,Gasoline
725,1058,BMW,5 Series,2025,Y4R0F1Q8M0V7O6P8O,106022,Gasoline
726,537,Ford,Focus,2016,E1Y1C6J7D7I4K7U7V,38549,Gasoline
727,662,Honda,Accord,2012,L2H8J6C8Z7Q1E7R7V,133763,Gasoline
728,631,Toyota,RAV4,2016,J3F7P7V5X2S2R3G5A,91229,Gasoline
729,2939,BMW,X3,2012,G8J3A4L6X2G5H8L0V,174826,Diesel
730,1449,BMW,3 Series,2013,C3Q4L4T2V6D2L0X4M,106675,Gasoline
731,1523,Honda,CR-V,2014,A6L0W4Y5I2D3J6J9X,172489,Gasoline
732,1003,Chevrolet,Malibu,2023,I0Y5R3S7H8Z9X4B0Y,17976,Electric
733,1626,Toyota,Camry,2016,G3K5I2P3O8O5W7V1C,179721,Hybrid
734,26,Ford,F-150,2015,O9H3A2U5Y0M1U9F2H,127788,Hybrid
735,2676,Honda,CR-V,2011,O5F3X3V7O7J5F3Z1B,147742,Gasoline
736,1579,Toyota,Camry,2015,K0Z7V4F2X1R7G8M7Y,46248,Gasoline
737,939,Toyota,RAV4,2020,W9Z6S6W8P1U0V6W3O,150160,Hybrid
738,260,Chevrolet,Equinox,2020,Q8K6T4H2A9N4F3V2X,82768,Hybrid
739,1481,Nissan,Rogue,2009,R6S9K8C7B9I6M0N8F,83972,Gasoline
740,1509,Toyota,Corolla,2010,H3V0D9M6G6T9M4B1W,23169,Gasoline
741,318,BMW,5 Series,2010,K5W0J3I5K1P8J3I8W,148932,Hybrid
742,1755,BMW,5 Series,2018,K0Z6G5W5J6S4K2Q4X,71703,Gasoline
743,2427,BMW,3 Series,2020,N7P3B3O6U6S0U5X3E,55948,Gasoline
744,758,Chevrolet,Tahoe,2019,X5U7T9E5Z3P9Y4X5M,16280,Gasoline
745,1039,Toyota,Corolla,2008,N2I0K3X5O4V6B1W2S,44730,Gasoline
746,2551,Honda,Civic,2010,J5Z4K7Q8J3A6S4G3J,171425,Gasoline
747,1260,Honda,Civic,2012,O3E5S9D1N2L4G7T0S,19712,Electric
748,2541,Tesla,Model 3,2021,A1Q7L1A0T1S9J1J5U,106283,Gasoline
749,1663,Tesla,Model S,2022,I0Q2H6A8H3P9B7F0F,10025,Gasoline
750,304,Tesla,Model Y,2014,D4O7S5C6O6P1B3G9Z,43746,Gasoline
751,2466,Chevrolet,Malibu,2010,I8Y5B4W6C0F0V8L1Z,49094,Gasoline
752,1886,BMW,5 Series,2008,I9A3P3N1R4B7E6H8J,89397,Hybrid
753,2658,Tesla,Model S,2023,P2X5L2X8L4T3C1L2O,143288,Gasoline
754,832,Honda,Accord,2017,E2N8R2I5H2C4B4U2L,30722,Gasoline
755,1265,BMW,5 Series,2018,T8K4S5E2U2O0A5W9H,49881,Gasoline
756,745,Tesla,Model S,2018,Q8H1E8X3K2J8Z1D5Z,61625,Gasoline
757,2401,Toyota,Corolla,2011,J7E9D7N2J8V8W2Y4U,18654,Gasoline
758,1549,Toyota,RAV4,2023,V2Z9C2Q6W8J8E9A8P,71878,Diesel
759,1164,Tesla,Model S,2022,B1Y4X0G4L1V5P3L5D,126312,Gasoline
760,1724,Toyota,Camry,2012,E5Y7X4W4G1D8T1Q4A,147631,Gasoline
761,2726,Ford,Explorer,2025,E2A8M8M4G3B5A9F7Z,114600,Gasoline
762,1268,Ford,Focus,2022,Q3I1Y0Z5C9J5B3L2A,23837,Gasoline
763,1748,Honda,Pilot,2019,H4R7D4N6W9V2J5A9I,9353,Gasoline
764,1666,Ford,F-150,2008,Q4C4U3J7C1Z0M0Y3C,64532,Gasoline
765,816,BMW,3 Series,2023,R9P0S4J5Q1P3C2G9Y,10365,Gasoline
766,2526,Chevrolet,Equinox,2021,F7T7R0R7B9I4L1R4R,49382,Diesel
767,2601,Chevrolet,Silverado,2011,K0W7S9E4Y9U8E0N0M,148724,Hybrid
768,1316,Honda,Pilot,2015,Y1O0X7L0W3T2H4Q7F,54472,Gasoline
769,735,Ford,Focus,2008,N5R0A2W8S5Z0G1B4R,96970,Gasoline
770,1694,Honda,Accord,2022,U7G0W2T7V7A5E9W1A,177295,Gasoline
771,1287,Ford,Escape,2010,G6L5C8B6Z9Z5R9W4X,161477,Gasoline
772,2335,Tesla,Model S,2025,B6X4E5E7O0L0T2D4J,88422,Gasoline
773,2693,Ford,Explorer,2021,O7Z7E6B1E2N6B8B5X,114434,Gasoline
774,907,Ford,Explorer,2017,Z5E9T2K3V6V4W9M9U,81080,Hybrid
775,2507,Nissan,Altima,2017,P8N3G1G4Q2P5R6H0A,32301,Gasoline
776,2489,Tesla,Model S,2015,G4Q8D5U4L8A7R4Z3Y,64058,Electric
777,2369,Nissan,Rogue,2016,D2R7L5L4X3Y0V7Z1V,118698,Gasoline
778,1081,Tesla,Model Y,2021,Q1Y7Y6E1G4G7C0K2R,5002,Gasoline
779,702,BMW,X3,2025,F8U9I1D4J6L5G3L4O,38800,Gasoline
780,1721,Tesla,Model Y,2024,E7E2Q6X7O3P1B2Z9D,34134,Gasoline
781,2632,Chevrolet,Malibu,2025,G0Y6Q2P0M9B6A3X1O,137440,Gasoline
782,646,Ford,F-150,2015,L8W6E7V8F0D0T0J1P,27661,Diesel
783,529,Nissan,Sentra,2022,F0U1N5M4I0K5W6S2C,16544,Hybrid
784,1962,Toyota,Highlander,2009,L5Q8K6R3J1W9E5P9K,86174,Gasoline
785,790,Nissan,Sentra,2019,H8O7B2Y7Q6X5K1Y1E,75752,Gasoline
786,1380,Nissan,Rogue,2019,O1M7L1M0F4E3T4V1T,124393,Hybrid
787,1002,Honda,Accord,2009,Q8B8N2R4W4M8G1W5H,3163,Gasoline
788,1563,Ford,Focus,2017,F8Z9H7J1M9Z5M5J1D,17300,Gasoline
789,113,Tesla,Model 3,2009,K5A3K0R7O4B4Z0A1W,37576,Electric
790,559,Nissan,Rogue,2011,U9Q7H1H8T9C3E3P1G,30593,Gasoline
791,1612,Nissan,Rogue,2018,D2O9H1H8W5M1Q6D8P,93885,Gasoline
792,1355,Tesla,Model Y,2014,I3L1N9G1W5C9K4V2X,153159,Gasoline
793,2275,BMW,5 Series,2008,P0C9V7O5N2J8I5R1M,113285,Diesel
794,1070,Toyota,Corolla,2010,K3S5J8P4J9Y7E2Z7E,95001,Gasoline
795,1625,Honda,CR-V,2018,J9W4S6N8C5N7P6Z7D,102182,Gasoline
796,2256,Toyota,Corolla,2025,Q3C2H2D7K3K5J9R4Z,97751,Gasoline
797,781,Honda,CR-V,2013,B9V9L0K7G3D7M0A7U,107296,Gasoline
798,138,BMW,X3,2012,G6P8G5I1P6A3F5B7T,65684,Gasoline
799,1086,Chevrolet,Equinox,2013,P8Z2Y1I6V1E1V9C9I,107081,Gasoline
800,951,Toyota,Camry,2017,R3O7O1I4D2I2Y7H6V,174376,Gasoline
801,2840,Tesla,Model Y,2024,C6G2X7C7X7W3E0F2O,177394,Hybrid
802,2262,Chevrolet,Silverado,2009,H5H1H7E7R1D8P8R8E,171188,Gasoline
803,1563,BMW,3 Series,2016,C9A7N5S6H8Z3V2Q6D,153216,Diesel
804,1795,Honda,Civic,2023,D3K0Z8B5M9Q3C8R8L,75485,Gasoline
805,1238,Ford,Escape,2009,O8C0U8D1E0M8W8G8S,54983,Electric
806,2198,Toyota,Corolla,2015,Z5W9G6A8A5Y6F8Y3X,96605,Electric
807,2497,Honda,Accord,2025,S3R0D3O7G4O0P0P6H,73987,Gasoline
808,1380,Ford,Escape,2022,S8Q4A2L8S5H1I7F7Y,42307,Gasoline
809,39,Honda,Accord,2015,J0X5P2F4Y5F7Y9W5W,36228,Gasoline
810,883,Ford,Focus,2011,U6A4U2Y6E5A1V9K7W,54085,Electric
811,809,Honda,Civic,2015,K7F6V6T3N4E2G8F3K,66989,Gasoline
812,2746,Chevrolet,Silverado,2011,I0K4A5X4U0V9F6I8I,112638,Hybrid
813,1749,Ford,F-150,2022,X1R9W5Z7U1K4O6K3D,37722,Hybrid
814,1292,Tesla,Model S,2019,G7H2X7I3P3O8Y3W2T,65806,Electric
815,2629,Toyota,Corolla,2016,T8D3F8P1F6T4L5X3I,97544,Gasoline
816,2383,Toyota,Corolla,2015,T2T2J7B5A4Y1C0G9L,146285,Hybrid
817,963,Nissan,Rogue,2013,K5M4K2L0S9T8K6Q0P,8113,Gasoline
818,521,BMW,3 Series,2009,O6U2A9O3W8E2Q8P8P,142105,Gasoline
819,1861,Toyota,Camry,2010,H7Z8Z8P6G3U0H4N0Z,43241,Diesel
820,214,BMW,3 Series,2017,C0Q3J4D9M4I6N7S0T,98358,Gasoline
821,1061,Nissan,Sentra,2021,J3K5G5J6N4H1B6N7Q,173660,Electric
822,2631,Chevrolet,Silverado,2023,K3G8O8K0L8Z6A2C9W,167239,Hybrid
823,434,Ford,Explorer,2021,J3X5V7X9I9H8X7S3Q,163631,Hybrid
824,205,Tesla,Model 3,2016,X8N6Q9Q3Y8I3H0H3Z,101770,Gasoline
825,1806,Tesla,Model 3,2025,H1W9F7I8F0Q4C8D1P,40892,Hybrid
826,2072,Chevrolet,Malibu,2018,C8G1R0C0L7P0Z5E7L,17300,Gasoline
827,1579,Ford,F-150,2018,T2E2B0V3P2G5G4R4U,103837,Hybrid
828,2969,Ford,Explorer,2024,Q1E3H0V6S7C9Y1H3K,39148,Electric
829,1849,Chevrolet,Malibu,2014,G3I7I8S9T5G4H0O4J,150814,Hybrid
830,533,Toyota,Corolla,2011,V4F7E1N3Q6E8A6U4K,22660,Gasoline
831,1876,Toyota,Camry,2024,P7M8A3U1D2P3A4E2Y,135114,Gasoline
832,1704,BMW,5 Series,2025,U0M9Q5F5Z9I7D7S1Y,161506,Gasoline
833,1986,Toyota,Highlander,2009,Y1W3S9D7U4K6A6D9L,76875,Hybrid
834,2451,Nissan,Sentra,2015,J1Y3V4B3B3T8Z1W3U,40097,Gasoline
835,2845,Tesla,Model S,2016,W6Y9X7Z2T2J5F7L2U,93550,Gasoline
836,418,Ford,F-150,2023,T4H7A7U1F6E5G3F5J,45762,Gasoline
837,1024,Chevrolet,Tahoe,2016,V7O6V3T2T9U2Y3X7T,58253,Gasoline
838,1478,Honda,Accord,2008,Z6G3A2Q8P3X1C6U8K,76328,Gasoline
839,1544,Toyota,Highlander,2013,J0I6H0Y8V3T1J7S4J,178529,Gasoline
840,788,Nissan,Rogue,2020,B6J2K5H0H4P1Q1B8K,51696,Hybrid
841,1188,Toyota,Corolla,2014,Y4G5G6S3D3U5P2B5I,77682,Gasoline
842,2058,Nissan,Altima,2017,L6M0D2B6A5S1Q6F3A,136438,Gasoline
843,49,Tesla,Model S,2018,Y2M6Y8H0Q8V7R3O0A,71531,Gasoline
844,1533,Nissan,Altima,2008,K5X1O9H6X7A5B7O7X,161417,Hybrid
845,293,Nissan,Sentra,2019,Z3M5D8T6R3K6X3V8L,160952,Hybrid
846,2036,Ford,Escape,2022,N2S6X9D1T4X8S0X4Y,67970,Gasoline
847,2600,Honda,Pilot,2021,H4O7U6E2M3Q6Y2A2M,172973,Gasoline
848,1697,Tesla,Model S,2018,Y5J1E3P9O4D7E5Q9X,61624,Gasoline
849,1307,Chevrolet,Tahoe,2023,S0U6E2K7B7F2O7A1V,45194,Gasoline
850,1714,Ford,Escape,2008,Q4G0U7K4O9B0L0A6H,21616,Electric
851,2477,Ford,F-150,2012,P8I3Q0Q6E5S6S3I3B,35580,Gasoline
852,2427,Ford,Escape,2012,P0T3S0Q6W7N5A0S9F,75430,Gasoline
853,173,Ford,Focus,2014,I5B6D5W2C9E5Z2Y6E,40250,Gasoline
854,1786,Ford,Focus,2015,I1M9M5D6Y7K7R3J1N,64558,Gasoline
855,706,BMW,3 Series,2021,T3G8T1K2Z8V5C8N2V,163664,Hybrid
856,1768,BMW,3 Series,2009,Q5E9B5N8E0P1S3H2W,99323,Gasoline
857,111,BMW,5 Series,2024,P2Q8P5A5H2O7S9D9O,169925,Hybrid
858,839,Ford,F-150,2014,B7Y0V4L1D8O7N7O8H,28541,Gasoline
859,1117,Tesla,Model 3,2009,M9K7O3V3I5O1T1U5N,150943,Gasoline
860,264,Nissan,Altima,2013,C5M8H2H3R8D1V4M4V,168892,Gasoline
861,709,Nissan,Altima,2011,X5B1H2S2F2Y9X5W9C,20493,Gasoline
862,2205,Ford,F-150,2019,I6H5I7V1R4R6F8L4B,40779,Electric
863,2046,Tesla,Model Y,2025,P2F6C3G7V7Y2F7D3Z,105741,Gasoline
864,2175,Toyota,Camry,2011,M1R0Z2G7F7X9C8E8J,86146,Gasoline
865,1267,Tesla,Model 3,2020,R9H6J1Y2F0R7I9S5O,80609,Hybrid
866,175,Nissan,Sentra,2008,N1I7C4B0D3I9Y7Q2K,102281,Gasoline
867,2615,Tesla,Model Y,2022,Q9L8G9E1J4X6U8R5V,137972,Gasoline
868,1341,Nissan,Rogue,2024,R2O7U1N3H9P0L5M3D,102137,Gasoline
869,487,Ford,Focus,2017,W4Z6F9F6G2P9C2V4W,156683,Gasoline
870,2698,Honda,Accord,2017,S9O1Y1U5V5B3P9E0C,47762,Gasoline
871,734,Honda,Pilot,2012,S9O5O0Z5N0M8K6R6S,20187,Gasoline
872,187,Toyota,RAV4,2010,Y4V2B1S8P5B1K2Q0P,75033,Gasoline
873,1153,Ford,Escape,2011,J5J2V3B4A9B3F2O4I,127796,Electric
874,369,Tesla,Model S,2011,T1H8F0O5X1G0T5I1I,123985,Electric
875,2409,Chevrolet,Malibu,2021,X7P0T2R9Y8J0V7U1P,160253,Gasoline
876,396,Tesla,Model Y,2024,J6G6I1I8G8V0X0Z9R,171336,Gasoline
877,2251,BMW,3 Series,2011,L0U4K5P6L8J4D7G7A,5717,Gasoline
878,86,Chevrolet,Tahoe,2021,L5N5Y8S3O1V1F0R8H,44564,Hybrid
879,806,Toyota,Camry,2019,U7P6Z0W8Y0J7O9L4F,42782,Gasoline
880,395,Honda,Pilot,2014,Q0F9Z5X8G7M6X0N1O,1508,Gasoline
881,1107,Toyota,RAV4,2013,M8H6I3X9C9N7O5R4C,64534,Electric
882,2266,Honda,Civic,2019,D0G2A6M5J9I2E6E6F,42925,Electric
883,2704,Nissan,Sentra,2013,X3B2S8W3S1B1P1K0O,148494,Hybrid
884,1631,Toyota,Camry,2022,Y7V2R0S6J1N0H2L8M,140480,Hybrid
885,1000,Honda,Pilot,2021,Y8C7R8A1S1G0S2U5L,60042,Gasoline
886,2497,Tesla,Model 3,2024,C5C8N2D3X1N3T8F4R,101520,Hybrid
887,1670,Honda,Accord,2023,O3Q0Z5E5D4Q1A2A1Z,22337,Gasoline
888,1649,BMW,3 Series,2025,Z7C6T9X1X2T3W5V7N,46908,Gasoline
889,2262,Toyota,Corolla,2021,R8C6W7T9Y5R1J4H3O,80376,Diesel
890,778,Toyota,Camry,2010,D2S1D5Q6B6V3Z9S6J,41146,Hybrid
891,925,Nissan,Altima,2014,C0H4P9Y3F9A6C4D1U,160086,Gasoline
892,2995,BMW,X3,2024,Z0X1Z2I8O3D7T0O2T,59169,Gasoline
893,2165,Honda,Pilot,2010,J4Q1N3I1E6F5U8O7J,125508,Gasoline
894,1664,Nissan,Sentra,2008,I1A2F9J6I3F1R1W5P,126926,Gasoline
895,2577,Toyota,Camry,2021,F0Z2O6F1Q5M8C6K1J,97554,Hybrid
896,2141,Honda,Civic,2025,E4M9N5Y9M7K3F7E8F,26832,Electric
897,308,Nissan,Rogue,2015,M8K3D4P0I2H5A8R6W,163335,Gasoline
898,479,Tesla,Model Y,2021,I2C4K4O3C5V6D4M8Z,121255,Electric
899,2431,BMW,3 Series,2019,O3G3U4O6M2A2R4A6A,110338,Gasoline
900,2217,Tesla,Model S,2015,K8C6C9N3R5O0K4A9M,78857,Gasoline
901,2934,Chevrolet,Malibu,2008,M6W3R9F8O3X8J4A2I,39998,Hybrid
902,2187,Chevrolet,Equinox,2020,D8Y5X0C0M0G9L1F9V,101287,Hybrid
903,567,Tesla,Model Y,2011,D0Y8E7U8C2S2O3Y8M,85348,Gasoline
904,1336,Ford,Escape,2018,K4K2C7G4Y0O7T6W6E,59093,Gasoline
905,1821,BMW,5 Series,2008,I8P7L6G7G3I8T4V2X,78582,Electric
906,1823,Tesla,Model S,2008,I6O5W3B4T0M2F9W2Q,70785,Gasoline
907,2418,Honda,Pilot,2021,G5Q4W2O3Q9F7H2W8X,80326,Gasoline
908,89,Chevrolet,Tahoe,2023,R4O8G1W3L9O8H2V9D,147939,Gasoline
909,1258,Nissan,Sentra,2022,M6T9N6Y4R5E3H3X7O,178683,Gasoline
910,1662,Tesla,Model Y,2017,V4T8H6C4K0H2C2T9Q,72799,Gasoline
911,1239,Tesla,Model 3,2024,D8K6J2I1Z3X1K8H4W,30002,Gasoline
912,2126,Honda,CR-V,2022,N4P2R5N1Q3K8Z6J1V,165628,Gasoline
913,1200,Chevrolet,Silverado,2020,S9V4E3R4I8S5T2R0F,153665,Gasoline
914,41,Ford,Explorer,2018,R5U0V7Q3E5Z3M5D3J,159078,Gasoline
915,41,BMW,X3,2020,E0Z0Z3T4A2O2A2P5E,86133,Diesel
916,1633,Toyota,Camry,2013,S4I4U2Y1M6X9K6M1B,37079,Diesel
917,1188,Toyota,Highlander,2020,O2V6J0R8W9N5F5F8O,145433,Gasoline
918,734,Toyota,Camry,2025,F0B4Z7Q1N5J9C2I9B,71425,Gasoline
919,428,Ford,Explorer,2024,G9R0Q0C9V8S8E6G5X,58549,Gasoline
920,779,Tesla,Model S,2025,Z6R9K3Z8P9K5S0Y2R,175015,Hybrid
921,2732,Ford,Focus,2017,H6I1R5L4S0W0M1J2H,142282,Gasoline
922,1073,Tesla,Model S,2023,V3U3E9I0J6O9O5E4Z,28283,Gasoline
923,612,Chevrolet,Malibu,2008,F3G0B2G2F4X2R7E9X,117698,Hybrid
924,872,Toyota,Camry,2008,H1E5Y2D3F5C8Z8M2N,12538,Hybrid
925,418,BMW,5 Series,2020,W9W1B9T2P9Y3B3J7W,155734,Electric
926,2643,Nissan,Sentra,2019,R7I6D3F3J0J1X1C2E,53795,Gasoline
927,398,Ford,Focus,2017,A7Z8N6C4D5F1O6O7F,146765,Gasoline
928,2218,Tesla,Model 3,2022,M0S6L2O7K2J9S7N4C,174816,Electric
929,2333,Ford,Focus,2022,W2I6M8L2H1L3E3D4B,14075,Gasoline
930,2175,Chevrolet,Silverado,2011,V9Z7J2K4C2E2V7H9G,124259,Gasoline
931,463,BMW,3 Series,2008,R5W3S9B3X4B7V9K7S,165918,Hybrid
932,195,Chevrolet,Equinox,2011,Z9K2E0O8J9I4J5B6B,61035,Gasoline
933,539,Ford,Explorer,2016,J6B3D5U3O0W0X4Y6Q,158167,Gasoline
934,1124,Toyota,Highlander,2023,K6J8O2S1H3M3T8X5E,174895,Gasoline
935,676,Chevrolet,Tahoe,2019,X3J4O3E3A7G4R7P9J,79374,Electric
936,479,Chevrolet,Malibu,2012,W7Y4W3U8B2T8G8X2U,85331,Electric
937,1957,Tesla,Model S,2021,M4F8J0I6A0V6M7D9T,36394,Gasoline
938,741,Chevrolet,Malibu,2013,J9A4G0B9J4S3U4H7M,33237,Gasoline
939,2602,Ford,Escape,2014,P7P1U4M7O2A7I0J3N,170242,Hybrid
940,2044,Chevrolet,Silverado,2016,V7U9Z3K2M5K5E4M9N,81057,Gasoline
941,1182,Chevrolet,Equinox,2025,J1O4W6M7A1E7O0N1S,179998,Hybrid
942,1337,Ford,Escape,2021,D6X4I5C9A4O4T5K0M,45253,Gasoline
943,923,Nissan,Altima,2025,J2S9B9Q2N6B4V4S0Q,82430,Gasoline
944,1178,Nissan,Altima,2012,L8D7N4E7H6O8K5M1J,87798,Hybrid
945,2874,Honda,Civic,2013,O8K0K4W1Z6V9F9V3J,156720,Gasoline
946,524,BMW,3 Series,2020,T4G3A6D2X7H1J4H1G,173098,Gasoline
947,971,Toyota,Camry,2023,G1N4P9R6Q2J3M4I0A,168296,Gasoline
948,1744,Chevrolet,Tahoe,2013,E2S9J4H3J2D2L7Y1C,71462,Gasoline
949,2530,Tesla,Model S,2015,Z2P7G9B9S1B4B0T4X,91334,Gasoline
950,2270,BMW,X3,2018,A6K0B6T7N9A2P6A8K,85624,Gasoline
951,698,Tesla,Model S,2017,B3K7H6Z4K7G8H9D1V,179090,Electric
952,1664,Honda,CR-V,2011,P8F7A7C6C6S3Q1F6U,30818,Diesel
953,2519,Ford,Focus,2019,G5V2I0U6F0R5V7F9S,22528,Gasoline
954,2168,Toyota,RAV4,2009,L0X7T3P7K7I1A1Z8O,167415,Gasoline
955,1836,Ford,F-150,2016,U3I7P1U4G4P2T1Q4G,119541,Gasoline
956,2616,Chevrolet,Malibu,2019,V7H5Z4V3S7Z2L9C5T,56814,Gasoline
957,2167,Honda,CR-V,2022,U8B0U0M4N3C8C6N5A,78041,Gasoline
958,1460,Nissan,Rogue,2011,A3K6V9Q5N6D5N6G5Z,152695,Gasoline
959,817,Nissan,Sentra,2022,E4Q6D4V6S0W6T2B5M,68646,Gasoline
960,1366,Tesla,Model 3,2009,E7M3V0W1N2S3Y1X9B,61151,Gasoline
961,800,Tesla,Model 3,2015,O9N7H6L5F8E8L6W0F,33218,Gasoline
962,2820,Chevrolet,Silverado,2010,P0I6M1X5Y7A3C6Z3Z,53201,Gasoline
963,1750,BMW,X3,2013,Q3C1C4L1J3K7Q5B9O,10313,Gasoline
964,2281,Tesla,Model S,2013,D6H7X9K2Y6C4B2H0O,18408,Gasoline
965,1947,Honda,Pilot,2025,N3T4S8N7W1X3W4J0J,51958,Gasoline
966,754,Nissan,Sentra,2021,L5S0D0V7D4Q4H9X1C,83329,Hybrid
967,1824,Ford,Escape,2011,M4A4V0J9A8K7J4V1G,80645,Gasoline
968,1342,Nissan,Sentra,2014,P9E5C6E2D5S1H4H6F,59856,Gasoline
969,416,Nissan,Sentra,2009,F2W6Q8T3V4L2O3M1P,134687,Gasoline
970,2809,Toyota,RAV4,2021,C9C0X3P6H6H8E4K0I,125900,Gasoline
971,359,Ford,Focus,2023,B7G8Q5N8K2R1Y0B6J,126116,Gasoline
972,2412,Chevrolet,Malibu,2020,D9O8N7N2E4R9V5T8H,17619,Diesel
973,560,Honda,Accord,2020,T3A7R9Q7T0X3V5O4N,154551,Gasoline
974,1074,Ford,Focus,2021,M7D7F3Z3T0B6P6J5Z,90010,Gasoline
975,2825,Tesla,Model S,2008,J3C5G7B0X0F0P7T1Y,10181,Gasoline
976,1394,Tesla,Model S,2025,E6W0E1G0C4Z7V5G7M,126248,Gasoline
977,671,Toyota,Corolla,2018,R8H2S8G9F7D5U8S5L,25456,Hybrid
978,2718,Tesla,Model S,2021,C4V8S4B6R9K0C9I3C,137356,Gasoline
979,1597,Ford,Escape,2017,Z8H1R6C1G3X1U6B8Y,73096,Hybrid
980,2537,Tesla,Model S,2017,A1G2U0N8P1T3I3W2X,176134,Gasoline
981,700,Chevrolet,Equinox,2022,F0J9X8Z7C7S6K7P4E,147573,Electric
982,2602,Ford,Focus,2018,Q6N5U3L7T7Y5V4G6N,150188,Gasoline
983,456,Tesla,Model 3,2024,R7G2B9K8F5X4J0M7Y,155777,Gasoline
984,2392,Honda,Civic,2022,B1B4T1C0E4U6X8R7X,121809,Hybrid
985,564,Tesla,Model S,2010,J6P5A5N0I5K6A0E5B,78943,Gasoline
986,1893,Honda,Pilot,2010,H2M3X5U1R1L8C2D2H,4271,Electric
987,1226,Nissan,Sentra,2024,L6I7O8W8F2Q3N5L5S,69363,Electric
988,845,Nissan,Altima,2016,H7Y8Z7Y8Q5P1D4B5O,112030,Gasoline
989,1603,Nissan,Altima,2024,L4C3I3E9D5L9I5Z6X,137698,Gasoline
990,860,Honda,Accord,2008,D2U7E8G1Q9S6C2F3N,138954,Gasoline
991,468,Nissan,Rogue,2025,Z6J3W3O6U0P6O6U0F,21973,Gasoline
992,327,Tesla,Model Y,2025,V0Q8Q1M6G9M5D7S8W,72616,Electric
993,2529,Ford,F-150,2008,Z8E7V0I7W8P1Y5X9O,172647,Electric
994,432,Nissan,Sentra,2013,O7V4O8A0H8Z6D6P3I,117231,Gasoline
995,606,Toyota,RAV4,2018,S4D5Y6D9K0T2Y0X0G,147372,Electric
996,1531,Chevrolet,Malibu,2015,W1E9R0B1G7Q4E9D9C,23943,Gasoline
997,2206,BMW,5 Series,2024,T2O5D2M7O6L9B5J9H,5917,Hybrid
998,800,Chevrolet,Silverado,2018,T8Z6G4N2F2U3S5Z9G,33670,Hybrid
999,2358,Toyota,Camry,2011,J6T3A4Z2P6R7F2J4L,63711,Hybrid
1000,2182,Toyota,Camry,2015,Y4Q0S1G4F0P1Y5G2Q,33438,Electric
1001,2648,Chevrolet,Equinox,2012,C5T6L7D2A6Q8X1Q1B,83114,Gasoline
1002,2351,Honda,Pilot,2009,U0X1C9F0R8D4P8M5S,15985,Hybrid
1003,2938,Ford,F-150,2024,B3Z2X7J3I3P7X9K1Z,32748,Gasoline
1004,1227,Ford,F-150,2012,I2L2U4D3E0E4C9I6X,56121,Hybrid
1005,1406,Honda,Pilot,2010,W2L8E4Q8K8Z1T5H9R,139680,Gasoline
1006,1802,Chevrolet,Tahoe,2012,G7T3W1L4Q1P0S8R8R,21174,Gasoline
1007,857,Ford,Focus,2015,V0M1L7H0V8E3W8D7W,93097,Gasoline
1008,2567,Tesla,Model 3,2008,J6L0W7F6S8S2Z3R1I,88020,Gasoline
1009,1503,Nissan,Rogue,2010,C7C1H7Y9P3P2M8S5O,166402,Diesel
1010,2666,Chevrolet,Malibu,2010,I2R7F4P7W3T1I9F8I,88137,Electric
1011,2396,Nissan,Rogue,2015,L5F7O1C7D5J2J6T1C,128254,Gasoline
1012,415,Ford,Explorer,2011,O0F2K6F3W4C9X6Z0O,100070,Gasoline
1013,2082,Chevrolet,Silverado,2012,A6T1R5Y3M9N0R8O3Y,63410,Gasoline
1014,649,Honda,Pilot,2008,L2P3H7N1Z7Z0Q3D5E,143290,Gasoline
1015,1679,Nissan,Sentra,2020,T4P3W8X5M2G8C6L9J,1728,Gasoline
1016,2135,Honda,CR-V,2013,M1X0L9F3J8L7N8R8E,22050,Gasoline
1017,2887,Ford,Explorer,2010,C9R7W5Z6K9V8K8P6D,179533,Gasoline
1018,1325,Toyota,Camry,2022,X4U3N4G3U3J7J8G0W,166858,Electric
1019,1088,Ford,Explorer,2021,L0D4D2L5M6L3Q4Y4Y,11733,Diesel
1020,2742,Toyota,Camry,2014,M2L8Y7F0S0S7K6W2E,147357,Gasoline
1021,34,Honda,Pilot,2014,Y5Q6T8Y3Y6B3M3U3M,69721,Gasoline
1022,551,Chevrolet,Malibu,2021,H1T5T5V0Z6U7Q5S2M,133960,Electric
1023,1857,Ford,Explorer,2016,R6X5V2A2A7S2R0U4X,30924,Gasoline
1024,866,Tesla,Model 3,2018,N0F5U0I8L0M4H5M8R,6164,Gasoline
1025,2029,Tesla,Model 3,2021,A7N3P8I6W6Q6N1L6F,105916,Gasoline
1026,2334,Nissan,Sentra,2008,R1Z9U5R7O2H1G7U8M,46034,Gasoline
1027,1861,Tesla,Model Y,2024,W2D6D5K8Z8M2N7N6D,71179,Electric
1028,2896,Nissan,Rogue,2011,H0B7K2G7V3C5Z8M6A,62662,Electric
1029,1859,Nissan,Rogue,2025,O2V8S3I7W9L0S0Q0R,36095,Electric
1030,806,Toyota,Highlander,2016,E8R4U9S4M1Z9Q2D2A,6076,Gasoline
1031,1572,Chevrolet,Silverado,2011,M3D7O0K3I9K3C9N6O,71538,Hybrid
1032,1250,Nissan,Altima,2014,F7K0V2Q6F6Z0B7T9Y,55095,Gasoline
1033,2078,Nissan,Sentra,2010,N9R2C6G5Z0Q0H3N9U,129846,Gasoline
1034,2098,Chevrolet,Tahoe,2019,F2W7E4Y6F8R1B6Z2M,58812,Hybrid
1035,1946,Honda,Pilot,2017,Y3P5M1E7U3M5E9D5I,118335,Gasoline
1036,2939,Ford,F-150,2015,O9G1B7V6I5A4R9D4C,2709,Gasoline
1037,791,Tesla,Model 3,2019,V0T4R7Y4F3U6P9C4U,134888,Hybrid
1038,764,Nissan,Rogue,2008,Z2X5F3O9L2B9U1H4O,143355,Gasoline
1039,684,Honda,CR-V,2016,N8J3R7S4U0C2A5G5I,10859,Electric
1040,349,Toyota,Corolla,2015,C0G7M7T3D8G6U6M7L,160725,Gasoline
1041,1892,BMW,5 Series,2022,O2A6D7V7R2U2B7H6H,35614,Gasoline
1042,81,Nissan,Rogue,2010,E7B7N4P4I7P6U9D6M,15336,Hybrid
1043,2315,Chevrolet,Equinox,2011,C6V8L7Z0F8B9B3K6W,56884,Gasoline
1044,2635,Ford,Escape,2025,I0K6Q4I6P0Y0U1G5O,20235,Gasoline
1045,2599,Chevrolet,Equinox,2011,E4C1F6S5W0K7K6T5E,38364,Gasoline
1046,2406,Ford,Focus,2008,H0Y9D0B5K3O9V0D4J,146781,Gasoline
1047,2353,BMW,5 Series,2016,I6B5E8Z6Z8L9A2N3F,107159,Gasoline
1048,2032,Honda,CR-V,2010,V8G4O2G8C2B3U9I6E,78762,Hybrid
1049,1086,Honda,CR-V,2008,R4M8L6J6Y9S1H4Z2V,169762,Hybrid
1050,442,Honda,Pilot,2011,N5L7M5Y8Z2D4V0X8Q,140372,Hybrid
1051,1252,Toyota,Camry,2014,R9J1K5C9X5E0H7L1W,100788,Gasoline
1052,206,Toyota,Highlander,2014,M9Z5X2I4A9V6C7H2X,124989,Gasoline
1053,2845,Tesla,Model Y,2022,P2W5Z8K5M3C8Z6T8X,171627,Gasoline
1054,2436,Honda,Civic,2009,L5M3Z1J9E3P5Z5F6R,88376,Hybrid
1055,2956,Honda,Pilot,2021,R4C9O3M9J7U6L8N4Y,36031,Gasoline
1056,2228,Ford,Escape,2021,U1V4O5P6A6F2N5M2I,153432,Gasoline
1057,2478,Ford,Focus,2023,X7C5L1F5A2E5M6I6A,82548,Gasoline
1058,560,Toyota,Highlander,2015,D8M3O9S0N1D8L3L8Y,87935,Diesel
1059,1890,Tesla,Model 3,2008,P8K8G7R2K2G3Y5A3W,57172,Gasoline
1060,2681,Toyota,Corolla,2009,T1V8O2A4L9P3X2I8O,118850,Gasoline
1061,2215,Toyota,Camry,2014,T6S7H8D8T7J9V6A6H,100291,Gasoline
1062,310,BMW,X3,2023,N1Z4R4R8G9D0V6T5Y,172226,Gasoline
1063,103,Honda,Accord,2011,H4Z3U9J1W8F5H6F8V,67054,Gasoline
1064,459,BMW,5 Series,2021,P5W7N0W2E2B4G5I8P,130517,Gasoline
1065,26,Honda,Civic,2023,U3Y3E4T1Z2B3E1P5V,119719,Gasoline
1066,593,Honda,Pilot,2009,T3S2I0R6H6Y3A1Y7C,59635,Hybrid
1067,1477,Ford,Escape,2013,P8J9C5E5H3M4M5Q7H,38307,Gasoline
1068,1403,Chevrolet,Silverado,2012,R2Q4P8F9O0Q0W0T1D,47970,Gasoline
1069,582,Tesla,Model Y,2010,D6G3Q3V9N9D5R3Z4F,174647,Hybrid
1070,1828,Tesla,Model Y,2017,W0S2T2U9Z0Z0W7L7L,124876,Electric
1071,2763,Chevrolet,Silverado,2014,H9D5K7E5O3L8R0Z2R,48375,Gasoline
1072,387,BMW,5 Series,2018,J2X8B9G2Y7T9P3R0D,59390,Electric
1073,2669,Chevrolet,Tahoe,2010,A0N0U1A7P6G9Z2X0J,122559,Gasoline
1074,1108,Ford,F-150,2012,K8M9V6J4V6W9S6L2W,90925,Hybrid
1075,1566,Ford,Explorer,2011,B1P6Z7O2D2U3M4K0U,10213,Gasoline
1076,2200,Toyota,Camry,2018,Q8D9O6M7U6B1W3G6D,152921,Electric
1077,2214,Toyota,Corolla,2021,C9H3E0O4X3K1K1I3U,106564,Diesel
1078,1695,BMW,5 Series,2025,I8A7Q4O2Y9S4M8J8W,67425,Gasoline
1079,877,Chevrolet,Tahoe,2012,E7J9A5I8R2D3D2P4L,122032,Gasoline
1080,2153,Toyota,Camry,2024,L3S8B1K0S6R6Z6Z1N,71078,Gasoline
1081,946,Ford,F-150,2024,Q9I2M1B2X9P5K9G1V,115403,Hybrid
1082,2343,Tesla,Model 3,2011,D2V2J9I1Z5C3M4V6R,9027,Gasoline
1083,352,Tesla,Model S,2012,M0W2A7X0A3X1N4O4C,115104,Gasoline
1084,826,Toyota,Highlander,2024,S6A1E7L2K9B2D8D8C,103532,Gasoline
1085,809,BMW,X3,2012,P7V6C2M8X3M7Z9V6Q,85968,Diesel
1086,1791,Ford,Explorer,2024,V8X9X1Y5M9U9E1V0P,71388,Gasoline
1087,918,Toyota,Corolla,2011,Y6S6R7O9Y8X8Z9O9I,150992,Diesel
1088,1769,Chevrolet,Equinox,2016,L2E7N8T7Y6M1Z8T7J,49649,Gasoline
1089,271,Nissan,Altima,2013,A1L8I8C5R1R8I2Y1Y,44146,Gasoline
1090,60,BMW,5 Series,2012,E9A5L7F8T1M0M1E0H,94682,Electric
1091,9,Toyota,Corolla,2014,P0R9D7L4Z2X2N3L5K,16480,Gasoline
1092,1019,Tesla,Model S,2020,C3U3H1B0Y6T0R0L9G,76964,Hybrid
1093,2432,Chevrolet,Tahoe,2015,B3V8S6I5L1I6L0H4G,29658,Gasoline
1094,1033,Toyota,Camry,2011,D3J6M5V7A0G5A9L4O,31724,Gasoline
1095,1575,Toyota,Camry,2010,Y1B5V9W0E7I2G6Y6X,149323,Hybrid
1096,569,BMW,3 Series,2015,J0A2Z8K2R4G0M2H1X,130122,Gasoline
1097,1591,Chevrolet,Tahoe,2009,C1Z3W6T5Y2X4W3T9I,2834,Gasoline
1098,2226,BMW,5 Series,2017,C5C8Y1A4K9K1F8F8F,22048,Electric
1099,1967,Nissan,Sentra,2021,X7R4S3H2G1T0L5W6V,68136,Gasoline
1100,2445,Toyota,Camry,2008,V8J4P1X7U5T0M2U2T,155030,Gasoline
1101,1780,BMW,3 Series,2015,S0P3L2E4A0L0B7L2T,31627,Electric
1102,338,BMW,3 Series,2022,K9Z9C0V4P3I3V1C6Z,25697,Gasoline
1103,2713,Toyota,RAV4,2010,G2F7X1K3E3T9N7E4J,158868,Gasoline
1104,2054,Ford,Explorer,2018,A3H9O1T3W2E6J1K4G,37599,Hybrid
1105,75,Nissan,Rogue,2012,K9A5P2V6B3J6L2K7H,50074,Gasoline
1106,281,Nissan,Sentra,2008,R8E7Z4P7Y6B5F2E8T,95663,Gasoline
1107,1692,Nissan,Altima,2016,A0N6Q8U9U7K4N4X4I,108271,Gasoline
1108,1161,Ford,Focus,2016,S5T3Z2T1U7Y0V9U1H,153069,Electric
1109,1809,Ford,Focus,2021,R2O1N4Z7N5P8C5I7T,39368,Hybrid
1110,566,Toyota,Camry,2025,K2H5O1V6M1J2P9Q5M,70491,Electric
1111,2894,BMW,3 Series,2012,L2E8E3Q5W9E6D3J3B,141815,Electric
1112,565,BMW,X3,2012,I1U5R8J1B2O8Y7X0S,171579,Gasoline
1113,612,Chevrolet,Equinox,2008,I4R7H6L0C6O9H3B7A,103019,Gasoline
1114,287,Tesla,Model Y,2024,X8A0B4Q9W6V3J7B7L,130754,Gasoline
1115,932,Ford,Escape,2022,Y6O6B5E6Y8E0D4Y2U,94481,Gasoline
1116,655,Honda,Pilot,2017,C2G1F4X1X8K0D4Q7F,58766,Gasoline
1117,1207,Chevrolet,Silverado,2008,W8D5Z6Z7G0I6U2E1O,23356,Gasoline
1118,2873,Toyota,Corolla,2025,P0J2R8M4F5G1R8G1A,87535,Gasoline
1119,2574,Toyota,Highlander,2010,F9V4W1C9W9M7L6O5B,46818,Hybrid
1120,1175,Ford,Explorer,2008,Y8X2Q1O8X7Z4I0C6I,174972,Electric
1121,250,Chevrolet,Silverado,2009,P5Z1B3Q1L9F8W9Z4U,122304,Gasoline
1122,1747,Honda,Civic,2016,B7I6H5A9Y8T4A5L7A,107559,Gasoline
1123,993,Toyota,Corolla,2025,U4I3Q5K7D1Z1K0M2Y,137436,Gasoline
1124,2964,Toyota,Camry,2010,H3V7F2U9R9Q8C1M8N,46579,Gasoline
1125,1438,Honda,Pilot,2010,Q2X7K2W1T4X8Y4R6P,23980,Gasoline
1126,2930,BMW,5 Series,2025,K1R2Z5Z6A9P6U6O1P,98610,Gasoline
1127,1332,BMW,5 Series,2021,F0T3S3O0V0Q9I8J9H,59322,Diesel
1128,1279,Nissan,Sentra,2016,S2H9H8P2W0F1J0R7M,100595,Hybrid
1129,1802,Ford,Escape,2012,A2V0R2W5A3C5F3R9E,110328,Diesel
1130,1569,Nissan,Sentra,2017,R4Z6P9F8V4O1D9O8A,7093,Gasoline
1131,29,Toyota,RAV4,2015,O8W8Q0T1P9K3H9V4Q,96431,Gasoline
1132,2998,BMW,X3,2014,W3J5Q9E4W6N4Z5A7J,81535,Gasoline
1133,1433,Honda,CR-V,2015,P3O0U1F9A1T6N4D6P,146863,Diesel
1134,2191,Toyota,Highlander,2021,X2I4X9M0E9Z2G1J8L,44822,Gasoline
1135,1880,Ford,F-150,2012,O7Q0Z0V3G1U8X5X1V,175658,Diesel
1136,2087,Chevrolet,Tahoe,2008,H0I4Y1T1B0R3M7E4J,103256,Electric
1137,2863,BMW,5 Series,2019,R6H1H0E9Q2T5V9N4T,105407,Diesel
1138,314,Nissan,Altima,2016,C9C2N9J1W2E6K8L4X,163396,Electric
1139,1105,Chevrolet,Tahoe,2024,J9O6C9M2U7X1Q7J6A,163958,Gasoline
1140,2369,Chevrolet,Silverado,2013,Y9K6S6X3G5L7C3V4P,16252,Gasoline
1141,1691,Ford,F-150,2009,I3H9Y4J2N3A5M0K3C,29035,Hybrid
1142,597,Ford,Focus,2017,T8D9Z1Y0M0U8Z7Z2K,33413,Gasoline
1143,1260,Nissan,Rogue,2014,F3F2E5Z1K1M2U6E8C,14563,Gasoline
1144,625,Chevrolet,Tahoe,2025,B4V5W8L0N9H9N7S4I,29457,Gasoline
1145,2477,Ford,Focus,2016,B2C9N9M5V7Z8O5W8J,93896,Gasoline
1146,1638,Ford,Escape,2008,W7Y7F8O4Y0Y1K6A8L,173495,Hybrid
1147,507,Nissan,Rogue,2010,Q6S2G1I9Z8Q2A1J1U,26996,Hybrid
1148,2240,Tesla,Model Y,2014,J5M9R9F1M4Y7G0S9O,144792,Gasoline
1149,11,Honda,Pilot,2015,B8K3T2M9W4Y1T1E1B,175793,Gasoline
1150,2774,Ford,Escape,2018,R9F2C2O7Y7H2T8K6S,154315,Hybrid
1151,2966,Tesla,Model S,2013,R4P3F3Z5M8E4E2Q4I,17479,Gasoline
1152,96,Ford,Focus,2025,D0G4J7G4O8Z5W3O1Q,106708,Gasoline
1153,403,Nissan,Altima,2019,S6L4C1G5O0V7G9N5S,26912,Diesel
1154,1520,Honda,Civic,2013,B9I6J1C9B5D2K5K4C,82027,Gasoline
1155,2975,BMW,5 Series,2010,A3V3A1F7O9E4T6R2V,49386,Gasoline
1156,209,Toyota,Camry,2020,H3A9C5N2Z4Z6P6Q3U,82015,Gasoline
1157,982,Tesla,Model Y,2008,N4C9O7E5R0P1F4P8U,130699,Gasoline
1158,1578,BMW,X3,2024,N1J2J2G6S3I3C0C0W,14359,Diesel
1159,2863,Honda,Accord,2009,L8I7A5R9J4F6Y2L6G,53359,Gasoline
1160,367,Chevrolet,Silverado,2010,V1D3Q4G6A2W5L3Z8H,72857,Gasoline
1161,1945,Toyota,Corolla,2017,T6P9J5B0V0E8Q7N2E,31112,Gasoline
1162,406,Nissan,Sentra,2023,Z1M9M8O2G6T4T2C5E,155084,Hybrid
1163,1700,Nissan,Sentra,2025,O0T1I8P0W3I5F6U7Z,12450,Hybrid
1164,1454,Toyota,Highlander,2012,X9C6Y7H2E7M7M0M4W,179739,Hybrid
1165,1059,Nissan,Altima,2024,Y3B7U0M0P8O2B5W1X,26326,Gasoline
1166,1347,Ford,Focus,2024,B7V7A7Z3Q3C6U2V3N,96093,Electric
1167,844,BMW,3 Series,2010,S8X2O4U0C7X9W3L6K,115200,Gasoline
1168,93,Ford,Escape,2011,M0T6J7Y9H1T0Z4J2W,124375,Electric
1169,2141,Tesla,Model S,2022,U0Z3Z5W5B9Q8Y8Z7Z,1407,Gasoline
1170,2929,Nissan,Rogue,2009,H5X3M2F8A4P3W5Q7X,59927,Gasoline
1171,113,Chevrolet,Silverado,2021,Y5W3I3V5K6Y6Z5J7Q,145341,Hybrid
1172,532,Toyota,Highlander,2012,R0F8M5M7Z8E8C0Q0A,53663,Hybrid
1173,1030,Nissan,Sentra,2020,Q6V5I8W2D4Z4D8Q9G,126623,Gasoline
1174,1388,Toyota,Corolla,2023,Q9O4Z5R9O9O2Z4Y8E,59924,Gasoline
1175,746,Chevrolet,Silverado,2008,Y1R0W7X9L1Y0L8W4Y,75681,Gasoline
1176,1501,BMW,X3,2025,Z0Z5J3K0O5C1I3G2Y,92747,Gasoline
1177,696,Tesla,Model 3,2008,W5D0L7Y1X3L3N3F9T,171242,Gasoline
1178,553,Nissan,Rogue,2014,C5R7C4I0U9W3Y6J0N,56411,Electric
1179,1601,Honda,Accord,2011,C6C3S6V0H5H7F4Q7K,153875,Gasoline
1180,1444,Chevrolet,Tahoe,2025,Y8I6G7R2I9Q3U8T3V,120009,Gasoline
1181,1594,BMW,5 Series,2008,L0R6Y7Y8X7S3W8E4V,116494,Hybrid
1182,2539,Ford,F-150,2021,K6J3H0E8B5V8H2R5I,31536,Gasoline
1183,367,Nissan,Rogue,2012,U4F1X9C4R6F0G0N7A,84872,Gasoline
1184,595,Toyota,Highlander,2017,W6H9U2E2G3B9I6D6J,102315,Gasoline
1185,810,Chevrolet,Silverado,2014,Z3W9A0M0D5Q2E2Z3J,95914,Gasoline
1186,1057,Nissan,Sentra,2024,S7P0J8C7A3B7H1W1E,41536,Gasoline
1187,910,Honda,Civic,2025,N9F7R1Z6B2F8K3A4A,151989,Gasoline
1188,271,Tesla,Model Y,2024,G7V2H2O3X8T9N7D0P,58274,Gasoline
1189,2461,Ford,F-150,2021,Q1F0A9S1N2G6K7N6M,20054,Hybrid
1190,604,Ford,Escape,2009,A3E5O7N4L1J2F3O1P,26959,Gasoline
1191,2948,Toyota,Highlander,2023,Z3X1S6Q3U0J9Z8W4J,96111,Hybrid
1192,2861,BMW,X3,2020,F7L8S8G5I8B6P1N8C,76731,Gasoline
1193,2736,Nissan,Altima,2015,X1S2U3R6H1G6A6F0Z,161578,Electric
1194,372,Honda,CR-V,2025,K1S2K3O4C1C5W7F7S,25003,Gasoline
1195,2043,Toyota,Camry,2016,P5F0U9X2N4C4D8R7U,110760,Gasoline
1196,2398,Honda,Pilot,2024,R0E8G1Y6D7J7T2M0A,111776,Electric
1197,1011,Toyota,RAV4,2023,N5M3E9Y3E4E9O2K3I,145153,Gasoline
1198,2237,BMW,3 Series,2012,Y3R9N2I6P2T8U9W1X,20517,Electric
1199,549,Chevrolet,Equinox,2011,E2S4R1U6O1E6Y6I3R,61896,Gasoline
1200,2076,Nissan,Sentra,2023,S7M3X3K4F4Y1L6F8H,26311,Gasoline
1201,2620,Ford,Escape,2020,Z3N1T3R3O1H0B3M3H,12457,Hybrid
1202,659,Nissan,Sentra,2022,R8P3G2I5V5M0X1C1E,60028,Hybrid
1203,1199,Toyota,Corolla,2017,Y1D3Z2Y6N8P4L3M1A,114567,Hybrid
1204,1732,Nissan,Rogue,2016,V1R0F5T1Y5O1K3C4U,121761,Gasoline
1205,1809,Toyota,RAV4,2010,K9D9J6S1I3Z3P1N7M,27172,Gasoline
1206,1900,Honda,Civic,2024,L0X0K6F0N3J0Q0I8P,32613,Gasoline
1207,2178,Nissan,Rogue,2023,O8U5X6Y0X9I1M8G9L,168591,Hybrid
1208,401,Chevrolet,Silverado,2014,N5C1X4Z7J2J6Q7G8Y,128079,Gasoline
1209,1812,Honda,Civic,2013,N7R1P8P0L3E5Z1B6N,78227,Hybrid
1210,1329,Nissan,Rogue,2024,Z2I5C1T1G7U3U5V3T,120829,Hybrid
1211,2305,Chevrolet,Silverado,2013,J1F0K7I5B4B3M8O7C,45787,Gasoline
1212,1650,Nissan,Rogue,2024,R3N8O3Y7C1T3M2E7C,39166,Electric
1213,1838,Honda,CR-V,2009,K5R8F2L3E0S8G6L0W,109714,Gasoline
1214,2674,Honda,Civic,2022,G5U7H2D8J6S5S5Z9H,99393,Hybrid
1215,2894,Honda,Pilot,2010,F5S5U1O8E8O1E4E3D,54639,Electric
1216,1711,Honda,Pilot,2023,M5D4X1T3I9Q8W1G7I,36771,Gasoline
1217,1767,Honda,Accord,2024,Q0H7Y3V4D3Y3Q2C7K,132607,Electric
1218,2752,Tesla,Model 3,2021,D7U9V2D2Q8B0N3B5Y,8419,Hybrid
1219,2423,Tesla,Model S,2020,Q7N5Q6Y4P3B4I6Q8W,178606,Gasoline
1220,964,Toyota,RAV4,2019,J0S4Z2B7Q4Y9O9C8R,68580,Gasoline
1221,2474,Nissan,Altima,2024,E6V3B2P4V2E0B3L6Z,38455,Gasoline
1222,1341,Tesla,Model Y,2010,E7N3M8O1K3Z4I1Q6Y,156785,Electric
1223,1288,Chevrolet,Equinox,2008,Y8S2J7X8H5X9D6E8S,50792,Hybrid
1224,1845,BMW,5 Series,2021,R2M5Y0Q7Q8J9X5U6Q,15644,Hybrid
1225,2048,Tesla,Model S,2022,O0P5N2Q8V7J3B0L1P,89367,Gasoline
1226,2404,Honda,Pilot,2010,C8P0R2V2G2M7F8A6Z,7740,Gasoline
1227,603,Nissan,Sentra,2016,P4Q6L7Y6S1D6C4G7H,47929,Gasoline
1228,1866,Nissan,Rogue,2012,A2L0F7O5S2S5O6D3K,54565,Gasoline
1229,2636,BMW,3 Series,2013,Y9A0R6L3Z4B7R0X1M,39094,Gasoline
1230,1520,Toyota,Camry,2022,Z2T9S7Q5D3Y3H5T7T,171220,Electric
1231,437,Chevrolet,Silverado,2023,F8V3O8M5V8J5M1K2O,111369,Gasoline
1232,2527,Nissan,Rogue,2013,E5L6S2O5I9D8U3U4Q,142895,Gasoline
1233,1656,Ford,Explorer,2025,N6A5O0C7G8K3V4Y3S,151789,Gasoline
1234,425,Toyota,RAV4,2013,R4J3O1W3Y7T4P2I0P,111866,Diesel
1235,767,Toyota,Corolla,2013,J3H2I1S3E1G9R1H0S,8256,Electric
1236,57,BMW,5 Series,2025,K4Z2U1V7K2S6X0O8H,25575,Diesel
1237,1101,Ford,Escape,2020,P9E5T6K1E7V1Z8R2F,130380,Hybrid
1238,104,Toyota,Highlander,2025,S7X7Q0I6H7E5K6N1T,19230,Gasoline
1239,330,Nissan,Altima,2014,U2S1P7W4A8W8D1H9Y,105373,Electric
1240,2807,Chevrolet,Silverado,2018,Y7I3Q1N9C6T8I4P7G,3325,Electric
1241,757,Ford,Escape,2014,A5E3T2N5V6E5O8T9B,108835,Electric
1242,1544,Honda,CR-V,2016,J9Q1E5L5P4P2F6Q0D,151907,Gasoline
1243,2307,Toyota,Highlander,2013,L5I9A1L3J1T6J3M8H,73543,Hybrid
1244,22,Chevrolet,Malibu,2025,B9I9A8N9M4F7M3E8Y,142039,Gasoline
1245,1332,Tesla,Model 3,2020,K5S6P7S7Q9T4Y2D0X,68686,Gasoline
1246,2863,Ford,Explorer,2011,V9X7S1I7F1C8Q2I3F,158736,Gasoline
1247,1893,Tesla,Model 3,2012,Q8J5G4J0E2M7X7J2L,41919,Diesel
1248,357,Chevrolet,Malibu,2025,E6H5Z3B8H6N3B6Z4Y,42460,Electric
1249,1426,Toyota,Highlander,2015,Z2Q1S3M1H5A5J0S9J,171474,Gasoline
1250,244,Nissan,Sentra,2021,X9T7Y5K3D3E6D5L9N,33382,Electric
1251,1619,BMW,5 Series,2022,B0X4R0Z8K0F6Z3L9N,169814,Gasoline
1252,2265,Honda,Pilot,2013,W0I7G8T4N9D0A2Y9K,169457,Gasoline
1253,2554,Honda,Pilot,2016,O6H8H6L2Y3R8H1R2Y,164759,Gasoline
1254,2072,Toyota,Highlander,2008,S7F9O0T4K5F4Y6I4X,143665,Gasoline
1255,2029,Nissan,Altima,2021,M1V2K4Y4R6Y5T8J0W,95759,Hybrid
1256,183,Nissan,Altima,2013,R3X9O7S4V8Z0F8F7K,143536,Gasoline
1257,2438,BMW,3 Series,2013,J7G2Y9S1U8B8O4X4L,12678,Gasoline
1258,1226,Nissan,Altima,2019,V2J6O8Y1V3Y2Z2K4H,62941,Gasoline
1259,2345,Ford,Explorer,2025,H4U7V4J9V4J6U5Y9C,9568,Gasoline
1260,789,Honda,Accord,2019,Q8H4N4C9U2G3Z3C6K,65319,Gasoline
1261,1465,Toyota,Corolla,2015,N1N8B3K6K5K1R5X6R,18125,Gasoline
1262,1410,Nissan,Rogue,2018,X8X6N5Z0L1V8T8K5J,16065,Gasoline
1263,1162,BMW,3 Series,2018,V1U0H5U8O7Z2M5I4Y,86630,Hybrid
1264,1659,BMW,3 Series,2015,A9Y3I9S9V2K0J1K5S,152778,Gasoline
1265,2848,Tesla,Model S,2017,Z4K9A5Q1A2V9P4R2M,55065,Gasoline
1266,665,Nissan,Altima,2014,Q0J9C3J4M8X8U2F7T,77712,Electric
1267,542,Chevrolet,Malibu,2021,K6P1Y0R6J0U6K5E5I,2398,Hybrid
1268,2643,Toyota,RAV4,2025,B7Z0P8V8B1R2H3F6I,60921,Gasoline
1269,371,Nissan,Rogue,2016,M3Y9Q9P3H4A4F7C2T,42886,Electric
1270,2452,Toyota,Highlander,2018,Q8X3W6H8A4W3V7G1D,103475,Gasoline
1271,232,Nissan,Sentra,2012,A5F2O5M1B5F6M5U6O,31407,Gasoline
1272,309,Chevrolet,Tahoe,2014,F2D4B6E2N7X1V8O1V,126623,Gasoline
1273,656,Tesla,Model Y,2016,B0F2U8S8O9O7M7X7I,17687,Electric
1274,2626,Chevrolet,Malibu,2016,P5Y3P2K4W3Q8G4M5L,24854,Gasoline
1275,2401,Chevrolet,Equinox,2011,T7Y9W0J8C2A1C1K2J,35218,Gasoline
1276,410,Chevrolet,Silverado,2015,G6O3L8F1B7I7A8E1R,126753,Gasoline
1277,1735,BMW,5 Series,2012,M5P6S2S9M2K8Y9U2J,72345,Gasoline
1278,1570,Honda,Pilot,2016,B3B2F0Z9Z9K8R0T7B,27470,Electric
1279,494,Honda,Civic,2021,E4K7V4J2X3P0X6W5L,118089,Hybrid
1280,2340,Honda,Civic,2008,F1O2Y5J9G0D0V7N1R,155975,Gasoline
1281,1292,BMW,X3,2016,A0T0C4C6R0O7N5O7G,36526,Gasoline
1282,258,Honda,Accord,2011,W6O7S6H5Z8D1T7N9X,93255,Hybrid
1283,41,Nissan,Rogue,2019,E1H2E4G7S8E8R7W4G,83808,Gasoline
1284,2384,Honda,Accord,2011,O3W5U0V8F7B8P6U8M,168232,Gasoline
1285,1809,Honda,Civic,2024,Z3R6T7Z6J0P7Q8O3N,127669,Electric
1286,1910,Chevrolet,Malibu,2016,C7O3I0Q8A3Z1G2N0R,159218,Diesel
1287,629,Ford,Explorer,2012,P4N8P3M4A5R2U7Z0K,24990,Gasoline
1288,2869,Honda,CR-V,2018,P6Z2O1K3W9A3Y6V2O,141979,Hybrid
1289,1240,Tesla,Model 3,2008,I4D5B2D4N0V0E5U7K,142773,Gasoline
1290,2598,Toyota,Highlander,2023,C3Z8W0H7H7J3A5Q8F,100692,Hybrid
1291,697,Honda,Accord,2015,C5D0A5O8B9H3S5V0Q,154879,Gasoline
1292,391,Tesla,Model Y,2019,T2D1O4G4J4L3W8N7N,94339,Electric
1293,1914,Toyota,Corolla,2018,C1A4H9V5S2G9V2E4C,142818,Hybrid
1294,2129,Chevrolet,Equinox,2009,K2Z6Y8I5F5B0B8V4S,87936,Gasoline
1295,2173,Nissan,Rogue,2024,Y6K5K8U1T5D9C6C6W,50859,Hybrid
1296,2866,Tesla,Model 3,2018,H8J3P5F2Z5W7Q8N9C,115120,Hybrid
1297,705,Chevrolet,Malibu,2020,D1J7A4L2L7F9V7I9X,5215,Hybrid
1298,514,Ford,Focus,2023,E7Y4H4A2O7F5O1E3H,173111,Gasoline
1299,888,Honda,CR-V,2017,P7Y1P1O3J3Z2A0J4B,167655,Electric
1300,2399,BMW,5 Series,2010,V9X6G5Y1J5B3A9H7R,103205,Gasoline
1301,1436,Honda,Accord,2013,X0T2G9T4M0F6Q2A8N,2760,Hybrid
1302,2988,Tesla,Model 3,2019,R3Q7A4F9P5F2H5D2Z,174481,Electric
1303,1832,Chevrolet,Malibu,2017,H8X1V5Z1W5R9N4B7B,45615,Gasoline
1304,2647,Honda,CR-V,2013,D6T0Z0N5W8R9N4V5N,3832,Gasoline
1305,1121,Honda,Accord,2015,L1W5F9H5Z5J4G7F1C,23356,Gasoline
1306,56,Tesla,Model 3,2008,D4S3F3E7N0P6T1O9Z,159224,Hybrid
1307,2842,Chevrolet,Tahoe,2013,J9Y6J1C6H7C6I6Z7G,116730,Gasoline
1308,1075,Chevrolet,Tahoe,2008,H5S9H6U1H9I0G2W2F,90334,Hybrid
1309,796,Toyota,RAV4,2021,Y7K9N6Q9E3T1K1R7R,49025,Gasoline
1310,77,Nissan,Rogue,2009,F7M0A2F6S1L3L7D6A,61212,Gasoline
1311,1007,Toyota,Camry,2015,S9B4J8J0A3A7R3V6J,97686,Hybrid
1312,551,Tesla,Model S,2013,V8M5J1V8Y6N7I6I6D,42527,Gasoline
1313,2425,Chevrolet,Silverado,2010,B6Y8U3Y2V6A8P8T6I,58746,Gasoline
1314,88,Toyota,Camry,2021,W9B6M7W7Q4J5N6C5W,139141,Gasoline
1315,1639,Chevrolet,Silverado,2018,J9A9Y7N1G7Z4S5Y0L,74158,Gasoline
1316,225,BMW,X3,2021,G5B9J9Y8Z0S3Q7M5G,124756,Diesel
1317,1153,Nissan,Altima,2020,J2C5F2R2M2V9S9B1R,57749,Hybrid
1318,61,BMW,5 Series,2008,J4V2A5N6U3X7A9W9Z,150562,Gasoline
1319,1112,Chevrolet,Malibu,2014,N2H4D7Z2H3I2E3N8J,111559,Gasoline
1320,914,Nissan,Rogue,2012,M5D9Y3P1B6H4O9L3T,177000,Gasoline
1321,470,Nissan,Altima,2021,U1H9K6Y9V3O8E1M0G,3758,Gasoline
1322,1160,Nissan,Sentra,2016,K8A4Q2X7X2S1I7F9U,24919,Diesel
1323,2931,Ford,Escape,2014,K1C3X3C5R7Q4V6G5A,26489,Gasoline
1324,806,Ford,Explorer,2011,G9Z3Q0L5I9J9Y7U5C,121025,Gasoline
1325,1483,Chevrolet,Tahoe,2024,Q1I5R0G7Q8C0M1I5G,125440,Diesel
1326,2837,Nissan,Altima,2021,V7G8B1J0S8Z4W6Y8R,55138,Hybrid
1327,2555,Tesla,Model Y,2013,J5Z4H5J4P1J9H1T3U,12297,Hybrid
1328,1343,Chevrolet,Silverado,2023,U8E5M1M0F1L7T7V1G,89676,Gasoline
1329,355,Tesla,Model Y,2008,H5E9T5A0K8Y4Y9B3L,130107,Gasoline
1330,1228,Tesla,Model 3,2013,T7A9A1N5N1M4F3O0B,48407,Gasoline
1331,898,Honda,CR-V,2025,R6R4X9D5Q4I4U1G6S,117231,Gasoline
1332,2033,Nissan,Rogue,2010,F8N3V8R3A6S1A2T8O,44597,Gasoline
1333,805,Ford,Focus,2018,Q3S5V7M6X0M5H4X0Q,131829,Hybrid
1334,2336,Tesla,Model Y,2022,X5Q6C3O7F8D0Y7L4K,3325,Gasoline
1335,1515,Nissan,Rogue,2025,F6O2M1S2M2D8S6Y6P,59585,Gasoline
1336,2292,Nissan,Altima,2021,C1L0A2P3Y6A8Y9M9U,149350,Gasoline
1337,811,BMW,5 Series,2013,M2L1I5R9Y5K6L4G6Y,135692,Gasoline
1338,2675,BMW,5 Series,2010,P1O8Y3T9C4Y6W6T9M,3668,Diesel
1339,2052,Toyota,RAV4,2015,U3D5M0I8Z3M4V0V0B,88899,Gasoline
1340,715,Ford,Focus,2016,W4P5T5T3Q1U9S0J5W,24452,Gasoline
1341,2417,Ford,Escape,2018,W7T4R9P5V9D1R6E9T,158679,Gasoline
1342,1954,Nissan,Altima,2015,V5H9J1C3U0O0J0X3B,140388,Gasoline
1343,1249,BMW,5 Series,2009,B1X2N7U5K1A9E9L9X,128617,Electric
1344,1203,BMW,5 Series,2011,E1Q0X2D2Y8J4Z8H7C,58729,Gasoline
1345,870,Tesla,Model Y,2016,D5L6K5W8P6C0C8Y8O,120309,Gasoline
1346,2221,BMW,5 Series,2010,K6I1E9A7L2H3C7Q1M,118824,Electric
1347,1051,Nissan,Rogue,2021,Q7Y9F6T1G2W4F2H2E,109052,Electric
1348,1656,Honda,Pilot,2015,H6G3Z0C9O6U5N0C0X,145584,Electric
1349,2700,Nissan,Altima,2019,L4E0C6O1Y2G3K1Y4W,78339,Electric
1350,2495,Toyota,RAV4,2024,G6C3Q1L2S2C5I5A5Y,150250,Gasoline
1351,1948,Toyota,Corolla,2022,E9P7S3J8U6L3Q6I2M,44261,Gasoline
1352,1262,Toyota,Camry,2024,D0W4T5M0Q3T7T4M0N,88192,Gasoline
1353,1189,Chevrolet,Tahoe,2008,S0T3P8A2N0T5U2R7U,62415,Gasoline
1354,1383,Nissan,Rogue,2009,R2V5K9P5D1E9G1Y1O,10069,Gasoline
1355,1741,Honda,Pilot,2016,X8V5K7L7U4N4H8P3J,155725,Gasoline
1356,1979,Honda,Civic,2020,S5R8C7N0K9U7O8A7W,169481,Gasoline
1357,1930,Honda,Civic,2020,B5X3E1J5N7X0F3W3S,32020,Gasoline
1358,1723,Honda,Accord,2013,R7P2D7A6J6K3S9C7M,108060,Electric
1359,2517,Chevrolet,Equinox,2010,R7M7E3Z7T4P5X9I1X,4732,Hybrid
1360,894,Chevrolet,Tahoe,2018,D9Q2P2Y2A0E0K8K4E,132196,Hybrid
1361,1587,BMW,X3,2009,S8V9B2G4H6I7R3Y7L,123898,Hybrid
1362,1248,Tesla,Model Y,2014,W8P3T1H1O8S3J2K7F,178689,Hybrid
1363,1973,BMW,X3,2024,A9F9G4I1R7K0L7P0Z,105306,Gasoline
1364,90,Nissan,Rogue,2018,Y9B5Q0H2A6E4W1M8K,176331,Gasoline
1365,484,Tesla,Model 3,2012,Z2A1V8P0W8N1R1N6J,119883,Gasoline
1366,2868,BMW,X3,2021,Y2C7L9C0P8Q3W4M7P,20881,Gasoline
1367,1668,Chevrolet,Tahoe,2008,P5Y6M8E2M1M1B0S2L,102933,Gasoline
1368,1648,Nissan,Altima,2010,U0P2Z2F0I8Z2F5Y7S,43192,Gasoline
1369,786,BMW,3 Series,2023,Z7C8B4B8M5U6Y1W2Q,152600,Gasoline
1370,2757,Nissan,Sentra,2010,K3H8N9S9K2Q1O4H6U,149043,Hybrid
1371,2302,Honda,Pilot,2011,J3X2N3C1Q2R0B1H4S,40848,Gasoline
1372,1900,Ford,Escape,2015,N3C5V6H2S8O2O5W1G,24207,Gasoline
1373,2502,Toyota,Highlander,2017,M7N4V6B8N4E7G9S9R,69290,Gasoline
1374,124,Tesla,Model Y,2013,R0U7O0Q2N8Y8U3B6Y,54566,Hybrid
1375,357,Tesla,Model S,2015,J8D1E8T6G4T5S1A6K,177334,Hybrid
1376,463,Ford,Explorer,2008,W1B1T9G2U1Q5Y2U0H,74497,Gasoline
1377,1842,Tesla,Model S,2021,V7M1C2A7I7M6W7Z2X,7521,Diesel
1378,2527,Tesla,Model 3,2010,Q2E0L7O6Q9A3V7U7G,89623,Hybrid
1379,1507,Chevrolet,Malibu,2008,E9O1B3U4W0R8C2D2V,68254,Diesel
1380,951,Tesla,Model 3,2016,F8W5Y0T2O7X4Z0K9B,147670,Electric
1381,223,BMW,5 Series,2015,W6U6L0R9Z6G4C6W7Q,38956,Hybrid
1382,1909,BMW,X3,2010,L5J8A9Q1D4H3C3T7H,141737,Gasoline
1383,2597,Chevrolet,Silverado,2020,A4H2K4O7S4N9W3X8T,99303,Diesel
1384,1408,Ford,Escape,2011,G2E6A9M4G6P9V4J6J,169635,Gasoline
1385,1555,Nissan,Altima,2011,M8X4S7I0B7D1N0E8J,171022,Electric
1386,2679,Nissan,Sentra,2012,A4F1G6Q2K7I6P2R2F,134456,Gasoline
1387,190,Toyota,Corolla,2022,E4A3K3B9H2T6S0C8J,30499,Gasoline
1388,2584,Tesla,Model 3,2021,G6K0F0X5H2V4B9K3Q,78709,Gasoline
1389,2102,Toyota,Corolla,2008,U1O5H5X7I3L2N7N9E,165415,Gasoline
1390,1861,Tesla,Model S,2010,K8E0D7T1Z0N1D5K9H,42268,Gasoline
1391,2254,Tesla,Model 3,2021,K9E5X9X4D6Z0P6K4C,46074,Hybrid
1392,2157,Nissan,Rogue,2017,N7Z1X9Z8I4G9M5O1N,86024,Hybrid
1393,604,Toyota,Camry,2022,K0U4P4G6G1W5K5I6X,135855,Gasoline
1394,2628,Tesla,Model Y,2013,H4K6M1C2E7F5B0X5C,170066,Gasoline
1395,1717,Ford,F-150,2010,T7J7B2C1T2P1K2B2R,142015,Gasoline
1396,2946,Tesla,Model S,2011,B2L4A6Z1F7U4V6S9Z,157744,Electric
1397,1935,Chevrolet,Silverado,2013,Y1W4I1D2Q9L2D7F5N,106968,Gasoline
1398,547,Toyota,Camry,2024,E8T6I4D2M3F5O9D1E,4889,Gasoline
1399,2604,Toyota,Highlander,2009,B6G9V3U4W4H5Y3P6T,46435,Diesel
1400,1150,Chevrolet,Malibu,2016,B3B4V2A2C9Q6F4T2X,71101,Gasoline
1401,2582,Nissan,Sentra,2020,F9T5F4A2P8H7R5J8H,171145,Gasoline
1402,2788,Ford,Explorer,2024,Q3C9T1U5U9H5Q9N6V,127522,Electric
1403,1210,Toyota,Corolla,2008,I5Q0Y0S4M5L6T1Z6P,174019,Electric
1404,2694,Honda,CR-V,2013,Z0O0K0D0B4D6E3G6X,98524,Gasoline
1405,640,Tesla,Model 3,2010,E6W9O2E2T2S5U5Y3N,58913,Gasoline
1406,2259,Honda,Civic,2013,T8L5E7H3P7D5J6S8A,70298,Gasoline
1407,2499,Chevrolet,Silverado,2015,Z4A3S2D7J1V9U5G9T,99255,Gasoline
1408,1203,Chevrolet,Silverado,2012,Z4K9I9O5R1L7N7I5Q,64013,Gasoline
1409,1442,Honda,CR-V,2009,J8X5B2G0X8M1R1M9E,93524,Gasoline
1410,2054,Nissan,Rogue,2016,W4D4L1I6U7C2Z9S8J,21251,Hybrid
1411,1141,Nissan,Rogue,2019,A8H0E5P5A2G0X4J1I,178671,Gasoline
1412,2090,Honda,Pilot,2016,X5Y9L4P0X2J1U6N1B,143836,Gasoline
1413,1019,Ford,Focus,2023,D6Z7T4Q1M4C8C3O1Y,136230,Gasoline
1414,624,BMW,5 Series,2021,B4X4U6K7P9A5J9P6P,52295,Diesel
1415,1562,Honda,Pilot,2009,F5V8C3K2Y2W0J7B7Q,106204,Hybrid
1416,1671,Tesla,Model S,2024,H3M8A7A8I5T3T9J8M,74871,Gasoline
1417,2323,Honda,CR-V,2017,G3V5C6U3Z0V9E7C5O,127535,Diesel
1418,553,Nissan,Sentra,2013,L3Q3U2R4L8H2P3R6J,13737,Diesel
1419,680,Honda,Pilot,2013,Y4S7F4H4T8M6V8Q9G,108170,Gasoline
1420,1708,Honda,Civic,2020,M4A4K2B3Q4T2K2Y3D,104873,Gasoline
1421,775,Chevrolet,Tahoe,2013,U6A8P4L4B7B3N1D4S,90874,Gasoline
1422,2409,Tesla,Model S,2012,K1K4V7U9D0F8C1K5T,158625,Hybrid
1423,883,BMW,X3,2015,X3V5Q9Z2O7R9D1L6M,84547,Hybrid
1424,2278,BMW,5 Series,2020,J9U9L2K9F0G1C0S5C,135443,Gasoline
1425,1525,Chevrolet,Tahoe,2013,K7X7F0D3A2T9H5Q1P,114225,Gasoline
1426,2152,Toyota,Corolla,2016,X3M7H3D9O1B2G6H6Q,45763,Gasoline
1427,392,Nissan,Rogue,2015,H4J4W5Z2G3Z7X6Z4B,86318,Gasoline
1428,2456,Tesla,Model S,2014,C0F9S2J3S0T1X3Q2D,22687,Gasoline
1429,121,Honda,Pilot,2008,A5R8H6K5F9M2N4Q4E,1658,Electric
1430,2673,Ford,Explorer,2009,S3C4H9P1P8L8N7D4H,173049,Hybrid
1431,1250,Chevrolet,Malibu,2010,L7G1J8Y3E4J2Q4J1B,171434,Hybrid
1432,2995,Nissan,Altima,2017,U7G6N8Q4T0D9N3M8K,148355,Gasoline
1433,837,Ford,F-150,2008,U2H0I9P0C5G4B2V4K,135919,Hybrid
1434,2604,Chevrolet,Equinox,2012,K6L2C0M3V2L7S3I0H,142992,Gasoline
1435,2750,Toyota,Highlander,2018,Y4F0K7Q2S0A5J1W5I,101096,Gasoline
1436,1216,BMW,X3,2012,W8R3X0A8Y6F8B9J9J,3477,Gasoline
1437,228,BMW,X3,2012,P2L9X3S9U9B8H7S4D,136445,Gasoline
1438,2336,Ford,Escape,2008,B8E0P2T7I2F4R1J9Y,127503,Diesel
1439,2289,Chevrolet,Silverado,2016,U1X1R0G5F7H7Z3M0G,163144,Gasoline
1440,2659,Tesla,Model S,2009,J7B5M1J0L7Z5P6F2O,97498,Gasoline
1441,1941,Honda,Civic,2010,V9B2Q7D0A2O3N7R2R,173221,Gasoline
1442,2522,BMW,3 Series,2022,M8J6Y7A9F6F7E9W2P,107583,Gasoline
1443,1968,Tesla,Model Y,2018,M1I7M1H4R6Z7K4G1P,40591,Hybrid
1444,28,BMW,X3,2017,N7M5Q8B1H1X8D6U3M,81665,Gasoline
1445,494,Ford,Focus,2016,B8Q3D9D1Y8B7Q3P2N,43325,Gasoline
1446,2706,Toyota,Corolla,2023,P9U4Q4S9R9L7E0X7T,162681,Gasoline
1447,213,Chevrolet,Silverado,2008,M8P4W9T6I1I2E5I5S,130576,Gasoline
1448,2033,Honda,Accord,2010,F8U3A9O1Y3Q5G0D8D,92148,Gasoline
1449,185,Chevrolet,Silverado,2013,R9U2D0I6F1E1V0U4A,38933,Hybrid
1450,2420,Nissan,Sentra,2010,P5X5U0B8C4R3T2D3E,52476,Gasoline
1451,166,Honda,Accord,2022,Z1P7L0V8T4I6N0R9B,50275,Gasoline
1452,1127,Honda,CR-V,2017,A7Y5O4S1N1H8O3O2M,118085,Gasoline
1453,2021,Tesla,Model 3,2016,I2B5H1P1E9E0L2A4W,113550,Gasoline
1454,528,BMW,X3,2021,S2F4K8H3H5X6P1G1D,59611,Gasoline
1455,1694,Toyota,Camry,2023,A6A3R7T7C3D0P6I0F,84740,Gasoline
1456,1931,Nissan,Sentra,2010,J2O0E9D5O0D9X7X4M,165617,Gasoline
1457,368,BMW,X3,2019,A8H8L3Y4G5L2G4S5N,127199,Hybrid
1458,2430,BMW,3 Series,2025,J8K9C6Y7Z1V9P1L9U,91493,Gasoline
1459,1048,Ford,Focus,2014,L8T6N5H8K2K7N1A3S,10209,Gasoline
1460,6,Toyota,RAV4,2024,Z5C9D7B7A8E1T4H6L,90759,Gasoline
1461,1315,BMW,3 Series,2011,T9I2C3Q0Z4B6T5N8E,118960,Gasoline
1462,2741,BMW,X3,2020,H1G4A7J9G8I4A3V1R,96377,Gasoline
1463,193,BMW,3 Series,2020,Y0Q7J7P4S8X5I1Y0N,170005,Gasoline
1464,1168,Chevrolet,Silverado,2009,V1C0H1Z4J1E5N2A0Q,3464,Gasoline
1465,1307,Nissan,Altima,2017,E7E4I6F9T6C1U0D5Y,82225,Gasoline
1466,2475,Ford,F-150,2015,Q2D0X5N4A8X3O7S4S,143612,Gasoline
1467,2411,Toyota,Camry,2014,A6M9Q2Y1I5O2S6O0H,100801,Gasoline
1468,2105,Honda,Civic,2015,Q1J6H0I4T8Z0G5Q7Z,97951,Electric
1469,2804,Tesla,Model S,2020,X7X2X9W0I8P9G2B9R,73559,Gasoline
1470,2704,BMW,X3,2008,E8X8Z0Q3Q2P5B4P2F,117105,Gasoline
1471,1318,Toyota,Corolla,2020,S3V4C7L0I9C7P5D1F,41774,Gasoline
1472,1158,Ford,F-150,2020,L0J2L4A7S1W5C2I7M,115143,Hybrid
1473,1404,Honda,Accord,2015,M6Y9L5Y3L6E8C9O2Y,109951,Gasoline
1474,1229,Toyota,Corolla,2022,D3L5W2N8L5T9G0S7P,69613,Electric
1475,1770,Tesla,Model S,2009,N3C4B0P5I2Y9K4P1T,128264,Gasoline
1476,1979,BMW,X3,2025,K6E3W6Z6R2B1W3Y1L,11656,Gasoline
1477,2216,Toyota,Camry,2010,L9K0S9W0F1V4Y8B9O,165441,Electric
1478,377,Ford,Escape,2010,X2Y3L5M6K9W9G1I0I,52848,Hybrid
1479,411,Honda,Pilot,2020,O9U6Z2I7R0A4W6S4J,25730,Gasoline
1480,193,Ford,Explorer,2025,U2Y7I7P7G8U9F2Y8X,90391,Gasoline
1481,2696,Chevrolet,Malibu,2013,F7G9F6L9U9Z1Z7C9P,31775,Gasoline
1482,1210,BMW,5 Series,2009,J3V5Q7L6E5Y9R3G9Y,119728,Hybrid
1483,75,BMW,3 Series,2012,C8Y2C3N9W2Y4P5I7X,82692,Gasoline
1484,1956,Chevrolet,Silverado,2023,B4P0J5K3S9R8R6L5Y,71970,Gasoline
1485,2976,Ford,Explorer,2023,N2K4T9Q3A7T2K6Z1E,15364,Electric
1486,2624,BMW,X3,2012,M7B6I4T7G6O7C2R2S,52060,Gasoline
1487,1600,Nissan,Altima,2017,Q3G3P4O5J3Y7O5L0Q,19748,Hybrid
1488,2362,Tesla,Model Y,2015,W3I3S7P9K3Z7D0U8L,71881,Gasoline
1489,1672,Nissan,Rogue,2020,I1E5O4C2W6V9B5F0A,35173,Electric
1490,2880,Honda,Accord,2018,Z7O5X4D7W4N0L1B4N,151552,Gasoline
1491,56,Toyota,RAV4,2015,D7W7S6A3R0C3P2C7J,36641,Hybrid
1492,532,Toyota,RAV4,2008,P7A6M0G3W4U6O1N1M,98534,Gasoline
1493,886,Tesla,Model Y,2008,E0R7J6L7C2T8Y0P9H,102280,Gasoline
1494,1612,Toyota,RAV4,2009,N9O4Q2Z5U7Q7Z5A1K,62498,Gasoline
1495,35,Chevrolet,Malibu,2021,B7U5W4M0S1I7H2T0G,97746,Gasoline
1496,2651,BMW,X3,2010,O3K3P2A0S3V1K0T0T,166512,Gasoline
1497,2408,Nissan,Altima,2025,Z7G9L2X3K3B9Y3M9A,32136,Gasoline
1498,676,Honda,Civic,2011,K5T2M8M9T1F1B6G2I,15888,Hybrid
1499,1495,Honda,Civic,2012,B2D7G1W5T4Z9K2E7T,35956,Gasoline
1500,2821,Ford,Explorer,2013,F2D0I3G8V4P3A5D4F,52936,Hybrid
1501,2852,Chevrolet,Equinox,2022,D1B4A9X1X8M2U3V8T,157119,Gasoline
1502,1608,Nissan,Altima,2013,U0E6D1Q6O4K8M1J8W,11420,Gasoline
1503,177,BMW,X3,2021,M0D6X6L9Y9X4J7E5S,35377,Electric
1504,1210,Chevrolet,Equinox,2023,Z7I2M6D3G3I2Z4T8C,173930,Gasoline
1505,180,Nissan,Rogue,2012,Z5R3P8R5T3H1C9L3G,84129,Gasoline
1506,2841,Tesla,Model S,2017,L9D2T0T0N8B6Q8L7C,75293,Electric
1507,2284,Honda,Civic,2011,E1Z4Z5P9E1K9X3E2T,4770,Gasoline
1508,2578,Toyota,Highlander,2019,A8E5S1C1T9D7T6U6Y,92352,Gasoline
1509,1631,Ford,Explorer,2018,L3Y6A7T1A5C2M8E3Q,106968,Gasoline
1510,506,Honda,CR-V,2012,Y3X2L0J1N9Y0Z1Z9F,129821,Gasoline
1511,1557,Toyota,RAV4,2021,O9A7E6Q8F4F5J7S4U,3664,Gasoline
1512,1721,Nissan,Rogue,2011,U0Q9U8J0R0M2X6U5N,37079,Gasoline
1513,43,Chevrolet,Silverado,2022,N5L3A8B7A2N1A4Q7Y,78181,Gasoline
1514,1664,BMW,3 Series,2021,R1M2W2P7O9R7X6U5E,4703,Gasoline
1515,2065,Ford,F-150,2019,B2E0C8R0B2Q5V6V1I,96226,Gasoline
1516,278,Ford,Escape,2008,L3Z9D2U3Z4Y1O8S6E,116162,Gasoline
1517,1734,BMW,X3,2010,A1Y4N3T7A4Y8Z3F2Q,130798,Hybrid
1518,1421,Ford,Focus,2009,V1K8Y8W6U6I8R9C2L,138534,Gasoline
1519,735,Toyota,RAV4,2012,F2I2F8E6Q6U9X8F8L,67519,Gasoline
1520,1260,Honda,Accord,2018,T2M3I5E3Z3D9P2I8N,116456,Gasoline
1521,2998,Toyota,Highlander,2016,H4S2G3N9J5R2O8O9X,96278,Gasoline
1522,2391,BMW,5 Series,2022,Z7B3T0P3H2V7W3K3T,14764,Gasoline
1523,2634,Chevrolet,Silverado,2010,C3Y8L8Z9B9P6A5S5Z,138050,Gasoline
1524,1231,Tesla,Model Y,2021,N7X7G7Q3H5A6D4P4K,106567,Gasoline
1525,505,Chevrolet,Equinox,2020,X4A5A4U6X6Y0D9T6T,145656,Gasoline
1526,2570,Ford,Focus,2016,B3E7N3X8F9Q3I5A0O,176281,Gasoline
1527,2813,Chevrolet,Silverado,2019,B5A7B9X6K4T8T3L4F,123368,Gasoline
1528,1942,Honda,Accord,2023,P9H7F6G2T3S9S7Y8C,23752,Gasoline
1529,2309,Honda,Civic,2011,A4B0P1S1Z2Q8K5L0Q,49156,Gasoline
1530,2003,Tesla,Model Y,2021,D8L0Q4V1R3T3V7T8K,63911,Gasoline
1531,872,Nissan,Altima,2023,Q6Z4A9Q2J4U4S9C8U,179442,Gasoline
1532,1062,Tesla,Model Y,2017,W5G9M4H1L4H0C5G7T,10964,Gasoline
1533,984,Tesla,Model 3,2018,Q5Y3W6N0Q3E8U4E6G,43456,Hybrid
1534,2529,Nissan,Rogue,2020,P9A0N9N5M7C5C0P2L,156145,Hybrid
1535,1940,Ford,Escape,2022,U2V9E7K1M2E8A4L0E,62564,Gasoline
1536,2953,BMW,3 Series,2015,N3L1W6L1W4R5D3L8B,140725,Electric
1537,560,BMW,3 Series,2009,S6Q4A1V4Z5I3W7E3P,62968,Hybrid
1538,2822,Toyota,Camry,2016,W4R8U8A8B7F1Z9Z9Z,534,Gasoline
1539,718,Tesla,Model 3,2015,J9E1D9X6Q0R6U1G4C,135835,Gasoline
1540,2027,Honda,Accord,2017,O2R7H4R1V6F4F7Y1O,173473,Gasoline
1541,2491,Tesla,Model S,2012,S3Y3Z9Q9V7J0E3U5N,2883,Hybrid
1542,345,Chevrolet,Equinox,2018,D5M6T9Z9G7E1H5O0C,86550,Electric
1543,1594,BMW,5 Series,2012,A0P3A6G7V2S3R0G0Y,15593,Electric
1544,2329,Chevrolet,Equinox,2021,E9W7L8J7C8D4U8S9L,160237,Gasoline
1545,121,Honda,Accord,2011,J9H6O9N9H8S8B5X7R,1490,Hybrid
1546,875,Chevrolet,Equinox,2015,F5I9N4A0F1H8J9V8D,177036,Gasoline
1547,526,Nissan,Rogue,2012,T2H4K1K7K9R8U4X3A,129674,Gasoline
1548,309,Chevrolet,Malibu,2014,O2R3V4C1I6J8A7W0M,109071,Electric
1549,1632,Tesla,Model S,2009,U7P6L2P6N3H2G7P4L,105831,Electric
1550,1815,BMW,5 Series,2008,G5Y8Y1N0B7H6B9G3H,1404,Gasoline
1551,1551,Ford,F-150,2015,N2E7D5J8K1C9V0C8P,9557,Gasoline
1552,1247,Ford,Escape,2024,T5U6I3L4P0W0Q0O3C,35960,Gasoline
1553,2901,Toyota,Camry,2023,S8E5Z3O3P9L5X6N8Q,78490,Hybrid
1554,76,Honda,Pilot,2016,R1U3A0J2G7D4X6E6Q,177551,Gasoline
1555,2074,Chevrolet,Tahoe,2019,U6V1M9M2T1A0R2A9P,44279,Gasoline
1556,2332,Chevrolet,Malibu,2019,H8E5J7Y0G4S3D0U2K,1134,Electric
1557,164,Chevrolet,Malibu,2008,E0L9X0P0P0Z3W7I7N,64754,Hybrid
1558,1075,Honda,CR-V,2020,P5Y9Q6J2O3B7Q5J5S,108404,Hybrid
1559,1291,Ford,Focus,2016,S5K2O7F3B4D7Z9S1Z,156478,Gasoline
1560,2142,Tesla,Model 3,2011,Q4X4K4I4J0E3E7N1W,57539,Diesel
1561,2353,BMW,X3,2023,K1U6N6V5G7I9T2O7A,142499,Hybrid
1562,1056,Nissan,Sentra,2010,B0Y4Z0W6O9R4C5Y7L,157456,Electric
1563,2414,Tesla,Model Y,2009,S2N6X8W3X1N8F2J2U,163087,Electric
1564,1156,Nissan,Rogue,2008,O5X4X7W3F8P2F4W8A,157056,Hybrid
1565,1708,BMW,3 Series,2012,H2U8L0Y9M4D7P9D3J,114930,Gasoline
1566,2419,Honda,Accord,2015,A3G1H5P7N0F2O9L8N,67939,Electric
1567,643,Toyota,Corolla,2011,S0V4B3M0E4C4P5H7Y,144168,Gasoline
1568,2706,Tesla,Model S,2010,T0H2D5O4A8H2U9P7Q,27849,Gasoline
1569,1031,Ford,Explorer,2015,Q9Q2A2O7Z1L5S9C5I,4768,Gasoline
1570,1790,Toyota,Corolla,2022,T2V7Z1M4F3L1L0H0E,43320,Gasoline
1571,1230,Honda,CR-V,2023,Q4S9O3O1J8I8G5V6S,45752,Hybrid
1572,1629,BMW,3 Series,2018,F1D5S8Y8W2O9D6W1R,121373,Hybrid
1573,2103,BMW,5 Series,2010,P6S4B5Y1U2T5A8H1E,131883,Gasoline
1574,2154,Honda,Accord,2022,C6G2L2T4O5M6L8L7G,169048,Gasoline
1575,2693,Chevrolet,Silverado,2018,G8Q7G0A3K7G5H0Z7C,143802,Diesel
1576,2139,Ford,F-150,2020,X7U8U9A2X0G0U1H0P,13469,Gasoline
1577,2358,Toyota,Corolla,2016,H9C2S9I4E4A6M4D3W,168910,Gasoline
1578,1111,Ford,Focus,2025,E1A9H9E6C6D4F5G5G,103107,Gasoline
1579,1755,BMW,5 Series,2024,Z6Y6M5D8Z9E1W2H3X,116845,Gasoline
1580,2779,Tesla,Model Y,2014,R5S6Q1T1A9R3W3Z4W,142471,Gasoline
1581,825,Toyota,Highlander,2012,O0D8N1H5X6N4S3D9Y,104039,Hybrid
1582,1709,Toyota,Camry,2012,J3A9F0T7W5L6F1C1R,22434,Gasoline
1583,1715,Honda,Civic,2011,Q5U9L5B7Y6R9Y6U2G,85081,Gasoline
1584,1665,Ford,Focus,2024,W0T5G3C0B6H4N9B0J,73319,Gasoline
1585,1321,BMW,X3,2020,H7A6C4V6L1D1B3E2O,86425,Hybrid
1586,410,Ford,Focus,2019,A5L8Z0X2Y1F8M8F3M,45627,Gasoline
1587,29,Chevrolet,Equinox,2008,S3D1C1H0Q3R1C0B0S,14210,Gasoline
1588,1700,Chevrolet,Equinox,2024,L3I8F6Q9U0F6C0U1L,139686,Electric
1589,293,Ford,F-150,2019,D9G0B8L7L8X0E1I5Q,109217,Gasoline
1590,631,Ford,Explorer,2011,O0M5Q8F0K8S0E1D5Y,46407,Electric
1591,282,Nissan,Rogue,2016,H7F4Q5G1I7P7P6P3H,134794,Gasoline
1592,589,Chevrolet,Equinox,2008,G4J2A8K5M5R1M5U3J,53378,Gasoline
1593,2100,Chevrolet,Tahoe,2008,U0F3D8F3O6D4T2T5Y,61679,Electric
1594,2991,Nissan,Rogue,2009,J0T1J0E0Y9P9Q5P8C,17152,Gasoline
1595,187,Honda,Pilot,2014,H8A0C0U4K7D2D4M5D,163608,Gasoline
1596,2100,Ford,Escape,2014,X0J7Z9S7C8T4G2C5T,169055,Gasoline
1597,2996,Honda,Civic,2018,M5Q8I9Y7Y4E1C9M6M,13216,Gasoline
1598,125,BMW,X3,2015,E5U3E9T8C1X9Z3X7L,160070,Hybrid
1599,1103,Ford,F-150,2014,Q6F5L9R4S2B3Y2B3S,175605,Gasoline
1600,2488,Tesla,Model Y,2010,D7B5P2K2F1P8Z5F0Z,125183,Gasoline
1601,553,Nissan,Sentra,2023,D1A2S9F1T7O9B9X9C,71996,Gasoline
1602,860,Honda,CR-V,2011,M8M7K1I6S1I0K2R0I,95547,Gasoline
1603,1302,Ford,F-150,2017,E1C5W3B1S7Y4B7X0I,11572,Gasoline
1604,1226,Ford,Focus,2023,S0D2E1E2J9K9M0C7U,134046,Diesel
1605,2623,Toyota,RAV4,2023,P5I8S2E3F2V3C8Y5Y,168051,Diesel
1606,1380,Tesla,Model Y,2008,C2I3R0E9O7V8Y1E1L,153717,Hybrid
1607,575,Nissan,Sentra,2009,N3V9M8I3V3E5I0B4J,172954,Diesel
1608,1108,Toyota,Corolla,2016,Q8T9J2V3D4H1Y1E1A,39071,Hybrid
1609,369,Nissan,Altima,2015,D1F0B3T3J8P9S2X8S,93239,Electric
1610,2133,Tesla,Model 3,2018,Q9N3C1K6W9F7T4G6U,73996,Gasoline
1611,784,Nissan,Altima,2022,X0C6L7T6W5A3V3D6R,82335,Gasoline
1612,2724,Honda,Civic,2022,L1V6P2E6F1W4W8D1N,121043,Gasoline
1613,1486,Tesla,Model Y,2022,C7V4I4U5X5R0B0V9D,160319,Gasoline
1614,2104,Toyota,RAV4,2010,W5J5J4F9Q6X0P1O5M,112005,Hybrid
1615,826,BMW,X3,2013,M4S8O8Y4X7U5J5N5J,1468,Gasoline
1616,2484,Nissan,Sentra,2012,D1A5W2U7W2I7W7C3O,84386,Hybrid
1617,1133,Tesla,Model Y,2024,N7X2W0O0C0X0W2G3S,28292,Gasoline
1618,690,Honda,Accord,2015,V8G3R3S7U9W0S8F4B,113054,Gasoline
1619,1544,BMW,5 Series,2025,Y6M5R1X1V1X7Q1R1I,163739,Hybrid
1620,1969,Honda,Pilot,2021,C2L2F0V8Y7B7H5R4J,77186,Electric
1621,789,Honda,Civic,2022,A9D7C3F5L2W0D0F0W,1152,Gasoline
1622,1522,Honda,Accord,2010,T4W5S2F0T5Y6H1Q8F,24688,Diesel
1623,2216,Tesla,Model 3,2022,D9P8V7D1T0J4D2V8O,131743,Gasoline
1624,1482,Nissan,Altima,2020,Q9L1P1B8J2Q7Q6R9D,89599,Gasoline
1625,626,Chevrolet,Silverado,2021,J2M5B3X6E1X4S7P6O,62252,Gasoline
1626,2678,BMW,3 Series,2015,Y4Q5P2P9P2P7M8U6N,124692,Gasoline
1627,621,Tesla,Model S,2008,T7M8L4O5A3G7N4T8U,45395,Gasoline
1628,148,BMW,X3,2009,X0Z7U2S1B0V2D6B9I,112805,Gasoline
1629,2749,Ford,Focus,2009,F6T7E4Z8W8U0G2Y2Q,145253,Gasoline
1630,2881,Chevrolet,Tahoe,2018,F7Y7N5H3O9G3O9S3J,68523,Gasoline
1631,2034,Nissan,Rogue,2021,Y0Q0C0O5D6D1J6G1K,82802,Gasoline
1632,2231,Tesla,Model S,2010,N2I3H2X9U6B2Y3W4C,142264,Gasoline
1633,1896,Toyota,Highlander,2014,Z0L4U8A6A9Y3N5Q7F,135291,Gasoline
1634,2024,Tesla,Model 3,2018,H6Z9W6L6N2F6C0G9F,158449,Gasoline
1635,2089,Tesla,Model Y,2019,M8B7V2Z2F4Q9P7U9S,160021,Hybrid
1636,1659,BMW,5 Series,2013,E8V5K4E5U1W2N9O7R,144660,Gasoline
1637,842,Ford,Focus,2021,V1G4Y0W3O7Z2P2R9Z,138158,Gasoline
1638,1633,Honda,Civic,2023,F2X8S1P3B6F8E3L3Z,21281,Gasoline
1639,739,Tesla,Model Y,2011,V3U1S1R3T7T4N9K5X,30519,Electric
1640,2589,Nissan,Sentra,2008,W6X1Y6D1O5H0W3A1Y,87987,Hybrid
1641,634,Tesla,Model S,2011,T9F2Q1A7F8Y9Z0B7J,149154,Gasoline
1642,2686,Tesla,Model S,2020,R0I2X6J9A2X6A6L9H,26266,Gasoline
1643,29,Honda,Civic,2023,E2B0Y4K7J1C3B2W4Z,105826,Gasoline
1644,486,Nissan,Sentra,2009,T6Q1V2T0C4K7N1E7K,12840,Gasoline
1645,602,Honda,Accord,2023,O8J2H1U8X0J1I9Z4T,155028,Gasoline
1646,1126,Chevrolet,Malibu,2015,Y9V7T7R6H3D8Z0N1I,134555,Hybrid
1647,2489,Nissan,Rogue,2017,E9U1O1U9C0X8H7E8T,119545,Electric
1648,1724,Honda,CR-V,2009,M1J8W5T9Z5D9H7R8I,129168,Gasoline
1649,2125,Tesla,Model S,2021,E4I4E5J6E6F7D3A9F,59557,Diesel
1650,2829,Honda,CR-V,2019,Y7C1Y2G5R8W0Z1X0X,117440,Gasoline
1651,416,Chevrolet,Tahoe,2015,M7I6E7Y2G1Z0J1Q1G,45276,Electric
1652,1323,BMW,3 Series,2011,F0F5N4H3Q1B5P0C6A,86816,Gasoline
1653,2770,Toyota,RAV4,2022,Z2S2T0Q1P4R5J3R6M,9081,Gasoline
1654,1960,BMW,3 Series,2024,T0W2B0W9Q2F6Y4I4U,162470,Gasoline
1655,1122,BMW,3 Series,2024,D5B9V1M4C9Q8V7M3Y,73941,Gasoline
1656,2202,Ford,Explorer,2024,C0K4Y2P6G4U7Y0R5W,55350,Gasoline
1657,1264,Toyota,RAV4,2010,C6T4Q5F5Z6D2P5L4H,127219,Diesel
1658,625,BMW,X3,2011,C2Q5H6B1W0R3C6A9L,59959,Diesel
1659,813,Nissan,Rogue,2009,S2K9Y7D5F0N2F9V1N,105513,Gasoline
1660,2572,Chevrolet,Silverado,2018,Z2H1H8Y1H3C1S5C1A,103665,Hybrid
1661,154,Nissan,Sentra,2010,W0N1R2W7V7E6F0O2R,153272,Gasoline
1662,2203,Nissan,Rogue,2022,V7O7W1O3C1V3J1P4V,14508,Electric
1663,2571,Honda,Accord,2017,D7Y5C0B3D1M5J1F0L,70494,Gasoline
1664,1688,Tesla,Model Y,2016,Z3X0O9R5L1Z2L4N7L,124501,Gasoline
1665,1734,Ford,F-150,2015,G3B7D6R9L8K9A5J6H,112507,Diesel
1666,1770,Nissan,Altima,2010,I4Q4O3R5G9R2Z9F6Q,57628,Electric
1667,896,Tesla,Model Y,2023,N6O1G1J4U3M3W9S3J,131207,Gasoline
1668,2386,Honda,Civic,2019,Y9A4E0Y9G0P5I9T6G,131105,Gasoline
1669,2714,BMW,3 Series,2012,X1W3I6V9A7T9M3I8V,115628,Gasoline
1670,854,Tesla,Model Y,2025,B5W4T4W2F1C3Y1V7J,10394,Gasoline
1671,2291,Nissan,Altima,2018,A1M0R0O0G1E0W2F5W,97044,Electric
1672,929,BMW,5 Series,2013,N1D4Y6L8T3E8D8P1Q,59912,Gasoline
1673,283,Toyota,Highlander,2019,I6B5O1G7E7F9Q2Y4F,144676,Gasoline
1674,1014,BMW,5 Series,2025,P5O2W0Z3C1V9Z3H4D,153350,Gasoline
1675,850,Chevrolet,Silverado,2022,K9I4R4O0L5C9T1I4X,79114,Gasoline
1676,1593,Chevrolet,Tahoe,2016,Z2M0Q6A9G0J6Z8P6I,46817,Hybrid
1677,1161,Ford,Explorer,2025,Z5R4D2K8Z1R1K8S8D,170972,Gasoline
1678,2498,BMW,5 Series,2016,N5P6B3S3A7X1L4U4T,30621,Gasoline
1679,54,Chevrolet,Silverado,2018,C8Y9C6I3B3R4D8M1D,42852,Electric
1680,2313,Toyota,Camry,2020,K1Z4N2B2G7G2Y4P4Z,145154,Gasoline
1681,934,Nissan,Rogue,2011,U5C7X3E9B5U4U0X9G,79104,Electric
1682,2864,BMW,5 Series,2020,Z9J0P7U0B0T2Z4W2M,15854,Hybrid
1683,1843,Ford,Escape,2023,K5G3L2M3J3Q1C9Y1U,75945,Gasoline
1684,1660,Honda,Accord,2025,Y8P5A3Z3J3W8N0L3L,76158,Hybrid
1685,621,Honda,Accord,2008,B2R2O4Q5I8G6S0O4V,111846,Diesel
1686,2356,BMW,5 Series,2008,V9Z5J9A8B9A5U6D7W,169795,Gasoline
1687,2285,BMW,3 Series,2011,B6F2S7J9L6I1W1U2F,49942,Gasoline
1688,2457,Chevrolet,Tahoe,2011,O7I6U7V7P0V7I4T0U,99473,Diesel
1689,7,Chevrolet,Tahoe,2010,F1I7A7G0G5T9O1U3H,37082,Diesel
1690,1139,BMW,5 Series,2015,Q2K6J5M9W6T1I6C3P,46085,Hybrid
1691,548,Toyota,Corolla,2012,U9E1Z4O4O7I8J5O3R,178770,Hybrid
1692,163,Honda,CR-V,2025,K1B8J4P8X2F0V1T8A,19471,Electric
1693,2269,Honda,Pilot,2021,V8O2H4R4R6J6X8F3E,58357,Electric
1694,385,Chevrolet,Equinox,2008,A3J4F2R1R3V2N9P9G,124848,Electric
1695,614,Tesla,Model 3,2018,R3M9Y6I0T6R5T1V8L,167135,Gasoline
1696,1124,Nissan,Rogue,2011,O6E3F6F3I7A5S6O2N,77508,Gasoline
1697,1436,Honda,Accord,2015,V7H9N5Y2C2B8I7I3X,16927,Gasoline
1698,1779,Nissan,Rogue,2019,F2N3W6G4I4T6H0Q1W,81022,Gasoline
1699,451,Nissan,Rogue,2009,I3P6G7J6H7E0F8B6U,144570,Gasoline
1700,894,Chevrolet,Malibu,2020,L3W9B3G3H1H2R1X6F,17928,Gasoline
1701,2509,Nissan,Rogue,2020,A5Z0Q0E6P8P6Y2F7P,166622,Gasoline
1702,1991,Tesla,Model 3,2013,O0Z5G3V1J9R4P0P9S,115495,Gasoline
1703,2490,Ford,F-150,2017,R3B0C9E2N5C6M6H6B,12291,Gasoline
1704,11,Nissan,Sentra,2018,F8I9M9C6D1B8Z4W8Y,47397,Hybrid
1705,2985,Ford,Explorer,2010,G2V4Z3A8N3G9S8W8N,55100,Electric
1706,2799,Nissan,Rogue,2017,D1M7W5V3X0N5B7B7E,67561,Electric
1707,740,Chevrolet,Tahoe,2012,F6F6E6G4C9G2K7Q5Y,140339,Electric
1708,1921,Honda,Civic,2017,A3W6U7M8Z2C0C6D1J,63729,Diesel
1709,1131,Toyota,RAV4,2019,N4E5X3P7K6C0E7N7C,99582,Hybrid
1710,2813,BMW,3 Series,2019,H7C0Z6W4V4D9Y1A3H,126906,Gasoline
1711,1465,Nissan,Altima,2012,U8H2N1G9J8V3Q9V6N,24825,Gasoline
1712,2155,BMW,X3,2022,U6W1V1K8X2U1O0Q5X,136043,Gasoline
1713,261,Nissan,Rogue,2014,Q0S0O5G4Z0F2Y5P2Z,35630,Electric
1714,2389,Toyota,RAV4,2008,P7N8V4R5Q4H9S3R9W,84970,Gasoline
1715,1741,Chevrolet,Tahoe,2021,I8K7G9N8Z5F2E6P7S,25340,Gasoline
1716,212,Toyota,RAV4,2024,Y7J8C2K9M8M4J2V7K,16169,Gasoline
1717,997,BMW,X3,2023,D8F8M5D1U3T9B3S0M,22985,Gasoline
1718,378,Tesla,Model 3,2018,B6F1C9Q0O5G8G1S1M,17519,Gasoline
1719,1690,Chevrolet,Tahoe,2025,E9W0E8D8D3U7D5G9Y,45282,Gasoline
1720,2247,Nissan,Altima,2023,D7K2U4J8Z6Q5O0B7O,20846,Gasoline
1721,2585,Toyota,Camry,2020,U9J5O1U5Q3F5E3P3E,137995,Gasoline
1722,1861,Ford,Escape,2018,Y8X7D7A3C8H2N4D8I,14361,Gasoline
1723,585,Tesla,Model S,2008,D5D0Y7H7X3S4B9V0O,112648,Hybrid
1724,2956,BMW,3 Series,2015,V7A3X1U3O3P2V2T8F,19401,Gasoline
1725,51,Ford,Escape,2014,P0G8W2L1Z7E7F6E2B,106470,Gasoline
1726,758,Honda,Accord,2009,A1I4R6U2B8E1C1K1O,132149,Gasoline
1727,2766,Ford,Explorer,2008,T1V5A6W5G0D8C7X0C,86074,Electric
1728,392,Honda,Accord,2017,D9M4O6Y8W2G7L7S6E,25623,Gasoline
1729,1675,Honda,Civic,2020,N4B4X6L2Y5A5N6T3Z,126433,Gasoline
1730,1310,Ford,F-150,2016,T3Q8Q8X6R2D1B1S1W,154856,Gasoline
1731,1739,Toyota,Camry,2020,W2L2A2P5M2J3J4I8X,65996,Gasoline
1732,528,BMW,X3,2012,T0J0K7U8K1H6I1L1P,36068,Electric
1733,1309,Ford,F-150,2009,O6J5Y5J8I2O6N6M2I,61345,Electric
1734,2724,Tesla,Model 3,2013,M1Q4H3T1G6Z4L9V1J,46663,Gasoline
1735,392,Chevrolet,Malibu,2008,E5P2N8N0R8V5G7X4K,174368,Hybrid
1736,467,Nissan,Altima,2010,R2Q9N4H6Y3H6N7A7P,54956,Gasoline
1737,2359,Ford,Escape,2015,K2U0Q9G0O1A1L9U1P,26984,Gasoline
1738,744,BMW,3 Series,2019,M4X4N8H5P5K9M6B6X,136034,Gasoline
1739,997,Toyota,Corolla,2013,R2E5C6W1F4U2L9H3D,157184,Gasoline
1740,1366,Nissan,Rogue,2017,A4U7U8T9Z4P1Z0A9D,33593,Gasoline
1741,1221,Honda,Pilot,2017,D6C7Y5I9B9V8R8Q2T,160253,Gasoline
1742,1081,Nissan,Altima,2013,T1F8D1L5T8C2H6N9Q,153500,Gasoline
1743,713,Chevrolet,Malibu,2016,K9O9Y3G9Y6D8K3F3O,14789,Hybrid
1744,1792,Tesla,Model Y,2015,F3E7G3U8O9E9S3U0Q,119465,Gasoline
1745,2712,Chevrolet,Malibu,2016,U8F5C2P0E2A7D9B0I,150668,Gasoline
1746,2548,BMW,5 Series,2013,W8C7U7N1U9U8W5B8F,124205,Electric
1747,1371,Ford,Focus,2010,D9R6Y9S9X7P9Q3W6B,47047,Diesel
1748,2305,Chevrolet,Equinox,2018,X0N5X6N7R6Z4F7X7Z,17889,Gasoline
1749,1515,Nissan,Rogue,2013,O7T5F2F8Z7V8P7E4R,65062,Electric
1750,1706,Tesla,Model 3,2021,W2M4F6E3I5D3A1G4O,79181,Gasoline
1751,1021,Chevrolet,Equinox,2015,L0L6I6F8O4R4W8L1Z,106490,Electric
1752,1182,BMW,5 Series,2013,D8U9G5J2N0F7U8U1D,116244,Hybrid
1753,2948,Ford,Focus,2021,U3J7X2S9K0A7U0V5R,83804,Hybrid
1754,2378,Ford,Escape,2025,T0N2R3S7I8O6G3P0Q,107381,Gasoline
1755,1389,BMW,X3,2025,A0D7S1V5A2K4Q1Z0I,65994,Gasoline
1756,2427,Honda,Pilot,2023,Q5D2L7E7W6Q2O0Y0R,40014,Gasoline
1757,642,Ford,Focus,2010,I7W5Y6N1N8H3F8L4H,168522,Gasoline
1758,805,BMW,X3,2021,U5H2F0P4B7X4R7K0T,164417,Gasoline
1759,871,Honda,CR-V,2016,L2N6H4L1N4A1T2J4X,173344,Gasoline
1760,1758,Tesla,Model Y,2024,J7Y8E9R4O2X0V7X6X,65079,Hybrid
1761,1611,Toyota,Highlander,2011,M2E4K2Z5U8X0K5Q5N,141638,Gasoline
1762,2523,Tesla,Model Y,2015,M2G5N8W2G7Y3I4I0A,159993,Hybrid
1763,1701,Nissan,Sentra,2010,V5K4Y6R5L4U2T2C6E,25713,Gasoline
1764,1613,Honda,Civic,2011,M7S3D7M6T3F7Z9P7B,135574,Hybrid
1765,120,BMW,5 Series,2010,I7I5P4P3R4C5K3Z9F,64684,Gasoline
1766,536,Nissan,Altima,2023,A1X4L6D3I7L0I7Q3Y,99994,Gasoline
1767,391,BMW,3 Series,2008,R1Z7Y3G7N1O2L3D8V,72293,Gasoline
1768,2915,Chevrolet,Tahoe,2025,D6K6E4X2Z7D7F4G2D,5506,Gasoline
1769,2351,Honda,Pilot,2016,G5O4Z8M2T3K6F3E0Z,55027,Gasoline
1770,805,Toyota,RAV4,2020,B0G6J8M2G4J6Z3V4H,155729,Hybrid
1771,754,Nissan,Rogue,2020,Q1P2D5L7U7W9V1K1C,85255,Gasoline
1772,1592,Nissan,Altima,2013,L9T8R5S9M4H1O8O1R,78235,Gasoline
1773,2449,Chevrolet,Malibu,2014,D4Z4H6V8J1V6M2P6H,29043,Gasoline
1774,47,BMW,X3,2017,C1E7U1Z4N8G7G2Z9T,56921,Gasoline
1775,2724,Tesla,Model Y,2024,G9Q9D3H6L7Y5C6G9R,21451,Diesel
1776,2878,Toyota,Corolla,2021,Q9K5Y5D6O3D1P3Y5J,100971,Hybrid
1777,2542,Tesla,Model Y,2010,Q7G6M4L7J7G3N1C1V,107978,Gasoline
1778,2794,BMW,3 Series,2021,H1U8S6D2S4A3Y1M3J,144863,Gasoline
1779,135,Ford,Escape,2011,T8F3D9P4M4Y2D3Y8D,27993,Diesel
1780,2340,Toyota,Corolla,2019,Z1S0J7N3J7K9X9H6A,7719,Gasoline
1781,2326,Nissan,Sentra,2015,I2U9Z3L9R9J0N5U9N,158214,Gasoline
1782,798,Tesla,Model 3,2010,U4E1S2R8R4S7Y2P0B,59855,Gasoline
1783,2728,Ford,Escape,2023,K5V2P6L7D8R8E9F5I,110407,Electric
1784,2186,BMW,3 Series,2016,P9Y0T4W3F9G4T7E9X,26816,Gasoline
1785,2832,Nissan,Sentra,2025,P8E0I1G4N8C1G3X7F,70047,Gasoline
1786,2022,Toyota,Camry,2021,Q8H1X6H7X3B4R3U5K,157916,Gasoline
1787,374,Toyota,RAV4,2025,Y1B9Z2H2Y2Q6X8L8O,27692,Gasoline
1788,195,Ford,F-150,2008,G2K3U3U5J8M6B6Y6F,82171,Hybrid
1789,2170,Honda,Civic,2012,U6S7V7W2N6Z8Z2V9F,147778,Electric
1790,1656,Chevrolet,Tahoe,2011,H2V9V9R5W4R2X8B0M,143182,Diesel
1791,1010,BMW,3 Series,2009,E6O3K6K0O4V1O4S4B,77040,Gasoline
1792,2056,Nissan,Altima,2016,U6J2L8B8A5R8P5F3S,86778,Gasoline
1793,859,Ford,Escape,2009,I5N6N8U6Y1C5B3I4R,84189,Gasoline
1794,2317,Chevrolet,Silverado,2023,I4Y1V7F9C0T7D3B4E,176477,Gasoline
1795,842,Nissan,Sentra,2011,B1W7Y7O7X6Y9U5U6A,142987,Gasoline
1796,406,Toyota,RAV4,2023,U5U3E6Z5G9V0M4C9H,23151,Hybrid
1797,2890,Toyota,Corolla,2012,E9U2Y9O9J6R1L3D1W,26127,Gasoline
1798,1243,Ford,F-150,2012,F0J2L0F8Z5W8M2O7A,122116,Hybrid
1799,2276,Toyota,Corolla,2024,H4V1I3V8F8A7S0L3T,172257,Gasoline
1800,2186,Toyota,Camry,2012,L9Z0S0E5Z6D2R5B6A,120922,Electric
1801,1985,Ford,Explorer,2012,O7P3J2M2X7Y1K5Q4J,20182,Hybrid
1802,1952,Tesla,Model 3,2021,X9A1C1K5U5G1C9P2W,134213,Gasoline
1803,769,Chevrolet,Equinox,2021,M3M1U0A0C9M5B5J0Q,159148,Gasoline
1804,2610,Tesla,Model 3,2009,Q1R5D1L6Q6F4S0S6N,131392,Gasoline
1805,2366,Toyota,Highlander,2011,P9D0L6C2O4D4S0R4F,75543,Gasoline
1806,1427,BMW,3 Series,2011,H9H3Z8Q0G0S8M9P0Z,74938,Electric
1807,1375,Toyota,Corolla,2010,M0R2A8E0K2Y4Y0U1D,57593,Gasoline
1808,1592,Chevrolet,Tahoe,2013,L2W5S2E7M6R9V7B2Q,17914,Gasoline
1809,685,Ford,Explorer,2018,U2W3G3F5U5X1M9Z7V,85218,Gasoline
1810,308,BMW,5 Series,2017,I0K4D4I9R7K9S8Y5P,1028,Gasoline
1811,2952,Ford,Explorer,2023,V1U2I5I8Z1Y6D0L5D,17540,Electric
1812,2154,Chevrolet,Equinox,2024,U9X2C0L9K7I8A2K4B,94580,Gasoline
1813,2336,Tesla,Model Y,2024,O3A7X7T9M3H5L4R8H,157231,Gasoline
1814,435,Toyota,Camry,2019,V9J5Y7B8V3G1I6U9I,155387,Diesel
1815,1773,BMW,X3,2018,J2H0O4W3I3A6B2R2D,118836,Gasoline
1816,1498,BMW,5 Series,2014,F3Y2L1Z4M3Q5J5Y5U,95936,Hybrid
1817,1837,Ford,Escape,2013,X7J1H8T0Y9C8K4V6A,167787,Hybrid
1818,1656,Chevrolet,Malibu,2020,X6G2Y9P6U5T5R8V1U,35435,Hybrid
1819,107,Ford,Focus,2019,O2X4X9Z9T1D4A4T3P,68392,Gasoline
1820,2718,Toyota,Highlander,2008,A4P5A9W2A3F3Q3C6Z,11728,Gasoline
1821,456,Nissan,Sentra,2016,I6I9V7K8N1F6X8V6Y,58822,Gasoline
1822,2656,Nissan,Rogue,2024,X8G1L2I8Q3Y1T8M4D,110857,Electric
1823,1824,Ford,F-150,2024,Z7S1J4E2G1Q7D1J8B,27397,Electric
1824,2218,Toyota,Highlander,2021,Q0A6S8J2H5M7B5F3H,157656,Gasoline
1825,556,Ford,F-150,2023,N9D6I3V7F6Q0R2N4C,141087,Gasoline
1826,788,Chevrolet,Tahoe,2013,L0T8J7D2H5S7J5H5K,131965,Hybrid
1827,574,Toyota,RAV4,2013,I5C3J4X9X9K7Q2N9W,60627,Gasoline
1828,2278,Honda,Accord,2013,U5A0K9U7D5F3O2V4P,41138,Gasoline
1829,1339,Tesla,Model Y,2023,M1Q5F9O8I6G6G6G7S,41275,Gasoline
1830,6,Ford,Explorer,2009,S0B2E3R4U2F4J4P2J,72044,Gasoline
1831,1853,BMW,X3,2016,P0R4Y5P9E8I1V8E1J,159186,Hybrid
1832,2886,Honda,CR-V,2011,C5A7W9O4R2I0F1Z6D,30767,Electric
1833,796,Ford,F-150,2018,C7P7A8M9S4E5S1I0T,84041,Diesel
1834,2635,Chevrolet,Malibu,2013,N9O5S6K1B9N6G7R7O,139596,Gasoline
1835,1185,Nissan,Altima,2021,C7Q0E2H2B6N7V8B2P,31343,Gasoline
1836,2280,BMW,5 Series,2023,J8W5B0A7I7K4N2B1S,11230,Gasoline
1837,523,Chevrolet,Malibu,2008,W9Y2G6Z4I0Z6J1J4U,142175,Gasoline
1838,420,Toyota,Camry,2017,O5B7L6X9Q6S0X4A9J,163569,Gasoline
1839,994,Nissan,Sentra,2018,L5R2B3V1G9E5R3C1H,79479,Gasoline
1840,392,Ford,Escape,2024,V0H5B3Z0U4J3A0C0R,172410,Gasoline
1841,1179,Chevrolet,Tahoe,2022,R1F6C6K7T2G0W1A7N,165338,Gasoline
1842,2628,Toyota,Corolla,2010,O2X5L8M0H1B9I4C1E,134177,Hybrid
1843,1580,Tesla,Model 3,2008,G6R5W4S6V3Q0H4L4B,58699,Hybrid
1844,1904,Chevrolet,Silverado,2015,S5J5X7Y8R0W0T3B3M,146857,Gasoline
1845,909,Toyota,Corolla,2011,W2O4Q6N2D8U8G6W2Z,173686,Gasoline
1846,982,BMW,5 Series,2016,B8K7R0G1R1C8J9Q9P,106012,Gasoline
1847,2264,Toyota,RAV4,2018,O3K2X9Z8Q1G8H7Z4C,85215,Diesel
1848,2859,Chevrolet,Equinox,2017,C9E7M3D1N0N1M1N4U,5967,Gasoline
1849,1717,Ford,Escape,2008,L7W4I1N1Y3M2I8B4Z,158505,Diesel
1850,2825,Tesla,Model S,2009,E1V3Z4U0V4B8G5R4Y,78628,Gasoline
1851,1546,Honda,Pilot,2008,R9K6V9C1D5Y9K1W4R,17979,Hybrid
1852,1883,Chevrolet,Equinox,2021,G8Y3L1V9D9T6X4S3X,63569,Gasoline
1853,1819,Nissan,Rogue,2019,E1Z8J4A6C7H4M4A9H,11832,Gasoline
1854,1698,Ford,Escape,2022,V3O2G0N6Y6X5P9U5X,24940,Electric
1855,2408,Chevrolet,Silverado,2017,Y9T6A9F3I6G1Z0E0V,145160,Gasoline
1856,2098,Ford,Escape,2008,I3G0L4D4M3P9S6T4J,73992,Gasoline
1857,2623,BMW,5 Series,2013,R4P4A2I8U8A2A7O6Z,161160,Electric
1858,1884,Ford,Explorer,2017,C6K9V4S3Q3A1N3Y2T,131282,Electric
1859,2178,Honda,CR-V,2008,W2F6L4G4F8U3Z8Q3R,74420,Hybrid
1860,714,Honda,Accord,2016,S4Y8T2K3N8V2P4N3N,56229,Gasoline
1861,328,Toyota,Camry,2016,Y8E8P7S0H1C4R0F7S,119610,Hybrid
1862,1401,Ford,F-150,2018,C6L0Z0A7Q1R9S4Q6L,65144,Electric
1863,2190,Chevrolet,Silverado,2018,W4P4G3A2D5G6R9T4S,89114,Gasoline
1864,714,Ford,F-150,2020,H8W1I9W3N7T9T6N5C,131306,Gasoline
1865,1137,Chevrolet,Silverado,2013,Y2L2C8O5O4S0M6O7R,43633,Gasoline
1866,908,Toyota,Corolla,2014,R0F3H0C2R0T8S0S5M,172770,Gasoline
1867,1470,Nissan,Rogue,2017,O0T6O1Y8Q8Q0J4V7U,48022,Electric
1868,2622,Nissan,Altima,2018,K3A7Z8X2C2W1K7Q1O,141486,Electric
1869,189,Honda,Pilot,2015,Z6Q7L3S4Y9E0A9D0I,73778,Gasoline
1870,1607,Nissan,Altima,2021,P9M7O6P7S9E7I6K8L,48687,Electric
1871,1813,BMW,X3,2010,U9T6G5X9W8Q7I1F1N,41900,Gasoline
1872,537,Ford,Escape,2012,E4W6P5X2T8G6D5I1A,7431,Gasoline
1873,725,Chevrolet,Tahoe,2025,K0B7H1Z3Y1I3A0I9I,31753,Gasoline
1874,1567,Honda,Accord,2020,T0W5O5X9W9F6J9R7D,158867,Gasoline
1875,907,Nissan,Altima,2020,H5P1U6Z1W4X0X5V5P,33583,Hybrid
1876,497,Nissan,Altima,2014,B7I7U2M3L2Q6P4B1J,60957,Gasoline
1877,2178,Tesla,Model 3,2017,V6O0S8T9B5E3D8G7B,94424,Gasoline
1878,391,Honda,Civic,2021,U1B5X0J7R2P5D8D9N,176509,Gasoline
1879,867,Toyota,Corolla,2015,W1H8E4Y5Q1W4H3Q0X,98455,Gasoline
1880,2473,Chevrolet,Tahoe,2010,L5Y0N4D2Z4O6B1U7U,16698,Gasoline
1881,2903,BMW,3 Series,2013,K8A4U3H2M7P2A6V7S,153006,Gasoline
1882,599,Chevrolet,Silverado,2020,Z9S1X5Q9P6C3V0U8K,48788,Electric
1883,263,Chevrolet,Equinox,2023,S5T4P8M3Z0Z3F0H5D,135274,Hybrid
1884,2979,Ford,Explorer,2008,Z1U8C4S8T1Z2L4P3C,118332,Gasoline
1885,2,Tesla,Model 3,2015,Q1W2K9S8O7R9N8N7N,75382,Hybrid
1886,960,Ford,Escape,2012,F1E4M9Y4H6P8L0O1N,22217,Diesel
1887,1907,BMW,X3,2022,W8I8V4U8X6J6U3F8O,140609,Hybrid
1888,1187,Ford,Explorer,2020,B0W5I6E6K6T2K4B2R,116129,Hybrid
1889,53,Nissan,Altima,2022,I2I2Y4X2V5I0C1Z3T,31503,Gasoline
1890,2776,Nissan,Rogue,2014,C7J9X5T0T3D0J5U1L,161529,Hybrid
1891,2044,Toyota,Camry,2022,O2R3N2E0X4I1T4N5A,112673,Diesel
1892,240,BMW,5 Series,2018,A9I0S6C9S6M8I3K1Z,90835,Gasoline
1893,513,Chevrolet,Tahoe,2010,X2W3L7G3W9B4G3X4Z,7447,Hybrid
1894,1953,Honda,Civic,2018,D9T0I5D5N4H4V9O1U,144008,Gasoline
1895,639,BMW,3 Series,2009,E4G9A9I6G6U0J8Y7R,35114,Gasoline
1896,1960,BMW,3 Series,2020,F9R2F7E8E9A3T8F3L,164618,Gasoline
1897,2578,Chevrolet,Silverado,2020,J3Y2F6L5U4L3G4L6Y,125758,Gasoline
1898,555,Honda,CR-V,2015,Q4N7U6L9S9S9T0O1Q,40127,Gasoline
1899,1458,Chevrolet,Silverado,2025,Y7Z7H3P4J7K4D9V2N,154057,Gasoline
1900,2605,Nissan,Altima,2020,G7T6O0G7N9Z6T4E8K,135980,Hybrid
1901,1697,BMW,X3,2019,E2S6O8D6Q5X5C7P0H,58347,Electric
1902,624,Toyota,Camry,2017,Z8F9U2G0S6X1B2T5B,159431,Gasoline
1903,1003,Toyota,Camry,2008,B6T7B8J8V7T0D6Q7O,119396,Electric
1904,2313,Nissan,Altima,2025,C1Q1H0Z2L0X8C6N1D,39429,Electric
1905,849,BMW,X3,2010,E7D8J4C0F9Y0K2O6Y,38039,Gasoline
1906,2510,Ford,Focus,2020,Z0E1Q4U2N4U3H1G6X,55207,Gasoline
1907,2011,Chevrolet,Equinox,2011,D1U4A7R4U8N4Z1E2O,173281,Gasoline
1908,1691,Nissan,Sentra,2023,Y3K6P4C3S5G1P5L3D,90283,Gasoline
1909,572,Ford,Escape,2024,G3R0V9J4E7U8G4H5S,11311,Gasoline
1910,1589,Nissan,Rogue,2008,Y5N9J9W3P8O8T8C6J,93062,Gasoline
1911,754,Chevrolet,Tahoe,2017,N3Z5G0R2W3P7L1U7Y,113505,Gasoline
1912,261,Nissan,Altima,2019,C8Z3K2A0F2Z9O6M9S,38379,Gasoline
1913,904,Ford,Explorer,2019,T1P6R4D9A3I6X9D3W,65749,Gasoline
1914,1287,Nissan,Rogue,2020,F2W7S1T6Q8T3P5O0U,101662,Gasoline
1915,1808,Chevrolet,Equinox,2024,C5D6Y1J7A0S5M6X4Y,134536,Gasoline
1916,1142,Chevrolet,Malibu,2013,O6Q4G6Z7B8X8U7L4O,151955,Gasoline
1917,1257,Ford,F-150,2008,N0V8U1M6N7S7K9F5K,107139,Gasoline
1918,2370,Ford,F-150,2021,E8F1C3M8P5I2P5Z5G,34477,Diesel
1919,2187,Chevrolet,Equinox,2020,S9I2M0H1V0T4J9D1U,88004,Electric
1920,518,Honda,Civic,2021,M4Q2V7A1T0Q5J0F9V,117759,Electric
1921,2447,BMW,5 Series,2013,D6C3E2W5T4B0L4Q3O,61164,Hybrid
1922,2394,BMW,3 Series,2022,V9L1E8Q5F4V3J8L1A,56994,Gasoline
1923,537,Ford,Escape,2010,V3Y0W4Y7H6O3W3R9G,151371,Gasoline
1924,763,Chevrolet,Equinox,2008,P0X0C3W4K2N9I2L8B,39125,Hybrid
1925,2254,Ford,Focus,2022,J5T0U2W8M8S7B0N3B,175646,Hybrid
1926,2019,Toyota,RAV4,2019,I0W9B4Q4O0P3R6K8C,149197,Gasoline
1927,2129,Honda,CR-V,2011,Z5U0N3Y7I7R7R6L5P,76864,Hybrid
1928,834,Toyota,Highlander,2008,T5D4L3M8U5O3M0L4S,60839,Gasoline
1929,1199,Tesla,Model 3,2010,U0C3F0W7K4M2H7Z2O,119194,Gasoline
1930,791,Nissan,Altima,2015,L3G8U6Y8I2C7X6D0M,117077,Gasoline
1931,1298,Honda,Civic,2016,B0W2I7W3W2H2W2G4L,17285,Hybrid
1932,2990,Chevrolet,Tahoe,2020,K1B8X4P7D8X4F9A9Q,117224,Gasoline
1933,2749,Honda,Pilot,2015,N3G9G0Z2G7L0X9F4B,37363,Electric
1934,822,Nissan,Sentra,2021,R9V5F5I8S3N1P9C2T,1638,Gasoline
1935,201,Honda,Accord,2008,C9Y3W1C5C3H9T9N0T,177680,Gasoline
1936,1589,Tesla,Model Y,2012,Y2P9E2J1G7T5Z9S0V,66855,Hybrid
1937,839,Nissan,Sentra,2014,M3F2F6V3T7T7X3X4S,56209,Gasoline
1938,2087,Chevrolet,Tahoe,2008,A5Z4A5D9V5C9K6I1X,44116,Electric
1939,2043,BMW,X3,2020,Y3J2S8N7Z7X0Y5I6R,167783,Gasoline
1940,1375,Honda,Pilot,2008,I5Z2C8H0O7W7N3N4S,168302,Hybrid
1941,2456,Tesla,Model Y,2021,B7B2J7J9Z4H6Z8P4W,35386,Gasoline
1942,2328,Ford,Focus,2016,L7Z7Z5A7G6P3S6V0D,14131,Gasoline
1943,2547,Honda,Accord,2016,S0V0K6S3K3H5L5B7F,97386,Hybrid
1944,205,Toyota,Corolla,2019,O5U7F5H2Z2S7Q1H8T,171702,Diesel
1945,444,Nissan,Altima,2010,L3I1P2T3Z0Z2I2G1J,87479,Gasoline
1946,2174,Toyota,Highlander,2019,J1S7F8H4P2P8Y9H4O,168870,Gasoline
1947,2088,Toyota,Corolla,2024,M5C7Z6C3O0G6O5S7S,151777,Gasoline
1948,1171,BMW,X3,2009,T2C8X0O7V2P2R2B9D,67420,Gasoline
1949,1114,Toyota,RAV4,2009,N7V3C9M5B3L8E7G4R,63936,Gasoline
1950,1393,Chevrolet,Tahoe,2024,A4S2Q1N7C3O0E8F0M,20383,Hybrid
1951,2140,Nissan,Rogue,2014,O5H2B5Y3G8N6K3D0P,166779,Hybrid
1952,1271,Ford,Escape,2023,W7O4C8J8K2M5G9U3H,120583,Gasoline
1953,173,Tesla,Model 3,2014,M4J3W3U7M9L6G2Y8V,164199,Gasoline
1954,1302,Toyota,Highlander,2024,U9H9S0C2S1S0B7N4S,100490,Gasoline
1955,2249,Toyota,Highlander,2022,P2B0C1N6O5H8X2Q6D,69250,Gasoline
1956,1895,Tesla,Model 3,2012,H6Y1J8M2S5G2Y8C2Q,172743,Gasoline
1957,2646,Tesla,Model S,2025,K3E1Q4L8T4I0P7K5H,54031,Gasoline
1958,438,Toyota,Highlander,2010,H4J3B8T5M9F7M1Z5U,96395,Gasoline
1959,1731,Chevrolet,Tahoe,2024,M8M8X5A5N2F3L7O3L,30075,Gasoline
1960,1797,Tesla,Model Y,2020,R1J3F9P9M5V5U2S6E,93888,Gasoline
1961,2720,BMW,X3,2014,L2C1H2P2J9W2U2W5A,52720,Gasoline
1962,2947,Toyota,Highlander,2009,B9L6K9A4D1Z1T3R9Y,84608,Electric
1963,777,Ford,Escape,2019,T0K5H3J5T1T4Y9I8B,67499,Gasoline
1964,1729,Tesla,Model 3,2019,Z4I7A3C6R4D6L2P5L,86260,Gasoline
1965,1494,Honda,CR-V,2015,Q6L8G1P3J2Q4K6C9Y,63261,Diesel
1966,669,Tesla,Model S,2024,P7V5S7M3A1G3M3N5A,74500,Gasoline
1967,1918,Chevrolet,Malibu,2011,V9X1E2O3X4U3R3U5N,126847,Gasoline
1968,2210,Toyota,Camry,2018,F2O2I6H1W5U5E0E9A,70671,Electric
1969,18,Chevrolet,Tahoe,2014,T3I3A6L0L8Z4V3F1E,53556,Gasoline
1970,838,Nissan,Sentra,2018,U2T3B9O1I3P0C4W3Z,41811,Electric
1971,1574,Chevrolet,Malibu,2023,A7X1F8O3J1B6V4T0J,113221,Gasoline
1972,1045,Nissan,Sentra,2015,G5N5J0X7D5D1J6M0Q,83509,Gasoline
1973,1311,Ford,F-150,2013,I9M9J1E6I7H2E9E9O,33472,Electric
1974,437,Ford,Explorer,2021,M2R6X3Y4G8P1N4E2I,63035,Gasoline
1975,32,Tesla,Model Y,2014,R1J9C6Z4C8H1E2Y0V,140791,Electric
1976,2617,Chevrolet,Malibu,2008,F2O9X0K1N9N8H1U4V,120215,Hybrid
1977,1947,Honda,Accord,2023,P5O1W1K2H2Z5A1R0Y,123482,Gasoline
1978,2054,BMW,3 Series,2011,B9E9J7F3V8B4H1H3F,77174,Gasoline
1979,1598,Honda,Pilot,2024,C5V3D0J0T8Y1A4N6P,52514,Gasoline
1980,1813,Tesla,Model 3,2008,J3S4N4X3B8X5A4K3V,22243,Gasoline
1981,577,Toyota,Corolla,2016,V0D6Z8I2C4Q0U5U9U,51214,Gasoline
1982,2777,Ford,Focus,2014,E0L7N9Y7B9L9P1S2S,14086,Gasoline
1983,1924,BMW,5 Series,2022,B4H8B4X3Q5A0D9L1N,25124,Hybrid
1984,493,Nissan,Sentra,2021,R6U8Z3J0I6Q0C3G6R,178195,Gasoline
1985,1541,BMW,5 Series,2011,U5L7N9J4X6T8W9U9M,96120,Hybrid
1986,1650,Chevrolet,Equinox,2020,U4Q8C0D0F1Z1Y5D1G,119843,Gasoline
1987,961,Toyota,Highlander,2024,L9V7M5S3B8Z3X7H5O,51558,Gasoline
1988,2520,Ford,F-150,2008,P5X4N5H6Z9M6O5Q1V,96613,Gasoline
1989,2763,Nissan,Rogue,2012,M6C9P1T7G4Z1I0J7U,100078,Hybrid
1990,2557,Ford,Escape,2022,A2Z1D7D0V8S5M1W8C,53005,Diesel
1991,2374,Honda,Accord,2010,N4A4W1B4Y2T5C5Y1Z,20406,Hybrid
1992,88,Honda,Civic,2022,V4Y6S8Z9F3N1Y8F4F,95355,Hybrid
1993,206,Chevrolet,Malibu,2021,Q4F1N2S3I0D4D2F4O,30389,Gasoline
1994,339,Nissan,Sentra,2011,O8F8Z1S4S8Q5N8V9D,86680,Gasoline
1995,284,BMW,3 Series,2009,J2U6F5M5I8I1B1E6H,104562,Hybrid
1996,126,Honda,Pilot,2008,Q1Z3I9I6W2H5U5L8A,132599,Gasoline
1997,2343,Chevrolet,Equinox,2025,L3M7L1P2P9K3H4M1A,55271,Hybrid
1998,2449,Nissan,Rogue,2018,X5D0I3K1V6V0J4E8I,119962,Electric
1999,1306,Nissan,Altima,2015,J6T1Q6N2X6H8V4X8U,76265,Gasoline
2000,2016,BMW,3 Series,2019,J1X7P7D0Z7D4E8K1A,23898,Gasoline
2001,1934,Toyota,RAV4,2020,M7I4O7I0Q3N3M5C0M,149957,Gasoline
2002,2912,Ford,Focus,2015,Y9M7U3Z3Y6Z3X6U3K,132976,Electric
2003,2781,BMW,5 Series,2017,B9O9Q2U0L2R2S0S2T,63431,Hybrid
2004,2027,Toyota,Corolla,2010,M7K7Q2E0X6A7H6T2J,36861,Hybrid
2005,600,Chevrolet,Tahoe,2019,R9E5T7O2A1R3X6O2O,136407,Gasoline
2006,2426,Chevrolet,Equinox,2016,L3X4I3E7H0W4H0T3I,44132,Diesel
2007,11,Chevrolet,Malibu,2017,B0S9U6A7B7Q6L3R6L,10827,Hybrid
2008,86,BMW,X3,2012,D2G7K8P4S2N0Y7Q6O,143657,Gasoline
2009,2731,Toyota,Camry,2017,P8B7K3Y9I4I4K7C0G,99325,Hybrid
2010,2292,Ford,F-150,2008,O2P9U8Z6S2U1S2Q0M,89083,Gasoline
2011,470,Nissan,Altima,2023,P2W2A1T6I2T9D1I0D,105526,Diesel
2012,961,Honda,Civic,2014,O0A5X3C8N2M9S0X3P,84456,Electric
2013,1563,Nissan,Sentra,2014,R8L1X8Y2I1R8Z0G7D,157333,Hybrid
2014,367,Nissan,Altima,2008,E0Q8E2B7M6V8V6X2V,15760,Gasoline
2015,2438,Toyota,Camry,2024,L4H1Y4P5O7K1U1G2G,154809,Gasoline
2016,467,Tesla,Model Y,2024,E9Q0J7J1O7V1D5E0W,1431,Hybrid
2017,2158,Ford,F-150,2013,F2U1A9I7D4F2B4P4G,169241,Diesel
2018,265,Honda,CR-V,2016,Q8S9Z1F6U5W5A1E6P,88345,Gasoline
2019,2547,Tesla,Model 3,2009,R3B3N2Q5Z3N2I0Y3S,60823,Gasoline
2020,1709,Ford,Escape,2022,V8G9G4B3U8L2I0H3M,111831,Gasoline
2021,698,Nissan,Rogue,2020,N9Y9M6L7A2T4D4A6M,140429,Electric
2022,562,Toyota,Camry,2012,S9O0O1X5A0E6N2S1J,177284,Gasoline
2023,2344,Tesla,Model 3,2019,A0P7A3C6B3V8L5F6G,79955,Hybrid
2024,16,BMW,5 Series,2022,T6O9U6W9S6C2Z1U1Q,91590,Electric
2025,149,Honda,Civic,2010,U3B0G8G2G3I4A5Y1X,91949,Hybrid
2026,2511,Honda,Accord,2008,G7G0Z2Q3Q7L8R5E4A,113916,Gasoline
2027,1189,Honda,Pilot,2024,H2J1V9L7N7Y5Q9S9A,37071,Gasoline
2028,574,Tesla,Model 3,2017,C3I9I2E0X4X9C3K1H,175419,Gasoline
2029,1459,Honda,Pilot,2021,N2V0N1T6F9F6L7O5Y,170274,Gasoline
2030,1990,BMW,3 Series,2020,C5R3U8G9E2N0B3N9G,112472,Gasoline
2031,2029,Nissan,Altima,2024,W5B7O5I9E7Y5F2Q7S,125992,Gasoline
2032,968,Honda,Accord,2021,K1W3C0J3F7S9H1E5B,113862,Gasoline
2033,101,BMW,X3,2019,W0Y3T1P7B1S3Q7M6N,23511,Hybrid
2034,1645,Chevrolet,Malibu,2022,Z5Y3O7N8X3X1T0Z2I,45561,Gasoline
2035,1782,Honda,Pilot,2021,U3O3O0C6N4J2R2G0H,116853,Gasoline
2036,2335,BMW,X3,2008,T5C7B5C9S4D1S8G7A,51543,Gasoline
2037,1331,Chevrolet,Silverado,2020,U8S3C5O5P1R0A8N3E,44804,Gasoline
2038,2496,BMW,X3,2025,J1N1G1E7S6K0M2V1T,677,Gasoline
2039,1303,Tesla,Model S,2015,D7J8S1U6D4S7O1M0Q,148768,Gasoline
2040,2550,Honda,CR-V,2018,A6F7B3N2Q4B4J4S2B,125443,Gasoline
2041,2471,Honda,Pilot,2018,L6R1T0B6J0S5C2N6X,130524,Gasoline
2042,1513,Toyota,Corolla,2025,I7Z3A1J3F2T3F6Z0C,140013,Gasoline
2043,512,Toyota,Camry,2017,K2C1X9O8V2Q0Z1W6R,116057,Gasoline
2044,1978,Nissan,Rogue,2018,B0T5U2J9D6D8H7E7S,145055,Gasoline
2045,2418,Tesla,Model 3,2012,M8N3P9E6T4K6A3C5S,92900,Electric
2046,2183,Ford,F-150,2025,V5W4L0W0B6F7M0O1N,116210,Gasoline
2047,1756,Toyota,RAV4,2024,J9O9A4X5L9E9K7A6C,10822,Gasoline
2048,18,BMW,5 Series,2009,U4P2Y5W5H9X0I2Y4H,158695,Gasoline
2049,1832,Ford,Escape,2024,Q2E4O4X5S5B1Z2Q7F,147609,Electric
2050,204,Chevrolet,Equinox,2022,W3C1R5W4G8C4Z1W4N,164722,Gasoline
2051,74,Toyota,Corolla,2014,L8B7K0E7Y5A7I9O2V,32872,Gasoline
2052,262,Honda,CR-V,2008,M6W6Z3U3R4F6W8X8Q,169254,Gasoline
2053,2021,Nissan,Sentra,2009,Y4I8L8J4U3Q6J9K7I,72651,Gasoline
2054,2710,Nissan,Altima,2020,K0E9F4O6V5W4A2Y4J,169092,Gasoline
2055,931,Honda,Accord,2013,V9E9B7O8G7P5S5I6T,50053,Gasoline
2056,65,Honda,Civic,2025,W1Z8Y9S6C8T3D0H2W,101279,Gasoline
2057,2618,Toyota,Camry,2023,H5E0R1Y8W8V0V2W3Y,51766,Gasoline
2058,1577,Honda,CR-V,2013,X7C3Y2Q4W8C0X4R2Z,171210,Hybrid
2059,1489,Honda,CR-V,2022,I1H3I0L2B5R5N4K7D,63209,Gasoline
2060,102,Nissan,Sentra,2017,S4U3F5W2S7H9B2P9B,86124,Gasoline
2061,2630,Nissan,Sentra,2010,Z7C8V4I3J2P2K3O5Y,73137,Gasoline
2062,1672,BMW,X3,2019,C9X6Z2N1J3H0R6I3D,178309,Hybrid
2063,2951,Chevrolet,Equinox,2009,A9G0W4Q6Q9X9Z5J3V,100227,Gasoline
2064,2646,Chevrolet,Malibu,2019,G2X1Y5C4N2G0T9R8N,80173,Gasoline
2065,1353,Ford,Escape,2016,L1E1Y0B3G4F9M9L8L,17692,Gasoline
2066,2198,BMW,5 Series,2025,T0O3L2O4C5D2M6K9M,174212,Hybrid
2067,2076,Ford,Escape,2016,D3S0U4I3P5P2Z7X3Z,52482,Hybrid
2068,2709,Tesla,Model S,2015,R4X4K7Q3A3K6P6S3N,93082,Hybrid
2069,2026,Chevrolet,Malibu,2021,L1R6C1U1R1G3B7I6Q,57079,Gasoline
2070,1283,Chevrolet,Equinox,2024,O2M8M0V8V5F8C5B5Y,63503,Gasoline
2071,1937,Nissan,Sentra,2022,Z7K2Y6J9Q5B5I3P2X,96161,Gasoline
2072,652,Toyota,RAV4,2015,S9D3J3Y6W8Z5Z5G6N,171010,Gasoline
2073,895,Nissan,Sentra,2025,O8T3M5Q0L5B5I5W0U,172699,Hybrid
2074,2986,Ford,Explorer,2015,B4H3N0X1M5Z0Y3G3F,113385,Diesel
2075,130,BMW,5 Series,2025,R1O0T6W3R1X7D1B4Z,93831,Gasoline
2076,245,BMW,5 Series,2018,K6V7R2C6N9E6J8G9T,95180,Diesel
2077,1103,Toyota,Corolla,2025,C3J1F9X7U7Z8T4V4B,105591,Gasoline
2078,1876,BMW,3 Series,2009,D6N6V0Y4Y5R5A1N4C,52161,Gasoline
2079,2324,Nissan,Sentra,2014,P9X5A5M3H2W9Z2R8M,12474,Hybrid
2080,582,Chevrolet,Malibu,2023,T7C0B7X4L9K5M8O3F,155241,Gasoline
2081,990,BMW,5 Series,2008,O4E5M0H5D2D2V8H8O,147884,Electric
2082,1373,Toyota,Highlander,2012,R2I4Q7A2V4G2B7F0Q,147063,Diesel
2083,2772,Toyota,RAV4,2009,V0Z5X4L3L4K9A4L1Z,35274,Hybrid
2084,1407,BMW,3 Series,2017,K7L8Z5S9C6Y3E9J0J,6571,Hybrid
2085,860,Tesla,Model 3,2017,J2G3R4M4A2V6E3U0A,90524,Gasoline
2086,2444,Toyota,Corolla,2022,C1R1K8B6U3D1B4L7P,69921,Hybrid
2087,917,BMW,X3,2015,S0G2I8U0I1F2R8N9C,129336,Gasoline
2088,323,Nissan,Rogue,2014,C1V6V1G8T1W6G2E1U,26863,Gasoline
2089,1126,Honda,CR-V,2008,S1C9A1K6Z6Y7V1T4A,44243,Gasoline
2090,611,Honda,Pilot,2016,X4T9I4N9Y6P8Z6H5O,145035,Gasoline
2091,2736,BMW,5 Series,2013,N7J8Y3M0G5M5A8V7S,90663,Gasoline
2092,916,Toyota,RAV4,2023,C1Y5V6J3S4C4I7U4C,139050,Gasoline
2093,1428,BMW,X3,2019,R4S4H8Y8F3J7I5I1N,77191,Gasoline
2094,168,Toyota,RAV4,2021,L4W7N4U7E1Q2G4A8P,158737,Hybrid
2095,1328,BMW,3 Series,2015,W0K7T5K8M4P4T4Z2N,25080,Gasoline
2096,1465,BMW,5 Series,2019,J3X7Q9S7W6B2J9G4O,82463,Hybrid
2097,1712,Honda,Pilot,2009,M5K1H2U2O5H4I4X9I,36076,Gasoline
2098,1867,Tesla,Model 3,2021,S8S2K9U1Y7P3M1L4K,52875,Gasoline
2099,576,Ford,Focus,2011,Q5V8Z0U7B3O7W5M4P,23272,Hybrid
2100,1734,Nissan,Rogue,2019,Y2U8G5J3I2L0N8K1A,44221,Hybrid
2101,1738,Ford,F-150,2013,M4F1N6S7F9N0E8K5P,8035,Gasoline
2102,2683,Tesla,Model 3,2024,B6O3O6N1V0J4O3X4T,116387,Gasoline
2103,2339,Toyota,Camry,2021,I2W6B7L0Y5R1X9M2M,61852,Gasoline
2104,83,Nissan,Rogue,2015,G5D3H1P6V9U7T2Q5E,62070,Electric
2105,1786,Tesla,Model Y,2010,I3A8J5F2I0V3A8O3K,130017,Electric
2106,2918,Ford,Explorer,2009,B7Q8H7M5A7B7F2W3E,86989,Hybrid
2107,586,Nissan,Sentra,2025,N9W3P6F0M4X6N1S1O,33279,Electric
2108,1806,BMW,X3,2021,M2L3G0X3Q3H5K2T5S,60154,Hybrid
2109,1149,Toyota,Corolla,2014,N4L1H8P5D8I7U1V5I,60570,Hybrid
2110,158,Tesla,Model S,2024,V3X1N3B5T7G3C2Q4D,81391,Gasoline
2111,2664,Nissan,Altima,2017,L7F0I1E0X9D0R1M6M,40412,Gasoline
2112,1220,Ford,Escape,2020,K7C2L7T6I0X0Y2P2U,96514,Gasoline
2113,720,BMW,3 Series,2025,T7J4Z7U7T5N5Z6Q6X,62771,Gasoline
2114,1482,Ford,Escape,2023,J7G9R1S6L2E7Z5F2P,97777,Gasoline
2115,452,Chevrolet,Malibu,2010,G1Q9W9J7I0B1Y3O5Q,87331,Gasoline
2116,795,Toyota,RAV4,2016,N9A7J9U5P4R5G5C0P,22803,Gasoline
2117,1019,BMW,3 Series,2017,P4I5Y4J9O4V5M5D0G,114762,Electric
2118,157,Ford,Escape,2010,L3L6W7A0A3B7W9I6R,171725,Electric
2119,1982,BMW,X3,2023,C1O9C8Z0Q8P8X4J5N,31617,Hybrid
2120,1672,Toyota,RAV4,2008,U3Q4S9H1W2F0W9Z8H,39055,Hybrid
2121,1597,Toyota,Highlander,2012,C3O8L4K4E8I5I8A8P,89558,Hybrid
2122,2086,Chevrolet,Malibu,2013,A7J1Q4D2Q8O7K7K4V,29740,Electric
2123,2995,Honda,Civic,2009,E2G1S0N1S6U1B6J8K,132468,Gasoline
2124,642,Nissan,Sentra,2012,J4T7S9V9Q5I4K3R9Z,26177,Gasoline
2125,1320,Honda,Pilot,2010,F3L5W1F5F0L1H1M3U,116538,Gasoline
2126,467,Chevrolet,Tahoe,2023,E2C4U8L7N1I5X1A6U,7552,Gasoline
2127,1997,Tesla,Model S,2022,U5H9T2E3I9K8M1W3U,756,Gasoline
2128,1529,Ford,Explorer,2010,S8C0L7Z9L7C2I4Q6I,52010,Gasoline
2129,43,Ford,Explorer,2009,S2H9K7I7I8O5F6N1L,47051,Gasoline
2130,2133,Nissan,Sentra,2020,W7N9B1L9H9B4H1T3G,64472,Gasoline
2131,873,Tesla,Model S,2009,M0O7M9R1U7J3N4R7D,81680,Gasoline
2132,2061,Toyota,Corolla,2018,R4Y7F6Z6B2I8S8U7A,105296,Gasoline
2133,2657,Chevrolet,Silverado,2015,U2O3L3O3L6C7F5D3M,12958,Gasoline
2134,1119,Tesla,Model S,2014,A8Q9T4M2I7N7S9F5N,107477,Hybrid
2135,2562,Chevrolet,Equinox,2017,S4S9N4W9C2O0U2B6T,18537,Gasoline
2136,1737,BMW,3 Series,2015,U7K0M0L4H6L2D4I3P,142504,Gasoline
2137,2251,Toyota,Camry,2015,X1N5G6I7I3U9Z7F8K,174833,Gasoline
2138,1285,Honda,Civic,2009,X2R1Z6N9F9C0Q6F7B,26748,Gasoline
2139,412,Ford,Focus,2009,Q2N0E7I1S8M2B5A3G,143497,Gasoline
2140,963,Honda,Civic,2011,A6V2Y0T1G0Z4H6Z6G,140856,Hybrid
2141,712,Honda,CR-V,2015,C8V0J1N4C0F0H4C7H,8764,Hybrid
2142,2753,BMW,3 Series,2010,U8L8A7H2Y1I2C0H5O,101880,Gasoline
2143,911,BMW,X3,2021,D4A6F5U3V8N7H3N6T,109377,Electric
2144,1006,Honda,Civic,2023,F0U5N6K4L0Z0T2D9W,100213,Gasoline
2145,1755,Chevrolet,Equinox,2023,B3D4I5U0H3O8K4I2E,126890,Gasoline
2146,531,Toyota,Camry,2019,T1O4H6Z6W0G4J5B0S,21679,Gasoline
2147,1942,BMW,3 Series,2009,J0Y1M3H8M6B0C3T7L,2816,Gasoline
2148,2297,Chevrolet,Malibu,2016,D8Q8W5Q8T6W8Q6W6F,96230,Electric
2149,739,Toyota,RAV4,2011,P3U6B8L4Q3W7F2Q2D,57304,Gasoline
2150,452,Tesla,Model Y,2010,R8M2I6H8R2Y8I0Q5Q,153629,Hybrid
2151,1482,Tesla,Model Y,2017,O3S2W8T7J5E3K1T8T,68537,Electric
2152,2527,Chevrolet,Tahoe,2012,W8Q1V1R4I2X5Z1M5X,104159,Gasoline
2153,1858,Chevrolet,Silverado,2013,N7V0Q1J0S8F4M0X4Z,112641,Gasoline
2154,2804,Honda,Pilot,2022,K3V9F7L8B8M3R5U6R,30994,Hybrid
2155,1701,BMW,X3,2024,N7S4K0R8Y3M0L8R1H,37558,Electric
2156,437,Honda,CR-V,2020,T4W2Y0X5G1S1G6B8F,35751,Hybrid
2157,2228,Nissan,Rogue,2022,Y4E2S1Q0Y9N1H5Z6H,57846,Electric
2158,850,Ford,Explorer,2023,S8M0K4S1N3B7E5M4U,120762,Gasoline
2159,1174,Tesla,Model S,2023,Z5N3H0A7E8S3J0L0R,12699,Gasoline
2160,2733,Honda,Accord,2017,P1S3D0G5Y6X1Q1F7Q,100319,Diesel
2161,1562,Ford,Explorer,2020,N9O1A1M6L5K4M0I7R,46613,Gasoline
2162,1216,Honda,Accord,2008,W7Q5M2A4D0B7W0S1C,178751,Gasoline
2163,397,Nissan,Rogue,2021,Q0I4V4F6C0G5L4A4G,179858,Gasoline
2164,1535,BMW,X3,2011,Z9Z5C8R0Y2V1J3A9M,49145,Gasoline
2165,2179,Honda,Civic,2020,C1I7H2N3N0Z3S0Z1A,110993,Gasoline
2166,112,Chevrolet,Equinox,2023,O1E3H8I0V1F1X4R8A,66102,Gasoline
2167,1979,Chevrolet,Tahoe,2024,H7Y9X3C2H7S7T6C2S,6227,Gasoline
2168,13,Tesla,Model S,2015,Q3N0C4P7C7S0X6N6X,7920,Gasoline
2169,1645,Honda,Pilot,2015,T9T3O6O9G2P6E9E4F,60010,Hybrid
2170,594,Toyota,RAV4,2013,V0H3O0B0U0P0T1Q8G,156176,Gasoline
2171,237,BMW,3 Series,2023,Q7G7Y6I0L2O8I5L0T,100980,Gasoline
2172,179,Honda,CR-V,2010,J8W7N4X9E6L1A5Q4G,69764,Gasoline
2173,2372,BMW,X3,2012,Y3H3H3D8S9Z3P1T7K,25190,Gasoline
2174,2104,Chevrolet,Malibu,2012,X6Z0E8R9M1V2Y7L1H,41624,Gasoline
2175,359,Toyota,Corolla,2008,G2W5X5O4G8C1L4L8L,141133,Gasoline
2176,2671,BMW,X3,2020,W5J6W2P8T1T8A2U7G,14505,Electric
2177,2154,Chevrolet,Equinox,2022,Y6B7A5B3N8T5C9Q1A,161147,Hybrid
2178,2688,Nissan,Sentra,2024,A0I3H5X0V5S9S7K3F,66571,Electric
2179,2558,Chevrolet,Equinox,2022,T2G4A2Y3Q9Q1G0U9X,157856,Gasoline
2180,2009,Honda,Accord,2011,Z6Q6W7J3Q1W8N8J1T,33068,Gasoline
2181,1711,Tesla,Model Y,2018,Z6H5T6P5H7B4Z3G3E,93809,Gasoline
2182,1773,Toyota,Camry,2008,G7D0G5D4U2E3W0N3C,20677,Gasoline
2183,1665,BMW,X3,2018,L0V6W5J5A1Q0K8O6U,64267,Gasoline
2184,689,Chevrolet,Malibu,2011,O4P1B4B9L9C2F4D6K,156836,Gasoline
2185,730,Ford,Explorer,2022,H3Z3G5O1D6S8O9W7H,109137,Gasoline
2186,893,Tesla,Model Y,2021,M6S1M2T6X8U1Y1P3N,128427,Electric
2187,2351,Tesla,Model 3,2010,G7I6U8Q5L9N0I1A4I,55880,Gasoline
2188,1606,BMW,X3,2009,E2F0G6H1B4B1N3C1Q,139541,Diesel
2189,849,Honda,Civic,2011,X3B8S5N8W3E8H9T8A,169059,Hybrid
2190,2023,Chevrolet,Silverado,2021,Z3O0E4Q1W4H6L9I2R,91741,Gasoline
2191,471,BMW,X3,2013,W9U4D2M5I1C7S4I3R,102478,Gasoline
2192,494,BMW,3 Series,2021,F6K8Y9T6R6X7Z2P4T,63959,Gasoline
2193,1097,Tesla,Model S,2018,E8E9H9X7N0Y9N8V8N,152122,Gasoline
2194,2824,Nissan,Altima,2017,V3V0R9M3Q3C6G1R1V,158324,Electric
2195,2464,Honda,Pilot,2013,F0V1Z3Y1H2B6G0O7J,94152,Hybrid
2196,922,Ford,Explorer,2024,Q8K1G6O0T6Z3S6Q0Y,90086,Hybrid
2197,507,Nissan,Altima,2025,F4Y4I0R8R4B8C5P7Q,40646,Gasoline
2198,596,Ford,Escape,2012,Q5W9S7R2H8K8C8L5E,84951,Hybrid
2199,1116,Ford,F-150,2022,X3Q9X8O0D0K1O6W2T,18781,Electric
2200,1322,BMW,X3,2013,K5K8V8H7U2I2N6J5B,146684,Electric
2201,1725,Toyota,RAV4,2023,G1M3X2B1Z6N0P8C2D,47555,Electric
2202,1663,Toyota,Corolla,2014,D0I1U2H7S0V8C8C1Z,10283,Gasoline
2203,2341,Tesla,Model Y,2015,L2J8M3M5I7T1E0X0P,157323,Gasoline
2204,2963,Ford,F-150,2014,V4S7M3J7P9L1W4T9Z,145952,Gasoline
2205,1596,Honda,Civic,2018,G8Y3B8R6X1W4N2U9P,57549,Hybrid
2206,1927,Tesla,Model 3,2008,M9A5J8H1F7V5X9O7E,157213,Gasoline
2207,2547,BMW,X3,2018,S4C9H0X4X2M4Y9N7T,12595,Hybrid
2208,2373,Chevrolet,Equinox,2019,V0K0O8A6H1F1N5W1P,141632,Gasoline
2209,2304,BMW,5 Series,2009,A1C1S0D9Q0Y9C9L3T,160743,Gasoline
2210,1981,Honda,Civic,2022,D5A2K8E0D9P4F9Y8E,167236,Hybrid
2211,1715,Honda,CR-V,2010,G8T7C1Q4N8S7E0O3T,105478,Gasoline
2212,2547,Toyota,Corolla,2014,D9L9D9O0W4H7D3C3F,123830,Gasoline
2213,1959,Chevrolet,Tahoe,2008,V5L2H5L6E9Y0G2H4Q,36173,Gasoline
2214,46,BMW,3 Series,2017,Y2J4Z2S7O8P6C9Q1D,47753,Gasoline
2215,1108,BMW,3 Series,2013,W5A3C7D0E9V3S0K8Y,25156,Hybrid
2216,252,Tesla,Model S,2015,L9J8H5B0D2J3A4F8Q,108449,Hybrid
2217,1778,Honda,Accord,2015,O1B3O4O5K7T3W1G6F,82464,Gasoline
2218,410,Toyota,Camry,2025,E2O8F6Z8J0Z0I4J0I,170582,Hybrid
2219,1215,Ford,Explorer,2013,N9K7Z7F6N7M8E4W9G,145399,Electric
2220,645,Ford,Escape,2008,O4O2K8B1N8N1O1O4E,73772,Gasoline
2221,2858,Nissan,Rogue,2008,P9R8C4C8G1L6I1J4B,158028,Gasoline
2222,484,Chevrolet,Equinox,2010,V9Y4X4R2U7T6T1C0N,175692,Hybrid
2223,1707,Chevrolet,Silverado,2018,I5X9T9K5Y1M9V7Z2M,72318,Gasoline
2224,423,Nissan,Sentra,2017,D2O0L6E0U9Y0C7Z4N,81483,Gasoline
2225,1915,Honda,Civic,2014,E5Q7Z8T9V0N4Z0S7S,10705,Gasoline
2226,1230,Nissan,Sentra,2012,A1J4L8Q9I3R8F3Y8A,85641,Diesel
2227,2084,BMW,X3,2009,T7O9B2G0D2C8B5R3A,47445,Gasoline
2228,2634,Toyota,Camry,2008,M0E1F8K2A7O8D5L0T,52832,Gasoline
2229,2368,Ford,Explorer,2013,D8Q0C7J7Y7B5D8Z7Q,156117,Diesel
2230,1968,Toyota,Corolla,2015,Q5U4I0P6G8B2K8F3J,100699,Hybrid
2231,688,Chevrolet,Tahoe,2013,D0P6P6I9K4O9X3B9B,149882,Gasoline
2232,2330,Honda,Pilot,2010,K6I4C1P7H8S9Z0G6B,66048,Gasoline
2233,2545,Toyota,Corolla,2008,K6F9O0A6S8O5N4F8G,60922,Hybrid
2234,2678,Ford,Escape,2016,N0Y1E3E8Y3C5U2L4C,165893,Electric
2235,1740,Ford,F-150,2020,N6R0Z9M5J1I9Y7L3N,177014,Gasoline
2236,1680,BMW,3 Series,2016,R0E1E2M7U9S2U0D5F,50652,Gasoline
2237,1055,Ford,Escape,2015,K2J1K2P9P0H6T3C0V,55206,Gasoline
2238,2508,Toyota,Highlander,2021,I3L0I0K6L5M1T1C8U,67189,Hybrid
2239,1180,Tesla,Model Y,2019,B3I2D1U6E2Z9R3Q6E,46566,Gasoline
2240,1572,BMW,X3,2013,J1R8V2U7Q8N5S7I3H,163087,Electric
2241,86,Tesla,Model Y,2018,C8J0K8H0E6A4A0B0O,118403,Gasoline
2242,669,Ford,F-150,2019,B4C4V2G5V8S2T3F2H,147154,Gasoline
2243,2494,Tesla,Model S,2019,E9Q2B0R2K4Y8O2A1J,71797,Electric
2244,2332,Chevrolet,Silverado,2015,O1M5Z0Y4P6Z8M8Z3F,112414,Hybrid
2245,1339,Tesla,Model Y,2017,H9T7L3O8B9T7G8D1C,55426,Gasoline
2246,1345,Toyota,Highlander,2020,E5Y6J1W2C8Q5R8S1P,12244,Gasoline
2247,155,Toyota,Corolla,2008,T9U7M4I8D3L3E6Y6L,155667,Hybrid
2248,2255,Ford,Explorer,2012,K8N6P7F7C2E3Z8K6J,133841,Electric
2249,2989,Honda,CR-V,2017,K8W8D3H8N6I1M9I2W,160544,Gasoline
2250,1777,BMW,5 Series,2024,P8S0U4K0I1Z9O3S8C,113143,Gasoline
2251,1872,Tesla,Model S,2016,O0R7Y7U2S6F3O9D7D,4799,Gasoline
2252,1775,Toyota,Highlander,2008,K2S9R5X7I7X8H5V9Z,153655,Gasoline
2253,337,Nissan,Rogue,2022,G0V0Y5S1G7N9V3X5J,21679,Gasoline
2254,1068,Nissan,Altima,2024,F0C3T5I0B4M0F0X4K,117948,Gasoline
2255,1716,Chevrolet,Tahoe,2019,D1C8J8M2X3I7B9A3J,113781,Hybrid
2256,2224,Toyota,RAV4,2010,B9Q5P2Y6J1F3C2B5W,132930,Gasoline
2257,2013,Toyota,Camry,2020,N2E2M0D4B0B0B7M1L,174088,Gasoline
2258,838,Tesla,Model S,2013,H5N2Z6W0M6J1F0E4D,74971,Hybrid
2259,1343,Ford,Focus,2024,P2W7Z7A1S4O8U7Q5O,5388,Electric
2260,2645,Ford,Explorer,2008,F3H0V7U9K6G9J3C2O,88350,Hybrid
2261,1406,Chevrolet,Malibu,2023,M7O0F6Z0O4K9E0A8I,81991,Gasoline
2262,729,Nissan,Sentra,2016,Y1T9P6I6D9T9T9E8M,147560,Gasoline
2263,1826,Chevrolet,Malibu,2018,O0Z6O4C3O1C8E0U9P,33103,Gasoline
2264,229,Toyota,Corolla,2018,G6K4K0I6F2S4C9C4R,179410,Electric
2265,1753,Tesla,Model Y,2023,L0K4N7Q4V3I7B6K2B,45701,Hybrid
2266,293,Nissan,Rogue,2024,O8C4V9U4A4E5E2Y2O,165437,Gasoline
2267,2650,Nissan,Altima,2024,B1G2W3K3Y9S4G1P8H,75872,Gasoline
2268,2291,Nissan,Sentra,2021,K2H3R7X4Y3D2A2V3U,14071,Hybrid
2269,1437,Honda,CR-V,2024,A5G3P3P8Z8L0V8T8J,58364,Gasoline
2270,326,Nissan,Altima,2008,K7K9D9X5B8L3Z7R8Y,37541,Gasoline
2271,345,Tesla,Model Y,2018,J7Z7G6T5U7M0M2G4V,160510,Gasoline
2272,1511,Toyota,RAV4,2024,S3N5D7T2L7B7Z6A3E,39147,Electric
2273,1435,BMW,5 Series,2022,H4X1B6Z3R9O5K4E2C,137910,Gasoline
2274,1587,Chevrolet,Silverado,2014,X8T0H2G0I8A1L5N1D,86364,Gasoline
2275,884,Toyota,Corolla,2021,R7C8U6M5M1O8L5H1Z,67013,Gasoline
2276,1651,Ford,Escape,2016,K5G6W0D1T3J6P4A0E,133844,Hybrid
2277,430,Chevrolet,Malibu,2015,T1Y7H5Q5U8O0J6X1H,141328,Gasoline
2278,1519,Honda,Accord,2015,W5H1H1W0P6A5K6A6J,115776,Hybrid
2279,1838,Toyota,Highlander,2009,B7R0G8J4G2Z0Q5T2M,58129,Electric
2280,1464,Chevrolet,Equinox,2016,T5R8E8K6Y8R3X3K1L,121344,Gasoline
2281,557,Chevrolet,Malibu,2021,V9K6G8Z9X6Y8A9J2M,102244,Gasoline
2282,1283,Chevrolet,Tahoe,2025,F0O6H1K3I8I3B6N3C,11284,Gasoline
2283,2032,Tesla,Model S,2023,D6T2F6J3F9R4B6F9J,69959,Hybrid
2284,2803,Nissan,Rogue,2016,Y8F7D8O8J3R3L3A7V,75697,Hybrid
2285,2407,Ford,Explorer,2012,M4R0X6Y1W5M9D4D7S,93336,Electric
2286,113,Chevrolet,Tahoe,2016,A4N8V1L5U3L3G7L5Z,63421,Gasoline
2287,1947,Chevrolet,Tahoe,2025,D1H2R1K7C5U0X2D5O,74265,Gasoline
2288,1967,Nissan,Altima,2008,P8R9D8M4S8U3D8L7O,110928,Gasoline
2289,1437,Toyota,RAV4,2022,N4V7O3O7W0A2S4G0L,52855,Gasoline
2290,851,Toyota,RAV4,2023,C9N3F6O5I5R6F9Y5V,171349,Hybrid
2291,2636,Toyota,Camry,2009,Z3S4D1X6P3W3P5V0D,12692,Gasoline
2292,1527,Ford,F-150,2021,O8K7E2N7X4S7N5K8X,104945,Gasoline
2293,1190,Tesla,Model 3,2015,J9F2N6Q0K3S4M4U8X,69546,Gasoline
2294,1497,Tesla,Model Y,2021,N1P1Z1I8F5P5A1V4X,64987,Gasoline
2295,1686,Honda,Accord,2012,L2G9Q7L5E9V8Z7F9S,113179,Diesel
2296,151,BMW,X3,2008,X3L7Y5A1S4N2Z0F8U,68717,Gasoline
2297,288,Nissan,Sentra,2010,P6E5H8I4N4A8B4K3H,16210,Hybrid
2298,1727,Nissan,Rogue,2019,A3T4K9X3U2R2A9V0S,20893,Gasoline
2299,2326,BMW,X3,2024,Y3D6Y1E1Y9W9E8U0I,155576,Hybrid
2300,356,Nissan,Rogue,2010,Z3H3S7N6T1F3S6A7C,144054,Gasoline
2301,1134,Ford,Escape,2022,P7C4C8I7G5R5K8B5J,105827,Gasoline
2302,1838,Ford,Explorer,2023,C9U6C1K2P4U2Y1E6T,111924,Electric
2303,2094,Tesla,Model S,2021,B3G1K3A4F7R9O5X5V,128127,Hybrid
2304,1638,Ford,Focus,2021,S2L1C7E6P5W1K7P4J,176454,Hybrid
2305,604,Nissan,Rogue,2025,M5W1N3R3Y0I0I5B5N,161485,Gasoline
2306,1656,Ford,Escape,2019,N9F0E6S5P5J7V1N0Z,90439,Diesel
2307,2158,Tesla,Model Y,2008,U6E4S0E0I5U5R2D9J,168771,Gasoline
2308,2834,Ford,Escape,2015,Z9G7P6O5E2J4A0X3I,61201,Gasoline
2309,1732,Honda,Accord,2023,Q0X9S1V0G5H7M2E4F,75413,Electric
2310,2787,Ford,Explorer,2023,K3S5B1X8G3A4R7L2D,63930,Gasoline
2311,275,Chevrolet,Malibu,2012,W0A3I7C2H2O5C4Y0F,66921,Gasoline
2312,2179,Toyota,Corolla,2010,L1H5N8E2X4O2M1C2N,102355,Gasoline
2313,1848,Ford,Focus,2017,Y8O3F3H3G7W7M4R7W,64367,Gasoline
2314,1859,Tesla,Model 3,2016,S0I1U0I4X8G7E6G5D,131661,Gasoline
2315,1239,Ford,Focus,2017,K3H7G5N4Z0H0W7N4V,34107,Gasoline
2316,423,Ford,Explorer,2017,E8V9B5U8U7J9D5H9Z,4874,Electric
2317,2958,BMW,X3,2013,C1S6Q0B9V0T9A1Z6G,59726,Hybrid
2318,337,Chevrolet,Malibu,2019,I9R6N5Z7C5V0V9Y6Y,141342,Electric
2319,1695,BMW,X3,2021,K0A1T6I2Y1B7C3I6M,81789,Electric
2320,1239,Nissan,Rogue,2023,O6A2J8X4I6O7P0Y8K,25537,Gasoline
2321,2071,Honda,CR-V,2010,N1F1W6P5F9Y7I5D0U,177267,Gasoline
2322,1532,Honda,CR-V,2024,V9D4W6O5A6F6X0A2A,51774,Gasoline
2323,322,Chevrolet,Equinox,2025,Z2J8B9K0Q0A4E5M8P,92056,Gasoline
2324,1494,Tesla,Model S,2025,Y4L0C4A7M2U9A9R6A,167668,Gasoline
2325,2468,Toyota,Highlander,2025,C7D7Z5K1Z3N9H9C1J,86448,Gasoline
2326,2365,Tesla,Model S,2009,W8U4D7C5S0M7N9B3A,137474,Gasoline
2327,2270,BMW,3 Series,2013,P7R7S0Q9D2K9Q1K6M,98832,Gasoline
2328,1544,Nissan,Sentra,2011,I8C4A5B5I5G4K3N2G,121273,Gasoline
2329,2204,Tesla,Model 3,2014,N4H4T0E3O1T5K6U3C,54379,Electric
2330,2182,Toyota,Corolla,2017,M3L6R6F7A3K2O7A1L,150430,Gasoline
2331,804,BMW,3 Series,2009,C9K2Z8E9N7R9A2B2K,140188,Gasoline
2332,1062,Ford,Focus,2014,B2P5T9G7K9B4O5R4R,33827,Hybrid
2333,644,Nissan,Altima,2017,A7H5H4P7D3A3E9U0H,27447,Hybrid
2334,214,Ford,Focus,2015,R8L4M9R7N0F2U4K6O,154543,Hybrid
2335,2110,Toyota,Corolla,2010,E0Y2L9X2Q7V7R6Y1X,82916,Gasoline
2336,357,Honda,CR-V,2010,R8U7J4G2G4J4Z3T5E,78021,Hybrid
2337,344,Toyota,Corolla,2015,W1Z6C6Z1G1D1E1X0P,87620,Electric
2338,222,Ford,Explorer,2014,Q1X0I1C7V5I8G4X6E,16955,Gasoline
2339,1259,Toyota,Corolla,2009,T7J1Q8F5R4F4C0E0G,78312,Gasoline
2340,195,Chevrolet,Silverado,2011,L2K9O2B6W0R5U6A1Y,162148,Diesel
2341,2515,BMW,5 Series,2019,Y0D6D6W9K9X1K7T0V,144424,Gasoline
2342,1871,Nissan,Rogue,2018,W6O9U8N9I8J8K3F5M,107134,Hybrid
2343,1252,BMW,5 Series,2015,J8D1O0T1N9C1G4P7I,85837,Diesel
2344,753,Ford,F-150,2025,S8P3L6Q3C9F5P1F7K,157166,Gasoline
2345,1398,Honda,Pilot,2016,Y4F1C4D1U0W8V3E6M,40529,Gasoline
2346,94,Ford,F-150,2011,R9U4W4S5F0S7B0H1M,110430,Diesel
2347,2625,BMW,X3,2020,B6X0C8L5O5X3Z4J0T,100255,Hybrid
2348,2877,Toyota,Camry,2009,N9Q7N2H6E5U2C3G4M,138502,Gasoline
2349,506,Honda,CR-V,2012,G9X7Y6U0V6P9I2O4L,106536,Gasoline
2350,2815,Chevrolet,Malibu,2012,F2R0K6H2X8E0J7K3X,22446,Gasoline
2351,699,Chevrolet,Equinox,2020,C4E0P1W1W4I6K7Y1L,170994,Hybrid
2352,599,Nissan,Sentra,2020,Q3Z2H7G3W1N0X0W1Z,8489,Gasoline
2353,2347,BMW,5 Series,2023,P6C3W2N0N5X2A6T8K,23136,Hybrid
2354,570,Toyota,RAV4,2015,A5Z1D5N2G8H2M2S0C,174052,Hybrid
2355,2017,BMW,X3,2019,P0T6B2A4X3R8L2D2Y,34449,Hybrid
2356,202,Tesla,Model S,2022,E8E3F5Y3K4M5L4D0M,53253,Gasoline
2357,1095,Toyota,Camry,2022,A7S5Z8F8D1Q5F7B9Y,147000,Gasoline
2358,784,Chevrolet,Malibu,2016,S2M5N5S1C8B9Y3Z1A,146383,Gasoline
2359,362,Toyota,Corolla,2019,I3W1Q8Z3J8C1G4E8D,77895,Gasoline
2360,2773,BMW,3 Series,2018,J1Y3D7P4E3V7K7M1F,134644,Electric
2361,2894,Nissan,Sentra,2008,P6K2S3M5G2D7A6B7P,39145,Electric
2362,1557,Tesla,Model Y,2008,C9J4Q6A7E2E6K7L7W,12012,Gasoline
2363,1074,Toyota,Corolla,2013,T0S6X5N8J4Q1L8I1E,3853,Gasoline
2364,1080,Ford,Explorer,2023,W8N8Q2S5A1S9J1D1Q,118767,Diesel
2365,2941,Chevrolet,Equinox,2009,S5Q2Y5J2G2I1F8X2M,152431,Gasoline
2366,2985,Nissan,Altima,2024,W6A5E0P3K7P6W9B1H,153703,Gasoline
2367,837,Chevrolet,Tahoe,2016,J6C2R1O9O7O1M8U9U,9747,Gasoline
2368,1768,Chevrolet,Equinox,2019,G5W2E0M4R7H7Z7Z2V,35768,Gasoline
2369,2084,Tesla,Model Y,2024,U0Y8O3Q6O3N1I7C8I,134311,Gasoline
2370,2856,Chevrolet,Equinox,2021,V2J5B7Y8D7G4A9U1A,161284,Gasoline
2371,1595,Honda,Civic,2014,E6Q9A3A6H3T6C1P9Q,173253,Diesel
2372,2424,Chevrolet,Malibu,2012,K6B4J4D4M9J9O5M8T,6537,Electric
2373,1566,Toyota,Corolla,2025,Z7U2C0O6D9R5W7Y0P,2891,Electric
2374,327,Chevrolet,Equinox,2022,J6S3A2F5B6Z6V1J9N,151866,Gasoline
2375,1349,Honda,Civic,2014,K8F1A9Q6Y9I2X7Y0Q,32285,Hybrid
2376,2404,BMW,5 Series,2024,P7M7T7L9F6J0V7H8D,85081,Hybrid
2377,1262,Tesla,Model 3,2017,X2N4X7X6H8P7E9R3K,19746,Gasoline
2378,1883,Nissan,Altima,2016,N0X9F3P4F9A4O0X0M,148180,Hybrid
2379,1805,Ford,Escape,2017,W4N1N9W0W3L6V7H1C,34092,Gasoline
2380,1675,Tesla,Model Y,2010,B0U4G5M0X9G0V5F0T,124817,Gasoline
2381,517,Toyota,RAV4,2015,J7R2Y0B0O2R9W9R7G,172861,Hybrid
2382,1048,Chevrolet,Silverado,2025,U9V4G8J3Y5C2P6D9D,134333,Hybrid
2383,1557,Chevrolet,Tahoe,2018,R0P9M1I8U4P3J4W4C,173732,Gasoline
2384,2718,Honda,CR-V,2025,I9M1W8T5O8P7D7G4V,49146,Electric
2385,7,Honda,Accord,2025,W6U4V9A7F5N7K7C6H,29541,Gasoline
2386,859,Honda,Accord,2019,T8F6O7U1Z2G5E7R2E,11440,Gasoline
2387,1750,Tesla,Model S,2018,Z9T4R3G2J3J9G8L9E,140793,Hybrid
2388,1678,BMW,5 Series,2023,G2V2O8L3M1Z2Y4T2A,168046,Gasoline
2389,1327,Toyota,Highlander,2016,B4S7S5Y7H7E8K5U1E,145115,Gasoline
2390,2355,Ford,Explorer,2018,C0E6P4X2Y1U2A0P1E,125003,Gasoline
2391,2606,Toyota,Corolla,2019,W4Z1L5W5J4R8A8U9B,53103,Gasoline
2392,2801,Chevrolet,Equinox,2019,H5I7I3H5I6N6A1U6B,86942,Gasoline
2393,2202,Honda,Pilot,2016,T5Q8E8E6U5A6F2P7I,120392,Diesel
2394,2157,Toyota,Camry,2017,W5Z0I4R5W2D6X5J8R,101627,Hybrid
2395,1324,Honda,Pilot,2022,N3M5C2H9I5K8J9X7P,32036,Electric
2396,1739,BMW,3 Series,2023,V9A9G5R9Y8A4N7H2D,67916,Gasoline
2397,1304,Ford,Focus,2019,T5S0L3Z3H3Q7A5J1D,19359,Hybrid
2398,1273,Nissan,Sentra,2021,E4Y9D0S6P6N0E3K1J,29753,Gasoline
2399,2960,Chevrolet,Tahoe,2015,O2D8F5I4N5G9N5N2U,2580,Electric
2400,2066,Toyota,Corolla,2019,N0C9C3B0F0R2M2M9V,48652,Gasoline
2401,155,Toyota,Highlander,2014,W3V6J3H2G3V4C5Y8H,23008,Hybrid
2402,707,Ford,Focus,2012,P3L4D2D8B5K1Z6S1O,74105,Gasoline
2403,881,Tesla,Model Y,2025,I0U6X6I8V1K6C4J8E,80535,Hybrid
2404,1563,Tesla,Model 3,2023,K1X0N2S9E1B2L1X3M,108034,Gasoline
2405,1041,Tesla,Model S,2024,L9B5U7T5R4C6U2R1T,114766,Hybrid
2406,138,Toyota,Camry,2024,F9X6U9T4L1R3L0C0E,72483,Gasoline
2407,2268,Honda,Accord,2017,R1I5Q5J5S3G0Q9J4D,1812,Gasoline
2408,1797,Nissan,Rogue,2015,Z5J0V3G4W4W5Q3C6C,63941,Gasoline
2409,1991,Tesla,Model Y,2020,H4H0Y5V8J4C8R9F8D,27848,Electric
2410,1708,Ford,Explorer,2016,M4Y5L9F8H7M3B5H9S,4634,Gasoline
2411,168,Tesla,Model 3,2020,S1O4Y0A6C2B1M1F2F,161732,Electric
2412,2593,Chevrolet,Equinox,2020,G4N2H8I1P9D2M5S7H,36619,Gasoline
2413,1619,Toyota,RAV4,2014,U5D2D1Q7D0R0T9I6V,78858,Gasoline
2414,2911,Toyota,Camry,2012,S6C7X2I7R3G2K6A6L,139623,Hybrid
2415,2567,Ford,Focus,2022,F0B6J5C6Y7P4Z8D4Q,179492,Gasoline
2416,700,Tesla,Model Y,2009,C3S6Q8S0O8U6A8I6T,22911,Electric
2417,2282,Ford,Explorer,2014,K5N2R1X0E4L5X0V6U,64961,Electric
2418,1394,BMW,5 Series,2022,U2Z0P2O4E1Y0O0Y6D,84392,Gasoline
2419,748,Toyota,Corolla,2020,X8F3P7R4Y7V5V1T7Q,109757,Gasoline
2420,1957,Tesla,Model Y,2020,A2N8T5L3I3R6I9W3F,168625,Gasoline
2421,1827,Ford,Focus,2008,Z0T7E9O3W6L9M5N2J,147609,Gasoline
2422,1407,Nissan,Altima,2023,N6T7Y6R5U5I0Z3O3F,22044,Hybrid
2423,2487,Tesla,Model S,2011,T0M6Q0D2R9D0J1Y5L,132849,Gasoline
2424,281,Chevrolet,Equinox,2019,U5G2K5K3K4T6F7U3F,40654,Gasoline
2425,394,BMW,5 Series,2017,D4Y4J5B5A9Y1O0N3H,80930,Gasoline
2426,2754,Honda,CR-V,2014,D2M2L1L7C8Z6M3I1D,26795,Gasoline
2427,2757,Ford,Escape,2024,A7O2D0A5Y6J4A7W5T,64603,Gasoline
2428,1115,BMW,5 Series,2023,E6I0O5I1U1U3L7E3J,115836,Gasoline
2429,2386,Ford,Focus,2018,H2R0G8F9O8B6T1W5P,10120,Gasoline
2430,2971,Ford,Explorer,2017,F5J8N0T2L7O4N4K6L,161130,Gasoline
2431,2616,Nissan,Sentra,2014,C5C1H5V8D2E3H7D2P,80694,Gasoline
2432,1929,Nissan,Rogue,2025,A6O9G9L6J1E9E3G8U,172792,Gasoline
2433,577,Ford,Focus,2013,J8P0A9G2R9L1Z8A6J,1200,Electric
2434,1659,Ford,F-150,2023,F9A0M6Z5V7O6L2E2W,63674,Gasoline
2435,1475,Toyota,RAV4,2014,N7Y2W9E7H3U0R9Q6D,156145,Gasoline
2436,450,Toyota,Camry,2009,V9U1H1A8U8X3P2F3Y,32761,Electric
2437,1864,BMW,5 Series,2022,R7G9D5U7K9G2N0R4T,60456,Hybrid
2438,2717,Tesla,Model Y,2015,X4H2G5T2V1J4N5O4S,19310,Hybrid
2439,1982,BMW,5 Series,2025,A5I8E7X3O8R6H3L8F,35494,Gasoline
2440,1380,Ford,Focus,2024,M3Z3K8W4E3B7F7P4X,105695,Gasoline
2441,2655,Honda,CR-V,2016,K7M2D8X5D3E5M7O6C,166667,Gasoline
2442,1347,Toyota,Highlander,2025,Z9C5R9E2F7V5L0V2T,170553,Gasoline
2443,974,Honda,CR-V,2012,H6Y7S6U7I2S0R2M2E,38397,Gasoline
2444,73,Ford,Explorer,2025,T4P4B6C9T3D3B6M6W,177224,Hybrid
2445,2449,Nissan,Rogue,2023,A1I2M5X5K3Q6I1P2O,79513,Electric
2446,1649,Ford,F-150,2021,Q3C4V4R8G8H1Q5D6U,12115,Gasoline
2447,793,Tesla,Model Y,2011,J0D4O9W5A1I0S4H2R,108121,Gasoline
2448,8,Honda,CR-V,2022,T1Z3O9O7Z4S1Y5F1I,79296,Gasoline
2449,2429,Toyota,RAV4,2020,D8K3L7B6H9R4E6P3R,117046,Gasoline
2450,2743,Toyota,RAV4,2023,M3X2Y4U9K7M9O3C2W,155130,Gasoline
2451,1192,Nissan,Sentra,2015,S4P4G5A5D6U1Z3S2A,33133,Gasoline
2452,171,BMW,5 Series,2018,A0Z5G4C7Q8T0A3O8Q,136343,Hybrid
2453,2925,Chevrolet,Equinox,2019,Q1D1Y5N0F2N5O2U1A,105992,Gasoline
2454,2493,Chevrolet,Silverado,2014,P4Z7A3Y6U5F3L0Z5W,102291,Gasoline
2455,2523,Toyota,Highlander,2019,K1S2M5W8L5P6W6X1P,178182,Gasoline
2456,1796,Nissan,Altima,2011,Z4G0V8H5Y1V5Y5H5I,9744,Electric
2457,2003,Chevrolet,Equinox,2009,L0T8S0P8V2P3D8N3T,142843,Gasoline
2458,1281,Tesla,Model 3,2024,M6I1U7R4H3L5K8T1U,82764,Hybrid
2459,1496,Chevrolet,Malibu,2011,D9O1N1D1S5A7H9A6L,152098,Hybrid
2460,1646,Honda,Pilot,2022,Y7E3B1X3O4Z4X6P1E,177933,Gasoline
2461,984,Honda,Pilot,2023,L5R4O1L1R0A4A9G0I,96972,Electric
2462,2435,Nissan,Rogue,2024,N5R0Z7O5D0U9N7S7R,107328,Gasoline
2463,545,Toyota,Highlander,2012,B7D2J7G4L6S2D4Y1U,140479,Gasoline
2464,945,Ford,F-150,2014,C3V1M0O0D0P2Z8F8N,91046,Hybrid
2465,305,Nissan,Altima,2008,E8Z1S7Y0B0I7T4V0A,71830,Gasoline
2466,676,Tesla,Model Y,2017,H3I0U7M6X3Q7I5C1E,129605,Gasoline
2467,1660,Tesla,Model 3,2021,G4O3P9F5K5C7B1Q2N,176758,Electric
2468,1809,Ford,Focus,2021,X4Z9O3X1U8I1U1X0L,16898,Diesel
2469,2882,Ford,F-150,2014,E1Y3Y3A6J1V4S3J9A,175496,Gasoline
2470,1492,Toyota,Highlander,2015,R9I4V2W5H9B8Y6K5J,165359,Gasoline
2471,104,Ford,Escape,2020,W2N0T4G3E8B5X3W0M,135154,Gasoline
2472,2742,Nissan,Rogue,2013,F0Q3H2V1D0M6W9M8V,109310,Gasoline
2473,2899,BMW,5 Series,2016,T1U0A6B0L4P2O6N6S,18406,Gasoline
2474,1758,Tesla,Model S,2020,B3F2U2G4H4M8P3K8Z,153401,Gasoline
2475,804,Nissan,Altima,2012,T3B0U8T7F2M7H4C6D,44080,Gasoline
2476,1321,BMW,X3,2013,Q7D5M5S0P2G8S2V1G,42198,Hybrid
2477,2630,Toyota,Camry,2023,J7B6V7Z6J6P1T8W0H,143775,Gasoline
2478,1616,Honda,CR-V,2017,M3Z1G4O2T6Y5Z2Z7E,83985,Gasoline
2479,1525,Ford,Explorer,2020,A4W3Z1A6A5G3Z2G6B,56800,Gasoline
2480,1174,BMW,5 Series,2016,Y7F4S3D8X7A1M7C9F,20530,Gasoline
2481,876,Toyota,RAV4,2010,L7F3I2M0R4M9A8U2S,100651,Electric
2482,592,Honda,Civic,2018,N8Q1X7R2H0F7J7A1B,15688,Gasoline
2483,411,Nissan,Sentra,2025,T0E1I6F9Y1K0A3K3E,155980,Gasoline
2484,2102,Nissan,Sentra,2021,F1T0M4T4X6B4B1P2P,79381,Hybrid
2485,329,Tesla,Model Y,2023,B2Y1A7B0L9J8Q8X6J,68702,Gasoline
2486,306,Honda,Accord,2008,H9P8S9C6L3Q9X2B9U,68928,Hybrid
2487,1326,Honda,Accord,2015,B5E6Y9H0Q3L7G3W1X,70482,Diesel
2488,1815,Toyota,Camry,2013,R9A7L3L1A8J6Q7D6L,44798,Gasoline
2489,7,Chevrolet,Silverado,2014,T3B3M4W4K7E5F7Q2J,133710,Gasoline
2490,1920,Nissan,Rogue,2017,O0M3I4Q3A6X2N8U5M,127090,Gasoline
2491,2710,Tesla,Model 3,2021,C5M9W1C5F5G4S2C0X,174828,Gasoline
2492,1546,Toyota,Corolla,2022,B9A7B2K8L8S7F8F2Q,38348,Hybrid
2493,1725,Ford,F-150,2023,I2X4T5Z6Q3A2O7K3D,171996,Gasoline
2494,760,Nissan,Altima,2021,G1L6V2W0G4J6D3Q4L,25091,Gasoline
2495,2145,Toyota,RAV4,2025,J0K0E5K0B7E0K2R0G,135804,Gasoline
2496,2053,Toyota,RAV4,2011,B3V8N9Z4W8B9Q1U5E,102718,Hybrid
2497,2750,Honda,Civic,2015,P7C6D9V4J3D8A5F6A,42924,Gasoline
2498,1052,Ford,Explorer,2020,U2J3C0J3A9E4G6M0C,161655,Gasoline
2499,1644,Ford,F-150,2010,Z6F4Q6P8F9U2U6H2Q,10200,Gasoline
2500,1585,BMW,3 Series,2008,Y7S8D2H9S0Y8N6D4Z,66081,Hybrid
2501,2643,Tesla,Model 3,2023,A6P6P4R3O6V2J8Q9L,4554,Gasoline
2502,2889,Honda,CR-V,2011,S2V5M7C9Q5K3U3J5E,156785,Gasoline
2503,284,Toyota,Camry,2025,W5P0C1D2Y1T1N3C9T,98479,Gasoline
2504,2232,Toyota,Corolla,2020,B5T1S5F8B9D2F7D1X,37777,Gasoline
2505,1136,Chevrolet,Silverado,2022,X0J5B0L5G5M1A6T0V,46414,Gasoline
2506,2451,Ford,Escape,2010,L5E6M6N2T8Q7H1V7E,65765,Gasoline
2507,704,Chevrolet,Malibu,2018,J2K3S9K9R2M6Y9K6A,105758,Hybrid
2508,1735,Honda,Accord,2011,G6Q4N9O8X5O9X0I2M,150285,Hybrid
2509,2900,Nissan,Altima,2025,K1X9I0X6Z5P7J3L3O,134204,Gasoline
2510,43,Nissan,Rogue,2024,O4S1A4Y0A6K4V8N3G,37610,Electric
2511,1508,Tesla,Model 3,2014,K4Z1R4Y8X3U1O0L3F,143430,Gasoline
2512,2796,Tesla,Model Y,2014,L9V7M1O6T7X5L3P9S,163437,Gasoline
2513,1838,Toyota,Highlander,2019,I1M4F1I3N9H6K2Z9U,63234,Electric
2514,1276,Ford,F-150,2023,A3Z9Z7Z4Z0P1V1B4P,89123,Electric
2515,501,Chevrolet,Malibu,2019,N8K9A9G8C9V5A1Z3N,7315,Electric
2516,193,BMW,3 Series,2017,X6Y5N0B6F5O3E7X5M,23680,Gasoline
2517,356,Tesla,Model 3,2014,V6Y5O3E5J8X8W1X8N,150277,Gasoline
2518,2320,Tesla,Model S,2023,P4E8V2Z9D4V6R3D7Q,152068,Gasoline
2519,410,Honda,CR-V,2022,R9S1J1M9H9R9W2W1A,129679,Electric
2520,788,Toyota,Highlander,2008,G0P3C4O1N7T3R7Q0W,9061,Gasoline
2521,2348,Tesla,Model Y,2009,S7E7P4R9X2K2N3U1I,80051,Gasoline
2522,1352,Ford,Focus,2008,Q3X3I2E8D3O1H7W8T,24937,Diesel
2523,2420,Ford,Escape,2025,D3Q6X5Z4V7W4R9N6B,84585,Gasoline
2524,1061,Chevrolet,Tahoe,2025,F1O9J0W1W3P8Q6F3Z,30726,Hybrid
2525,1904,Chevrolet,Tahoe,2022,A1B1Z1W7G1C0B9Y1H,175410,Gasoline
2526,1147,Toyota,Camry,2020,P5I9N9X0L4Q9F8Y3Y,59335,Gasoline
2527,2771,BMW,X3,2022,Z5C5W8I1N7Z8J9B6E,166967,Hybrid
2528,969,Honda,Civic,2023,N1M5I5T7C0N2S1V4Y,12193,Gasoline
2529,2960,Honda,CR-V,2021,N7C7I5N3N3I2H1M1U,118776,Gasoline
2530,1394,Nissan,Rogue,2016,G5N6L6M3U1E1Q6Z0Z,30990,Hybrid
2531,177,Ford,Explorer,2025,A5D1O4B6W4E2V4P0G,154286,Gasoline
2532,480,Nissan,Rogue,2014,X3O4P1X0R3F9U2W8R,142425,Gasoline
2533,1397,Ford,Focus,2008,N4P2K8O2G3L0D3J2M,76393,Gasoline
2534,2375,Toyota,Highlander,2019,P8F0S5F1J7M2M5J6M,78853,Hybrid
2535,441,Chevrolet,Silverado,2011,Z1E7X0B3Z5S3I9U8I,13928,Gasoline
2536,1257,Tesla,Model Y,2020,Z3W7P1Q4B4U7S1I3R,118353,Gasoline
2537,1714,BMW,X3,2019,J8Q8S1H5R7Z2Y2V2D,90001,Gasoline
2538,622,Tesla,Model S,2022,E5H5Q5E3K0G7X5J9I,44125,Gasoline
2539,2077,Tesla,Model 3,2017,H1Y1J4J0R4Y8R3I5M,89066,Gasoline
2540,2376,BMW,3 Series,2014,G8C2Z2K9M2L5T0S0W,3230,Gasoline
2541,1429,Ford,Focus,2024,T9V8D5B9B2Q3Y9O4I,109777,Gasoline
2542,2663,Chevrolet,Tahoe,2013,N2R0V1L2D2Y3Y3G7T,107382,Gasoline
2543,2245,Tesla,Model 3,2021,I5G1X0T6I6C3U3Z0T,125374,Gasoline
2544,1869,Nissan,Rogue,2022,A1D3K1T5D0P8F3Q6A,115589,Gasoline
2545,2333,Chevrolet,Silverado,2014,L6Z0P7N4W7P3X4J4X,148611,Electric
2546,913,Chevrolet,Malibu,2020,J1M6N4D4P0L0B7H8Z,130786,Gasoline
2547,2745,Honda,Pilot,2010,N6Q8F8C4P1L9D7W3G,22886,Gasoline
2548,505,Chevrolet,Malibu,2019,T3S7N1K6N3F2A4R4L,34583,Gasoline
2549,2707,Chevrolet,Malibu,2013,C8G9B1Q3G4P5O0B1Z,9014,Gasoline
2550,827,BMW,3 Series,2017,N4R1I7S9A2Z5S1M3U,43482,Gasoline
2551,587,BMW,3 Series,2009,W1L2X7R1T1X8X3E8Y,57037,Gasoline
2552,1553,Honda,CR-V,2016,D4C4Q0Y1C6O5X4K9Y,6413,Hybrid
2553,1548,Nissan,Sentra,2008,H9I7O0L5S0L4R5B8R,148873,Diesel
2554,1634,Ford,Escape,2008,X7D8Q2L6A6N7D5L2R,160924,Gasoline
2555,1793,Honda,Accord,2018,B8X2Z5O1W9I9A9G1V,141451,Electric
2556,371,Ford,Escape,2017,N5Q7H3V6T9I7B1S8C,36293,Gasoline
2557,136,Honda,Pilot,2009,B5S7F9L6E2N2O4L5J,100780,Electric
2558,2277,Ford,Explorer,2024,Q4V2S3W9H8V9A9V1S,88667,Gasoline
2559,437,Chevrolet,Equinox,2015,B1K0D5D5I4S0O8W7Z,31026,Diesel
2560,1049,BMW,X3,2008,F6A3F4Z9F7F1M5A5G,44204,Gasoline
2561,27,Ford,Escape,2024,U2N2R6A6S4V9A7X9D,85430,Gasoline
2562,541,Chevrolet,Tahoe,2017,P5G6K0K0W7G9M0O6Q,96225,Gasoline
2563,1738,Toyota,Highlander,2025,I3I8O8X2C8B0N8W2A,144849,Gasoline
2564,2781,Chevrolet,Tahoe,2008,D1E7P2Q1R3J1U1Q0H,47797,Gasoline
2565,692,BMW,X3,2012,T3W8V2X4T5M2O2E3O,32571,Gasoline
2566,382,Toyota,Highlander,2009,Q9S9Y3T0U5J6E8A8E,163404,Diesel
2567,856,Ford,Focus,2021,L2X2I9X7C3Z7A3I6T,155654,Hybrid
2568,1934,BMW,3 Series,2025,V4Y4Y2O1C3R6L7B1G,148836,Gasoline
2569,2036,Chevrolet,Malibu,2024,V7Z0N6N8R8G3I9R0Q,53710,Hybrid
2570,646,BMW,3 Series,2016,U2G2D9A7L7V4M1J8G,81689,Gasoline
2571,2361,Nissan,Rogue,2013,N2Q8T0U9K4W5Y5M1O,30148,Gasoline
2572,1269,BMW,X3,2020,B3Z9U8L4E7M4L3J8I,79252,Gasoline
2573,749,Toyota,Corolla,2014,U5K5H2Z7J3R6Q1A1X,142556,Gasoline
2574,80,Toyota,Highlander,2008,V5G8P4G9P2M8K6C3T,85482,Gasoline
2575,1998,Toyota,Corolla,2024,P7P1F7D7Z8C6K0N3C,82346,Gasoline
2576,603,Toyota,Corolla,2008,H2U3N3L5T0Q4R2L4V,179047,Gasoline
2577,337,BMW,X3,2008,K6A5B8W5Q0A1J4U1C,128714,Gasoline
2578,1632,Ford,Explorer,2010,D8I5M7W4M7U5I9O5A,72701,Gasoline
2579,228,Tesla,Model 3,2010,L3W5Y4K6X2C0Q3A3Q,71032,Gasoline
2580,2664,Honda,Pilot,2018,L2R5X1X0W5E6W3M2F,5194,Hybrid
2581,2790,Ford,Escape,2020,O3P2P9D6K2Z5D1A0N,178901,Gasoline
2582,209,Ford,Explorer,2013,A9H9O4V0H8A9G7E9J,60743,Electric
2583,2190,Chevrolet,Silverado,2023,D9I5Q5J6E4J9S9U7W,90062,Gasoline
2584,55,Tesla,Model 3,2014,K2Z9X8V6X5T8D6B6Q,150673,Diesel
2585,975,Tesla,Model Y,2012,R9M6Y1Z3W2O4U3X8O,146092,Gasoline
2586,1746,Tesla,Model S,2008,Q7F6D6R3F0T2W5E0J,13338,Hybrid
2587,1825,Nissan,Rogue,2018,I8L1H1D8Q2O6C3O4Y,156323,Gasoline
2588,310,Honda,Pilot,2023,W1M0Z0K1B5Y8J4V8H,70726,Hybrid
2589,2883,Tesla,Model Y,2024,Z8Z1C5F4K6O3N2I9T,26641,Gasoline
2590,1495,Chevrolet,Silverado,2011,A4F5B9Z7D4U6S8L3R,12108,Hybrid
2591,2496,Tesla,Model Y,2023,V1K1B7H8F2E3W8M4Y,127217,Hybrid
2592,302,Toyota,Corolla,2019,B4Q9Z2D5C2S2C1S0D,150304,Gasoline
2593,2965,Toyota,Corolla,2025,U7C7K8Y5U8G7A5N3Q,92992,Gasoline
2594,16,Honda,Accord,2022,A9O2M0P9U7W3T0C4O,70925,Gasoline
2595,2399,Nissan,Altima,2023,N4W6D1D2L0H0G3C2N,89751,Gasoline
2596,2194,Tesla,Model 3,2018,S6N4D2A5Q6A7Q3E6X,166078,Electric
2597,1759,Ford,F-150,2010,Y5J0E5O6O9R1B1F9Z,55815,Hybrid
2598,1157,BMW,5 Series,2010,D2S2F5M3E0P5E5D5P,158190,Gasoline
2599,1883,Toyota,Highlander,2018,O4S8O1L1N1X8T0Y3B,79852,Hybrid
2600,1225,Toyota,RAV4,2013,W5H9Z1Q8N9Q8D5V3E,147638,Hybrid
2601,650,Nissan,Altima,2021,Q3L9M5E3X8N4Q8R6H,101550,Gasoline
2602,2235,Tesla,Model 3,2024,S6Y5O8H4B4D3W6L0W,62820,Hybrid
2603,2981,Honda,CR-V,2023,K4N2R4N9M6O3Z2E3O,118342,Gasoline
2604,1967,BMW,5 Series,2022,H6F9H5J7H2F5A2P9N,45549,Electric
2605,2603,Ford,Explorer,2014,J0X8L8B2H0J3H7G8C,80641,Gasoline
2606,2126,Ford,Explorer,2022,A3J0F0G7V8D2C7S3N,130368,Gasoline
2607,1952,Nissan,Rogue,2019,B0G7K2X7W2A4L7F3C,29419,Gasoline
2608,2124,Chevrolet,Equinox,2015,U3R3N7Z5F2H1T2K4D,177800,Gasoline
2609,928,Nissan,Altima,2009,L8T7Y8P5K0E4I7T8E,71334,Electric
2610,514,BMW,3 Series,2017,U9V0C8O8R3G9P4K1H,77311,Gasoline
2611,2567,Nissan,Rogue,2009,J0U4I0N8P4Z2E6O7N,8514,Hybrid
2612,2464,Tesla,Model Y,2008,U4X4F7P3D6J0Z9C6F,17753,Gasoline
2613,1958,Ford,Focus,2015,K4S8F1V6F3S9C3K5N,109342,Gasoline
2614,2845,Honda,Pilot,2020,H7N5G7L5I4M2P2T8N,36786,Gasoline
2615,905,Ford,Escape,2009,X3S3L7V4R3J3G7S6Z,108658,Hybrid
2616,2941,Honda,Civic,2010,Y0N2W0Z9T3E8N4C8L,70867,Electric
2617,2781,BMW,3 Series,2011,G1Y2D5R4R3T0G8Q3R,87554,Gasoline
2618,1885,Honda,Civic,2011,W9C3N4P5X6N4L1D5Q,48825,Hybrid
2619,1060,Chevrolet,Equinox,2010,S3L7G7Y5Q7U1F6B5Q,129302,Diesel
2620,48,Ford,Focus,2008,H7L0B2V7X3T1V4U6O,166734,Gasoline
2621,891,Ford,Escape,2015,S1X9H2B1F3U1A7J5Y,86996,Gasoline
2622,1255,BMW,5 Series,2022,Q8J6O1X2Q8G3I9S8K,43382,Gasoline
2623,2652,Tesla,Model S,2015,U3J5X9T9J6M5Z0X8H,85183,Gasoline
2624,1953,BMW,5 Series,2023,Y0H7M4J7V1K6E4K6W,22105,Diesel
2625,681,Honda,Civic,2013,P8D5F4O5V7X0V1X4Q,113556,Hybrid
2626,2985,Honda,CR-V,2022,Z8Z8J6R8H4Z4V7A2K,62438,Gasoline
2627,587,Toyota,Camry,2014,Z5Z7H8V4R8X6I0L2M,159126,Gasoline
2628,1771,Tesla,Model 3,2009,S8Q7H8T2U3H0E1D7Q,79304,Electric
2629,1234,Chevrolet,Silverado,2017,B4A2W6E0X3M6X5Y4N,38681,Gasoline
2630,1303,Chevrolet,Malibu,2018,E6E2P3S5V1R5X0Y6P,68607,Hybrid
2631,2627,Toyota,RAV4,2013,W7Q7V7B8I1G6X2K3Q,65664,Gasoline
2632,2966,Tesla,Model Y,2012,S2N0T7Y2L7Q5U6I5M,16534,Hybrid
2633,2339,Chevrolet,Equinox,2016,M8L7Y7L8A5Z9U0F0D,59386,Gasoline
2634,2407,Ford,Escape,2020,F1W9I3A4M9J1F6Y0Z,5539,Gasoline
2635,2822,Nissan,Altima,2013,I6M8L5M2E8U6C5J7S,91400,Gasoline
2636,1871,Chevrolet,Malibu,2018,F9N8B6F4L0L2J2L3Y,52438,Gasoline
2637,907,Nissan,Sentra,2011,A5Z6G5A8W6C5Y4U7V,65059,Gasoline
2638,1395,Chevrolet,Malibu,2016,T6H1U2C2L8P1L5C0F,65656,Gasoline
2639,207,Nissan,Sentra,2014,H4X4K1T8U1R6Y4H2Q,47892,Diesel
2640,733,Chevrolet,Equinox,2011,V3H2G1H1X3H8L3F0G,40484,Gasoline
2641,2595,Chevrolet,Equinox,2008,O5Q9Q6G8S8N1Z2O4T,149936,Gasoline
2642,226,Honda,Pilot,2013,P6B1B8H6L9G8F6W5K,63867,Gasoline
2643,1638,Toyota,RAV4,2010,J1V7A1E8U5P4Y6N4H,13134,Gasoline
2644,393,Nissan,Altima,2018,Q1N6G5M9T8P4N3D7I,7928,Gasoline
2645,1329,Toyota,RAV4,2019,Z2V8A8D7D3K4O7B1D,140569,Electric
2646,1120,Toyota,RAV4,2009,F3J3A4D2L2T8T3G0U,40315,Gasoline
2647,1397,BMW,X3,2017,Y4N4V5K4O0Z2R7N4I,103593,Gasoline
2648,1525,Toyota,Corolla,2019,I7E5H5Z6K3F3T3Q8H,23464,Gasoline
2649,2118,Honda,Civic,2023,N0C8I3L0I7N7N4Y3M,20257,Gasoline
2650,88,Nissan,Altima,2019,K7K6L3A1E4Q2J8H7O,92065,Hybrid
2651,281,Honda,CR-V,2016,L2G4L9O5F5Z6B5C1C,162104,Hybrid
2652,2835,Chevrolet,Silverado,2018,V4A1R2B3Z0L7X8M5Y,130841,Electric
2653,497,Ford,Explorer,2023,F5B4N9D6T2Q7B3A1S,103347,Gasoline
2654,2588,Honda,Accord,2024,Q5X4Z5K8X1H3X7B3R,170787,Gasoline
2655,72,Ford,Focus,2015,L7K1V5O5J8M3Y6V7V,113374,Gasoline
2656,2750,Chevrolet,Malibu,2010,O1X0W3W6D2A1P0T3K,176035,Electric
2657,973,BMW,5 Series,2021,J1Q4U5T7B9Y2D8X4I,83322,Gasoline
2658,1786,Nissan,Altima,2022,J7J3G5F8G3N3T2L7R,19677,Gasoline
2659,1288,Ford,Escape,2009,H7E5V1U8A7C9H3G2V,159651,Gasoline
2660,2440,Chevrolet,Equinox,2021,N7I3T1P8Z2C1P2U1I,117256,Gasoline
2661,2810,Toyota,RAV4,2014,X6D7A9Y9X8O0X2U9D,57063,Hybrid
2662,173,Chevrolet,Silverado,2024,X8U8X3P2T5R0S5L2B,155914,Gasoline
2663,1711,Toyota,Camry,2017,C6F4S2U3B9H2V7J7M,25678,Electric
2664,1989,BMW,3 Series,2012,S8Q0S0Y3Y6Q5K1W6Z,135096,Gasoline
2665,2433,Tesla,Model 3,2025,Q1O3L8A2G7I8J7Y1B,54796,Gasoline
2666,1581,Nissan,Rogue,2011,B9K2Z0D6Y7K0Y9L7T,64220,Gasoline
2667,1938,Toyota,Highlander,2024,C4I2N3A8H7X1R7D6U,140919,Hybrid
2668,2441,Toyota,RAV4,2021,Q7R2X2V5F9D3B5Q5P,12492,Diesel
2669,1369,BMW,3 Series,2020,S7R7C2A8B4T7H7U7T,105425,Hybrid
2670,1961,Tesla,Model 3,2020,U9X6N2L1Q5Q5K0F3C,46662,Gasoline
2671,2927,Toyota,Highlander,2012,Y8W5H9A9G0A9O5Z3O,128498,Gasoline
2672,1833,Toyota,Camry,2017,A5A3A3P7O6L7Z2R7P,40958,Gasoline
2673,1721,Chevrolet,Malibu,2019,T3G5I9L4X2Y9A5A7P,74612,Gasoline
2674,2186,Tesla,Model 3,2008,T8S0K3V8U9Z4D0M8G,58681,Gasoline
2675,2452,Chevrolet,Tahoe,2024,S9B5P1L4O7U6C1X8T,153589,Gasoline
2676,2628,Tesla,Model Y,2011,J2H8X9A5A1M4F1Q0G,67426,Gasoline
2677,1891,Ford,Escape,2021,E7H2B1H3I6M3Q8D6Z,21322,Gasoline
2678,1781,Chevrolet,Equinox,2009,C1M1X1K0K7I2Z6L3X,99831,Gasoline
2679,1527,BMW,5 Series,2022,D9Y0Y3Q7P4L8O1M6Q,18424,Electric
2680,345,Ford,Focus,2011,F7I6B3K7N4F5C3E7W,111907,Gasoline
2681,2740,Chevrolet,Silverado,2019,B9M9N9D4G5N1D7K5L,159783,Hybrid
2682,1244,Nissan,Rogue,2014,I8N7H6O5Q0U3V8L8M,65759,Electric
2683,859,Toyota,Camry,2022,S4Y0V2G3I6S7U2D1W,154790,Electric
2684,1432,Toyota,Camry,2012,P7Y7H2T9S9D8S5P4I,139241,Electric
2685,877,Ford,Focus,2018,X1U0Z9J0I6Q9F6T7Y,63473,Hybrid
2686,992,BMW,5 Series,2023,L6F2B7B4H7G8E2G1L,5330,Hybrid
2687,2817,Toyota,Highlander,2023,X8K8C2A9U1A1X3S4X,146569,Gasoline
2688,442,Tesla,Model 3,2021,J2K6A3R1G1R5D4H9N,97801,Gasoline
2689,424,Chevrolet,Malibu,2008,I3F2O5N3T1U3C3I8N,38137,Gasoline
2690,1189,Toyota,Corolla,2019,Z2K5X1D4A0K3G3I0V,88846,Gasoline
2691,1212,BMW,3 Series,2018,U9L2D5Z8G9P3O9E9S,155126,Diesel
2692,2728,Tesla,Model S,2009,D4L8E4G8K7H2G8K1O,148240,Gasoline
2693,1645,Tesla,Model 3,2023,E3A6S9E2Y1B2P2L9L,165938,Gasoline
2694,554,Tesla,Model S,2023,G2L0F3E2D4A9F8W2J,81726,Gasoline
2695,829,Chevrolet,Malibu,2008,J6O4C2C5Z4M8N6J4I,74450,Gasoline
2696,123,Honda,Civic,2008,A0T2Y1E5D0K9S3L0F,152612,Gasoline
2697,2520,Honda,CR-V,2013,B7S1Y2M1R1M4Y9L2Z,81034,Gasoline
2698,2833,Honda,Civic,2023,Y2I9E3C9T8R4Y7A3P,73370,Gasoline
2699,1287,Tesla,Model S,2021,Y6K1C5Y5Q7M1F5Q8W,71664,Gasoline
2700,2537,Chevrolet,Malibu,2024,S2U8Y5V4I2B1J2K7S,130662,Hybrid
2701,2481,Ford,F-150,2024,Z8Y7S5S6Z7K4N6Q3M,99483,Gasoline
2702,1341,Ford,Escape,2022,D8H5Z9S8V2T4M8Z8W,166132,Gasoline
2703,1024,Toyota,Corolla,2012,P4I2C4V1R7A0J0O1P,10292,Gasoline
2704,1566,Ford,F-150,2019,B6T5T0C8T5F2F8E5B,123209,Gasoline
2705,1473,Nissan,Altima,2013,L6D6A5D7E1P2Q6U3Y,21160,Hybrid
2706,1075,Tesla,Model S,2009,E5R0M2K5A6N8G7F3N,27314,Electric
2707,2077,Nissan,Sentra,2013,G4Z5F0W8N4A7K9N1X,3638,Gasoline
2708,178,Chevrolet,Tahoe,2021,P6J1I4G1V8B9I4I5K,142651,Hybrid
2709,2373,Nissan,Altima,2014,S0O5W0A1W1D1Q4R0L,33815,Gasoline
2710,1991,Tesla,Model Y,2016,M0W3D8K7F6H5U2M0D,166931,Gasoline
2711,794,Tesla,Model S,2020,Y2I0D8Y8B8C9G1Q3U,109626,Gasoline
2712,2505,Honda,Pilot,2020,Z0V4R6L3C8P0P6R2G,85161,Hybrid
2713,1241,Nissan,Rogue,2017,H8H8T9O3P6U0X3R7K,41209,Gasoline
2714,612,Honda,CR-V,2025,H6N2D3J4Y0G8Q2Z6T,66314,Gasoline
2715,2967,Nissan,Rogue,2014,P3V4L9K1I1O0T0L4F,18980,Gasoline
2716,315,Chevrolet,Malibu,2022,N2T5L9A6A5C2L2U9O,79196,Gasoline
2717,2184,Honda,Civic,2011,A9I3G2G8W5M5J4R5P,8774,Hybrid
2718,1080,Chevrolet,Tahoe,2011,M0U2L9U0D3Y6U9M5R,32356,Gasoline
2719,1570,Honda,Pilot,2008,H1N9U1S8T2K1J3F4I,22852,Gasoline
2720,2326,Chevrolet,Silverado,2024,S2A2M5Z9J6I3C5V8U,33042,Electric
2721,1292,Nissan,Sentra,2012,H2E8R2I3W1X1U1P7Z,99686,Diesel
2722,1245,BMW,X3,2012,C8X2D0J0F7A1F5G2I,127954,Gasoline
2723,1186,Tesla,Model S,2014,G9V5Z9N0Z7A4P9C2U,17117,Diesel
2724,1151,Honda,CR-V,2010,V5H2E1E7L4L8B7Y6S,24941,Gasoline
2725,2304,Toyota,Camry,2011,S3V5A0Z2F9W1H7V6O,166565,Gasoline
2726,2857,Toyota,RAV4,2010,X9L5L7W6Z2D3M2A1U,61174,Gasoline
2727,2406,BMW,3 Series,2022,H2X1M8U1S0C6E9P7W,175747,Gasoline
2728,2058,Ford,Focus,2009,L6G2K9H9L3T8P0W0B,95175,Gasoline
2729,196,Tesla,Model S,2016,A8O4Y8D4P4X9M3A0M,101790,Gasoline
2730,872,Ford,Focus,2024,S2G6N1I5W3V1B3H0I,18642,Gasoline
2731,1597,Toyota,RAV4,2019,M3S1N8L6R7X0E3W2U,71741,Gasoline
2732,1344,Honda,Accord,2022,V2Y5I8T9G0A0F2O2R,173880,Diesel
2733,1864,Tesla,Model Y,2009,C8K9S4I9R8K5T8D2W,70683,Gasoline
2734,1058,Honda,Pilot,2016,Z7J6Z8D8C3Q9R2K9I,162567,Gasoline
2735,16,Tesla,Model S,2022,X3T4P1A1Z8V9O8G2L,158905,Electric
2736,1611,Honda,Civic,2015,L6I0P3P2K4G4V7I0G,161684,Gasoline
2737,291,Honda,Pilot,2017,T9L0C3P6U0M4Y2S6Z,1629,Electric
2738,1748,Toyota,Corolla,2013,Q1R9T1L9A1K5I5B3R,118706,Gasoline
2739,2003,Toyota,Camry,2019,H9W0I3N7F8O5T3S8U,104460,Gasoline
2740,110,BMW,3 Series,2010,X6F4W3X6Z4G8D0V5G,140436,Gasoline
2741,1668,BMW,5 Series,2017,M4N2P4N8Y3E8F8S6C,25304,Gasoline
2742,1592,Honda,Pilot,2009,T9G6U2O1O3B8F9K1I,76160,Gasoline
2743,2135,Ford,Focus,2017,M1M1N4X7Z0M9U3O5F,105359,Gasoline
2744,2421,Ford,Focus,2024,Q7H7N0E7Y6R0Y8S8F,71704,Gasoline
2745,50,Tesla,Model 3,2022,G5H2I2N3K9P3X5T2K,170796,Gasoline
2746,220,Nissan,Altima,2008,A1S6N3U8J8C8G0Z5T,120036,Hybrid
2747,1992,Toyota,Camry,2022,X1Y7H3K5S4V4Y5E1W,58675,Hybrid
2748,828,Ford,Explorer,2014,U8P6F0Q6V8D9L3I0A,10192,Gasoline
2749,1812,Toyota,Camry,2010,X1K5V6R7O5W3V9R5D,28449,Gasoline
2750,150,Nissan,Rogue,2009,T0T6R2P8E7L8Y8K6D,73384,Gasoline
2751,1174,Honda,Civic,2016,C8M1W5L0Z6X7Y6R7S,77498,Gasoline
2752,2425,Nissan,Rogue,2018,D9S6G3T0D7N9D4W6C,111353,Gasoline
2753,2727,Honda,Accord,2015,B8Y7Z6G7A3L9A8H1I,174033,Gasoline
2754,2873,BMW,X3,2021,S4R3P5R3N3O1O3M6G,90269,Gasoline
2755,1967,Honda,Accord,2011,Y2R1D7I6T0P0L9S2L,178680,Gasoline
2756,999,Honda,Accord,2019,I4W9X6U7Q6Z4G7Q6R,830,Electric
2757,2529,Nissan,Altima,2017,Z2N3J1J3O6B2N8H1N,154028,Gasoline
2758,879,Chevrolet,Tahoe,2019,N9S8Y6W2B5X8T3K0E,101665,Hybrid
2759,2653,BMW,X3,2023,A6N1L8R9S0V2L5C8F,120132,Gasoline
2760,1752,Chevrolet,Malibu,2017,A4U2L3B5M8M6B5T7Z,41072,Gasoline
2761,2295,Chevrolet,Malibu,2014,N6T2A3A3X8W3I8M3I,91987,Electric
2762,2547,Chevrolet,Equinox,2015,B3J8Q7O2U0Z9B0R3G,40721,Electric
2763,1857,BMW,5 Series,2025,B6F8G4J6Z9S1C3S8X,174506,Gasoline
2764,1121,BMW,3 Series,2015,W4V3M5B5G0D0M9O7H,151627,Gasoline
2765,1804,Toyota,Highlander,2020,R4F4V3X5B2D5O2W1K,9249,Gasoline
2766,2626,Ford,Explorer,2025,I7X4G3R4V8Q5M3P1F,27046,Gasoline
2767,2489,Honda,CR-V,2022,L1X8Y9G9C1E0A6I9V,33345,Gasoline
2768,559,BMW,3 Series,2020,Z1C5F0N2W8Z2K9N0H,89367,Gasoline
2769,2509,BMW,X3,2025,Y8Y9D1A9A7B8Q7M5H,49777,Electric
2770,1239,Ford,Explorer,2020,T6J0G7A7J6D4C6J7E,105526,Gasoline
2771,64,Tesla,Model S,2022,R8C3K9K9I1N0J4S3O,27140,Electric
2772,1478,BMW,X3,2018,F4Q3V8M5R6D2I9P9X,127901,Gasoline
2773,1027,Nissan,Altima,2015,L7P7C4O2H4H5C0H6F,173885,Gasoline
2774,1619,BMW,3 Series,2025,Y1N2W2O9R7P7H8L8M,104710,Diesel
2775,1320,Tesla,Model 3,2019,Z3H8R3M5N3M1Y1L3H,33567,Gasoline
2776,1349,Nissan,Sentra,2009,W3T4V3R5S3R3X0C2G,6753,Gasoline
2777,30,Honda,Pilot,2009,Z9B7Z2D8T0S8I1A4O,13059,Hybrid
2778,341,Nissan,Altima,2009,Y0D3N5D3S2X2L2Z5Q,86143,Gasoline
2779,789,Chevrolet,Silverado,2022,N9V4F9Y0D4G4K5S7Y,147785,Gasoline
2780,360,Ford,F-150,2012,O0D0A7I2N3X5L3R1Y,61052,Gasoline
2781,2098,BMW,X3,2025,N9T4M9V7Z1E7O7W1C,37182,Hybrid
2782,2347,Honda,CR-V,2020,L2Y9L0F0X8P8L5Q1T,164207,Gasoline
2783,1659,BMW,X3,2025,U7I8R5J0V0N5A0J2Q,125823,Gasoline
2784,252,BMW,3 Series,2010,A3Y0M3U4W7S8D6M5E,69626,Hybrid
2785,2770,Tesla,Model 3,2023,U9D8L3C3W5O1T4K0K,122712,Electric
2786,1299,Honda,Pilot,2019,Y6I8W3W7C8T0M8N0M,110335,Gasoline
2787,2173,Honda,Accord,2010,A4X3S1D1G4B2G1B1E,143879,Gasoline
2788,874,Honda,Civic,2021,C8R1T9A7O9I8R0N0M,21893,Gasoline
2789,1969,Chevrolet,Equinox,2011,N0B3O6A7G1D4L6U7Y,101269,Gasoline
2790,120,BMW,X3,2015,C2Z2C8I0G9N6G7H2W,41274,Gasoline
2791,2489,Ford,F-150,2021,E9A3O1L5I4Q7F2E4Y,63083,Gasoline
2792,1696,Honda,CR-V,2010,F9V8W2F1T9G6D3C5E,121726,Gasoline
2793,923,Toyota,Corolla,2012,U1J0X1U5J0M4U4I7W,151863,Hybrid
2794,2698,BMW,X3,2015,A0T4B6E5B0E2V2O0V,47603,Diesel
2795,1861,Honda,Accord,2020,U9Q0I9T5Y6E5Y3N4N,27159,Gasoline
2796,2389,Tesla,Model 3,2022,V2I9S8K7I7Y8D4N2A,68667,Gasoline
2797,678,Tesla,Model S,2018,P7K2H7F2A5Z9X8E2K,49389,Gasoline
2798,1058,Tesla,Model Y,2016,B6A0B7V7T8H5J6L2N,79479,Hybrid
2799,2882,Ford,Escape,2021,P5Y0C0T4G4M5T2L5T,142615,Gasoline
2800,1267,Toyota,Camry,2010,D2V7F6M6H4H4H7G7X,58843,Gasoline
2801,2479,Chevrolet,Equinox,2008,R2B6W8O5O9L7M3I6T,136746,Gasoline
2802,349,Tesla,Model Y,2023,J4N2L7N3H0F0D0V2M,88041,Gasoline
2803,2862,Ford,F-150,2020,F0G4F6I4U0H4Q5G7Q,44251,Hybrid
2804,704,Tesla,Model Y,2009,Q7R1D4N2H5A4Z8N7C,93909,Gasoline
2805,2922,BMW,3 Series,2008,W1B5E1P9O9A5J8T3E,70347,Diesel
2806,477,Honda,Pilot,2013,C4D9O0F2W2Q3L3G8T,108622,Gasoline
2807,2969,BMW,5 Series,2020,M6O3K1Z9C2H7S1N8U,6394,Gasoline
2808,1217,Honda,CR-V,2024,R5A6P0I0I5W1L3T1C,19495,Gasoline
2809,1412,Toyota,Corolla,2018,H2F5G5T8R0T2V3I6V,172962,Gasoline
2810,932,Tesla,Model Y,2022,U6U0G0D2L7A1O5O2X,119873,Diesel
2811,2465,Nissan,Sentra,2014,A4E0S1V2V7P7C9G9O,94610,Diesel
2812,1419,Nissan,Sentra,2018,J6H3B5X7O0F2J8L6D,18181,Gasoline
2813,2949,BMW,3 Series,2016,W0E1M1I5B7Y7L7V6M,118842,Gasoline
2814,1964,Toyota,Camry,2010,B9G4Y2L6S6N3D8R4E,177555,Gasoline
2815,895,Chevrolet,Tahoe,2008,I6S2H0W7K8K2A9G3S,138834,Gasoline
2816,1766,Ford,Focus,2022,I9U1V8X6P4F2R7G5E,27782,Gasoline
2817,841,Ford,Explorer,2013,O8Y6P7P7J5X2D4N9U,55024,Gasoline
2818,1630,Toyota,Camry,2019,W8J2Q6C0J7B1J6A9M,65838,Gasoline
2819,2368,Tesla,Model S,2012,Y5G6H6M6N3X9W2L2N,44049,Gasoline
2820,2095,BMW,X3,2012,Z4S3P6J8H1A5A3X3F,122747,Gasoline
2821,162,Nissan,Altima,2011,H0F9Y0Y0K0I1I6G5R,124154,Hybrid
2822,341,Tesla,Model S,2014,H6K4Z2P3U9X4V5E9J,45527,Gasoline
2823,1191,Honda,Pilot,2019,Y7U7N2Y5S6M9B2N6B,143307,Gasoline
2824,548,Honda,Civic,2023,V3K0A1A6V5T6B3I8C,2225,Gasoline
2825,1209,Chevrolet,Silverado,2025,K1D3Z3I7I3C2S0U9T,36604,Gasoline
2826,2793,Ford,F-150,2021,M1M5L5F2A2D3T5K9S,42486,Gasoline
2827,2578,BMW,5 Series,2014,E4N8Z9Y3Z1M2K8T2J,104193,Gasoline
2828,1360,Honda,CR-V,2019,A4R4B1W7A0S8W0I2P,24453,Hybrid
2829,331,Toyota,Camry,2019,A3Z0V3Z3V2U8K3D6Y,8983,Gasoline
2830,1049,Tesla,Model Y,2025,F5L2N3B8Q4P9T1Y0E,34289,Gasoline
2831,53,Honda,Accord,2009,B8Z8M7O2U2O8H6O2H,55498,Gasoline
2832,986,Chevrolet,Malibu,2012,P4D7U0Z7I5H2P0Y1U,84972,Gasoline
2833,946,BMW,X3,2024,P6T1V8H3W6A8M2L0E,1239,Hybrid
2834,2621,Honda,CR-V,2012,Z2T2W8Z9R7F4Z5X5T,72499,Gasoline
2835,2353,Chevrolet,Equinox,2014,Z8B4N8H6V2P5J4J8Q,30575,Diesel
2836,2295,Nissan,Sentra,2012,M8V8Z9D2G7J0G1Y0Z,8399,Electric
2837,906,Toyota,Highlander,2020,O0T7D1U6D9T0Y3P2L,32997,Gasoline
2838,2287,Nissan,Rogue,2020,Y9O5U8E5G2B4O6Q0F,124034,Hybrid
2839,846,Ford,F-150,2015,Q2E1E5D9Z7R1B8E9A,876,Gasoline
2840,78,Ford,Explorer,2010,Q0I3D5R6X7J2A4A4D,102614,Gasoline
2841,18,Chevrolet,Equinox,2022,M2I9E7W7J5H7R8D2O,8528,Hybrid
2842,2263,Ford,Explorer,2018,V5C3Z4P7M2T5S1T9V,7700,Gasoline
2843,2007,BMW,X3,2011,F9E9N6P6Y0X4B9R3K,107249,Gasoline
2844,2113,Tesla,Model Y,2013,C7N1Z2N9N8A2X0Z0B,1441,Gasoline
2845,1470,Ford,F-150,2011,F4O0H6W1L5F5L7H7E,2091,Gasoline
2846,405,Toyota,Highlander,2021,O7Q5A2B4E5Q2J7A6L,51655,Gasoline
2847,1526,Nissan,Altima,2018,L6W1M0X5E3B2I7S6B,42389,Hybrid
2848,2707,BMW,3 Series,2012,Z8W5T2A3E8R0N0U3Q,145380,Electric
2849,2654,Ford,Escape,2022,S7W6N2J7H2V6D0Z3V,117168,Gasoline
2850,235,Honda,CR-V,2016,P7B3Y4F6P1I3V1D6H,80732,Gasoline
2851,2771,Chevrolet,Malibu,2018,Y8E7F3A8X2F8Q8O7L,52529,Gasoline
2852,475,Toyota,Camry,2010,Q7T5O3H7S9A7I5R8P,86905,Hybrid
2853,2075,Nissan,Rogue,2018,M9M1B2T9U8Z5D2E2A,114638,Electric
2854,2262,Chevrolet,Tahoe,2025,X3F0E7E9V7Z3Q8L9R,141612,Gasoline
2855,1824,Toyota,Corolla,2010,I5V9B2R8T3O6F9A4J,72946,Gasoline
2856,1044,Toyota,Corolla,2008,M2N8A9C0G7T2W3N4S,94542,Hybrid
2857,2895,Tesla,Model S,2008,L4T2R7Y4J0F4C0H0B,155953,Gasoline
2858,277,Nissan,Sentra,2021,F1D6D7H8I3S2K3W3R,81633,Hybrid
2859,1508,Honda,Accord,2015,R5R5Y9T4A2L9A9Z5D,86608,Diesel
2860,2443,Nissan,Rogue,2019,M2M9F1K6R0H6N2V2R,47960,Gasoline
2861,1815,BMW,5 Series,2021,Z6I7U4I8Q6T9M3Q7B,84694,Gasoline
2862,439,Tesla,Model S,2010,M8Q9E5P7A7U4T0Z2W,178920,Gasoline
2863,2903,Chevrolet,Malibu,2008,G8G8G0J8F5U9B1K4X,80571,Hybrid
2864,1812,Chevrolet,Tahoe,2012,X4Y2C4S0M5W1E5M2C,66065,Gasoline
2865,360,Nissan,Sentra,2011,B7P9F3B3J9A2G5R9C,102488,Gasoline
2866,2337,Tesla,Model Y,2024,U7Z5C8I6I2C6R4U8C,122332,Electric
2867,2701,Toyota,Camry,2019,N2Q1S1U6P7I8T8P4R,44510,Gasoline
2868,1553,Nissan,Altima,2014,R6R8B9R1S3E8I0C8R,137257,Gasoline
2869,2106,Chevrolet,Silverado,2008,Z0T1M3L5M5N0S7S2E,51816,Gasoline
2870,2751,Chevrolet,Silverado,2012,V9W0M9J0T2G2P5U4W,133560,Gasoline
2871,29,Tesla,Model S,2015,S8V9M4L2R5H9L9F3F,130482,Gasoline
2872,2993,Toyota,Camry,2015,P3I9A4D7F4Z2T6J7T,150510,Gasoline
2873,1911,BMW,5 Series,2012,F2T3K7B8U4X1P6J3L,28059,Gasoline
2874,903,Ford,Focus,2009,B1A4S8W5J8G5J2I1P,55876,Gasoline
2875,2103,Chevrolet,Equinox,2012,X4R3X2X0L8C4C6O4G,96312,Hybrid
2876,1625,Tesla,Model S,2024,Y3X0M7R6T4X4O7L0T,134856,Hybrid
2877,2357,Tesla,Model Y,2015,H3S9I7Q3V0P0L2I9Z,123029,Gasoline
2878,2643,Honda,Civic,2008,E3W8I6R9O0S1M3R9D,1567,Gasoline
2879,1134,Chevrolet,Equinox,2017,Y1S3R5U5B8S0Q1U2L,82454,Gasoline
2880,1269,BMW,X3,2016,B9Y6W0C3B0E2C4Z7E,73141,Gasoline
2881,2382,Toyota,Highlander,2020,M8V2G3A2W6D9W7Q9I,45157,Hybrid
2882,1167,Honda,Pilot,2018,I2I4A6C9B7F4C1M8O,171992,Gasoline
2883,2327,Nissan,Rogue,2019,R4C7I2R5J4S2F7D1D,29106,Hybrid
2884,1397,Toyota,RAV4,2015,W3G9Z3E7P2T8G7O7O,152475,Hybrid
2885,1350,Tesla,Model 3,2024,Z4H9W5B5Y9K8T5D3B,164779,Gasoline
2886,1893,Nissan,Sentra,2009,F9P2W7W5C4C2R8Q8W,159351,Hybrid
2887,2074,Tesla,Model Y,2019,W4O0V5F8B7D9A0K3F,82872,Gasoline
2888,1352,Nissan,Altima,2023,B2C1K4U0W7Y7D6S4S,109719,Hybrid
2889,1550,Nissan,Sentra,2010,R5J4C0S4R9P6X0N7O,125529,Gasoline
2890,2774,Nissan,Altima,2017,J6L1D1P9L6B9D5C3C,10708,Gasoline
2891,1814,BMW,3 Series,2009,E0R6Q8D4V5J0L2D7W,171458,Hybrid
2892,1908,Nissan,Sentra,2022,V9D2U9J4J2U8P8O2A,102193,Gasoline
2893,1296,BMW,X3,2014,O8O3A2J1F8C7Y4Z9N,172882,Gasoline
2894,2081,BMW,3 Series,2023,S8M6E3U4O9R5X3I2S,140642,Gasoline
2895,782,Tesla,Model 3,2012,B8E2M4H8S6Q7P0I7I,52239,Hybrid
2896,56,Tesla,Model Y,2017,Q0X3H6R3U4Y5H6J0H,62443,Electric
2897,2271,Chevrolet,Equinox,2012,I5Y9T8O2E8P7L9H2R,87801,Hybrid
2898,357,Toyota,Corolla,2015,I8G1V5V5C9H5D7S2N,36739,Electric
2899,802,BMW,5 Series,2018,C3S2D5D5D5G0H1Y3Y,42081,Gasoline
2900,1167,Ford,Explorer,2011,Z0J2L5U1G8H3B3S8H,163833,Gasoline
2901,573,Ford,F-150,2014,J7Z6V3A8C6S8A1Y0Y,34043,Gasoline
2902,1197,Chevrolet,Tahoe,2010,I4R1S3T9K1J2M6U9F,111617,Hybrid
2903,2910,Ford,F-150,2015,H9Y4W4U8H7E5S3X5A,94068,Gasoline
2904,610,Ford,Focus,2009,Z3P9F8I6R2H1U4R3K,10133,Gasoline
2905,302,Toyota,Highlander,2016,R1X9M9M9Y4C8L4B6L,51503,Gasoline
2906,2309,Ford,Explorer,2019,X0A4K2D1K3Y9G1Q7I,72352,Hybrid
2907,656,Nissan,Rogue,2011,D3P7E0E9W8Q2M6E3C,28752,Gasoline
2908,1957,Honda,Civic,2012,E0F2H9F7M3U4D9S7F,177971,Hybrid
2909,1331,Nissan,Altima,2021,N4O1U4W4O0M1C7H3L,8276,Gasoline
2910,692,Chevrolet,Silverado,2012,E3L6H2M1L0I0N7F9B,39671,Electric
2911,2688,Tesla,Model S,2015,D2S0J3W2W6I9D6D3E,166259,Gasoline
2912,1718,Chevrolet,Equinox,2017,Z6C2R0A7Z5S0D6B4I,146634,Hybrid
2913,1520,Honda,Civic,2016,M9P8W0I7U4C6E8R1V,97419,Gasoline
2914,517,Ford,Explorer,2009,J9G1M5J5I7F3D8I5E,107425,Gasoline
2915,2047,Ford,Focus,2008,V7T6D7J7U9C6I4E4N,131157,Gasoline
2916,887,Tesla,Model S,2017,N0Y4Z7L2A0F3W9Z7A,61340,Gasoline
2917,2362,Chevrolet,Tahoe,2014,M5O4Q4L7E6S8T9P0B,157945,Gasoline
2918,120,BMW,5 Series,2009,Q5O3H5O2L6I6F0O9B,136696,Gasoline
2919,2317,BMW,3 Series,2020,N0I4M3K9S8C2L4H7X,99336,Hybrid
2920,2306,Nissan,Altima,2021,T7D2J8G1S1P6O8H1O,5053,Gasoline
2921,255,BMW,3 Series,2012,V6A2H8Z4K5B4G4T6Z,148410,Gasoline
2922,427,Ford,F-150,2020,S0N2E1G5A4W5X0F3V,120538,Hybrid
2923,98,Toyota,Highlander,2022,Q3P3Q1Q5E7G4D8G2R,18099,Diesel
2924,159,BMW,3 Series,2013,S6F0O8A0M0U9E1A9C,15132,Gasoline
2925,1268,Nissan,Altima,2016,C6W0F4Y1I0K1P2L7Y,160827,Gasoline
2926,470,Chevrolet,Tahoe,2013,D5X1F8B4Q0N7U7F2R,100741,Gasoline
2927,2811,Toyota,Corolla,2015,G8E8J8E6R5T9J6A9B,61110,Gasoline
2928,2368,BMW,3 Series,2013,G4L3L0J4A1O5O1V6H,99570,Hybrid
2929,11,Tesla,Model 3,2011,F3F0J1Z6L1G1N9Y9U,88888,Gasoline
2930,710,Chevrolet,Silverado,2013,F8Z8L9K3L6H6W8F4W,110050,Gasoline
2931,2093,Toyota,Corolla,2012,N3K7U5I7R1V6V0K3S,61625,Hybrid
2932,1860,Chevrolet,Equinox,2013,R2S4C8B8O3V2Y7D1M,14692,Gasoline
2933,2012,Tesla,Model S,2018,Z2P4C3S9K9M8I0U8I,142444,Gasoline
2934,596,Chevrolet,Malibu,2025,J5E4K7P9Z9W4Y2X6S,16789,Gasoline
2935,2842,Honda,Accord,2024,X5L2K9T5I7D1R1A5G,7261,Diesel
2936,218,Honda,Pilot,2025,B6S1L3P5G8I7Z8W2B,76819,Gasoline
2937,2062,BMW,5 Series,2019,R6W5Z0J1J5O3Z1T7M,152436,Gasoline
2938,1673,BMW,5 Series,2023,W5O6C2D3Y1C1V0N7R,3944,Electric
2939,1087,Chevrolet,Silverado,2021,S5U5V9Q3W3U2G9P2D,115833,Gasoline
2940,725,BMW,5 Series,2018,A7C5U0T2P4A1X8V5N,95340,Gasoline
2941,1923,Chevrolet,Tahoe,2016,I5H9F1S6E9R4J5W4N,130213,Gasoline
2942,1809,Tesla,Model Y,2008,O6T8F7M4Z8O6Y8C0C,1444,Hybrid
2943,1707,BMW,X3,2016,J3O9P4L9G5B2H0O7W,83882,Gasoline
2944,354,Chevrolet,Silverado,2021,A2R0C1Z6C4R6Z1G3V,37797,Electric
2945,628,Tesla,Model S,2022,P5F2O5A1S0D1E7R1Q,143566,Gasoline
2946,2100,Chevrolet,Silverado,2012,A4W0M0W6W3A4C0N5B,38937,Electric
2947,2898,BMW,X3,2010,H3D3A3C6T4P2L4P9W,169294,Hybrid
2948,110,Ford,F-150,2022,J8N4I0S3B1V7U5B5Q,843,Gasoline
2949,2644,Nissan,Rogue,2010,W5B9N0S2K4Z4W8P4L,135752,Electric
2950,2985,Toyota,RAV4,2020,B7E9O3X4Y4J5B7S3J,104784,Gasoline
2951,2827,Toyota,Corolla,2010,F8O9P4Q6A5E0B3D5R,168603,Gasoline
2952,2605,Ford,Focus,2019,X3K3V5J7F7L4D5L3S,17304,Gasoline
2953,505,Tesla,Model S,2014,T3V6F5N7W9G9D0Y9D,46165,Hybrid
2954,2805,Ford,Escape,2025,V3D5C8V5K3U8X1J6H,95124,Gasoline
2955,1634,Ford,Explorer,2010,Z7S8H9Z8Y7M0F8Z5K,5220,Gasoline
2956,2790,Tesla,Model 3,2025,J0R6M8A3U7G1Y9L8G,69100,Gasoline
2957,2878,Tesla,Model Y,2008,T5A9Y2W2W3B9I7F3D,31564,Gasoline
2958,1991,BMW,X3,2020,B0C4I2R1K8Z2Q0A5J,27440,Gasoline
2959,2658,Toyota,Highlander,2022,Q8Q7N8M9V8M1C0H7R,27621,Hybrid
2960,239,Toyota,Highlander,2017,V2S3R0M9G4Z3J1T8Q,75206,Gasoline
2961,2446,Chevrolet,Equinox,2022,D4J9R6Z2U5P9D9H6U,99933,Gasoline
2962,341,Honda,CR-V,2021,K8Z6Z0Y2I3C0T2U2M,176055,Gasoline
2963,2338,Toyota,Camry,2009,D3S5J6S1M0I4A5I1Q,632,Gasoline
2964,2034,Chevrolet,Silverado,2011,D1Z8W0O1Y0O2D0B5O,146060,Hybrid
2965,1525,Toyota,Corolla,2008,T5H6P8Z4Y2H0G7N7C,13100,Gasoline
2966,670,BMW,5 Series,2023,M9Y4Q3Z3E3Z9D0B9A,164790,Gasoline
2967,135,BMW,X3,2013,Y1P8V5D8Z5L9N5X3A,21971,Gasoline
2968,1493,BMW,3 Series,2023,C5Z9W1B4Q3Q6H2Q4M,164174,Hybrid
2969,2763,Chevrolet,Equinox,2022,I6I9V1P2K6M9T5D6P,171929,Hybrid
2970,1317,Ford,Escape,2021,Y0D6H2M9Q5F6K5B4K,156476,Electric
2971,685,Chevrolet,Equinox,2016,E9R0X0P1D9A1N7X9B,91345,Gasoline
2972,2741,BMW,X3,2016,V2J3A6V3V8E2B9Q3S,170486,Gasoline
2973,1165,Ford,F-150,2020,T8F8A3B4M0U4F2X6P,30123,Gasoline
2974,1195,BMW,3 Series,2022,F3H8C6Y2P6W9S8U5L,10815,Electric
2975,381,Nissan,Sentra,2019,Y5N7Q8S8U8V7Y3D2N,49692,Gasoline
2976,1820,Nissan,Sentra,2015,I8Q2Q9B4Q1W1E3L2P,111583,Hybrid
2977,2186,Chevrolet,Tahoe,2020,C0F9C1Z2P4O7C5I1U,30702,Hybrid
2978,1312,Chevrolet,Silverado,2024,F5H9K7N3Z1R9K5G3B,90547,Gasoline
2979,2453,Toyota,Highlander,2017,X8D8P2H3G6A0A2I2B,172807,Gasoline
2980,2115,Ford,Explorer,2020,K3G4T8V9N4L6G6U0J,133967,Gasoline
2981,239,Ford,F-150,2024,F3C0X3T3A6Q2D2B0Z,55927,Diesel
2982,1642,Nissan,Rogue,2024,B3T3D8P6L7U5Y9J1V,45304,Gasoline
2983,1047,Toyota,RAV4,2022,K5E0M7B6T3C7V1F4M,70107,Gasoline
2984,1789,Tesla,Model S,2025,M5X1B9X6V4F2U2M1C,55314,Gasoline
2985,596,Ford,Escape,2018,B4J6H6V2Q4R3A4Q4Q,116203,Hybrid
2986,371,Toyota,Camry,2011,D8N2O0F2R3G8A1C7K,15377,Electric
2987,2189,Tesla,Model Y,2010,K9Q6K6U4U0H4X9E7T,66110,Gasoline
2988,680,Chevrolet,Equinox,2015,O9L1A5E6T5H9Z5X7J,20521,Gasoline
2989,483,Nissan,Sentra,2021,L1Z8G8G2N7B0X0I0C,131592,Hybrid
2990,2666,Toyota,Highlander,2014,W8K8V7T2H8G0N9X5S,72589,Hybrid
2991,164,Nissan,Sentra,2008,F6R8G4C9I3T2I3F1P,41446,Gasoline
2992,635,Nissan,Rogue,2016,T2T1E6J3K9U7Z6T9W,91245,Gasoline
2993,1372,Chevrolet,Malibu,2008,V3K1C2I3K3A6I3D5E,87500,Gasoline
2994,1984,Nissan,Altima,2024,L0H8C9X3L3T7J6L0B,144170,Electric
2995,264,BMW,X3,2012,P4C4P3J0A4J2X1K8V,74402,Gasoline
2996,1148,BMW,5 Series,2025,S8O8Y2V6M6V1O3T9Q,117640,Gasoline
2997,2392,Toyota,RAV4,2013,J0X4Q1N4V6X7R5S2Y,65487,Electric
2998,1033,Toyota,Highlander,2025,Z3O0I9S0U6I3Q5O8A,179332,Gasoline
2999,1075,Nissan,Altima,2010,W2F0M1E1B6W0E9G4N,113164,Gasoline
3000,2193,Honda,Pilot,2018,N7C9F0M5U1W4Q4K9L,12930,Hybrid
3001,1736,Ford,Escape,2013,R9X5S1D5I9F1V3O2X,117419,Electric
3002,2124,Nissan,Rogue,2024,D6L4J5Q9B0P4D1K1G,170645,Gasoline
3003,1889,Tesla,Model S,2024,U6O2O0L2G3N1S3S4O,123874,Gasoline
3004,1057,Ford,Explorer,2024,F2V1P2T0Z3S2H7U9A,118967,Hybrid
3005,18,Toyota,Corolla,2016,M3O5D1X3T1E2X0V0D,30789,Electric
3006,14,Honda,Accord,2021,I4Y1Q8C0D0T2X8I2W,86560,Diesel
3007,1364,Chevrolet,Malibu,2022,V7W6P5B8L2Q7C4M0Q,174429,Diesel
3008,1029,BMW,X3,2014,S8E1N9J4Z4D7D5S7Y,99296,Electric
3009,455,Tesla,Model S,2008,E8J4I1R2X8K4N0Y9U,40658,Electric
3010,1207,Nissan,Sentra,2017,B1K3E9Y3T5C0N3S2Y,125940,Gasoline
3011,487,Chevrolet,Equinox,2021,S5E6L4F5K5Q1I0W3U,18825,Diesel
3012,2889,Chevrolet,Tahoe,2012,Y8F7O3Y2B2Q4O4V7I,35185,Hybrid
3013,116,Honda,Civic,2022,Z3B0U6H4W3D4G2S7U,172789,Gasoline
3014,124,Tesla,Model Y,2024,M2Q7P5I3U7J5Y1H5B,83356,Diesel
3015,538,Toyota,Highlander,2009,M4V2I1Y8P0I0E9D0J,34719,Gasoline
3016,217,Ford,Escape,2015,X5W9P0U9G9C3E2R2M,56383,Electric
3017,277,BMW,3 Series,2023,U3C0M4I1U1Q2H2V6F,141243,Gasoline
3018,1222,BMW,3 Series,2017,J7S2U7X4I0L9S3V2Z,120186,Electric
3019,257,Ford,Focus,2014,N7G8X9O5H6E8E2J7W,28061,Gasoline
3020,2862,Toyota,Corolla,2025,F5G4V1K0C5J4K5I1C,4258,Gasoline
3021,2000,Nissan,Altima,2025,E4F4A8K8L8J0U9W8F,141949,Hybrid
3022,318,Toyota,Highlander,2021,O8X8X0L3T6U5C4J5G,84110,Hybrid
3023,1358,Ford,Explorer,2024,M3W1S9B9K1G6M4M4H,135137,Gasoline
3024,1336,Honda,CR-V,2021,C0Z4J0Z0H9Z3A0F2T,78213,Gasoline
3025,2788,Toyota,Corolla,2025,Q1S9J2L2D0F8G8V6H,137405,Gasoline
3026,2715,Honda,Civic,2013,J8R5O1O9H3I2T3Y0A,137682,Hybrid
3027,1295,Chevrolet,Tahoe,2009,M8Y8H8C3K2K6S4L7J,161312,Gasoline
3028,1271,Tesla,Model S,2024,G4A9U5K6N6B0L8G5C,46533,Gasoline
3029,148,Honda,CR-V,2022,E0Q7Z8K6U3R2K9H6T,86571,Gasoline
3030,2763,Honda,Civic,2015,N3J5S3C0W1V1C3E1C,44425,Hybrid
3031,374,Tesla,Model S,2022,I3V9K7N0L2I7A1P2X,44431,Gasoline
3032,1772,Honda,Civic,2014,Q4L1Y7C7R3C3E4T2Q,100543,Gasoline
3033,1969,Ford,Escape,2022,M8Z5K3Q4I0D5A1U2A,143405,Gasoline
3034,1931,Chevrolet,Equinox,2013,E4C5Q3Y1D5B4U2O5M,38255,Gasoline
3035,2959,BMW,5 Series,2008,Z8P0K4B0O8J8K4E4A,64253,Gasoline
3036,2299,Tesla,Model Y,2022,H6U3P3N2Y4H9G3H3R,59874,Electric
3037,1666,Chevrolet,Silverado,2008,Y4V0Z2X7F1W5L4K8N,48209,Hybrid
3038,2613,Honda,Accord,2016,Y7R2W6A3V1K7Z3K2G,166514,Gasoline
3039,1968,Nissan,Sentra,2019,U6F3W1Y5P8M6A4B4G,64127,Gasoline
3040,2664,Chevrolet,Malibu,2014,P6I9F5G4R4Z5R0X5T,34333,Electric
3041,2640,Nissan,Rogue,2023,V9U0C6Y8B0N2Y6Q4H,10081,Gasoline
3042,2174,Ford,Escape,2018,W2I3X3H4X7O2T0Z4N,93941,Hybrid
3043,516,Chevrolet,Malibu,2009,I2Z5E4R3Q9G9K5P8A,121684,Gasoline
3044,698,BMW,X3,2012,F8U9R0C9H7N1V1K6C,144876,Gasoline
3045,1279,Nissan,Rogue,2008,F6Y1N6X9F0J7W0Y0L,43286,Hybrid
3046,1402,Toyota,Corolla,2018,Y4J5H6E5S8U0K8U8P,89039,Gasoline
3047,1877,Chevrolet,Malibu,2022,Z4S3P7C7Z6S3U0F4W,170694,Gasoline
3048,1953,Toyota,Camry,2021,O1B3H4G4I7O1A1Z8A,146754,Gasoline
3049,2612,Toyota,RAV4,2021,J8M6M6C5Z5S7X5C7S,75339,Gasoline
3050,2162,BMW,5 Series,2015,D9S4Z2M5Y9W9C0P8S,102991,Electric
3051,2494,Nissan,Rogue,2020,E9U6U3N1M5O1E4J0A,3163,Gasoline
3052,2046,Ford,Explorer,2021,C3C8X8A0S6T2Z3I5L,60338,Gasoline
3053,2826,BMW,3 Series,2010,H6Y4Q4X5F9E2G5F8O,43238,Gasoline
3054,2190,Tesla,Model Y,2019,X9Q4C0Q9E7M7K2V7J,122461,Electric
3055,2701,Chevrolet,Silverado,2008,H1Q6F2B1K2G1V5V1V,111449,Electric
3056,2387,Honda,CR-V,2018,G9L6X8O1V3H0L3D8T,155905,Hybrid
3057,1125,Ford,Escape,2021,Q1O1A2F4W4U5J6J5M,8829,Gasoline
3058,243,Toyota,RAV4,2014,D4U1J4U3U1C2I1R3G,22819,Gasoline
3059,1004,BMW,3 Series,2015,R7S9B7G8W1O4R2W7A,151474,Gasoline
3060,2955,BMW,3 Series,2015,A0N0U6M7U3K2C1W9G,132765,Gasoline
3061,2230,Nissan,Rogue,2012,U4J6D3Y6G1I9C6E2T,59179,Gasoline
3062,2246,Chevrolet,Silverado,2018,X4N7I2S7R9U5O2W0P,20343,Gasoline
3063,1500,BMW,3 Series,2011,L4F2N6G8S7J9X5S7G,57767,Gasoline
3064,1654,Ford,Escape,2018,V2H0K8J5Y9L5S1R1O,120662,Gasoline
3065,2012,BMW,X3,2022,D8G9X2M5Q6M4L8N1S,43937,Gasoline
3066,1561,Chevrolet,Silverado,2018,W9B9M1J4L2Q5O6R4S,96396,Gasoline
3067,1896,BMW,X3,2019,Z8H7H9B5E6N5T2U9Z,152901,Hybrid
3068,1396,Ford,Explorer,2023,W4K3G7M7D5D0U9O4S,149488,Gasoline
3069,105,Tesla,Model Y,2019,B5W3T5D9I4F4R7Z2J,90311,Gasoline
3070,549,BMW,3 Series,2020,T8B2B8Z5M6Y0I2Z6I,148125,Hybrid
3071,1231,Toyota,Highlander,2011,L5R0Z2H0K5S5K1X1Q,135227,Gasoline
3072,2291,Nissan,Rogue,2010,F8O2L4M9V5B6Y0F7O,59287,Gasoline
3073,2715,Honda,CR-V,2012,K0O2P9L4T8C2M5X0O,96699,Gasoline
3074,2643,Toyota,Highlander,2024,B6V3I5T6N9M6O8K6R,131735,Gasoline
3075,2663,Nissan,Altima,2020,H7I4I5A5V6A3D4H1W,82638,Gasoline
3076,1227,Toyota,Corolla,2010,M8V2A7K7S6J2S9X1J,98610,Gasoline
3077,611,BMW,5 Series,2018,D9E8D4C7E5T1U0X8J,16239,Hybrid
3078,2584,Toyota,Corolla,2023,I3I7G0Q3Z4Z4J7G3C,101613,Hybrid
3079,106,Ford,Focus,2014,A4Z2Y4V8P3M9T9L7G,134951,Hybrid
3080,233,Tesla,Model 3,2017,T5G1Q9P5C8Z4C7I6V,49927,Hybrid
3081,2964,Ford,Escape,2013,M5B4F4M7A7X8P2E3M,24502,Hybrid
3082,40,BMW,5 Series,2017,O5N9D5U4M4U6Y0S3A,45817,Gasoline
3083,1187,Nissan,Rogue,2015,W2X5J8X2B2A1E5T2D,169316,Electric
3084,370,Nissan,Altima,2016,P2I6E1O0Z3R4V1N9Y,46644,Hybrid
3085,2943,Toyota,Camry,2019,A4Y2B9I5W6E2F8P9P,173524,Gasoline
3086,2898,Chevrolet,Equinox,2009,O7I0O8K3H6G9E6T0E,7554,Gasoline
3087,363,Nissan,Rogue,2016,H2H5S4U0E6I1C3N8T,36229,Hybrid
3088,1331,BMW,3 Series,2012,V2S8W2N5V1V4O0C3F,79795,Gasoline
3089,836,Toyota,Camry,2011,T1C0F0U1Y2Y9N0E7W,79825,Hybrid
3090,2058,BMW,3 Series,2016,G2C4C6J1L7L3D4N9W,96677,Gasoline
3091,2835,Honda,Accord,2021,W4O8A9S3W7L8H1P1X,46611,Electric
3092,761,Chevrolet,Tahoe,2010,S7O5B1T8Y6Z4I1Q9V,129886,Gasoline
3093,478,Nissan,Altima,2011,D8W7C6B5A7L4W1Z7Q,40014,Gasoline
3094,2059,Honda,Civic,2014,Y6N4Y7Y6A1D2Q0T8O,22410,Diesel
3095,2426,Toyota,Camry,2017,D2R5B8T0O1J7V4Y5L,80536,Gasoline
3096,2233,Honda,Civic,2025,W8Y8Q1T5J9Z8M8G1J,169510,Gasoline
3097,1238,Toyota,Highlander,2021,Q5W8O8F6Z8P4A2A3E,94993,Gasoline
3098,2102,Toyota,Camry,2009,J5E8Q1B4S6E3F4Y6H,40891,Gasoline
3099,1608,Honda,Accord,2018,S4D6X2J8X7L8F1K3Q,147716,Hybrid
3100,1812,BMW,3 Series,2011,F8Q8N8X7O8Z2V1P2N,40242,Gasoline
3101,221,Chevrolet,Tahoe,2023,D9X6I4D0O2B2S1D6B,79246,Diesel
3102,1984,BMW,X3,2010,Y0F3H9J7F0N6L9H3V,22802,Gasoline
3103,2307,BMW,3 Series,2025,V3F0E6W1R3H8X3R3F,24680,Gasoline
3104,147,Tesla,Model Y,2017,A1G5U1A0Z3N8Z7G8M,84663,Hybrid
3105,2959,Toyota,Camry,2015,M9E5L5W7E8H6A4N9P,54487,Hybrid
3106,1080,Toyota,Corolla,2016,A5Q5I7U1P6Y3M7H0F,155802,Gasoline
3107,1049,Toyota,Highlander,2010,E2D4W6G1D0N7V8D4V,136615,Gasoline
3108,2931,Chevrolet,Equinox,2009,X4H9A5D8Y4F3S2M5K,130505,Gasoline
3109,1467,Nissan,Sentra,2012,X0N8D7K1M8H7E1P3S,171684,Gasoline
3110,856,Honda,Civic,2020,N7F9D4B3L7W1O6L5Y,31346,Gasoline
3111,2632,Nissan,Altima,2023,Y3X6Q4Q9J5X3B6R6U,132575,Hybrid
3112,2827,Toyota,Camry,2018,H3R6E0I9K5Q6O7G8D,115710,Diesel
3113,843,Toyota,Corolla,2020,R2I2X8K1K9G9J1A8K,16340,Gasoline
3114,56,Nissan,Rogue,2008,I9N1B8U9M3U8K9U1J,91036,Gasoline
3115,1627,Ford,Focus,2020,L3N1P2H4P1Z1J4B8S,158991,Gasoline
3116,894,BMW,3 Series,2015,E3C1Z4J9Z8H5J5H7P,121404,Gasoline
3117,2142,Chevrolet,Silverado,2018,B7A5S0M5M3A3V6M0R,2833,Hybrid
3118,1124,Tesla,Model Y,2010,Z7W2N6X6R2H4Y5A6W,172457,Gasoline
3119,748,Chevrolet,Malibu,2015,A5P8C8G4X3E3Q7P3S,57176,Gasoline
3120,1383,Nissan,Altima,2020,H4A8C2B8Y0W7G3J6Q,140620,Hybrid
3121,2841,Ford,Explorer,2025,A0G6P2U0I4A7W7C2C,138422,Gasoline
3122,997,Tesla,Model S,2013,P7O8A9W5O4V1Z1I8P,123214,Gasoline
3123,764,BMW,3 Series,2023,W1W3W8X7Q2P6Y6A6W,37761,Gasoline
3124,2255,Ford,Escape,2019,H1S6Z7W9H4L7K7Z0K,89016,Hybrid
3125,867,Ford,Explorer,2011,J8K6K2M8R9J9W3V5F,163083,Hybrid
3126,880,Tesla,Model Y,2008,C4O3P6B4S4I2D0F8C,81978,Gasoline
3127,2031,Honda,Accord,2021,K9C0M0W6O4S7Q1L5E,142755,Gasoline
3128,1624,Honda,Pilot,2014,K8U7T6L0S4T8E6P2K,147980,Electric
3129,2179,Honda,Accord,2015,X4S6B0L3D6H7T6Z5B,4954,Gasoline
3130,1046,BMW,3 Series,2021,F1D1D0Z3Q7Q1U9B2D,115574,Gasoline
3131,1121,Ford,Focus,2021,B0V3O6Q0H6S2M1R9T,136096,Gasoline
3132,1610,Chevrolet,Equinox,2011,D2Q2T8V8W1A6M5Y9S,61025,Gasoline
3133,1640,Toyota,Corolla,2009,J5E3B4D8T8H7G5H8R,60264,Gasoline
3134,2356,Ford,Explorer,2013,X1S7L6N0Z5V3R3Q5T,116437,Gasoline
3135,1468,Toyota,Camry,2016,Z6C2M4U6O5T1E4Q6J,135080,Gasoline
3136,1104,Tesla,Model 3,2011,C0H0K4A2K3D5X1N2Z,66838,Hybrid
3137,2229,Ford,Focus,2013,V3I1K3J6Z2D0D8F2K,30054,Hybrid
3138,281,BMW,3 Series,2020,Z7N7G6Q4R0Q4R9J6N,19555,Gasoline
3139,1258,Chevrolet,Silverado,2011,S0I6L3P1E7T8O9H7F,101873,Electric
3140,312,Nissan,Altima,2020,D6B0X8E9W0K5L1F0W,23916,Gasoline
3141,1364,Honda,Pilot,2008,Q6U3D5D6J5Z4O2W2G,90073,Gasoline
3142,1437,BMW,5 Series,2020,O0W1U9P6U9D8X8K1Z,68186,Gasoline
3143,2075,Chevrolet,Malibu,2020,O7J0J2D9S7A1I1H6T,67474,Electric
3144,1852,Nissan,Altima,2023,F0H1B6D8V0E1D3Q8Y,23963,Diesel
3145,1189,Nissan,Altima,2014,Z2M8Q5Z9O4X1W2U2S,177881,Gasoline
3146,1385,BMW,5 Series,2016,I5D7D9M4X3N8U9X3Q,149031,Gasoline
3147,37,Chevrolet,Tahoe,2008,J1M7N2T1H8R3V9C6D,61020,Diesel
3148,2462,Nissan,Altima,2010,I5K5C9P3C6A4O5I7T,108939,Gasoline
3149,614,Honda,Accord,2023,D3P2K9J1Z2E5C6A2M,58314,Diesel
3150,2814,Chevrolet,Tahoe,2016,E6R9L4J4I9R9T5B1X,33453,Hybrid
3151,851,BMW,X3,2022,Y8V3E7H4P9Q7Z5W5V,102887,Hybrid
3152,2380,Honda,CR-V,2009,D4O3B4C5K0J0K2B0J,85655,Electric
3153,2399,BMW,5 Series,2008,M9M4C6A7U2R2G1F5W,51271,Gasoline
3154,1665,Nissan,Sentra,2010,U6M3B8M9U6I7A8C3L,179536,Electric
3155,465,Ford,F-150,2025,I5C4W6Q5O8V7G3A0D,18753,Gasoline
3156,79,Nissan,Sentra,2016,C3L3T4A7D4E0L9A6Z,63558,Gasoline
3157,2302,Tesla,Model S,2016,Y7N5A2H8P3Z1P9Z8Y,71805,Gasoline
3158,139,BMW,5 Series,2022,F3C7Z1I3N1U7A7D2I,4588,Hybrid
3159,2919,Honda,Pilot,2018,J8Q0F9I4Q0I5Z7X2C,173715,Gasoline
3160,743,BMW,3 Series,2017,U5W9E1H3K6C6N9F5H,156191,Diesel
3161,1753,Ford,Explorer,2020,A3D8U6T7Z4P6G0U0B,151515,Gasoline
3162,2849,Honda,Civic,2023,U8B8E2Y9M6W7X8Q2N,93227,Electric
3163,691,Honda,Pilot,2018,N5K4R6L5O6E4O9Q2D,131700,Gasoline
3164,2943,Toyota,Camry,2021,I5G9O7C6L9S3I9Q8J,18020,Gasoline
3165,1254,Chevrolet,Malibu,2016,E4D0S4B6N1B7U3D6Y,121337,Gasoline
3166,2397,Nissan,Rogue,2018,N0T0M1X7T8X8O9U7I,48767,Gasoline
3167,2915,BMW,3 Series,2021,B8L5U2Q8Q1I7B2M1V,56299,Gasoline
3168,1141,Nissan,Altima,2021,J4H4E1E1A6M6B4U8L,135343,Gasoline
3169,218,BMW,3 Series,2009,L4F7P3E7Z1H1N4Y5K,24223,Gasoline
3170,2798,Chevrolet,Silverado,2012,E9S2X6G6E2T0C6B3K,163805,Gasoline
3171,1660,BMW,5 Series,2022,K2T7V1X4F0B7R7D2V,20132,Hybrid
3172,2320,Honda,Civic,2016,E4U3J9K2D8L5W4Q2P,79598,Gasoline
3173,2563,Toyota,RAV4,2013,R3M9A8M8B0M5D8S7J,167511,Electric
3174,2924,Nissan,Altima,2018,D8O3O3W9Z5K7L6C9R,92408,Hybrid
3175,2622,Nissan,Sentra,2014,Z0F9Y6B3E4B7N4L2V,56406,Gasoline
3176,2921,BMW,X3,2023,X7M7N1E5O4C9F1L2K,94662,Electric
3177,511,BMW,5 Series,2025,Q0U7H3T7J3X5C8B3I,173395,Gasoline
3178,1550,Honda,Pilot,2018,S8B6C2K3Y5S9E3S9O,72306,Gasoline
3179,340,BMW,5 Series,2011,O7F3K2N5P1H3C5Y5L,90061,Gasoline
3180,1920,Honda,Civic,2024,O3X7M8L4B2Y7C6V2D,10335,Hybrid
3181,299,Tesla,Model S,2016,C4Q2V9X1O0Z6T6N9D,1031,Gasoline
3182,1707,Tesla,Model 3,2011,G7J2H3I1N1S6A6G2R,31763,Gasoline
3183,1564,Chevrolet,Equinox,2016,Z4F0U5K0N5Y0S2F8M,170798,Gasoline
3184,2362,Toyota,Corolla,2009,K3U0O3B8Y9Y2U2U7L,120424,Gasoline
3185,2005,Ford,Escape,2017,A6Q7S4Y8E2F1R7C8U,56306,Diesel
3186,2239,Nissan,Sentra,2024,M5J4V1W1G0Q0Z5I2W,171295,Hybrid
3187,2036,BMW,3 Series,2015,C4D7M0E0D2U6K5H5I,175901,Gasoline
3188,20,Ford,Focus,2022,E6E0C0A7X1E4W7M9M,15312,Gasoline
3189,1396,Tesla,Model 3,2012,W3K8H9L0F2I5O0T9V,64004,Gasoline
3190,2662,Toyota,Corolla,2010,V2K3D2E8X6I3A0Z2A,145970,Hybrid
3191,1664,Tesla,Model 3,2013,D3B0U5R8Y4W0M8V5S,127134,Gasoline
3192,2728,Tesla,Model 3,2021,V4B4M5U8G0U9X3G9X,106895,Gasoline
3193,1763,Toyota,Corolla,2025,K9O8V3C7J2P7W5H7E,95025,Electric
3194,881,Nissan,Altima,2025,D2F3H1V0W3P1T9B0H,150208,Gasoline
3195,1679,Ford,Focus,2010,X8C1G8N4A4A9O3I3V,81093,Gasoline
3196,548,Nissan,Sentra,2024,T8O2J1N8U7I8J6N5A,28920,Hybrid
3197,2798,Toyota,Camry,2014,X8B9M9R8T8B1T3T9D,124333,Gasoline
3198,1831,Nissan,Sentra,2008,G2X5L2J0N0R9X1X0U,12727,Hybrid
3199,2587,Chevrolet,Silverado,2024,V1X1D6K0Z5E0M6J1Z,134748,Hybrid
3200,673,Chevrolet,Tahoe,2015,M1D7E7L6M2T6L9P7D,10090,Gasoline
3201,2338,Nissan,Sentra,2009,G4W5A3I9M6M1Z6Q1O,135464,Gasoline
3202,2755,Tesla,Model Y,2012,G9T0H8P9Q1Q1C1O6J,114583,Gasoline
3203,2803,Ford,Focus,2021,L8H4K7C3H2J1W6Y6T,46637,Gasoline
3204,1174,Ford,F-150,2023,D5M4T5S3B7I0O0R3K,176974,Electric
3205,1298,Nissan,Rogue,2020,G2M2Q2T1B3C0B6W0H,116273,Gasoline
3206,2773,Chevrolet,Tahoe,2019,N3B7E2W0L5I9K6K7Z,72898,Gasoline
3207,2057,Tesla,Model S,2013,I3D7S3J5E4T6M0Y2W,27491,Gasoline
3208,1953,Tesla,Model Y,2023,A8Y7H4X8D5X7N4D6S,151860,Gasoline
3209,1259,Nissan,Altima,2014,R3M0P3C4P7F8L3N0F,88015,Hybrid
3210,762,Nissan,Altima,2009,R3I0G0D0Y3A1J8R8D,115178,Diesel
3211,888,Chevrolet,Malibu,2009,V3J3N8F2A6Z5Z3E6S,33269,Electric
3212,704,Chevrolet,Equinox,2019,R8S1O4D0I6H4B1E2X,97812,Diesel
3213,2506,Honda,Accord,2008,Y0J5S6Q6P8Y8L7M8H,9152,Diesel
3214,1561,Chevrolet,Equinox,2009,G2Q0N3R6P8J5G3O7C,60032,Gasoline
3215,2652,Chevrolet,Equinox,2012,R5T7J4I8I5I5M9H3C,39424,Gasoline
3216,501,Chevrolet,Tahoe,2019,X3T6X3N9H3J0H9Q2O,33305,Gasoline
3217,2593,Tesla,Model 3,2023,T1E1T3D8S3E0M2U1A,151168,Gasoline
3218,860,Toyota,Camry,2019,F7O7T7B0P8F0N3L3J,105210,Hybrid
3219,796,Nissan,Rogue,2014,H5N0W9U5U5D5A7T1Y,36152,Gasoline
3220,531,Honda,Accord,2016,C6T6L9L1L0L8V4P7V,39677,Gasoline
3221,2129,Ford,Focus,2013,D2P0C5V3E4N1N9I6Y,61023,Gasoline
3222,2762,Nissan,Altima,2023,Y3Q4N2O0S6J0T1J2U,46824,Gasoline
3223,418,Nissan,Sentra,2014,P2H1E0D6H3S1X6G3J,9765,Gasoline
3224,29,Honda,Pilot,2009,T4K4K4U6J9W3A8B5H,142901,Hybrid
3225,1029,Ford,Escape,2014,T5O4M5U4A9A9M6P1F,9420,Gasoline
3226,810,Chevrolet,Silverado,2016,S4J9O5L0M6N9S5D8Q,50592,Gasoline
3227,2590,Nissan,Altima,2011,B9H9J5H1W4A0H7O8E,164797,Gasoline
3228,2185,Nissan,Sentra,2014,X2I7J9Z7V2E1B8G3C,74144,Gasoline
3229,1475,BMW,3 Series,2012,L3B6H4H4T1X2H9H4V,169758,Gasoline
3230,1104,Tesla,Model S,2008,F4F8D4F5M1M6B1A4H,122328,Gasoline
3231,1956,Toyota,RAV4,2011,N2H6P3E8Z8Y0V1U7T,110853,Gasoline
3232,1212,Chevrolet,Silverado,2020,J5D9T0L6J9K3Y6Y5K,97369,Electric
3233,2982,Ford,Explorer,2017,G2S7K1N8D0O5J8Q9O,38269,Gasoline
3234,2543,Chevrolet,Malibu,2022,D9H4R7J5I5K2X0I6H,175800,Gasoline
3235,845,Ford,F-150,2018,A2J4Z8L4Y5E9I2B5A,38633,Gasoline
3236,2140,Chevrolet,Malibu,2021,J4G1Q7H7D4W0A0X4M,139257,Gasoline
3237,2156,Honda,CR-V,2012,F3S8X7P3J3R8V0O6F,146276,Gasoline
3238,906,Nissan,Sentra,2009,V3I9L4C0V6K1Y2C8D,158633,Gasoline
3239,892,Tesla,Model Y,2024,N9B4V9W0M4Y9H4F0H,178160,Gasoline
3240,975,BMW,5 Series,2008,X1U4B5R7U3Y1F4M9A,43748,Gasoline
3241,1415,Tesla,Model Y,2021,V0O6H5V0B0C1G3S6V,95607,Hybrid
3242,524,BMW,X3,2008,J8X7P5G1D0G2C7J2A,87432,Gasoline
3243,1659,Chevrolet,Tahoe,2024,K4M1Q2I0A6R5J3G2H,167720,Hybrid
3244,915,Toyota,Highlander,2022,Z7F9D5V3C7Y9S6L5R,78530,Gasoline
3245,2328,Chevrolet,Silverado,2017,J7I1Z9V1N4V6S5T1E,151758,Hybrid
3246,2292,Chevrolet,Malibu,2012,A6X1W6Q6G2I8C2T5S,153480,Gasoline
3247,947,Tesla,Model 3,2008,S8Q1K9H6F8I4X0V2F,138843,Gasoline
3248,1562,Ford,Escape,2023,Y4L8W7X4E9K3M5U7E,44775,Gasoline
3249,992,Ford,Explorer,2020,J7D5B0R5U8B5D4W1G,177972,Gasoline
3250,2444,Honda,Pilot,2015,Q5N8J7L2L6X6I5D5C,158760,Gasoline
3251,824,Ford,Explorer,2008,T5V9U0J1U5L8V2V7Y,146338,Gasoline
3252,1484,Ford,Explorer,2021,W6I1S0D4V1N2T5M0E,114658,Hybrid
3253,306,BMW,5 Series,2014,V5U0I2F2D8E6U8U4L,123689,Gasoline
3254,220,Chevrolet,Malibu,2009,N8H5M8D3K5P0A5J1S,39721,Hybrid
3255,1916,Toyota,Camry,2012,E4A9Y1V3E5D7N2X9L,53983,Gasoline
3256,1438,Chevrolet,Malibu,2013,N6C6L2Y4N2J1F6M2V,102872,Hybrid
3257,697,Chevrolet,Malibu,2013,V1K2G4J4R7C5K5M9K,54109,Gasoline
3258,2312,Tesla,Model Y,2016,P7U4W5Y0T4U1L6C7W,56553,Gasoline
3259,21,Toyota,Highlander,2020,G6M0T8J3B1I8V3J8D,25675,Gasoline
3260,2248,Toyota,Camry,2017,M9S9A9E5K6Z7K0A2P,136656,Gasoline
3261,1812,BMW,X3,2008,F5U8H3X4A6G5P7S6R,54992,Diesel
3262,1268,BMW,3 Series,2021,R3T6F1P5O1Y4O0S9U,80245,Electric
3263,2106,Chevrolet,Malibu,2023,M2U9V5S2B2Y3F3M7K,94191,Gasoline
3264,1984,BMW,5 Series,2010,S9C6R7R7K5X9E7P8L,113417,Hybrid
3265,2456,Nissan,Sentra,2008,A7U8T0B5R8U3V4H6W,52359,Gasoline
3266,2616,Chevrolet,Equinox,2019,P9K9T8B7E2Z8J0D2Z,147098,Gasoline
3267,1012,Ford,Explorer,2023,V8V5D8Z4B0R6F4G0V,71776,Gasoline
3268,2023,Tesla,Model Y,2016,S2K8G1W6U1F0R4R6U,56443,Hybrid
3269,234,Honda,Pilot,2025,B2H7S1J6T8Q9O2Q2I,85849,Gasoline
3270,1594,Tesla,Model 3,2018,C5K1I4V7J6Q0K7Y7E,114989,Gasoline
3271,2222,Toyota,Corolla,2022,A6C6Z8D7K2S2G8M9O,79914,Hybrid
3272,2211,Chevrolet,Silverado,2024,D6X6N8A2P0V4J0S5J,132216,Gasoline
3273,1082,Chevrolet,Equinox,2015,P3E3K4J7H6C0V9A6Y,93498,Gasoline
3274,1307,Nissan,Rogue,2024,N4Y4K0M9W3L8E3T0O,162759,Gasoline
3275,1325,Toyota,Highlander,2013,W8R6C7M5T9U6M8L0R,15640,Gasoline
3276,1611,Toyota,Highlander,2016,N4D8S5Q1J4R0U4C5K,159951,Diesel
3277,1222,Honda,CR-V,2015,P0R3T5N3J3J5T4N3V,61368,Gasoline
3278,725,Tesla,Model Y,2018,S0J7E1L3G7P3Y2H6L,29885,Gasoline
3279,132,Toyota,RAV4,2020,C6Q1L7J2G1P5D0J0X,62139,Gasoline
3280,2237,Toyota,Camry,2024,N5H7U2H9E0W3A0A8J,12298,Gasoline
3281,2548,Nissan,Rogue,2021,Y3N0K9P1W9I4Y9W6K,76715,Gasoline
3282,869,Toyota,RAV4,2009,B7R0L7T2R1I9Q7A0Q,125526,Gasoline
3283,1763,Chevrolet,Equinox,2022,Z5W9V4M8A1J7W1P2S,153287,Gasoline
3284,333,BMW,3 Series,2021,J6I3Z7S3F6K1D6P9V,49327,Gasoline
3285,974,Nissan,Rogue,2009,B7P9T9O6Z4Q2D6P6S,151115,Hybrid
3286,2258,Chevrolet,Equinox,2019,K2L2J9Z7G4X4F2M4O,107657,Hybrid
3287,2616,BMW,X3,2010,A9A0E4I6S4S3I2L0K,148094,Electric
3288,503,Toyota,Camry,2017,J3U9G8U3R4Y9K1V0C,82775,Gasoline
3289,1528,Honda,Accord,2014,X8A5G0G1K1N9T9L1C,34846,Electric
3290,412,Chevrolet,Tahoe,2008,E0P8Z8E9O0H3Z2W4D,59069,Gasoline
3291,686,Ford,F-150,2008,F5O9Y3D4T5S6M2M5Y,154148,Gasoline
3292,2125,Nissan,Rogue,2014,Y3P2O8S9Y4H9O4I3M,3530,Gasoline
3293,1206,Toyota,Camry,2013,D4Q0V9A6L0H1V9W6N,93251,Electric
3294,2290,Toyota,Camry,2019,X9I9V4G0I9D1N0J6O,14865,Gasoline
3295,2489,BMW,3 Series,2017,G2O0D1L8Z9N2U8I1U,149451,Hybrid
3296,2562,Toyota,Corolla,2020,A7Q2O6N2G3R2I1T9F,98457,Gasoline
3297,2358,Ford,Explorer,2011,F1L3Z9T6A4R3E9X7O,25374,Hybrid
3298,2361,BMW,X3,2015,O5K1J1Z6F4J0S4X8O,108446,Gasoline
3299,315,Toyota,Highlander,2023,O0P5Q7X3H6G1S1K8Q,127122,Gasoline
3300,2448,Toyota,RAV4,2012,O5G2R4Y6R7E4V6H7Z,53979,Hybrid
3301,71,Nissan,Sentra,2019,X9G6B8N4I9U0I1Z0T,129054,Electric
3302,343,BMW,3 Series,2021,G0U5M6M6T1A9O5Z0U,40791,Diesel
3303,305,Honda,Accord,2012,Z5F6A7R1Z6S8G5Y0P,51542,Gasoline
3304,173,Ford,Escape,2012,L4E0P5U5L4Y4P7X2X,147965,Electric
3305,2727,Nissan,Rogue,2009,N4D1N1M1Y1Q9Z6Y8M,14173,Electric
3306,2770,Nissan,Altima,2023,N9Z9V8V3Z1V7X1Y3N,19647,Electric
3307,2139,Chevrolet,Tahoe,2019,X3U2H3G8L2Y7P2R2F,146165,Gasoline
3308,2216,Honda,Pilot,2016,G1J1U3A3B9U4C8R2O,2310,Gasoline
3309,1698,Toyota,Camry,2013,E1J6C8H6O7K9R7P2J,34921,Hybrid
3310,1591,BMW,3 Series,2009,O4Z9D4J9T6Y7X6K1E,155665,Diesel
3311,1303,Ford,F-150,2021,D0R6B3O5P8Y8Y9W8U,129051,Hybrid
3312,2271,Honda,Civic,2011,E8K9T4D9M3Y4Z4J6B,113647,Gasoline
3313,336,BMW,3 Series,2025,J8G0T8X2P0R1W8N0M,32334,Hybrid
3314,802,Honda,Accord,2015,H7B5E0J7L9W9F2Z2E,16041,Gasoline
3315,244,Ford,Focus,2012,R1X9V5A9X8V8K8G7V,113009,Hybrid
3316,2715,Honda,Civic,2017,X4L7Y7O8H5G8G0H1B,89850,Gasoline
3317,2872,Tesla,Model S,2024,R0G5V7U1B6T4L0G8I,159176,Diesel
3318,2387,Nissan,Altima,2008,U8H2S2W0J3C4Y6N0D,101924,Gasoline
3319,199,Tesla,Model Y,2025,Y3Y8A6U4H9R4S5U2N,76051,Gasoline
3320,267,Ford,Escape,2010,P0L1D6B9X5W3R7F9I,37457,Hybrid
3321,25,Nissan,Altima,2021,G3G0Q3I6J1T4C5Q8J,136517,Gasoline
3322,2823,Nissan,Rogue,2011,H0U2C4U1N5H5B6R4F,146461,Hybrid
3323,175,Ford,Explorer,2021,B3R9Q4U0Y5K0D7O1L,142350,Hybrid
3324,419,BMW,X3,2023,Y0V2R9B4C7Z4C8Z3B,67780,Gasoline
3325,1119,Nissan,Sentra,2015,U2O4V5P9T1L1M0W2A,111872,Gasoline
3326,123,Ford,Explorer,2019,S8R0T6I0K1R8F1P4J,106390,Gasoline
3327,2055,BMW,X3,2018,O8U3X2B5L4F5L7F7G,9604,Gasoline
3328,1395,Honda,Pilot,2016,O2K8D8Z4B9T5P7V7G,104931,Gasoline
3329,1427,Tesla,Model 3,2025,U2X2D2K1D8W3Y0K7Y,150314,Hybrid
3330,2492,Chevrolet,Equinox,2012,Y4U8S3J1V7O1S7H6X,72374,Gasoline
3331,2541,Honda,Civic,2017,W2F5D4G2Z9R7N0P8C,94632,Gasoline
3332,1766,Nissan,Sentra,2022,H3D3M9Y8C1W7R1X3G,47460,Gasoline
3333,1664,Honda,CR-V,2022,R8Y8O6U6Z3O4H3Z7O,102876,Gasoline
3334,184,Tesla,Model Y,2014,B2W8E9L3X0A0S7P2H,25594,Gasoline
3335,570,Nissan,Rogue,2023,B3X5X1Y6O8X7P5V9Q,137977,Diesel
3336,1203,Chevrolet,Silverado,2023,Z9B0M6B0B4G3T5M2P,176738,Hybrid
3337,552,Tesla,Model Y,2008,F0B6W1M4W6Y4H2T8T,102059,Gasoline
3338,348,Nissan,Rogue,2020,F4F7S6I0S1O6I6C6S,32208,Hybrid
3339,1635,Chevrolet,Malibu,2025,M8I8P7Q8G1O6P0L0E,114633,Gasoline
3340,523,Honda,CR-V,2024,Z8O0U3U0F3V7F1N7M,71296,Hybrid
3341,2665,Chevrolet,Tahoe,2023,Q1H3W2K5Y0I8I9V6S,12551,Gasoline
3342,2039,Ford,Focus,2013,R4L3C1H1P2F1R3J2Z,129231,Hybrid
3343,258,Ford,F-150,2013,O5L8R8A3B9M8W0X3Q,95900,Hybrid
3344,356,Chevrolet,Malibu,2014,F3S4N4O3O3H0Z3U3B,39170,Gasoline
3345,1394,Ford,Escape,2014,E5S1S1T4S1K4Y2P3L,40181,Gasoline
3346,3,BMW,5 Series,2009,U6N3L4Z2Q0K9J8X8F,137076,Gasoline
3347,2459,Nissan,Sentra,2017,V7T3W1M8J7V8P3G0S,102861,Electric
3348,1483,Chevrolet,Malibu,2011,X3Y0D6L1K9P5J8U8X,15328,Gasoline
3349,2999,Honda,Civic,2019,W2T8L8G1L2O6F1K5Q,60180,Gasoline
3350,2945,Nissan,Altima,2014,V9D3Y5K0W1E6S7C7E,31702,Gasoline
3351,1350,Ford,Focus,2008,G0K5H1P5N0B5C7Z1I,161094,Diesel
3352,2720,Tesla,Model 3,2017,S1Q6F0Q0F0G0T7C2F,39667,Gasoline
3353,2477,Honda,Civic,2008,G7U6M1A3J6B2N2E7E,22833,Electric
3354,927,Tesla,Model Y,2016,J1Y3L5E0O9V7X4P2K,29074,Hybrid
3355,127,Ford,F-150,2016,L8O2Y2O8C1A9U5Y9F,141598,Electric
3356,2846,Chevrolet,Malibu,2016,L9C7Z4I1P1G1V3K6N,52098,Hybrid
3357,2424,BMW,5 Series,2023,N5E6D4D4A4N7M6Z5H,143104,Gasoline
3358,609,Nissan,Rogue,2009,F0R5E1G6A3J3G5D9C,25841,Electric
3359,380,Chevrolet,Malibu,2015,A5V8Q3X5M6P2L0I4C,57388,Gasoline
3360,331,Tesla,Model S,2024,W9K3X5X4P2B3Y4W1Z,132161,Gasoline
3361,617,Toyota,Camry,2020,W8B3I7W3Z1B4V7L1E,81956,Gasoline
3362,2128,Chevrolet,Equinox,2022,R6P3I9U2Q0I3J8H4V,162125,Hybrid
3363,1482,Chevrolet,Malibu,2018,I1R7S7Z0W0I3B9F5I,132603,Gasoline
3364,1709,Ford,Explorer,2012,U6X6W6P8R5R5X6S1P,56390,Hybrid
3365,2024,Ford,Escape,2014,X8E1B2G9D6D8U5M7Z,164724,Gasoline
3366,526,Ford,Explorer,2013,T9O9W4J7G8L7X3V2Q,168113,Gasoline
3367,1909,Ford,F-150,2010,G6Q8X3V7P7W2R5F6Q,138489,Hybrid
3368,104,Nissan,Altima,2025,C6S1H2N0F4D7Z6Y8L,87300,Gasoline
3369,1498,Honda,CR-V,2018,T9D9B3M2M8F9U2D6L,60898,Gasoline
3370,1933,Tesla,Model 3,2024,H1B8M1O4R4P3B4Z8A,42138,Gasoline
3371,1937,Ford,Focus,2020,D2H3K9W9S8L5G2S9Z,114571,Gasoline
3372,527,Chevrolet,Silverado,2025,P8L3B4K2R4A4T1E0F,142145,Gasoline
3373,2895,Chevrolet,Equinox,2018,J0E6M7D9B0B3A9P8B,131717,Gasoline
3374,228,BMW,X3,2012,O9O8M0S5V2A9V2K2P,164541,Gasoline
3375,2936,Honda,Civic,2014,G5N3C6X6R3F8V7I2P,102742,Gasoline
3376,1522,Tesla,Model 3,2011,P6C4Z6Z0P5O9C0M9Z,36220,Gasoline
3377,1211,Toyota,Camry,2023,Q7M5Z6P7R0Y2B2D7R,22048,Gasoline
3378,2604,Ford,Escape,2008,C4Z2A5G8F1D2W0K8G,32424,Gasoline
3379,1173,Chevrolet,Silverado,2016,H8C6F4U3F4P8G0D8Z,93684,Gasoline
3380,1253,Nissan,Sentra,2020,U8V1P9T7U6S6P0T4X,92912,Hybrid
3381,875,Ford,Explorer,2014,I1Q2S2B1J4M2F2X2I,18621,Gasoline
3382,502,Tesla,Model Y,2011,C5Z9E2F0V1Z7Z5V6C,179682,Electric
3383,1134,Honda,Accord,2015,J7Z0Y5X8A0Z9E4O1U,152708,Electric
3384,117,Honda,Pilot,2022,J3W5V9V1Y6J4N3L2T,24678,Gasoline
3385,927,Toyota,Corolla,2017,P6Q1Y5V2A3G3G4C3F,77699,Gasoline
3386,2915,Tesla,Model Y,2019,U9X2E5H2W7W4T2Y4F,142775,Hybrid
3387,2568,Nissan,Sentra,2021,B5I6O1J4N9D2K2V0F,18540,Hybrid
3388,1951,Tesla,Model S,2010,N7D4D8P0P7G6G2Z0F,134648,Gasoline
3389,1501,BMW,3 Series,2011,U2W1B0P5V8J1S6Z8A,150626,Gasoline
3390,1870,Chevrolet,Equinox,2014,Y7V8O6K3M4N0M1I8U,115084,Diesel
3391,1182,Honda,Accord,2023,L0Y1X1V4I0L9S7G1W,153427,Electric
3392,657,Honda,Accord,2011,N8E6E2L7S7D0T9T4O,44377,Gasoline
3393,1082,Nissan,Sentra,2018,J1D4N2X1N8B5Q1L4L,146448,Gasoline
3394,1846,Chevrolet,Silverado,2017,W8H7U2A5C0A2F9V4Z,54695,Hybrid
3395,2276,Ford,Escape,2020,U4M1C4S5H0D4B3O6C,121957,Gasoline
3396,27,Chevrolet,Tahoe,2016,O1C5N0T5C2G9O2A8I,120835,Gasoline
3397,1447,Chevrolet,Tahoe,2021,R0Q6V2R6N1O5V8C1C,105938,Gasoline
3398,2938,BMW,5 Series,2020,O5S3O9I5P2E4W9W2Y,37003,Gasoline
3399,742,Tesla,Model 3,2011,R0K8I8A6D4I3I0X4X,169587,Gasoline
3400,1702,Toyota,Corolla,2024,W2Y7Y9L4Z4A4A4E6T,141319,Gasoline
3401,548,Tesla,Model Y,2022,X9W7I6B0Z9B8P1A2J,112346,Gasoline
3402,810,Nissan,Altima,2014,Z6Z5T8F7C2B1X8I1X,3408,Electric
3403,2335,BMW,5 Series,2021,N9D5H0F7V1X1Z0V9K,44042,Hybrid
3404,2704,Toyota,Highlander,2020,L8X8M3P0Y8N4F2B4F,104595,Gasoline
3405,388,Ford,Explorer,2015,C1D9E8C0V0M7R7Q8X,48132,Gasoline
3406,1393,BMW,5 Series,2014,Z9K2U4U4N0O1J1Y2G,137090,Hybrid
3407,2134,Ford,F-150,2011,X6Q9X4N5B2E1X0H8T,172944,Gasoline
3408,402,Nissan,Rogue,2019,Y5E2F7P1X0B5K0O0Y,40875,Diesel
3409,1593,Honda,Civic,2008,J7D6O6W8W3L4L5T5T,62114,Gasoline
3410,2899,BMW,3 Series,2023,A7K4W4Z0T0K0P6S7T,5474,Gasoline
3411,1542,BMW,X3,2015,E4T9H4U0Y5L5U0Z0G,66670,Gasoline
3412,2824,Tesla,Model 3,2010,B3V4R4I7F4I6X8X3W,108180,Hybrid
3413,2263,Tesla,Model Y,2019,J2V3F8I5E3M1T1X4P,164451,Hybrid
3414,301,Tesla,Model Y,2013,T6C1D2F6R6F8W1A6E,163727,Gasoline
3415,855,Tesla,Model 3,2011,Y1R6F9B7B6V0K5N3M,108008,Gasoline
3416,2361,BMW,5 Series,2018,W6M8K8Y7K5E6J3G6J,130666,Gasoline
3417,2129,Chevrolet,Tahoe,2021,P3F8Q9V0I0K5O4K4L,129572,Gasoline
3418,2290,Ford,Escape,2019,J5O8H2D8I4M2F8B3V,111949,Gasoline
3419,1989,Nissan,Rogue,2010,N7Z7C6L3B1C3B3C7X,67828,Diesel
3420,2275,Toyota,RAV4,2015,Z0D4V2V9A2E3A5V1D,6656,Diesel
3421,734,BMW,X3,2017,X9M7F3E9U7A8M5O4P,113838,Hybrid
3422,822,Nissan,Altima,2014,G8Z2X5I6H2J5O4R0F,159832,Gasoline
3423,471,BMW,5 Series,2020,N9M7V1J6Q3S0P8J2M,95742,Electric
3424,336,Toyota,Camry,2010,U6H9R6R6D0C9E5Y8J,59205,Gasoline
3425,1,Ford,Explorer,2024,F8J1E0L7F1Z2U8A2C,81192,Gasoline
3426,1029,BMW,3 Series,2021,X1W2S7H7N5K7L7R9G,131412,Gasoline
3427,2397,Nissan,Altima,2016,L3X9R5Y2D8N0C6W4F,158758,Gasoline
3428,1575,Toyota,Highlander,2011,B8N5B2A9Y6L6O4O3M,66059,Hybrid
3429,1278,BMW,X3,2008,G7P2W1S1N9Y2Q8W9P,165346,Diesel
3430,1404,BMW,X3,2010,N1V7Z4L7M3Z3G7O3I,126645,Gasoline
3431,1861,BMW,3 Series,2020,M5L2F3Q7J8S8Z2J1C,161219,Electric
3432,1586,Chevrolet,Tahoe,2015,Q1H7Z7I5S0P3O8S3M,119012,Gasoline
3433,185,Toyota,Highlander,2011,M9M6R6W2Z6V7E2O0R,48007,Hybrid
3434,1252,Chevrolet,Malibu,2021,O6U7Y3G0P0L8A7O8H,59147,Hybrid
3435,1585,Toyota,RAV4,2024,J8K1E8R7W3Y0F6S2B,149296,Gasoline
3436,2542,Honda,CR-V,2019,C1D2E7W9G9K9V6O5H,123438,Gasoline
3437,1483,Nissan,Sentra,2019,L4K6P7I9B8E2D2J1E,179288,Gasoline
3438,1913,Honda,Accord,2023,T3V6X0H7S2A0J6G7N,2364,Gasoline
3439,2777,BMW,5 Series,2017,M2U8Y4R6W7K5Y1T8W,162656,Gasoline
3440,2562,Chevrolet,Tahoe,2014,N7C9O5U7X5P3C5Z1N,48442,Hybrid
3441,2402,Nissan,Rogue,2008,H7F4O2V5M7N8O2G1D,111651,Gasoline
3442,144,Chevrolet,Tahoe,2010,Z0I1D7I8M5L7U8Y1P,137796,Gasoline
3443,1421,Tesla,Model Y,2014,Y8G9Q5T9M8I2M7X8Y,131822,Gasoline
3444,2855,Chevrolet,Equinox,2014,V6U1A9S3H7R9S3J1N,51499,Diesel
3445,2033,Chevrolet,Equinox,2016,F8V7F7Q7A2I4P3V5M,13885,Gasoline
3446,1621,Honda,Accord,2023,B9K5G0A5D5D1S2L5K,129683,Hybrid
3447,1081,Nissan,Rogue,2020,Q7L3X6M4O9G7M1T1L,88260,Gasoline
3448,1578,BMW,X3,2020,V1Z0P1C8K3T1A9O9Z,162772,Gasoline
3449,1813,Tesla,Model S,2016,B9M7H1U5L0B2W9A3U,21027,Gasoline
